Column1;Heading;Pitch;Roll;Rate_X;Rate_Y;Rate_Z;Acc_X;Acc_Y;Acc_Z;Magn_X;Magn_Y;Magn_Z;Reserved1;Reserved2;Temperature;Vinp;USW;(L/H);Latitude;Longitude;Altitude;V_East;V_North;V_Up;Heave;V_Heave;Hs_wave;H_wave;T_wave;T_wave_max;Wave_direct;Wave_energy;a1;b1;a2;b2;Sync_byte;Freq_index_1;Wave_PSD_1;Freq_index_2;Wave_PSD_2;Freq_index_3;Wave_PSD_3;Freq_index_4;Wave_PSD_4;Freq_index_5;Wave_PSD_5;Freq_index_6;Wave_PSD_6;Freq_index_7;Wave_PSD_7;Freq_index_8;Wave_PSD_8;Lat_GNSS;Long_GNSS;Height_GNSS;Hor_spd;Trk_gnd;Ver_spd;ms_gps;GPS_Week;GNSS_info_1;GNSS_info_2;#solnSVs;V_latency;anglesPosType;Heading_GNSS;Latency_ms_head;Latency_ms_pos;Latency_ms_vel;New_GPS
;359.99;-0.09;0.67;0.0600;-0.1600;0.0800;-0.012000;-0.001750;1.010500;0.0;0.0;0.0;0;0;30.0;23.98;1000000;0;-5.824999809;-35.227500915;40.000;0.00;0.00;0.00;0.00;0.00;0.00;0.00;0.000;0.000;0.00;0.00;0.000;0.000;0.000;0.000;0;0.0000;0.000;0.0000;0.000;0.0000;0.000;0.0000;0.000;0.0000;0.000;0.0000;0.000;0.0000;0.000;0.0000;0.000;0.000000000;0.000000000;0.0000000;0.00;0.00;0.00;432018000;0;110;1;0;0;100;0.00;0;0;0;0
;359.99;-0.09;0.67;0.0400;0.0200;0.0400;-0.012000;-0.002750;1.010000;0.0;0.0;0.0;0;0;29.9;24.05;1000000;0;-5.824999809;-35.227500915;40.000;0.00;0.00;0.00;0.00;0.00;0.00;0.00;0.000;0.000;0.00;0.00;0.000;0.000;0.000;0.000;1;0.0000;0.000;0.0000;0.000;0.0000;0.000;0.0000;0.000;0.0000;0.000;0.0000;0.000;0.0000;0.000;0.0000;0.000;0.000000000;0.000000000;0.0000000;0.00;0.00;0.00;432018020;0;110;1;0;0;100;0.00;0;0;0;0
;359.99;-0.09;0.67;0.0800;-0.0400;0.0800;-0.011750;-0.002750;1.010500;0.0;0.0;0.0;0;0;30.0;24.02;1000000;0;-5.824999809;-35.227500915;40.000;0.00;0.00;0.00;0.00;0.00;0.00;0.00;0.000;0.000;0.00;0.00;0.000;0.000;0.000;0.000;2;0.0000;0.000;0.0000;0.000;0.0000;0.000;0.0000;0.000;0.0000;0.000;0.0000;0.000;0.0000;0.000;0.0000;0.000;0.000000000;0.000000000;0.0000000;0.00;0.00;0.00;432018040;0;110;1;0;0;100;0.00;0;0;0;0
;359.99;-0.09;0.66;0.0600;-0.0800;0.0400;-0.011250;-0.002500;1.010750;0.0;0.0;0.0;0;0;29.6;23.92;1000000;0;-5.824999809;-35.227500915;40.000;0.00;0.00;0.00;0.00;0.00;0.00;0.00;0.000;0.000;0.00;0.00;0.000;0.000;0.000;0.000;3;0.0000;0.000;0.0000;0.000;0.0000;0.000;0.0000;0.000;0.0000;0.000;0.0000;0.000;0.0000;0.000;0.0000;0.000;0.000000000;0.000000000;0.0000000;0.00;0.00;0.00;432018060;0;110;1;0;0;100;0.00;0;0;0;0
;359.99;-0.09;0.66;0.0800;0.0200;0.0200;-0.011250;-0.002000;1.010500;0.0;0.0;0.0;0;0;29.7;24.12;1000000;0;-5.824999809;-35.227500915;40.000;0.00;0.00;0.00;0.00;0.00;0.00;0.00;0.000;0.000;0.00;0.00;0.000;0.000;0.000;0.000;4;0.0000;0.000;0.0000;0.000;0.0000;0.000;0.0000;0.000;0.0000;0.000;0.0000;0.000;0.0000;0.000;0.0000;0.000;0.000000000;0.000000000;0.0000000;0.00;0.00;0.00;432018080;0;110;1;0;0;100;0.00;0;0;0;0
;359.99;-0.09;0.66;0.0400;-0.0200;0.0000;-0.012500;-0.002750;1.009750;0.0;0.0;0.0;0;0;30.0;23.95;1000000;0;-5.824999809;-35.227500915;40.000;0.00;0.00;0.00;0.00;0.00;0.00;0.00;0.000;0.000;0.00;0.00;0.000;0.000;0.000;0.000;5;0.0000;0.000;0.0000;0.000;0.0000;0.000;0.0000;0.000;0.0000;0.000;0.0000;0.000;0.0000;0.000;0.0000;0.000;0.000000000;0.000000000;0.0000000;0.00;0.00;0.00;432018100;0;110;1;0;0;100;0.00;0;0;0;0
;359.99;-0.10;0.67;0.0400;-0.0400;0.0400;-0.013250;-0.002000;1.010500;0.0;0.0;0.0;0;0;30.0;24.14;1000000;0;-5.824999809;-35.227500915;40.000;0.00;0.00;0.00;0.00;0.00;0.00;0.00;0.000;0.000;0.00;0.00;0.000;0.000;0.000;0.000;6;0.0000;0.000;0.0000;0.000;0.0000;0.000;0.0000;0.000;0.0000;0.000;0.0000;0.000;0.0000;0.000;0.0000;0.000;0.000000000;0.000000000;0.0000000;0.00;0.00;0.00;432018120;0;110;1;0;0;100;0.00;0;0;0;0
;359.99;-0.10;0.66;0.0600;-0.0200;0.0600;-0.011500;-0.002250;1.010000;0.0;0.0;0.0;0;0;30.0;24.03;1000000;0;-5.824999809;-35.227500915;40.000;0.00;0.00;0.00;0.00;0.00;0.00;0.00;0.000;0.000;0.00;0.00;0.000;0.000;0.000;0.000;7;0.0000;0.000;0.0000;0.000;0.0000;0.000;0.0000;0.000;0.0000;0.000;0.0000;0.000;0.0000;0.000;0.0000;0.000;0.000000000;0.000000000;0.0000000;0.00;0.00;0.00;432018140;0;110;1;0;0;100;0.00;0;0;0;0
;359.99;-0.09;0.66;0.0800;0.0000;0.0400;-0.011250;-0.001750;1.010500;0.0;0.0;0.0;0;0;30.0;24.02;1000000;0;-5.824999809;-35.227500915;40.000;0.00;0.00;0.00;0.00;0.00;0.00;0.00;0.000;0.000;0.00;0.00;0.000;0.000;0.000;0.000;8;0.0000;0.000;0.0000;0.000;0.0000;0.000;0.0000;0.000;0.0000;0.000;0.0000;0.000;0.0000;0.000;0.0000;0.000;0.000000000;0.000000000;0.0000000;0.00;0.00;0.00;432018160;0;110;1;0;0;100;0.00;0;0;0;0
;359.99;-0.10;0.66;0.0400;-0.0600;0.0600;-0.011000;-0.002750;1.010750;0.0;0.0;0.0;0;0;30.1;23.94;1000000;0;-5.824999809;-35.227500915;40.000;0.00;0.00;0.00;0.00;0.00;0.00;0.00;0.000;0.000;0.00;0.00;0.000;0.000;0.000;0.000;9;0.0000;0.000;0.0000;0.000;0.0000;0.000;0.0000;0.000;0.0000;0.000;0.0000;0.000;0.0000;0.000;0.0000;0.000;0.000000000;0.000000000;0.0000000;0.00;0.00;0.00;432018180;0;110;1;0;0;100;0.00;0;0;0;0
;359.99;-0.10;0.66;0.0600;-0.0200;0.0200;-0.012000;-0.002250;1.010500;0.0;0.0;0.0;0;0;29.9;24.06;1000000;0;-5.824999809;-35.227500915;40.000;0.00;0.00;0.00;0.00;0.00;0.00;0.00;0.000;0.000;0.00;0.00;0.000;0.000;0.000;0.000;10;0.0000;0.000;0.0000;0.000;0.0000;0.000;0.0000;0.000;0.0000;0.000;0.0000;0.000;0.0000;0.000;0.0000;0.000;0.000000000;0.000000000;0.0000000;0.00;0.00;0.00;432018200;0;110;1;0;0;100;0.00;0;0;0;0
;359.99;-0.10;0.66;0.0800;-0.0200;0.0600;-0.012750;-0.002500;1.011000;0.0;0.0;0.0;0;0;30.0;24.01;1000000;0;-5.824999809;-35.227500915;40.000;0.00;0.00;0.00;0.00;0.00;0.00;0.00;0.000;0.000;0.00;0.00;0.000;0.000;0.000;0.000;11;0.0000;0.000;0.0000;0.000;0.0000;0.000;0.0000;0.000;0.0000;0.000;0.0000;0.000;0.0000;0.000;0.0000;0.000;0.000000000;0.000000000;0.0000000;0.00;0.00;0.00;432018220;0;110;1;0;0;100;0.00;0;0;0;0
;359.98;-0.10;0.66;0.0600;0.0000;0.0200;-0.013000;-0.002000;1.010500;0.0;0.0;0.0;0;0;29.9;24.12;1000000;0;-5.824999809;-35.227500915;40.000;0.00;0.00;0.00;0.00;0.00;0.00;0.00;0.000;0.000;0.00;0.00;0.000;0.000;0.000;0.000;12;0.0000;0.000;0.0000;0.000;0.0000;0.000;0.0000;0.000;0.0000;0.000;0.0000;0.000;0.0000;0.000;0.0000;0.000;0.000000000;0.000000000;0.0000000;0.00;0.00;0.00;432018240;0;110;1;0;0;100;0.00;0;0;0;0
;359.98;-0.10;0.67;0.0200;-0.0200;0.0400;-0.012500;-0.002750;1.010500;0.0;0.0;0.0;0;0;30.2;23.97;1000000;0;-5.824999809;-35.227500915;40.000;0.00;0.00;0.00;0.00;0.00;0.00;0.00;0.000;0.000;0.00;0.00;0.000;0.000;0.000;0.000;13;0.0000;0.000;0.0000;0.000;0.0000;0.000;0.0000;0.000;0.0000;0.000;0.0000;0.000;0.0000;0.000;0.0000;0.000;0.000000000;0.000000000;0.0000000;0.00;0.00;0.00;432018260;0;110;1;0;0;100;0.00;0;0;0;0
;359.98;-0.10;0.67;0.0600;-0.0200;0.0200;-0.012250;-0.002750;1.011000;0.0;0.0;0.0;0;0;30.1;24.09;1000000;0;-5.824999809;-35.227500915;40.000;0.00;0.00;0.00;0.00;0.00;0.00;0.00;0.000;0.000;0.00;0.00;0.000;0.000;0.000;0.000;14;0.0000;0.000;0.0000;0.000;0.0000;0.000;0.0000;0.000;0.0000;0.000;0.0000;0.000;0.0000;0.000;0.0000;0.000;0.000000000;0.000000000;0.0000000;0.00;0.00;0.00;432018280;0;110;1;0;0;100;0.00;0;0;0;0
;359.98;-0.10;0.66;0.0600;-0.0400;0.0200;-0.011750;-0.002250;1.010500;0.0;0.0;0.0;0;0;30.0;24.06;1000000;0;-5.824999809;-35.227500915;40.000;0.00;0.00;0.00;0.00;0.00;0.00;0.00;0.000;0.000;0.00;0.00;0.000;0.000;0.000;0.000;15;0.0000;0.000;0.0000;0.000;0.0000;0.000;0.0000;0.000;0.0000;0.000;0.0000;0.000;0.0000;0.000;0.0000;0.000;0.000000000;0.000000000;0.0000000;0.00;0.00;0.00;432018300;0;110;1;0;0;100;0.00;0;0;0;0
;359.98;-0.10;0.67;0.0400;0.0600;0.0400;-0.012500;-0.001750;1.010500;0.0;0.0;0.0;0;0;30.0;23.97;1000000;0;-5.824999809;-35.227500915;40.000;0.00;0.00;0.00;0.00;0.00;0.00;0.00;0.000;0.000;0.00;0.00;0.000;0.000;0.000;0.000;16;0.0000;0.000;0.0000;0.000;0.0000;0.000;0.0000;0.000;0.0000;0.000;0.0000;0.000;0.0000;0.000;0.0000;0.000;0.000000000;0.000000000;0.0000000;0.00;0.00;0.00;432018320;0;110;1;0;0;100;0.00;0;0;0;0
;359.98;-0.10;0.67;0.0600;-0.0800;0.0200;-0.012500;-0.001750;1.010250;0.0;0.0;0.0;0;0;30.0;23.91;1000000;0;-5.824999809;-35.227500915;40.000;0.00;0.00;0.00;0.00;0.00;0.00;0.00;0.000;0.000;0.00;0.00;0.000;0.000;0.000;0.000;17;0.0000;0.000;0.0000;0.000;0.0000;0.000;0.0000;0.000;0.0000;0.000;0.0000;0.000;0.0000;0.000;0.0000;0.000;0.000000000;0.000000000;0.0000000;0.00;0.00;0.00;432018340;0;110;1;0;0;100;0.00;0;0;0;0
;359.98;-0.10;0.67;0.0400;0.0000;0.0400;-0.013250;-0.002000;1.010250;0.0;0.0;0.0;0;0;30.0;23.99;1000000;0;-5.824999809;-35.227500915;40.000;0.00;0.00;0.00;0.00;0.00;0.00;0.00;0.000;0.000;0.00;0.00;0.000;0.000;0.000;0.000;18;0.0000;0.000;0.0000;0.000;0.0000;0.000;0.0000;0.000;0.0000;0.000;0.0000;0.000;0.0000;0.000;0.0000;0.000;0.000000000;0.000000000;0.0000000;0.00;0.00;0.00;432018360;0;110;1;0;0;100;0.00;0;0;0;0
;359.98;-0.10;0.67;0.0400;-0.0200;0.0000;-0.012500;-0.001750;1.011500;0.0;0.0;0.0;0;0;30.1;24.04;1000000;0;-5.824999809;-35.227500915;40.000;0.00;0.00;0.00;0.00;0.00;0.00;0.00;0.000;0.000;0.00;0.00;0.000;0.000;0.000;0.000;19;0.0000;0.000;0.0000;0.000;0.0000;0.000;0.0000;0.000;0.0000;0.000;0.0000;0.000;0.0000;0.000;0.0000;0.000;0.000000000;0.000000000;0.0000000;0.00;0.00;0.00;432018380;0;110;1;0;0;100;0.00;0;0;0;0
;359.98;-0.10;0.67;0.0200;0.0000;0.0400;-0.010750;-0.002250;1.010500;0.0;0.0;0.0;0;0;30.0;23.98;1000000;0;-5.824999809;-35.227500915;40.000;0.00;0.00;0.00;0.00;0.00;0.00;0.00;0.000;0.000;0.00;0.00;0.000;0.000;0.000;0.000;20;0.0000;0.000;0.0000;0.000;0.0000;0.000;0.0000;0.000;0.0000;0.000;0.0000;0.000;0.0000;0.000;0.0000;0.000;0.000000000;0.000000000;0.0000000;0.00;0.00;0.00;432018400;0;110;1;0;0;100;0.00;0;0;0;0
;359.98;-0.10;0.67;0.0600;-0.0400;0.0600;-0.011000;-0.002750;1.010500;0.0;0.0;0.0;0;0;29.9;24.13;1000000;0;-5.824999809;-35.227500915;40.000;0.00;0.00;0.00;0.00;0.00;0.00;0.00;0.000;0.000;0.00;0.00;0.000;0.000;0.000;0.000;21;0.0000;0.000;0.0000;0.000;0.0000;0.000;0.0000;0.000;0.0000;0.000;0.0000;0.000;0.0000;0.000;0.0000;0.000;0.000000000;0.000000000;0.0000000;0.00;0.00;0.00;432018420;0;110;1;0;0;100;0.00;0;0;0;0
;359.98;-0.10;0.67;0.0200;0.0400;0.0400;-0.012000;-0.002750;1.010750;0.0;0.0;0.0;0;0;29.9;23.87;1000000;0;-5.824999809;-35.227500915;40.000;0.00;0.00;0.00;0.00;0.00;0.00;0.00;0.000;0.000;0.00;0.00;0.000;0.000;0.000;0.000;22;0.0000;0.000;0.0000;0.000;0.0000;0.000;0.0000;0.000;0.0000;0.000;0.0000;0.000;0.0000;0.000;0.0000;0.000;0.000000000;0.000000000;0.0000000;0.00;0.00;0.00;432018440;0;110;1;0;0;100;0.00;0;0;0;0
;359.98;-0.10;0.67;0.0400;-0.0400;0.0200;-0.013500;-0.002000;1.010750;0.0;0.0;0.0;0;0;29.9;24.04;1000000;0;-5.824999809;-35.227500915;40.000;0.00;0.00;0.00;0.00;0.00;0.00;0.00;0.000;0.000;0.00;0.00;0.000;0.000;0.000;0.000;23;0.0000;0.000;0.0000;0.000;0.0000;0.000;0.0000;0.000;0.0000;0.000;0.0000;0.000;0.0000;0.000;0.0000;0.000;0.000000000;0.000000000;0.0000000;0.00;0.00;0.00;432018460;0;110;1;0;0;100;0.00;0;0;0;0
;359.98;-0.10;0.67;0.0800;-0.0200;0.0600;-0.013000;-0.002000;1.010750;0.0;0.0;0.0;0;0;30.2;23.98;1000000;0;-5.824999809;-35.227500915;40.000;0.00;0.00;0.00;0.00;0.00;0.00;0.00;0.000;0.000;0.00;0.00;0.000;0.000;0.000;0.000;24;0.0000;0.000;0.0000;0.000;0.0000;0.000;0.0000;0.000;0.0000;0.000;0.0000;0.000;0.0000;0.000;0.0000;0.000;0.000000000;0.000000000;0.0000000;0.00;0.00;0.00;432018480;0;110;1;0;0;100;0.00;0;0;0;64
;359.98;-0.10;0.67;0.0400;-0.0600;0.0200;-0.012250;-0.002000;1.010500;0.0;0.0;0.0;0;0;30.0;23.98;1000000;0;-5.824999809;-35.227500915;40.000;0.00;0.00;0.00;0.00;0.00;0.00;0.00;0.000;0.000;0.00;0.00;0.000;0.000;0.000;0.000;25;0.0000;0.000;0.0000;0.000;0.0000;0.000;0.0000;0.000;0.0000;0.000;0.0000;0.000;0.0000;0.000;0.0000;0.000;0.000000000;0.000000000;0.0000000;0.00;0.00;0.00;432018500;0;110;1;0;0;100;0.00;0;0;0;0
;359.98;-0.10;0.67;0.0600;0.0000;0.0200;-0.011750;-0.002500;1.010000;0.0;0.0;0.0;0;0;29.9;23.91;1000000;0;-5.824999809;-35.227500915;40.000;0.00;0.00;0.00;0.00;0.00;0.00;0.00;0.000;0.000;0.00;0.00;0.000;0.000;0.000;0.000;26;0.0000;0.000;0.0000;0.000;0.0000;0.000;0.0000;0.000;0.0000;0.000;0.0000;0.000;0.0000;0.000;0.0000;0.000;0.000000000;0.000000000;0.0000000;0.00;0.00;0.00;432018520;0;110;1;0;0;100;0.00;0;0;0;0
;359.98;-0.10;0.67;0.0400;-0.0200;0.0400;-0.012000;-0.001750;1.010500;0.0;0.0;0.0;0;0;30.0;23.86;1000000;0;-5.824999809;-35.227500915;40.000;0.00;0.00;0.00;0.00;0.00;0.00;0.00;0.000;0.000;0.00;0.00;0.000;0.000;0.000;0.000;27;0.0000;0.000;0.0000;0.000;0.0000;0.000;0.0000;0.000;0.0000;0.000;0.0000;0.000;0.0000;0.000;0.0000;0.000;0.000000000;0.000000000;0.0000000;0.00;0.00;0.00;432018540;0;110;1;0;0;100;0.00;0;0;0;0
;359.97;-0.10;0.67;0.0600;-0.0200;0.0200;-0.012750;-0.002250;1.010750;0.0;0.0;0.0;0;0;30.0;23.91;1000000;0;-5.824999809;-35.227500915;40.000;0.00;0.00;0.00;0.00;0.00;0.00;0.00;0.000;0.000;0.00;0.00;0.000;0.000;0.000;0.000;28;0.0000;0.000;0.0000;0.000;0.0000;0.000;0.0000;0.000;0.0000;0.000;0.0000;0.000;0.0000;0.000;0.0000;0.000;0.000000000;0.000000000;0.0000000;0.00;0.00;0.00;432018560;0;110;1;0;0;100;0.00;0;0;0;0
;359.97;-0.10;0.67;0.0600;-0.0400;0.0400;-0.012000;-0.002000;1.009750;0.0;0.0;0.0;0;0;30.0;23.90;1000000;0;-5.824999809;-35.227500915;40.000;0.00;0.00;0.00;0.00;0.00;0.00;0.00;0.000;0.000;0.00;0.00;0.000;0.000;0.000;0.000;29;0.0000;0.000;0.0000;0.000;0.0000;0.000;0.0000;0.000;0.0000;0.000;0.0000;0.000;0.0000;0.000;0.0000;0.000;0.000000000;0.000000000;0.0000000;0.00;0.00;0.00;432018580;0;110;1;0;0;100;0.00;0;0;0;0
;359.97;-0.10;0.67;0.0400;-0.0200;0.0600;-0.012250;-0.001750;1.010750;0.0;0.0;0.0;0;0;29.9;24.02;1000000;0;-5.824999809;-35.227500915;40.000;0.00;0.00;0.00;0.00;0.00;0.00;0.00;0.000;0.000;0.00;0.00;0.000;0.000;0.000;0.000;30;0.0000;0.000;0.0000;0.000;0.0000;0.000;0.0000;0.000;0.0000;0.000;0.0000;0.000;0.0000;0.000;0.0000;0.000;0.000000000;0.000000000;0.0000000;0.00;0.00;0.00;432018600;0;110;1;0;0;100;0.00;0;0;0;0
;359.97;-0.10;0.67;0.0600;0.0000;0.0200;-0.011000;-0.002250;1.010750;0.0;0.0;0.0;0;0;30.1;23.93;1000000;0;-5.824999809;-35.227500915;40.000;0.00;0.00;0.00;0.00;0.00;0.00;0.00;0.000;0.000;0.00;0.00;0.000;0.000;0.000;0.000;31;0.0000;0.000;0.0000;0.000;0.0000;0.000;0.0000;0.000;0.0000;0.000;0.0000;0.000;0.0000;0.000;0.0000;0.000;0.000000000;0.000000000;0.0000000;0.00;0.00;0.00;432018620;0;110;1;0;0;100;0.00;0;0;0;0
;359.97;-0.10;0.67;0.0600;-0.0400;0.0400;-0.011750;-0.002750;1.010500;0.0;0.0;0.0;0;0;30.0;24.05;1000000;0;-5.824999809;-35.227500915;40.000;0.00;0.00;0.00;0.00;0.00;0.00;0.00;0.000;0.000;0.00;0.00;0.000;0.000;0.000;0.000;0;0.0000;0.000;0.0000;0.000;0.0000;0.000;0.0000;0.000;0.0000;0.000;0.0000;0.000;0.0000;0.000;0.0000;0.000;0.000000000;0.000000000;0.0000000;0.00;0.00;0.00;432018640;0;110;1;0;0;100;0.00;0;0;0;0
;359.97;-0.10;0.67;0.0400;0.0000;0.0400;-0.012250;-0.002500;1.010250;0.0;0.0;0.0;0;0;29.9;23.92;1000000;0;-5.824999809;-35.227500915;40.000;0.00;0.00;0.00;0.00;0.00;0.00;0.00;0.000;0.000;0.00;0.00;0.000;0.000;0.000;0.000;1;0.0000;0.000;0.0000;0.000;0.0000;0.000;0.0000;0.000;0.0000;0.000;0.0000;0.000;0.0000;0.000;0.0000;0.000;0.000000000;0.000000000;0.0000000;0.00;0.00;0.00;432018660;0;110;1;0;0;100;0.00;0;0;0;0
;359.97;-0.10;0.67;0.0400;-0.0400;0.0200;-0.012750;-0.002750;1.010500;0.0;0.0;0.0;0;0;29.9;23.98;1000000;0;-5.824999809;-35.227500915;40.000;0.00;0.00;0.00;0.00;0.00;0.00;0.00;0.000;0.000;0.00;0.00;0.000;0.000;0.000;0.000;2;0.0000;0.000;0.0000;0.000;0.0000;0.000;0.0000;0.000;0.0000;0.000;0.0000;0.000;0.0000;0.000;0.0000;0.000;0.000000000;0.000000000;0.0000000;0.00;0.00;0.00;432018680;0;110;1;0;0;100;0.00;0;0;0;0
;359.97;-0.10;0.67;0.0400;0.0000;0.0800;-0.012500;-0.002000;1.010500;0.0;0.0;0.0;0;0;30.4;23.99;1000000;0;-5.824999809;-35.227500915;40.000;0.00;0.00;0.00;0.00;0.00;0.00;0.00;0.000;0.000;0.00;0.00;0.000;0.000;0.000;0.000;3;0.0000;0.000;0.0000;0.000;0.0000;0.000;0.0000;0.000;0.0000;0.000;0.0000;0.000;0.0000;0.000;0.0000;0.000;0.000000000;0.000000000;0.0000000;0.00;0.00;0.00;432018700;0;110;1;0;0;100;0.00;0;0;0;0
;359.97;-0.10;0.67;0.0400;0.0000;0.0600;-0.012250;-0.002000;1.011000;0.0;0.0;0.0;0;0;29.6;24.09;1000000;0;-5.824999809;-35.227500915;40.000;0.00;0.00;0.00;0.00;0.00;0.00;0.00;0.000;0.000;0.00;0.00;0.000;0.000;0.000;0.000;4;0.0000;0.000;0.0000;0.000;0.0000;0.000;0.0000;0.000;0.0000;0.000;0.0000;0.000;0.0000;0.000;0.0000;0.000;0.000000000;0.000000000;0.0000000;0.00;0.00;0.00;432018720;0;110;1;0;0;100;0.00;0;0;0;0
;359.97;-0.10;0.67;0.0000;0.0200;0.0400;-0.012000;-0.002000;1.010500;0.0;0.0;0.0;0;0;29.9;24.01;1000000;0;-5.824999809;-35.227500915;40.000;0.00;0.00;0.00;0.00;0.00;0.00;0.00;0.000;0.000;0.00;0.00;0.000;0.000;0.000;0.000;5;0.0000;0.000;0.0000;0.000;0.0000;0.000;0.0000;0.000;0.0000;0.000;0.0000;0.000;0.0000;0.000;0.0000;0.000;0.000000000;0.000000000;0.0000000;0.00;0.00;0.00;432018740;0;110;1;0;0;100;0.00;0;0;0;0
;359.97;-0.10;0.67;0.0000;-0.0600;0.0000;-0.011750;-0.002250;1.011000;0.0;0.0;0.0;0;0;30.0;23.90;1000000;0;-5.824999809;-35.227500915;40.000;0.00;0.00;0.00;0.00;0.00;0.00;0.00;0.000;0.000;0.00;0.00;0.000;0.000;0.000;0.000;6;0.0000;0.000;0.0000;0.000;0.0000;0.000;0.0000;0.000;0.0000;0.000;0.0000;0.000;0.0000;0.000;0.0000;0.000;0.000000000;0.000000000;0.0000000;0.00;0.00;0.00;432018760;0;110;1;0;0;100;0.00;0;0;0;0
;359.97;-0.10;0.67;0.0600;0.0600;0.0800;-0.012250;-0.002500;1.010500;0.0;0.0;0.0;0;0;29.9;23.98;1000000;0;-5.824999809;-35.227500915;40.000;0.00;0.00;0.00;0.00;0.00;0.00;0.00;0.000;0.000;0.00;0.00;0.000;0.000;0.000;0.000;7;0.0000;0.000;0.0000;0.000;0.0000;0.000;0.0000;0.000;0.0000;0.000;0.0000;0.000;0.0000;0.000;0.0000;0.000;0.000000000;0.000000000;0.0000000;0.00;0.00;0.00;432018780;0;110;1;0;0;100;0.00;0;0;0;0
;359.97;-0.10;0.68;0.0400;0.0600;0.0000;-0.012750;-0.002750;1.009750;0.0;0.0;0.0;0;0;29.9;24.06;1000000;0;-5.824999809;-35.227500915;40.000;0.00;0.00;0.00;0.00;0.00;0.00;0.00;0.000;0.000;0.00;0.00;0.000;0.000;0.000;0.000;8;0.0000;0.000;0.0000;0.000;0.0000;0.000;0.0000;0.000;0.0000;0.000;0.0000;0.000;0.0000;0.000;0.0000;0.000;0.000000000;0.000000000;0.0000000;0.00;0.00;0.00;432018800;0;110;1;0;0;100;0.00;0;0;0;0
;359.96;-0.10;0.68;0.0200;0.0000;0.0400;-0.012250;-0.002000;1.010750;0.0;0.0;0.0;0;0;29.9;23.96;1000000;0;-5.824999809;-35.227500915;40.000;0.00;0.00;0.00;0.00;0.00;0.00;0.00;0.000;0.000;0.00;0.00;0.000;0.000;0.000;0.000;9;0.0000;0.000;0.0000;0.000;0.0000;0.000;0.0000;0.000;0.0000;0.000;0.0000;0.000;0.0000;0.000;0.0000;0.000;0.000000000;0.000000000;0.0000000;0.00;0.00;0.00;432018820;0;110;1;0;0;100;0.00;0;0;0;0
;359.96;-0.10;0.68;0.0400;-0.0200;0.0600;-0.011750;-0.002000;1.010000;0.0;0.0;0.0;0;0;30.2;23.91;1000000;0;-5.824999809;-35.227500915;40.000;0.00;0.00;0.00;0.00;0.00;0.00;0.00;0.000;0.000;0.00;0.00;0.000;0.000;0.000;0.000;10;0.0000;0.000;0.0000;0.000;0.0000;0.000;0.0000;0.000;0.0000;0.000;0.0000;0.000;0.0000;0.000;0.0000;0.000;0.000000000;0.000000000;0.0000000;0.00;0.00;0.00;432018840;0;110;1;0;0;100;0.00;0;0;0;0
;359.96;-0.10;0.68;0.0200;-0.0400;0.0600;-0.012250;-0.002250;1.010500;0.0;0.0;0.0;0;0;30.2;23.95;1000000;0;-5.824999809;-35.227500915;40.000;0.00;0.00;0.00;0.00;0.00;0.00;0.00;0.000;0.000;0.00;0.00;0.000;0.000;0.000;0.000;11;0.0000;0.000;0.0000;0.000;0.0000;0.000;0.0000;0.000;0.0000;0.000;0.0000;0.000;0.0000;0.000;0.0000;0.000;0.000000000;0.000000000;0.0000000;0.00;0.00;0.00;432018860;0;110;1;0;0;100;0.00;0;0;0;0
;359.96;-0.10;0.68;0.0200;0.0400;0.0400;-0.012000;-0.001750;1.011000;0.0;0.0;0.0;0;0;30.0;23.91;1000000;0;-5.824999809;-35.227500915;40.000;0.00;0.00;0.00;0.00;0.00;0.00;0.00;0.000;0.000;0.00;0.00;0.000;0.000;0.000;0.000;12;0.0000;0.000;0.0000;0.000;0.0000;0.000;0.0000;0.000;0.0000;0.000;0.0000;0.000;0.0000;0.000;0.0000;0.000;0.000000000;0.000000000;0.0000000;0.00;0.00;0.00;432018880;0;110;1;0;0;100;0.00;0;0;0;0
;359.96;-0.10;0.67;0.0800;-0.0400;0.0400;-0.011500;-0.002000;1.010000;0.0;0.0;0.0;0;0;30.0;23.98;1000000;0;-5.824999809;-35.227500915;40.000;0.00;0.00;0.00;0.00;0.00;0.00;0.00;0.000;0.000;0.00;0.00;0.000;0.000;0.000;0.000;13;0.0000;0.000;0.0000;0.000;0.0000;0.000;0.0000;0.000;0.0000;0.000;0.0000;0.000;0.0000;0.000;0.0000;0.000;0.000000000;0.000000000;0.0000000;0.00;0.00;0.00;432018900;0;110;1;0;0;100;0.00;0;0;0;0
;359.96;-0.10;0.67;0.0800;0.0200;0.0600;-0.012500;-0.002500;1.010750;0.0;0.0;0.0;0;0;29.6;23.99;1000000;0;-5.824999809;-35.227500915;40.000;0.00;0.00;0.00;0.00;0.00;0.00;0.00;0.000;0.000;0.00;0.00;0.000;0.000;0.000;0.000;14;0.0000;0.000;0.0000;0.000;0.0000;0.000;0.0000;0.000;0.0000;0.000;0.0000;0.000;0.0000;0.000;0.0000;0.000;0.000000000;0.000000000;0.0000000;0.00;0.00;0.00;432018920;0;110;1;0;0;100;0.00;0;0;0;0
;359.96;-0.10;0.68;0.0000;-0.0200;0.0400;-0.012500;-0.002000;1.011000;0.0;0.0;0.0;0;0;29.9;24.03;1000000;0;-5.824999809;-35.227500915;40.000;0.00;0.00;0.00;0.00;0.00;0.00;0.00;0.000;0.000;0.00;0.00;0.000;0.000;0.000;0.000;15;0.0000;0.000;0.0000;0.000;0.0000;0.000;0.0000;0.000;0.0000;0.000;0.0000;0.000;0.0000;0.000;0.0000;0.000;0.000000000;0.000000000;0.0000000;0.00;0.00;0.00;432018940;0;110;1;0;0;100;0.00;0;0;0;0
;359.96;-0.10;0.67;0.0600;-0.0600;0.0000;-0.012000;-0.002750;1.010750;0.0;0.0;0.0;0;0;30.2;24.05;1000000;0;-5.824999809;-35.227500915;40.000;0.00;0.00;0.00;0.00;0.00;0.00;0.00;0.000;0.000;0.00;0.00;0.000;0.000;0.000;0.000;16;0.0000;0.000;0.0000;0.000;0.0000;0.000;0.0000;0.000;0.0000;0.000;0.0000;0.000;0.0000;0.000;0.0000;0.000;0.000000000;0.000000000;0.0000000;0.00;0.00;0.00;432018960;0;110;1;0;0;100;0.00;0;0;0;0
;359.96;-0.10;0.67;0.0600;0.0000;0.0200;-0.012000;-0.002000;1.011000;0.0;0.0;0.0;0;0;30.1;24.08;1000000;0;-5.824999809;-35.227500915;40.000;0.00;0.00;0.00;0.00;0.00;0.00;0.00;0.000;0.000;0.00;0.00;0.000;0.000;0.000;0.000;17;0.0000;0.000;0.0000;0.000;0.0000;0.000;0.0000;0.000;0.0000;0.000;0.0000;0.000;0.0000;0.000;0.0000;0.000;0.000000000;0.000000000;0.0000000;0.00;0.00;0.00;432018980;0;110;1;0;0;100;0.00;0;0;0;0
;359.96;-0.10;0.67;0.0800;-0.0600;0.0000;-0.011750;-0.002250;1.010500;0.0;0.0;0.0;0;0;30.0;24.04;1000000;0;-5.824999809;-35.227500915;40.000;0.00;0.00;0.00;0.00;0.00;0.00;0.00;0.000;0.000;0.00;0.00;0.000;0.000;0.000;0.000;18;0.0000;0.000;0.0000;0.000;0.0000;0.000;0.0000;0.000;0.0000;0.000;0.0000;0.000;0.0000;0.000;0.0000;0.000;0.000000000;0.000000000;0.0000000;0.00;0.00;0.00;432019000;0;110;1;0;0;100;0.00;0;0;0;0
;359.96;-0.10;0.67;0.0600;-0.0400;0.1000;-0.011750;-0.002250;1.011000;0.0;0.0;0.0;0;0;29.7;24.12;1000000;0;-5.824999809;-35.227500915;40.000;0.00;0.00;0.00;0.00;0.00;0.00;0.00;0.000;0.000;0.00;0.00;0.000;0.000;0.000;0.000;19;0.0000;0.000;0.0000;0.000;0.0000;0.000;0.0000;0.000;0.0000;0.000;0.0000;0.000;0.0000;0.000;0.0000;0.000;0.000000000;0.000000000;0.0000000;0.00;0.00;0.00;432019020;0;110;1;0;0;100;0.00;0;0;0;0
;359.95;-0.10;0.67;0.0600;-0.0200;0.0600;-0.012500;-0.002250;1.010500;0.0;0.0;0.0;0;0;29.7;24.07;1000000;0;-5.824999809;-35.227500915;40.000;0.00;0.00;0.00;0.00;0.00;0.00;0.00;0.000;0.000;0.00;0.00;0.000;0.000;0.000;0.000;20;0.0000;0.000;0.0000;0.000;0.0000;0.000;0.0000;0.000;0.0000;0.000;0.0000;0.000;0.0000;0.000;0.0000;0.000;0.000000000;0.000000000;0.0000000;0.00;0.00;0.00;432019040;0;110;1;0;0;100;0.00;0;0;0;0
;359.95;-0.11;0.67;0.0600;0.0000;0.0200;-0.012000;-0.002500;1.010000;0.0;0.0;0.0;0;0;30.0;24.17;1000000;0;-5.824999809;-35.227500915;40.000;0.00;0.00;0.00;0.00;0.00;0.00;0.00;0.000;0.000;0.00;0.00;0.000;0.000;0.000;0.000;21;0.0000;0.000;0.0000;0.000;0.0000;0.000;0.0000;0.000;0.0000;0.000;0.0000;0.000;0.0000;0.000;0.0000;0.000;0.000000000;0.000000000;0.0000000;0.00;0.00;0.00;432019060;0;110;1;0;0;100;0.00;0;0;0;0
;359.95;-0.11;0.67;0.0800;0.0200;0.0200;-0.012500;-0.002750;1.010750;0.0;0.0;0.0;0;0;29.9;23.99;1000000;0;-5.824999809;-35.227500915;40.000;0.00;0.00;0.00;0.00;0.00;0.00;0.00;0.000;0.000;0.00;0.00;0.000;0.000;0.000;0.000;22;0.0000;0.000;0.0000;0.000;0.0000;0.000;0.0000;0.000;0.0000;0.000;0.0000;0.000;0.0000;0.000;0.0000;0.000;0.000000000;0.000000000;0.0000000;0.00;0.00;0.00;432019080;0;110;1;0;0;100;0.00;0;0;0;0
;359.95;-0.11;0.68;0.0400;0.0000;0.0600;-0.012250;-0.002250;1.010500;0.0;0.0;0.0;0;0;29.4;23.96;1000000;0;-5.824999809;-35.227500915;40.000;0.00;0.00;0.00;0.00;0.00;0.00;0.00;0.000;0.000;0.00;0.00;0.000;0.000;0.000;0.000;23;0.0000;0.000;0.0000;0.000;0.0000;0.000;0.0000;0.000;0.0000;0.000;0.0000;0.000;0.0000;0.000;0.0000;0.000;0.000000000;0.000000000;0.0000000;0.00;0.00;0.00;432019100;0;110;1;0;0;100;0.00;0;0;0;0
;359.95;-0.11;0.68;0.0400;-0.0200;0.0000;-0.012750;-0.002000;1.009750;0.0;0.0;0.0;0;0;30.1;24.15;1000000;0;-5.824999809;-35.227500915;40.000;0.00;0.00;0.00;0.00;0.00;0.00;0.00;0.000;0.000;0.00;0.00;0.000;0.000;0.000;0.000;24;0.0000;0.000;0.0000;0.000;0.0000;0.000;0.0000;0.000;0.0000;0.000;0.0000;0.000;0.0000;0.000;0.0000;0.000;0.000000000;0.000000000;0.0000000;0.00;0.00;0.00;432019120;0;110;1;0;0;100;0.00;0;0;0;0
;359.95;-0.11;0.68;0.0600;-0.0400;0.0800;-0.012250;-0.002000;1.010750;0.0;0.0;0.0;0;0;30.1;24.13;1000000;0;-5.824999809;-35.227500915;40.000;0.00;0.00;0.00;0.00;0.00;0.00;0.00;0.000;0.000;0.00;0.00;0.000;0.000;0.000;0.000;25;0.0000;0.000;0.0000;0.000;0.0000;0.000;0.0000;0.000;0.0000;0.000;0.0000;0.000;0.0000;0.000;0.0000;0.000;0.000000000;0.000000000;0.0000000;0.00;0.00;0.00;432019140;0;110;1;0;0;100;0.00;0;0;0;0
;359.95;-0.11;0.68;0.0600;-0.0600;0.0600;-0.012250;-0.002250;1.010500;0.0;0.0;0.0;0;0;30.0;24.04;1000000;0;-5.824999809;-35.227500915;40.000;0.00;0.00;0.00;0.00;0.00;0.00;0.00;0.000;0.000;0.00;0.00;0.000;0.000;0.000;0.000;26;0.0000;0.000;0.0000;0.000;0.0000;0.000;0.0000;0.000;0.0000;0.000;0.0000;0.000;0.0000;0.000;0.0000;0.000;0.000000000;0.000000000;0.0000000;0.00;0.00;0.00;432019160;0;110;1;0;0;100;0.00;0;0;0;0
;359.95;-0.11;0.68;0.0600;-0.0600;0.0400;-0.012500;-0.002750;1.009500;0.0;0.0;0.0;0;0;30.0;24.00;1000000;0;-5.824999809;-35.227500915;40.000;0.00;0.00;0.00;0.00;0.00;0.00;0.00;0.000;0.000;0.00;0.00;0.000;0.000;0.000;0.000;27;0.0000;0.000;0.0000;0.000;0.0000;0.000;0.0000;0.000;0.0000;0.000;0.0000;0.000;0.0000;0.000;0.0000;0.000;0.000000000;0.000000000;0.0000000;0.00;0.00;0.00;432019180;0;110;1;0;0;100;0.00;0;0;0;0
;359.95;-0.11;0.68;0.0400;-0.1000;0.0400;-0.012000;-0.002250;1.011000;0.0;0.0;0.0;0;0;30.4;23.94;1000000;0;-5.824999809;-35.227500915;40.000;0.00;0.00;0.00;0.00;0.00;0.00;0.00;0.000;0.000;0.00;0.00;0.000;0.000;0.000;0.000;28;0.0000;0.000;0.0000;0.000;0.0000;0.000;0.0000;0.000;0.0000;0.000;0.0000;0.000;0.0000;0.000;0.0000;0.000;0.000000000;0.000000000;0.0000000;0.00;0.00;0.00;432019200;0;110;1;0;0;100;0.00;0;0;0;0
;359.95;-0.11;0.68;0.0600;0.0000;0.0400;-0.012500;-0.002750;1.010000;0.0;0.0;0.0;0;0;30.1;23.98;1000000;0;-5.824999809;-35.227500915;40.000;0.00;0.00;0.00;0.00;0.00;0.00;0.00;0.000;0.000;0.00;0.00;0.000;0.000;0.000;0.000;29;0.0000;0.000;0.0000;0.000;0.0000;0.000;0.0000;0.000;0.0000;0.000;0.0000;0.000;0.0000;0.000;0.0000;0.000;0.000000000;0.000000000;0.0000000;0.00;0.00;0.00;432019220;0;110;1;0;0;100;0.00;0;0;0;0
;359.95;-0.11;0.68;0.0200;0.0000;0.0600;-0.012750;-0.001500;1.010750;0.0;0.0;0.0;0;0;30.0;24.06;1000000;0;-5.824999809;-35.227500915;40.000;0.00;0.00;0.00;0.00;0.00;0.00;0.00;0.000;0.000;0.00;0.00;0.000;0.000;0.000;0.000;30;0.0000;0.000;0.0000;0.000;0.0000;0.000;0.0000;0.000;0.0000;0.000;0.0000;0.000;0.0000;0.000;0.0000;0.000;0.000000000;0.000000000;0.0000000;0.00;0.00;0.00;432019240;0;110;1;0;0;100;0.00;0;0;0;0
;359.95;-0.10;0.68;0.0800;0.0000;0.0400;-0.012500;-0.001750;1.010500;0.0;0.0;0.0;0;0;30.0;24.03;1000000;0;-5.824999809;-35.227500915;40.000;0.00;0.00;0.00;0.00;0.00;0.00;0.00;0.000;0.000;0.00;0.00;0.000;0.000;0.000;0.000;31;0.0000;0.000;0.0000;0.000;0.0000;0.000;0.0000;0.000;0.0000;0.000;0.0000;0.000;0.0000;0.000;0.0000;0.000;0.000000000;0.000000000;0.0000000;0.00;0.00;0.00;432019260;0;110;1;0;0;100;0.00;0;0;0;0
;359.95;-0.10;0.68;0.0600;-0.0800;0.0200;-0.011500;-0.002250;1.010250;0.0;0.0;0.0;0;0;29.9;24.05;1000000;0;-5.824999809;-35.227500915;40.000;0.00;0.00;0.00;0.00;0.00;0.00;0.00;0.000;0.000;0.00;0.00;0.000;0.000;0.000;0.000;0;0.0000;0.000;0.0000;0.000;0.0000;0.000;0.0000;0.000;0.0000;0.000;0.0000;0.000;0.0000;0.000;0.0000;0.000;0.000000000;0.000000000;0.0000000;0.00;0.00;0.00;432019280;0;110;1;0;0;100;0.00;0;0;0;0
;359.94;-0.11;0.67;0.0000;-0.0600;0.0200;-0.011750;-0.002750;1.011000;0.0;0.0;0.0;0;0;29.9;23.91;1000000;0;-5.824999809;-35.227500915;40.000;0.00;0.00;0.00;0.00;0.00;0.00;0.00;0.000;0.000;0.00;0.00;0.000;0.000;0.000;0.000;1;0.0000;0.000;0.0000;0.000;0.0000;0.000;0.0000;0.000;0.0000;0.000;0.0000;0.000;0.0000;0.000;0.0000;0.000;0.000000000;0.000000000;0.0000000;0.00;0.00;0.00;432019300;0;110;1;0;0;100;0.00;0;0;0;0
;359.94;-0.11;0.67;0.0200;-0.0600;0.0600;-0.012000;-0.003000;1.011000;0.0;0.0;0.0;0;0;30.0;24.06;1000000;0;-5.824999809;-35.227500915;40.000;0.00;0.00;0.00;0.00;0.00;0.00;0.00;0.000;0.000;0.00;0.00;0.000;0.000;0.000;0.000;2;0.0000;0.000;0.0000;0.000;0.0000;0.000;0.0000;0.000;0.0000;0.000;0.0000;0.000;0.0000;0.000;0.0000;0.000;0.000000000;0.000000000;0.0000000;0.00;0.00;0.00;432019320;0;110;1;0;0;100;0.00;0;0;0;0
;359.94;-0.11;0.67;0.0800;-0.0200;0.0400;-0.012500;-0.002000;1.010500;0.0;0.0;0.0;0;0;30.0;24.05;1000000;0;-5.824999809;-35.227500915;40.000;0.00;0.00;0.00;0.00;0.00;0.00;0.00;0.000;0.000;0.00;0.00;0.000;0.000;0.000;0.000;3;0.0000;0.000;0.0000;0.000;0.0000;0.000;0.0000;0.000;0.0000;0.000;0.0000;0.000;0.0000;0.000;0.0000;0.000;0.000000000;0.000000000;0.0000000;0.00;0.00;0.00;432019340;0;110;1;0;0;100;0.00;0;0;0;0
;359.94;-0.11;0.68;0.0800;-0.0200;0.0200;-0.013250;-0.001250;1.010750;0.0;0.0;0.0;0;0;29.9;24.06;1000000;0;-5.824999809;-35.227500915;40.000;0.00;0.00;0.00;0.00;0.00;0.00;0.00;0.000;0.000;0.00;0.00;0.000;0.000;0.000;0.000;4;0.0000;0.000;0.0000;0.000;0.0000;0.000;0.0000;0.000;0.0000;0.000;0.0000;0.000;0.0000;0.000;0.0000;0.000;0.000000000;0.000000000;0.0000000;0.00;0.00;0.00;432019360;0;110;1;0;0;100;0.00;0;0;0;0
;359.94;-0.11;0.67;0.0400;-0.0600;0.0200;-0.011500;-0.002750;1.011000;0.0;0.0;0.0;0;0;29.9;24.00;1000000;0;-5.824999809;-35.227500915;40.000;0.00;0.00;0.00;0.00;0.00;0.00;0.00;0.000;0.000;0.00;0.00;0.000;0.000;0.000;0.000;5;0.0000;0.000;0.0000;0.000;0.0000;0.000;0.0000;0.000;0.0000;0.000;0.0000;0.000;0.0000;0.000;0.0000;0.000;0.000000000;0.000000000;0.0000000;0.00;0.00;0.00;432019380;0;110;1;0;0;100;0.00;0;0;0;0
;359.94;-0.11;0.67;0.0600;0.0200;0.0800;-0.011250;-0.002750;1.010500;0.0;0.0;0.0;0;0;30.1;23.98;1000000;0;-5.824999809;-35.227500915;40.000;0.00;0.00;0.00;0.00;0.00;0.00;0.00;0.000;0.000;0.00;0.00;0.000;0.000;0.000;0.000;6;0.0000;0.000;0.0000;0.000;0.0000;0.000;0.0000;0.000;0.0000;0.000;0.0000;0.000;0.0000;0.000;0.0000;0.000;0.000000000;0.000000000;0.0000000;0.00;0.00;0.00;432019400;0;110;1;0;0;100;0.00;0;0;0;0
;359.94;-0.11;0.67;0.0400;-0.0200;0.0000;-0.011750;-0.002250;1.011250;0.0;0.0;0.0;0;0;29.9;24.06;1000000;0;-5.824999809;-35.227500915;40.000;0.00;0.00;0.00;0.00;0.00;0.00;0.00;0.000;0.000;0.00;0.00;0.000;0.000;0.000;0.000;7;0.0000;0.000;0.0000;0.000;0.0000;0.000;0.0000;0.000;0.0000;0.000;0.0000;0.000;0.0000;0.000;0.0000;0.000;0.000000000;0.000000000;0.0000000;0.00;0.00;0.00;432019420;0;110;1;0;0;100;0.00;0;0;0;0
;359.94;-0.11;0.67;0.0400;0.0200;0.0800;-0.012750;-0.001500;1.010750;0.0;0.0;0.0;0;0;30.2;23.92;1000000;0;-5.824999809;-35.227500915;40.000;0.00;0.00;0.00;0.00;0.00;0.00;0.00;0.000;0.000;0.00;0.00;0.000;0.000;0.000;0.000;8;0.0000;0.000;0.0000;0.000;0.0000;0.000;0.0000;0.000;0.0000;0.000;0.0000;0.000;0.0000;0.000;0.0000;0.000;0.000000000;0.000000000;0.0000000;0.00;0.00;0.00;432019440;0;110;1;0;0;100;0.00;0;0;0;0
;359.94;-0.11;0.68;0.0600;0.0400;0.1000;-0.013000;-0.002500;1.010500;0.0;0.0;0.0;0;0;30.1;23.93;1000000;0;-5.824999809;-35.227500915;40.000;0.00;0.00;0.00;0.00;0.00;0.00;0.00;0.000;0.000;0.00;0.00;0.000;0.000;0.000;0.000;9;0.0000;0.000;0.0000;0.000;0.0000;0.000;0.0000;0.000;0.0000;0.000;0.0000;0.000;0.0000;0.000;0.0000;0.000;0.000000000;0.000000000;0.0000000;0.00;0.00;0.00;432019460;0;110;1;0;0;100;0.00;0;0;0;0
;359.94;-0.11;0.68;0.0600;0.0200;0.0400;-0.012750;-0.002750;1.010250;0.0;0.0;0.0;0;0;29.9;24.07;1000000;0;-5.824999809;-35.227500915;40.000;0.00;0.00;0.00;0.00;0.00;0.00;0.00;0.000;0.000;0.00;0.00;0.000;0.000;0.000;0.000;10;0.0000;0.000;0.0000;0.000;0.0000;0.000;0.0000;0.000;0.0000;0.000;0.0000;0.000;0.0000;0.000;0.0000;0.000;0.000000000;0.000000000;0.0000000;0.00;0.00;0.00;0;0;110;1;0;0;100;0.00;0;0;0;64
;359.94;-0.11;0.68;0.0200;-0.0600;0.0400;-0.011750;-0.002500;1.010500;0.0;0.0;0.0;0;0;30.1;24.04;1000000;0;-5.824999809;-35.227500915;40.000;0.00;0.00;0.00;0.00;0.00;0.00;0.00;0.000;0.000;0.00;0.00;0.000;0.000;0.000;0.000;11;0.0000;0.000;0.0000;0.000;0.0000;0.000;0.0000;0.000;0.0000;0.000;0.0000;0.000;0.0000;0.000;0.0000;0.000;0.000000000;0.000000000;0.0000000;0.00;0.00;0.00;20;0;110;1;0;0;100;0.00;0;0;0;0
;359.94;-0.11;0.67;0.0600;0.0000;0.0400;-0.012000;-0.002250;1.010250;0.0;0.0;0.0;0;0;30.1;23.98;1000000;0;-5.824999809;-35.227500915;40.000;0.00;0.00;0.00;0.00;0.00;0.00;0.00;0.000;0.000;0.00;0.00;0.000;0.000;0.000;0.000;12;0.0000;0.000;0.0000;0.000;0.0000;0.000;0.0000;0.000;0.0000;0.000;0.0000;0.000;0.0000;0.000;0.0000;0.000;0.000000000;0.000000000;0.0000000;0.00;0.00;0.00;40;0;110;1;0;0;100;0.00;0;0;0;0
;359.93;-0.11;0.67;0.0800;0.0200;0.0400;-0.011750;-0.002750;1.010750;0.0;0.0;0.0;0;0;29.9;24.08;1000000;0;-5.824999809;-35.227500915;40.000;0.00;0.00;0.00;0.00;0.00;0.00;0.00;0.000;0.000;0.00;0.00;0.000;0.000;0.000;0.000;13;0.0000;0.000;0.0000;0.000;0.0000;0.000;0.0000;0.000;0.0000;0.000;0.0000;0.000;0.0000;0.000;0.0000;0.000;0.000000000;0.000000000;0.0000000;0.00;0.00;0.00;60;0;110;1;0;0;100;0.00;0;0;0;0
;359.93;-0.11;0.67;0.0200;-0.0600;0.0600;-0.012500;-0.002750;1.010250;0.0;0.0;0.0;0;0;30.0;24.01;1000000;0;-5.824999809;-35.227500915;40.000;0.00;0.00;0.00;0.00;0.00;0.00;0.00;0.000;0.000;0.00;0.00;0.000;0.000;0.000;0.000;14;0.0000;0.000;0.0000;0.000;0.0000;0.000;0.0000;0.000;0.0000;0.000;0.0000;0.000;0.0000;0.000;0.0000;0.000;0.000000000;0.000000000;0.0000000;0.00;0.00;0.00;80;0;110;1;0;0;100;0.00;0;0;0;0
;359.93;-0.11;0.68;0.0400;0.0000;0.0400;-0.013000;-0.002250;1.010250;0.0;0.0;0.0;0;0;30.0;24.10;1000000;0;-5.824999809;-35.227500915;40.000;0.00;0.00;0.00;0.00;0.00;0.00;0.00;0.000;0.000;0.00;0.00;0.000;0.000;0.000;0.000;15;0.0000;0.000;0.0000;0.000;0.0000;0.000;0.0000;0.000;0.0000;0.000;0.0000;0.000;0.0000;0.000;0.0000;0.000;0.000000000;0.000000000;0.0000000;0.00;0.00;0.00;100;0;110;1;0;0;100;0.00;0;0;0;0
;359.93;-0.11;0.68;0.0400;0.0000;0.0200;-0.012250;-0.002250;1.011000;0.0;0.0;0.0;0;0;30.0;23.97;1000000;0;-5.824999809;-35.227500915;40.000;0.00;0.00;0.00;0.00;0.00;0.00;0.00;0.000;0.000;0.00;0.00;0.000;0.000;0.000;0.000;16;0.0000;0.000;0.0000;0.000;0.0000;0.000;0.0000;0.000;0.0000;0.000;0.0000;0.000;0.0000;0.000;0.0000;0.000;0.000000000;0.000000000;0.0000000;0.00;0.00;0.00;120;0;110;1;0;0;100;0.00;0;0;0;0
;359.93;-0.11;0.68;0.0200;-0.1000;0.0200;-0.012000;-0.002250;1.010750;0.0;0.0;0.0;0;0;30.2;23.86;1000000;0;-5.824999809;-35.227500915;40.000;0.00;0.00;0.00;0.00;0.00;0.00;0.00;0.000;0.000;0.00;0.00;0.000;0.000;0.000;0.000;17;0.0000;0.000;0.0000;0.000;0.0000;0.000;0.0000;0.000;0.0000;0.000;0.0000;0.000;0.0000;0.000;0.0000;0.000;0.000000000;0.000000000;0.0000000;0.00;0.00;0.00;140;0;110;1;0;0;100;0.00;0;0;0;0
;359.93;-0.11;0.68;0.0200;-0.0600;0.0400;-0.012250;-0.002000;1.010750;0.0;0.0;0.0;0;0;30.1;23.90;1000000;0;-5.824999809;-35.227500915;40.000;0.00;0.00;0.00;0.00;0.00;0.00;0.00;0.000;0.000;0.00;0.00;0.000;0.000;0.000;0.000;18;0.0000;0.000;0.0000;0.000;0.0000;0.000;0.0000;0.000;0.0000;0.000;0.0000;0.000;0.0000;0.000;0.0000;0.000;0.000000000;0.000000000;0.0000000;0.00;0.00;0.00;160;0;110;1;0;0;100;0.00;0;0;0;0
;359.93;-0.11;0.68;0.0400;-0.0600;0.0600;-0.012250;-0.002250;1.011000;0.0;0.0;0.0;0;0;30.1;24.08;1000000;0;-5.824999809;-35.227500915;40.000;0.00;0.00;0.00;0.00;0.00;0.00;0.00;0.000;0.000;0.00;0.00;0.000;0.000;0.000;0.000;19;0.0000;0.000;0.0000;0.000;0.0000;0.000;0.0000;0.000;0.0000;0.000;0.0000;0.000;0.0000;0.000;0.0000;0.000;0.000000000;0.000000000;0.0000000;0.00;0.00;0.00;180;0;110;1;0;0;100;0.00;0;0;0;0
;359.93;-0.11;0.67;0.0200;-0.0600;0.0400;-0.011750;-0.002250;1.010750;0.0;0.0;0.0;0;0;30.0;24.07;1000000;0;-5.824999809;-35.227500915;40.000;0.00;0.00;0.00;0.00;0.00;0.00;0.00;0.000;0.000;0.00;0.00;0.000;0.000;0.000;0.000;20;0.0000;0.000;0.0000;0.000;0.0000;0.000;0.0000;0.000;0.0000;0.000;0.0000;0.000;0.0000;0.000;0.0000;0.000;0.000000000;0.000000000;0.0000000;0.00;0.00;0.00;200;0;110;1;0;0;100;0.00;0;0;0;0
;359.93;-0.11;0.67;0.0800;-0.0400;0.0400;-0.012750;-0.001750;1.010750;0.0;0.0;0.0;0;0;30.0;23.98;1000000;0;-5.824999809;-35.227500915;40.000;0.00;0.00;0.00;0.00;0.00;0.00;0.00;0.000;0.000;0.00;0.00;0.000;0.000;0.000;0.000;21;0.0000;0.000;0.0000;0.000;0.0000;0.000;0.0000;0.000;0.0000;0.000;0.0000;0.000;0.0000;0.000;0.0000;0.000;0.000000000;0.000000000;0.0000000;0.00;0.00;0.00;220;0;110;1;0;0;100;0.00;0;0;0;0
;359.93;-0.11;0.67;0.0200;-0.0200;0.0800;-0.012000;-0.002250;1.010750;0.0;0.0;0.0;0;0;29.9;23.99;1000000;0;-5.824999809;-35.227500915;40.000;0.00;0.00;0.00;0.00;0.00;0.00;0.00;0.000;0.000;0.00;0.00;0.000;0.000;0.000;0.000;22;0.0000;0.000;0.0000;0.000;0.0000;0.000;0.0000;0.000;0.0000;0.000;0.0000;0.000;0.0000;0.000;0.0000;0.000;0.000000000;0.000000000;0.0000000;0.00;0.00;0.00;240;0;110;1;0;0;100;0.00;0;0;0;0
;359.93;-0.11;0.67;0.0600;0.0000;0.0200;-0.011250;-0.002500;1.010250;0.0;0.0;0.0;0;0;30.0;24.06;1000000;0;-5.824999809;-35.227500915;40.000;0.00;0.00;0.00;0.00;0.00;0.00;0.00;0.000;0.000;0.00;0.00;0.000;0.000;0.000;0.000;23;0.0000;0.000;0.0000;0.000;0.0000;0.000;0.0000;0.000;0.0000;0.000;0.0000;0.000;0.0000;0.000;0.0000;0.000;0.000000000;0.000000000;0.0000000;0.00;0.00;0.00;260;0;110;1;0;0;100;0.00;0;0;0;0
;359.93;-0.11;0.67;0.0600;0.0000;0.0400;-0.012000;-0.001750;1.010750;0.0;0.0;0.0;0;0;30.0;24.05;1000000;0;-5.824999809;-35.227500915;40.000;0.00;0.00;0.00;0.00;0.00;0.00;0.00;0.000;0.000;0.00;0.00;0.000;0.000;0.000;0.000;24;0.0000;0.000;0.0000;0.000;0.0000;0.000;0.0000;0.000;0.0000;0.000;0.0000;0.000;0.0000;0.000;0.0000;0.000;0.000000000;0.000000000;0.0000000;0.00;0.00;0.00;280;0;110;1;0;0;100;0.00;0;0;0;0
;359.92;-0.11;0.67;0.0600;-0.0600;0.0400;-0.011750;-0.001750;1.010750;0.0;0.0;0.0;0;0;30.0;23.97;1000000;0;-5.824999809;-35.227500915;40.000;0.00;0.00;0.00;0.00;0.00;0.00;0.00;0.000;0.000;0.00;0.00;0.000;0.000;0.000;0.000;25;0.0000;0.000;0.0000;0.000;0.0000;0.000;0.0000;0.000;0.0000;0.000;0.0000;0.000;0.0000;0.000;0.0000;0.000;0.000000000;0.000000000;0.0000000;0.00;0.00;0.00;300;0;110;1;0;0;100;0.00;0;0;0;0
;359.92;-0.11;0.67;0.0400;-0.0400;0.0200;-0.012500;-0.002500;1.011000;0.0;0.0;0.0;0;0;30.0;23.92;1000000;0;-5.824999809;-35.227500915;40.000;0.00;0.00;0.00;0.00;0.00;0.00;0.00;0.000;0.000;0.00;0.00;0.000;0.000;0.000;0.000;26;0.0000;0.000;0.0000;0.000;0.0000;0.000;0.0000;0.000;0.0000;0.000;0.0000;0.000;0.0000;0.000;0.0000;0.000;0.000000000;0.000000000;0.0000000;0.00;0.00;0.00;320;0;110;1;0;0;100;0.00;0;0;0;0
;359.92;-0.11;0.67;0.0400;-0.1000;0.0600;-0.012000;-0.002750;1.010750;0.0;0.0;0.0;0;0;29.9;24.02;1000000;0;-5.824999809;-35.227500915;40.000;0.00;0.00;0.00;0.00;0.00;0.00;0.00;0.000;0.000;0.00;0.00;0.000;0.000;0.000;0.000;27;0.0000;0.000;0.0000;0.000;0.0000;0.000;0.0000;0.000;0.0000;0.000;0.0000;0.000;0.0000;0.000;0.0000;0.000;0.000000000;0.000000000;0.0000000;0.00;0.00;0.00;340;0;110;1;0;0;100;0.00;0;0;0;0
;359.92;-0.11;0.67;0.0600;-0.0400;-0.0200;-0.012500;-0.001750;1.010250;0.0;0.0;0.0;0;0;30.0;23.91;1000000;0;-5.824999809;-35.227500915;40.000;0.00;0.00;0.00;0.00;0.00;0.00;0.00;0.000;0.000;0.00;0.00;0.000;0.000;0.000;0.000;28;0.0000;0.000;0.0000;0.000;0.0000;0.000;0.0000;0.000;0.0000;0.000;0.0000;0.000;0.0000;0.000;0.0000;0.000;0.000000000;0.000000000;0.0000000;0.00;0.00;0.00;360;0;110;1;0;0;100;0.00;0;0;0;0
;359.92;-0.11;0.67;0.0600;-0.0200;0.0200;-0.011750;-0.002500;1.010500;0.0;0.0;0.0;0;0;29.6;23.97;1000000;0;-5.824999809;-35.227500915;40.000;0.00;0.00;0.00;0.00;0.00;0.00;0.00;0.000;0.000;0.00;0.00;0.000;0.000;0.000;0.000;29;0.0000;0.000;0.0000;0.000;0.0000;0.000;0.0000;0.000;0.0000;0.000;0.0000;0.000;0.0000;0.000;0.0000;0.000;0.000000000;0.000000000;0.0000000;0.00;0.00;0.00;380;0;110;1;0;0;100;0.00;0;0;0;0
;359.92;-0.11;0.67;0.0600;0.0200;0.0400;-0.011000;-0.002500;1.010500;0.0;0.0;0.0;0;0;29.9;24.03;1000000;0;-5.824999809;-35.227500915;40.000;0.00;0.00;0.00;0.00;0.00;0.00;0.00;0.000;0.000;0.00;0.00;0.000;0.000;0.000;0.000;30;0.0000;0.000;0.0000;0.000;0.0000;0.000;0.0000;0.000;0.0000;0.000;0.0000;0.000;0.0000;0.000;0.0000;0.000;0.000000000;0.000000000;0.0000000;0.00;0.00;0.00;400;0;110;1;0;0;100;0.00;0;0;0;0
;359.92;-0.11;0.67;0.0400;0.0200;0.0400;-0.012250;-0.002250;1.010250;0.0;0.0;0.0;0;0;30.0;24.14;1000000;0;-5.824999809;-35.227500915;40.000;0.00;0.00;0.00;0.00;0.00;0.00;0.00;0.000;0.000;0.00;0.00;0.000;0.000;0.000;0.000;31;0.0000;0.000;0.0000;0.000;0.0000;0.000;0.0000;0.000;0.0000;0.000;0.0000;0.000;0.0000;0.000;0.0000;0.000;0.000000000;0.000000000;0.0000000;0.00;0.00;0.00;420;0;110;1;0;0;100;0.00;0;0;0;0
;359.92;-0.10;0.67;0.0600;-0.0600;0.0600;-0.012500;-0.001500;1.010750;0.0;0.0;0.0;0;0;30.0;24.05;1000000;0;-5.824999809;-35.227500915;40.000;0.00;0.00;0.00;0.00;0.00;0.00;0.00;0.000;0.000;0.00;0.00;0.000;0.000;0.000;0.000;0;0.0000;0.000;0.0000;0.000;0.0000;0.000;0.0000;0.000;0.0000;0.000;0.0000;0.000;0.0000;0.000;0.0000;0.000;0.000000000;0.000000000;0.0000000;0.00;0.00;0.00;440;0;110;1;0;0;100;0.00;0;0;0;0
;359.92;-0.10;0.67;0.0800;0.0000;0.0000;-0.013250;-0.002250;1.010750;0.0;0.0;0.0;0;0;30.1;24.05;1000000;0;-5.824999809;-35.227500915;40.000;0.00;0.00;0.00;0.00;0.00;0.00;0.00;0.000;0.000;0.00;0.00;0.000;0.000;0.000;0.000;1;0.0000;0.000;0.0000;0.000;0.0000;0.000;0.0000;0.000;0.0000;0.000;0.0000;0.000;0.0000;0.000;0.0000;0.000;0.000000000;0.000000000;0.0000000;0.00;0.00;0.00;460;0;110;1;0;0;100;0.00;0;0;0;0
;359.92;-0.10;0.67;0.0600;0.0200;0.0400;-0.012000;-0.001500;1.010250;0.0;0.0;0.0;0;0;30.0;24.09;1000000;0;-5.824999809;-35.227500915;40.000;0.00;0.00;0.00;0.00;0.00;0.00;0.00;0.000;0.000;0.00;0.00;0.000;0.000;0.000;0.000;2;0.0000;0.000;0.0000;0.000;0.0000;0.000;0.0000;0.000;0.0000;0.000;0.0000;0.000;0.0000;0.000;0.0000;0.000;0.000000000;0.000000000;0.0000000;0.00;0.00;0.00;480;0;110;1;0;0;100;0.00;0;0;0;0
;359.92;-0.10;0.67;0.0400;-0.0600;0.0400;-0.011000;-0.002000;1.010500;0.0;0.0;0.0;0;0;30.0;23.94;1000000;0;-5.824999809;-35.227500915;40.000;0.00;0.00;0.00;0.00;0.00;0.00;0.00;0.000;0.000;0.00;0.00;0.000;0.000;0.000;0.000;3;0.0000;0.000;0.0000;0.000;0.0000;0.000;0.0000;0.000;0.0000;0.000;0.0000;0.000;0.0000;0.000;0.0000;0.000;0.000000000;0.000000000;0.0000000;0.00;0.00;0.00;500;0;110;1;0;0;100;0.00;0;0;0;0
;359.92;-0.10;0.67;0.0800;-0.0200;0.0600;-0.012500;-0.002750;1.010250;0.0;0.0;0.0;0;0;30.0;24.06;1000000;0;-5.824999809;-35.227500915;40.000;0.00;0.00;0.00;0.00;0.00;0.00;0.00;0.000;0.000;0.00;0.00;0.000;0.000;0.000;0.000;4;0.0000;0.000;0.0000;0.000;0.0000;0.000;0.0000;0.000;0.0000;0.000;0.0000;0.000;0.0000;0.000;0.0000;0.000;0.000000000;0.000000000;0.0000000;0.00;0.00;0.00;520;0;110;1;0;0;100;0.00;0;0;0;0
;359.92;-0.10;0.67;0.0600;0.0200;0.0400;-0.012250;-0.002000;1.010250;0.0;0.0;0.0;0;0;30.2;24.13;1000000;0;-5.824999809;-35.227500915;40.000;0.00;0.00;0.00;0.00;0.00;0.00;0.00;0.000;0.000;0.00;0.00;0.000;0.000;0.000;0.000;5;0.0000;0.000;0.0000;0.000;0.0000;0.000;0.0000;0.000;0.0000;0.000;0.0000;0.000;0.0000;0.000;0.0000;0.000;0.000000000;0.000000000;0.0000000;0.00;0.00;0.00;540;0;110;1;0;0;100;0.00;0;0;0;0
;359.92;-0.10;0.67;0.0400;-0.1200;0.0400;-0.013750;-0.002250;1.010750;0.0;0.0;0.0;0;0;30.0;23.98;1000000;0;-5.824999809;-35.227500915;40.000;0.00;0.00;0.00;0.00;0.00;0.00;0.00;0.000;0.000;0.00;0.00;0.000;0.000;0.000;0.000;6;0.0000;0.000;0.0000;0.000;0.0000;0.000;0.0000;0.000;0.0000;0.000;0.0000;0.000;0.0000;0.000;0.0000;0.000;0.000000000;0.000000000;0.0000000;0.00;0.00;0.00;560;0;110;1;0;0;100;0.00;0;0;0;0
;359.91;-0.10;0.68;-0.0200;0.0200;0.0800;-0.012750;-0.001750;1.010250;0.0;0.0;0.0;0;0;29.9;24.04;1000000;0;-5.824999809;-35.227500915;40.000;0.00;0.00;0.00;0.00;0.00;0.00;0.00;0.000;0.000;0.00;0.00;0.000;0.000;0.000;0.000;7;0.0000;0.000;0.0000;0.000;0.0000;0.000;0.0000;0.000;0.0000;0.000;0.0000;0.000;0.0000;0.000;0.0000;0.000;0.000000000;0.000000000;0.0000000;0.00;0.00;0.00;580;0;110;1;0;0;100;0.00;0;0;0;0
;359.91;-0.10;0.68;0.0200;-0.0600;0.0600;-0.012750;-0.001750;1.010500;0.0;0.0;0.0;0;0;30.0;23.98;1000000;0;-5.824999809;-35.227500915;40.000;0.00;0.00;0.00;0.00;0.00;0.00;0.00;0.000;0.000;0.00;0.00;0.000;0.000;0.000;0.000;8;0.0000;0.000;0.0000;0.000;0.0000;0.000;0.0000;0.000;0.0000;0.000;0.0000;0.000;0.0000;0.000;0.0000;0.000;0.000000000;0.000000000;0.0000000;0.00;0.00;0.00;600;0;110;1;0;0;100;0.00;0;0;0;0
;359.91;-0.10;0.67;0.0600;-0.0800;0.0400;-0.011000;-0.002250;1.010750;0.0;0.0;0.0;0;0;29.9;24.14;1000000;0;-5.824999809;-35.227500915;40.000;0.00;0.00;0.00;0.00;0.00;0.00;0.00;0.000;0.000;0.00;0.00;0.000;0.000;0.000;0.000;9;0.0000;0.000;0.0000;0.000;0.0000;0.000;0.0000;0.000;0.0000;0.000;0.0000;0.000;0.0000;0.000;0.0000;0.000;0.000000000;0.000000000;0.0000000;0.00;0.00;0.00;620;0;110;1;0;0;100;0.00;0;0;0;0
;359.91;-0.10;0.67;0.0600;0.0600;0.0800;-0.011000;-0.003250;1.010250;0.0;0.0;0.0;0;0;29.9;24.02;1000000;0;-5.824999809;-35.227500915;40.000;0.00;0.00;0.00;0.00;0.00;0.00;0.00;0.000;0.000;0.00;0.00;0.000;0.000;0.000;0.000;10;0.0000;0.000;0.0000;0.000;0.0000;0.000;0.0000;0.000;0.0000;0.000;0.0000;0.000;0.0000;0.000;0.0000;0.000;0.000000000;0.000000000;0.0000000;0.00;0.00;0.00;640;0;110;1;0;0;100;0.00;0;0;0;0
;359.91;-0.10;0.67;0.0600;0.0200;0.0200;-0.012000;-0.002750;1.010750;0.0;0.0;0.0;0;0;30.0;24.06;1000000;0;-5.824999809;-35.227500915;40.000;0.00;0.00;0.00;0.00;0.00;0.00;0.00;0.000;0.000;0.00;0.00;0.000;0.000;0.000;0.000;11;0.0000;0.000;0.0000;0.000;0.0000;0.000;0.0000;0.000;0.0000;0.000;0.0000;0.000;0.0000;0.000;0.0000;0.000;0.000000000;0.000000000;0.0000000;0.00;0.00;0.00;660;0;110;1;0;0;100;0.00;0;0;0;0
;359.91;-0.10;0.67;0.0400;0.0000;0.0200;-0.013000;-0.002500;1.010750;0.0;0.0;0.0;0;0;29.6;23.91;1000000;0;-5.824999809;-35.227500915;40.000;0.00;0.00;0.00;0.00;0.00;0.00;0.00;0.000;0.000;0.00;0.00;0.000;0.000;0.000;0.000;12;0.0000;0.000;0.0000;0.000;0.0000;0.000;0.0000;0.000;0.0000;0.000;0.0000;0.000;0.0000;0.000;0.0000;0.000;0.000000000;0.000000000;0.0000000;0.00;0.00;0.00;680;0;110;1;0;0;100;0.00;0;0;0;0
;359.91;-0.10;0.67;0.0600;-0.0400;0.0400;-0.013250;-0.001750;1.010500;0.0;0.0;0.0;0;0;30.0;23.96;1000000;0;-5.824999809;-35.227500915;40.000;0.00;0.00;0.00;0.00;0.00;0.00;0.00;0.000;0.000;0.00;0.00;0.000;0.000;0.000;0.000;13;0.0000;0.000;0.0000;0.000;0.0000;0.000;0.0000;0.000;0.0000;0.000;0.0000;0.000;0.0000;0.000;0.0000;0.000;0.000000000;0.000000000;0.0000000;0.00;0.00;0.00;700;0;110;1;0;0;100;0.00;0;0;0;0
;359.91;-0.10;0.68;0.0200;0.0600;0.0000;-0.012000;-0.002000;1.010500;0.0;0.0;0.0;0;0;30.1;24.09;1000000;0;-5.824999809;-35.227500915;40.000;0.00;0.00;0.00;0.00;0.00;0.00;0.00;0.000;0.000;0.00;0.00;0.000;0.000;0.000;0.000;14;0.0000;0.000;0.0000;0.000;0.0000;0.000;0.0000;0.000;0.0000;0.000;0.0000;0.000;0.0000;0.000;0.0000;0.000;0.000000000;0.000000000;0.0000000;0.00;0.00;0.00;720;0;110;1;0;0;100;0.00;0;0;0;0
;359.91;-0.10;0.67;0.0200;0.0600;0.0600;-0.010000;-0.002750;1.010250;0.0;0.0;0.0;0;0;30.1;24.07;1000000;0;-5.824999809;-35.227500915;40.000;0.00;0.00;0.00;0.00;0.00;0.00;0.00;0.000;0.000;0.00;0.00;0.000;0.000;0.000;0.000;15;0.0000;0.000;0.0000;0.000;0.0000;0.000;0.0000;0.000;0.0000;0.000;0.0000;0.000;0.0000;0.000;0.0000;0.000;0.000000000;0.000000000;0.0000000;0.00;0.00;0.00;740;0;110;1;0;0;100;0.00;0;0;0;0
;359.91;-0.10;0.67;0.0600;0.0000;0.0800;-0.010750;-0.002000;1.010250;0.0;0.0;0.0;0;0;30.0;24.02;1000000;0;-5.824999809;-35.227500915;40.000;0.00;0.00;0.00;0.00;0.00;0.00;0.00;0.000;0.000;0.00;0.00;0.000;0.000;0.000;0.000;16;0.0000;0.000;0.0000;0.000;0.0000;0.000;0.0000;0.000;0.0000;0.000;0.0000;0.000;0.0000;0.000;0.0000;0.000;0.000000000;0.000000000;0.0000000;0.00;0.00;0.00;760;0;110;1;0;0;100;0.00;0;0;0;0
;359.91;-0.10;0.67;0.0200;-0.0200;0.0200;-0.012500;-0.003000;1.011000;0.0;0.0;0.0;0;0;30.0;24.08;1000000;0;-5.824999809;-35.227500915;40.000;0.00;0.00;0.00;0.00;0.00;0.00;0.00;0.000;0.000;0.00;0.00;0.000;0.000;0.000;0.000;17;0.0000;0.000;0.0000;0.000;0.0000;0.000;0.0000;0.000;0.0000;0.000;0.0000;0.000;0.0000;0.000;0.0000;0.000;0.000000000;0.000000000;0.0000000;0.00;0.00;0.00;780;0;110;1;0;0;100;0.00;0;0;0;0
;359.91;-0.10;0.67;0.0400;-0.0800;0.0200;-0.013000;-0.001750;1.010250;0.0;0.0;0.0;0;0;30.0;24.06;1000000;0;-5.824999809;-35.227500915;40.000;0.00;0.00;0.00;0.00;0.00;0.00;0.00;0.000;0.000;0.00;0.00;0.000;0.000;0.000;0.000;18;0.0000;0.000;0.0000;0.000;0.0000;0.000;0.0000;0.000;0.0000;0.000;0.0000;0.000;0.0000;0.000;0.0000;0.000;0.000000000;0.000000000;0.0000000;0.00;0.00;0.00;800;0;110;1;0;0;100;0.00;0;0;0;0
;359.91;-0.10;0.68;0.0400;-0.0600;0.0200;-0.013250;-0.002750;1.010750;0.0;0.0;0.0;0;0;29.9;24.08;1000000;0;-5.824999809;-35.227500915;40.000;0.00;0.00;0.00;0.00;0.00;0.00;0.00;0.000;0.000;0.00;0.00;0.000;0.000;0.000;0.000;19;0.0000;0.000;0.0000;0.000;0.0000;0.000;0.0000;0.000;0.0000;0.000;0.0000;0.000;0.0000;0.000;0.0000;0.000;0.000000000;0.000000000;0.0000000;0.00;0.00;0.00;820;0;110;1;0;0;100;0.00;0;0;0;0
;359.90;-0.10;0.67;0.0200;-0.0800;0.0800;-0.012000;-0.002500;1.010500;0.0;0.0;0.0;0;0;30.0;23.98;1000000;0;-5.824999809;-35.227500915;40.000;0.00;0.00;0.00;0.00;0.00;0.00;0.00;0.000;0.000;0.00;0.00;0.000;0.000;0.000;0.000;20;0.0000;0.000;0.0000;0.000;0.0000;0.000;0.0000;0.000;0.0000;0.000;0.0000;0.000;0.0000;0.000;0.0000;0.000;0.000000000;0.000000000;0.0000000;0.00;0.00;0.00;840;0;110;1;0;0;100;0.00;0;0;0;0
;359.90;-0.11;0.67;0.0400;-0.0400;0.0600;-0.011250;-0.002500;1.010250;0.0;0.0;0.0;0;0;29.9;23.96;1000000;0;-5.824999809;-35.227500915;40.000;0.00;0.00;0.00;0.00;0.00;0.00;0.00;0.000;0.000;0.00;0.00;0.000;0.000;0.000;0.000;21;0.0000;0.000;0.0000;0.000;0.0000;0.000;0.0000;0.000;0.0000;0.000;0.0000;0.000;0.0000;0.000;0.0000;0.000;0.000000000;0.000000000;0.0000000;0.00;0.00;0.00;860;0;110;1;0;0;100;0.00;0;0;0;0
;359.90;-0.10;0.67;0.0600;-0.1000;0.0600;-0.011500;-0.001750;1.010500;0.0;0.0;0.0;0;0;30.0;24.14;1000000;0;-5.824999809;-35.227500915;40.000;0.00;0.00;0.00;0.00;0.00;0.00;0.00;0.000;0.000;0.00;0.00;0.000;0.000;0.000;0.000;22;0.0000;0.000;0.0000;0.000;0.0000;0.000;0.0000;0.000;0.0000;0.000;0.0000;0.000;0.0000;0.000;0.0000;0.000;0.000000000;0.000000000;0.0000000;0.00;0.00;0.00;880;0;110;1;0;0;100;0.00;0;0;0;0
;359.90;-0.10;0.67;0.0400;-0.1000;0.0800;-0.012500;-0.002750;1.010750;0.0;0.0;0.0;0;0;30.0;24.12;1000000;0;-5.824999809;-35.227500915;40.000;0.00;0.00;0.00;0.00;0.00;0.00;0.00;0.000;0.000;0.00;0.00;0.000;0.000;0.000;0.000;23;0.0000;0.000;0.0000;0.000;0.0000;0.000;0.0000;0.000;0.0000;0.000;0.0000;0.000;0.0000;0.000;0.0000;0.000;0.000000000;0.000000000;0.0000000;0.00;0.00;0.00;900;0;110;1;0;0;100;0.00;0;0;0;0
;359.90;-0.10;0.67;0.0600;0.0000;0.0600;-0.013000;-0.002250;1.010500;0.0;0.0;0.0;0;0;29.9;23.98;1000000;0;-5.824999809;-35.227500915;40.000;0.00;0.00;0.00;0.00;0.00;0.00;0.00;0.000;0.000;0.00;0.00;0.000;0.000;0.000;0.000;24;0.0000;0.000;0.0000;0.000;0.0000;0.000;0.0000;0.000;0.0000;0.000;0.0000;0.000;0.0000;0.000;0.0000;0.000;0.000000000;0.000000000;0.0000000;0.00;0.00;0.00;920;0;110;1;0;0;100;0.00;0;0;0;0
;359.90;-0.11;0.67;0.0400;-0.1200;0.0400;-0.013000;-0.002250;1.010500;0.0;0.0;0.0;0;0;30.1;24.04;1000000;0;-5.824999809;-35.227500915;40.000;0.00;0.00;0.00;0.00;0.00;0.00;0.00;0.000;0.000;0.00;0.00;0.000;0.000;0.000;0.000;25;0.0000;0.000;0.0000;0.000;0.0000;0.000;0.0000;0.000;0.0000;0.000;0.0000;0.000;0.0000;0.000;0.0000;0.000;0.000000000;0.000000000;0.0000000;0.00;0.00;0.00;940;0;110;1;0;0;100;0.00;0;0;0;0
;359.90;-0.11;0.67;0.0400;-0.1600;0.0400;-0.012000;-0.002750;1.010750;0.0;0.0;0.0;0;0;30.0;24.01;1000000;0;-5.824999809;-35.227500915;40.000;0.00;0.00;0.00;0.00;0.00;0.00;0.00;0.000;0.000;0.00;0.00;0.000;0.000;0.000;0.000;26;0.0000;0.000;0.0000;0.000;0.0000;0.000;0.0000;0.000;0.0000;0.000;0.0000;0.000;0.0000;0.000;0.0000;0.000;0.000000000;0.000000000;0.0000000;0.00;0.00;0.00;960;0;110;1;0;0;100;0.00;0;0;0;0
;359.90;-0.11;0.66;0.0400;-0.0200;0.0800;-0.011250;-0.002250;1.010750;0.0;0.0;0.0;0;0;29.9;24.02;1000000;0;-5.824999809;-35.227500915;40.000;0.00;0.00;0.00;0.00;0.00;0.00;0.00;0.000;0.000;0.00;0.00;0.000;0.000;0.000;0.000;27;0.0000;0.000;0.0000;0.000;0.0000;0.000;0.0000;0.000;0.0000;0.000;0.0000;0.000;0.0000;0.000;0.0000;0.000;0.000000000;0.000000000;0.0000000;0.00;0.00;0.00;980;0;110;1;0;0;100;0.00;0;0;0;0
;359.89;-0.11;0.66;0.0200;-0.0600;0.0200;-0.011000;-0.002000;1.010500;0.0;0.0;0.0;0;0;30.1;23.98;1000000;0;-5.824999809;-35.227500915;40.000;0.00;0.00;0.00;0.00;0.00;0.00;0.00;0.000;0.000;0.00;0.00;0.000;0.000;0.000;0.000;28;0.0000;0.000;0.0000;0.000;0.0000;0.000;0.0000;0.000;0.0000;0.000;0.0000;0.000;0.0000;0.000;0.0000;0.000;0.000000000;0.000000000;0.0000000;0.00;0.00;0.00;1000;0;110;1;0;0;100;0.00;0;0;0;64
;359.89;-0.10;0.66;0.0200;-0.0200;0.0600;-0.012750;-0.002000;1.010500;0.0;0.0;0.0;0;0;30.1;23.91;1000000;0;-5.824999809;-35.227500915;40.000;0.00;0.00;0.00;0.00;0.00;0.00;0.00;0.000;0.000;0.00;0.00;0.000;0.000;0.000;0.000;29;0.0000;0.000;0.0000;0.000;0.0000;0.000;0.0000;0.000;0.0000;0.000;0.0000;0.000;0.0000;0.000;0.0000;0.000;0.000000000;0.000000000;0.0000000;0.00;0.00;0.00;1020;0;110;1;0;0;100;0.00;0;0;0;0
;359.89;-0.10;0.66;0.0400;-0.0400;0.0200;-0.012500;-0.002000;1.010750;0.0;0.0;0.0;0;0;29.9;24.04;1000000;0;-5.824999809;-35.227500915;40.000;0.00;0.00;0.00;0.00;0.00;0.00;0.00;0.000;0.000;0.00;0.00;0.000;0.000;0.000;0.000;30;0.0000;0.000;0.0000;0.000;0.0000;0.000;0.0000;0.000;0.0000;0.000;0.0000;0.000;0.0000;0.000;0.0000;0.000;0.000000000;0.000000000;0.0000000;0.00;0.00;0.00;1040;0;110;1;0;0;100;0.00;0;0;0;0
;359.89;-0.10;0.67;0.0200;-0.0600;0.0200;-0.012250;-0.002250;1.011000;0.0;0.0;0.0;0;0;30.0;23.91;1000000;0;-5.824999809;-35.227500915;40.000;0.00;0.00;0.00;0.00;0.00;0.00;0.00;0.000;0.000;0.00;0.00;0.000;0.000;0.000;0.000;31;0.0000;0.000;0.0000;0.000;0.0000;0.000;0.0000;0.000;0.0000;0.000;0.0000;0.000;0.0000;0.000;0.0000;0.000;0.000000000;0.000000000;0.0000000;0.00;0.00;0.00;1060;0;110;1;0;0;100;0.00;0;0;0;0
;359.89;-0.11;0.67;0.0000;-0.0200;0.0600;-0.012000;-0.002750;1.011000;0.0;0.0;0.0;0;0;30.0;24.04;1000000;0;-5.824999809;-35.227500915;40.000;0.00;0.00;0.00;0.00;0.00;0.00;0.00;0.000;0.000;0.00;0.00;0.000;0.000;0.000;0.000;0;0.0000;0.000;0.0000;0.000;0.0000;0.000;0.0000;0.000;0.0000;0.000;0.0000;0.000;0.0000;0.000;0.0000;0.000;0.000000000;0.000000000;0.0000000;0.00;0.00;0.00;1080;0;110;1;0;0;100;0.00;0;0;0;0
;359.89;-0.11;0.66;0.0400;0.0400;0.0600;-0.011000;-0.002500;1.011250;0.0;0.0;0.0;0;0;30.1;23.99;1000000;0;-5.824999809;-35.227500915;40.000;0.00;0.00;0.00;0.00;0.00;0.00;0.00;0.000;0.000;0.00;0.00;0.000;0.000;0.000;0.000;1;0.0000;0.000;0.0000;0.000;0.0000;0.000;0.0000;0.000;0.0000;0.000;0.0000;0.000;0.0000;0.000;0.0000;0.000;0.000000000;0.000000000;0.0000000;0.00;0.00;0.00;1100;0;110;1;0;0;100;0.00;0;0;0;0
;359.89;-0.11;0.67;0.0400;0.0000;0.0400;-0.012000;-0.002000;1.010000;0.0;0.0;0.0;0;0;30.0;23.91;1000000;0;-5.824999809;-35.227500915;40.000;0.00;0.00;0.00;0.00;0.00;0.00;0.00;0.000;0.000;0.00;0.00;0.000;0.000;0.000;0.000;2;0.0000;0.000;0.0000;0.000;0.0000;0.000;0.0000;0.000;0.0000;0.000;0.0000;0.000;0.0000;0.000;0.0000;0.000;0.000000000;0.000000000;0.0000000;0.00;0.00;0.00;1120;0;110;1;0;0;100;0.00;0;0;0;0
;359.89;-0.10;0.67;0.0400;-0.1000;0.0000;-0.012500;-0.002000;1.010750;0.0;0.0;0.0;0;0;30.1;23.98;1000000;0;-5.824999809;-35.227500915;40.000;0.00;0.00;0.00;0.00;0.00;0.00;0.00;0.000;0.000;0.00;0.00;0.000;0.000;0.000;0.000;3;0.0000;0.000;0.0000;0.000;0.0000;0.000;0.0000;0.000;0.0000;0.000;0.0000;0.000;0.0000;0.000;0.0000;0.000;0.000000000;0.000000000;0.0000000;0.00;0.00;0.00;1140;0;110;1;0;0;100;0.00;0;0;0;0
;359.89;-0.11;0.67;0.0800;-0.0800;0.0400;-0.013000;-0.002500;1.010500;0.0;0.0;0.0;0;0;29.6;23.99;1000000;0;-5.824999809;-35.227500915;40.000;0.00;0.00;0.00;0.00;0.00;0.00;0.00;0.000;0.000;0.00;0.00;0.000;0.000;0.000;0.000;4;0.0000;0.000;0.0000;0.000;0.0000;0.000;0.0000;0.000;0.0000;0.000;0.0000;0.000;0.0000;0.000;0.0000;0.000;0.000000000;0.000000000;0.0000000;0.00;0.00;0.00;1160;0;110;1;0;0;100;0.00;0;0;0;0
;359.89;-0.10;0.67;0.0400;-0.0400;0.0600;-0.013250;-0.002000;1.010500;0.0;0.0;0.0;0;0;30.1;23.90;1000000;0;-5.824999809;-35.227500915;40.000;0.00;0.00;0.00;0.00;0.00;0.00;0.00;0.000;0.000;0.00;0.00;0.000;0.000;0.000;0.000;5;0.0000;0.000;0.0000;0.000;0.0000;0.000;0.0000;0.000;0.0000;0.000;0.0000;0.000;0.0000;0.000;0.0000;0.000;0.000000000;0.000000000;0.0000000;0.00;0.00;0.00;1180;0;110;1;0;0;100;0.00;0;0;0;0
;359.89;-0.11;0.67;0.0400;-0.1000;0.0600;-0.012000;-0.002500;1.010500;0.0;0.0;0.0;0;0;30.1;23.93;1000000;0;-5.824999809;-35.227500915;40.000;0.00;0.00;0.00;0.00;0.00;0.00;0.00;0.000;0.000;0.00;0.00;0.000;0.000;0.000;0.000;6;0.0000;0.000;0.0000;0.000;0.0000;0.000;0.0000;0.000;0.0000;0.000;0.0000;0.000;0.0000;0.000;0.0000;0.000;0.000000000;0.000000000;0.0000000;0.00;0.00;0.00;1200;0;110;1;0;0;100;0.00;0;0;0;0
;359.88;-0.11;0.66;0.0800;-0.0600;0.0800;-0.011500;-0.002250;1.010250;0.0;0.0;0.0;0;0;29.9;23.97;1000000;0;-5.824999809;-35.227500915;40.000;0.00;0.00;0.00;0.00;0.00;0.00;0.00;0.000;0.000;0.00;0.00;0.000;0.000;0.000;0.000;7;0.0000;0.000;0.0000;0.000;0.0000;0.000;0.0000;0.000;0.0000;0.000;0.0000;0.000;0.0000;0.000;0.0000;0.000;0.000000000;0.000000000;0.0000000;0.00;0.00;0.00;1220;0;110;1;0;0;100;0.00;0;0;0;0
;359.88;-0.11;0.66;0.0000;-0.0400;0.0800;-0.011250;-0.002500;1.010500;0.0;0.0;0.0;0;0;30.1;24.10;1000000;0;-5.824999809;-35.227500915;40.000;0.00;0.00;0.00;0.00;0.00;0.00;0.00;0.000;0.000;0.00;0.00;0.000;0.000;0.000;0.000;8;0.0000;0.000;0.0000;0.000;0.0000;0.000;0.0000;0.000;0.0000;0.000;0.0000;0.000;0.0000;0.000;0.0000;0.000;0.000000000;0.000000000;0.0000000;0.00;0.00;0.00;1240;0;110;1;0;0;100;0.00;0;0;0;0
;359.88;-0.11;0.66;0.0600;-0.0400;0.0600;-0.011250;-0.002500;1.010500;0.0;0.0;0.0;0;0;29.9;24.02;1000000;0;-5.824999809;-35.227500915;40.000;0.00;0.00;0.00;0.00;0.00;0.00;0.00;0.000;0.000;0.00;0.00;0.000;0.000;0.000;0.000;9;0.0000;0.000;0.0000;0.000;0.0000;0.000;0.0000;0.000;0.0000;0.000;0.0000;0.000;0.0000;0.000;0.0000;0.000;0.000000000;0.000000000;0.0000000;0.00;0.00;0.00;1260;0;110;1;0;0;100;0.00;0;0;0;0
;359.88;-0.11;0.66;0.0200;0.0000;0.0600;-0.012750;-0.002000;1.010000;0.0;0.0;0.0;0;0;30.0;24.07;1000000;0;-5.824999809;-35.227500915;40.000;0.00;0.00;0.00;0.00;0.00;0.00;0.00;0.000;0.000;0.00;0.00;0.000;0.000;0.000;0.000;10;0.0000;0.000;0.0000;0.000;0.0000;0.000;0.0000;0.000;0.0000;0.000;0.0000;0.000;0.0000;0.000;0.0000;0.000;0.000000000;0.000000000;0.0000000;0.00;0.00;0.00;1280;0;110;1;0;0;100;0.00;0;0;0;0
;359.88;-0.11;0.66;0.0200;0.0200;0.0600;-0.012500;-0.002750;1.010500;0.0;0.0;0.0;0;0;30.5;24.01;1000000;0;-5.824999809;-35.227500915;40.000;0.00;0.00;0.00;0.00;0.00;0.00;0.00;0.000;0.000;0.00;0.00;0.000;0.000;0.000;0.000;11;0.0000;0.000;0.0000;0.000;0.0000;0.000;0.0000;0.000;0.0000;0.000;0.0000;0.000;0.0000;0.000;0.0000;0.000;0.000000000;0.000000000;0.0000000;0.00;0.00;0.00;1300;0;110;1;0;0;100;0.00;0;0;0;0
;359.88;-0.11;0.66;0.0400;-0.0200;0.0000;-0.011750;-0.002500;1.011250;0.0;0.0;0.0;0;0;29.7;23.98;1000000;0;-5.824999809;-35.227500915;40.000;0.00;0.00;0.00;0.00;0.00;0.00;0.00;0.000;0.000;0.00;0.00;0.000;0.000;0.000;0.000;12;0.0000;0.000;0.0000;0.000;0.0000;0.000;0.0000;0.000;0.0000;0.000;0.0000;0.000;0.0000;0.000;0.0000;0.000;0.000000000;0.000000000;0.0000000;0.00;0.00;0.00;1320;0;110;1;0;0;100;0.00;0;0;0;0
;359.88;-0.11;0.66;0.0400;-0.1000;0.0200;-0.012250;-0.002500;1.010250;0.0;0.0;0.0;0;0;30.0;24.06;1000000;0;-5.824999809;-35.227500915;40.000;0.00;0.00;0.00;0.00;0.00;0.00;0.00;0.000;0.000;0.00;0.00;0.000;0.000;0.000;0.000;13;0.0000;0.000;0.0000;0.000;0.0000;0.000;0.0000;0.000;0.0000;0.000;0.0000;0.000;0.0000;0.000;0.0000;0.000;0.000000000;0.000000000;0.0000000;0.00;0.00;0.00;1340;0;110;1;0;0;100;0.00;0;0;0;0
;359.88;-0.11;0.66;0.0800;-0.0600;0.0400;-0.012250;-0.002500;1.010750;0.0;0.0;0.0;0;0;30.0;23.98;1000000;0;-5.824999809;-35.227500915;40.000;0.00;0.00;0.00;0.00;0.00;0.00;0.00;0.000;0.000;0.00;0.00;0.000;0.000;0.000;0.000;14;0.0000;0.000;0.0000;0.000;0.0000;0.000;0.0000;0.000;0.0000;0.000;0.0000;0.000;0.0000;0.000;0.0000;0.000;0.000000000;0.000000000;0.0000000;0.00;0.00;0.00;1360;0;110;1;0;0;100;0.00;0;0;0;0
;359.88;-0.11;0.66;0.0400;-0.0800;0.0600;-0.012750;-0.002000;1.010250;0.0;0.0;0.0;0;0;29.9;24.09;1000000;0;-5.824999809;-35.227500915;40.000;0.00;0.00;0.00;0.00;0.00;0.00;0.00;0.000;0.000;0.00;0.00;0.000;0.000;0.000;0.000;15;0.0000;0.000;0.0000;0.000;0.0000;0.000;0.0000;0.000;0.0000;0.000;0.0000;0.000;0.0000;0.000;0.0000;0.000;0.000000000;0.000000000;0.0000000;0.00;0.00;0.00;1380;0;110;1;0;0;100;0.00;0;0;0;0
;359.88;-0.11;0.66;0.0400;-0.0200;0.0200;-0.012750;-0.002500;1.011000;0.0;0.0;0.0;0;0;29.9;24.01;1000000;0;-5.824999809;-35.227500915;40.000;0.00;0.00;0.00;0.00;0.00;0.00;0.00;0.000;0.000;0.00;0.00;0.000;0.000;0.000;0.000;16;0.0000;0.000;0.0000;0.000;0.0000;0.000;0.0000;0.000;0.0000;0.000;0.0000;0.000;0.0000;0.000;0.0000;0.000;0.000000000;0.000000000;0.0000000;0.00;0.00;0.00;1400;0;110;1;0;0;100;0.00;0;0;0;0
;359.87;-0.11;0.66;0.0600;-0.0600;0.0400;-0.011250;-0.002000;1.010250;0.0;0.0;0.0;0;0;29.9;23.98;1000000;0;-5.824999809;-35.227500915;40.000;0.00;0.00;0.00;0.00;0.00;0.00;0.00;0.000;0.000;0.00;0.00;0.000;0.000;0.000;0.000;17;0.0000;0.000;0.0000;0.000;0.0000;0.000;0.0000;0.000;0.0000;0.000;0.0000;0.000;0.0000;0.000;0.0000;0.000;0.000000000;0.000000000;0.0000000;0.00;0.00;0.00;1420;0;110;1;0;0;100;0.00;0;0;0;0
;359.87;-0.11;0.66;0.0000;-0.1000;0.0000;-0.010750;-0.002250;1.011250;0.0;0.0;0.0;0;0;30.0;24.08;1000000;0;-5.824999809;-35.227500915;40.000;0.00;0.00;0.00;0.00;0.00;0.00;0.00;0.000;0.000;0.00;0.00;0.000;0.000;0.000;0.000;18;0.0000;0.000;0.0000;0.000;0.0000;0.000;0.0000;0.000;0.0000;0.000;0.0000;0.000;0.0000;0.000;0.0000;0.000;0.000000000;0.000000000;0.0000000;0.00;0.00;0.00;1440;0;110;1;0;0;100;0.00;0;0;0;0
;359.87;-0.11;0.65;0.0600;-0.0800;0.0600;-0.011250;-0.002500;1.010500;0.0;0.0;0.0;0;0;29.9;24.07;1000000;0;-5.824999809;-35.227500915;40.000;0.00;0.00;0.00;0.00;0.00;0.00;0.00;0.000;0.000;0.00;0.00;0.000;0.000;0.000;0.000;19;0.0000;0.000;0.0000;0.000;0.0000;0.000;0.0000;0.000;0.0000;0.000;0.0000;0.000;0.0000;0.000;0.0000;0.000;0.000000000;0.000000000;0.0000000;0.00;0.00;0.00;1460;0;110;1;0;0;100;0.00;0;0;0;0
;359.87;-0.11;0.66;0.0600;0.0200;0.0600;-0.012500;-0.002750;1.011000;0.0;0.0;0.0;0;0;30.0;24.02;1000000;0;-5.824999809;-35.227500915;40.000;0.00;0.00;0.00;0.00;0.00;0.00;0.00;0.000;0.000;0.00;0.00;0.000;0.000;0.000;0.000;20;0.0000;0.000;0.0000;0.000;0.0000;0.000;0.0000;0.000;0.0000;0.000;0.0000;0.000;0.0000;0.000;0.0000;0.000;0.000000000;0.000000000;0.0000000;0.00;0.00;0.00;1480;0;110;1;0;0;100;0.00;0;0;0;0
;359.87;-0.11;0.66;0.0600;0.0000;0.0400;-0.013000;-0.002250;1.010750;0.0;0.0;0.0;0;0;29.9;24.03;1000000;0;-5.824999809;-35.227500915;40.000;0.00;0.00;0.00;0.00;0.00;0.00;0.00;0.000;0.000;0.00;0.00;0.000;0.000;0.000;0.000;21;0.0000;0.000;0.0000;0.000;0.0000;0.000;0.0000;0.000;0.0000;0.000;0.0000;0.000;0.0000;0.000;0.0000;0.000;0.000000000;0.000000000;0.0000000;0.00;0.00;0.00;1500;0;110;1;0;0;100;0.00;0;0;0;0
;359.87;-0.11;0.66;0.0400;0.0400;0.0600;-0.013000;-0.002500;1.010250;0.0;0.0;0.0;0;0;30.1;24.01;1000000;0;-5.824999809;-35.227500915;40.000;0.00;0.00;0.00;0.00;0.00;0.00;0.00;0.000;0.000;0.00;0.00;0.000;0.000;0.000;0.000;22;0.0000;0.000;0.0000;0.000;0.0000;0.000;0.0000;0.000;0.0000;0.000;0.0000;0.000;0.0000;0.000;0.0000;0.000;0.000000000;0.000000000;0.0000000;0.00;0.00;0.00;1520;0;110;1;0;0;100;0.00;0;0;0;0
;359.87;-0.11;0.66;0.0000;-0.0600;0.1000;-0.012750;-0.001750;1.010500;0.0;0.0;0.0;0;0;30.0;24.08;1000000;0;-5.824999809;-35.227500915;40.000;0.00;0.00;0.00;0.00;0.00;0.00;0.00;0.000;0.000;0.00;0.00;0.000;0.000;0.000;0.000;23;0.0000;0.000;0.0000;0.000;0.0000;0.000;0.0000;0.000;0.0000;0.000;0.0000;0.000;0.0000;0.000;0.0000;0.000;0.000000000;0.000000000;0.0000000;0.00;0.00;0.00;1540;0;110;1;0;0;100;0.00;0;0;0;0
;359.87;-0.11;0.66;0.0400;-0.1000;0.0200;-0.011500;-0.002750;1.010000;0.0;0.0;0.0;0;0;30.0;24.15;1000000;0;-5.824999809;-35.227500915;40.000;0.00;0.00;0.00;0.00;0.00;0.00;0.00;0.000;0.000;0.00;0.00;0.000;0.000;0.000;0.000;24;0.0000;0.000;0.0000;0.000;0.0000;0.000;0.0000;0.000;0.0000;0.000;0.0000;0.000;0.0000;0.000;0.0000;0.000;0.000000000;0.000000000;0.0000000;0.00;0.00;0.00;1560;0;110;1;0;0;100;0.00;0;0;0;0
;359.87;-0.11;0.66;0.0600;-0.1000;0.0600;-0.011250;-0.002250;1.010750;0.0;0.0;0.0;0;0;29.6;24.08;1000000;0;-5.824999809;-35.227500915;40.000;0.00;0.00;0.00;0.00;0.00;0.00;0.00;0.000;0.000;0.00;0.00;0.000;0.000;0.000;0.000;25;0.0000;0.000;0.0000;0.000;0.0000;0.000;0.0000;0.000;0.0000;0.000;0.0000;0.000;0.0000;0.000;0.0000;0.000;0.000000000;0.000000000;0.0000000;0.00;0.00;0.00;1580;0;110;1;0;0;100;0.00;0;0;0;0
;359.87;-0.11;0.66;0.0400;-0.0800;0.0200;-0.011500;-0.003500;1.010250;0.0;0.0;0.0;0;0;29.9;24.06;1000000;0;-5.824999809;-35.227500915;40.000;0.00;0.00;0.00;0.00;0.00;0.00;0.00;0.000;0.000;0.00;0.00;0.000;0.000;0.000;0.000;26;0.0000;0.000;0.0000;0.000;0.0000;0.000;0.0000;0.000;0.0000;0.000;0.0000;0.000;0.0000;0.000;0.0000;0.000;0.000000000;0.000000000;0.0000000;0.00;0.00;0.00;1600;0;110;1;0;0;100;0.00;0;0;0;0
;359.87;-0.11;0.66;0.0800;-0.0800;0.0200;-0.012500;-0.002000;1.011000;0.0;0.0;0.0;0;0;30.1;24.06;1000000;0;-5.824999809;-35.227500915;40.000;0.00;0.00;0.00;0.00;0.00;0.00;0.00;0.000;0.000;0.00;0.00;0.000;0.000;0.000;0.000;27;0.0000;0.000;0.0000;0.000;0.0000;0.000;0.0000;0.000;0.0000;0.000;0.0000;0.000;0.0000;0.000;0.0000;0.000;0.000000000;0.000000000;0.0000000;0.00;0.00;0.00;1620;0;110;1;0;0;100;0.00;0;0;0;0
;359.87;-0.11;0.66;0.0000;-0.0600;0.0200;-0.013250;-0.002500;1.010500;0.0;0.0;0.0;0;0;30.1;24.05;1000000;0;-5.824999809;-35.227500915;40.000;0.00;0.00;0.00;0.00;0.00;0.00;0.00;0.000;0.000;0.00;0.00;0.000;0.000;0.000;0.000;28;0.0000;0.000;0.0000;0.000;0.0000;0.000;0.0000;0.000;0.0000;0.000;0.0000;0.000;0.0000;0.000;0.0000;0.000;0.000000000;0.000000000;0.0000000;0.00;0.00;0.00;1640;0;110;1;0;0;100;0.00;0;0;0;0
;359.86;-0.11;0.66;0.0600;-0.0200;0.0600;-0.012500;-0.002500;1.010000;0.0;0.0;0.0;0;0;30.0;24.06;1000000;0;-5.824999809;-35.227500915;40.000;0.00;0.00;0.00;0.00;0.00;0.00;0.00;0.000;0.000;0.00;0.00;0.000;0.000;0.000;0.000;29;0.0000;0.000;0.0000;0.000;0.0000;0.000;0.0000;0.000;0.0000;0.000;0.0000;0.000;0.0000;0.000;0.0000;0.000;0.000000000;0.000000000;0.0000000;0.00;0.00;0.00;1660;0;110;1;0;0;100;0.00;0;0;0;0
;359.86;-0.11;0.66;0.0800;-0.0200;0.0400;-0.011000;-0.002500;1.011500;0.0;0.0;0.0;0;0;29.9;24.01;1000000;0;-5.824999809;-35.227500915;40.000;0.00;0.00;0.00;0.00;0.00;0.00;0.00;0.000;0.000;0.00;0.00;0.000;0.000;0.000;0.000;30;0.0000;0.000;0.0000;0.000;0.0000;0.000;0.0000;0.000;0.0000;0.000;0.0000;0.000;0.0000;0.000;0.0000;0.000;0.000000000;0.000000000;0.0000000;0.00;0.00;0.00;1680;0;110;1;0;0;100;0.00;0;0;0;0
;359.86;-0.11;0.66;0.0000;-0.1200;0.0800;-0.011750;-0.002500;1.010500;0.0;0.0;0.0;0;0;30.0;24.11;1000000;0;-5.824999809;-35.227500915;40.000;0.00;0.00;0.00;0.00;0.00;0.00;0.00;0.000;0.000;0.00;0.00;0.000;0.000;0.000;0.000;31;0.0000;0.000;0.0000;0.000;0.0000;0.000;0.0000;0.000;0.0000;0.000;0.0000;0.000;0.0000;0.000;0.0000;0.000;0.000000000;0.000000000;0.0000000;0.00;0.00;0.00;1700;0;110;1;0;0;100;0.00;0;0;0;0
;359.86;-0.12;0.66;0.0400;-0.0200;0.0600;-0.012000;-0.002500;1.011000;0.0;0.0;0.0;0;0;29.9;24.16;1000000;0;-5.824999809;-35.227500915;40.000;0.00;0.00;0.00;0.00;0.00;0.00;0.00;0.000;0.000;0.00;0.00;0.000;0.000;0.000;0.000;0;0.0000;0.000;0.0000;0.000;0.0000;0.000;0.0000;0.000;0.0000;0.000;0.0000;0.000;0.0000;0.000;0.0000;0.000;0.000000000;0.000000000;0.0000000;0.00;0.00;0.00;1720;0;110;1;0;0;100;0.00;0;0;0;0
;359.86;-0.12;0.66;0.0400;-0.0600;0.0400;-0.012500;-0.002750;1.010500;0.0;0.0;0.0;0;0;30.1;23.91;1000000;0;-5.824999809;-35.227500915;40.000;0.00;0.00;0.00;0.00;0.00;0.00;0.00;0.000;0.000;0.00;0.00;0.000;0.000;0.000;0.000;1;0.0000;0.000;0.0000;0.000;0.0000;0.000;0.0000;0.000;0.0000;0.000;0.0000;0.000;0.0000;0.000;0.0000;0.000;0.000000000;0.000000000;0.0000000;0.00;0.00;0.00;1740;0;110;1;0;0;100;0.00;0;0;0;0
;359.86;-0.12;0.66;0.0000;0.0400;0.0400;-0.012500;-0.001750;1.010250;0.0;0.0;0.0;0;0;29.6;23.98;1000000;0;-5.824999809;-35.227500915;40.000;0.00;0.00;0.00;0.00;0.00;0.00;0.00;0.000;0.000;0.00;0.00;0.000;0.000;0.000;0.000;2;0.0000;0.000;0.0000;0.000;0.0000;0.000;0.0000;0.000;0.0000;0.000;0.0000;0.000;0.0000;0.000;0.0000;0.000;0.000000000;0.000000000;0.0000000;0.00;0.00;0.00;1760;0;110;1;0;0;100;0.00;0;0;0;0
;359.86;-0.11;0.66;0.0600;0.0200;0.0600;-0.012000;-0.002000;1.010250;0.0;0.0;0.0;0;0;30.0;23.91;1000000;0;-5.824999809;-35.227500915;40.000;0.00;0.00;0.00;0.00;0.00;0.00;0.00;0.000;0.000;0.00;0.00;0.000;0.000;0.000;0.000;3;0.0000;0.000;0.0000;0.000;0.0000;0.000;0.0000;0.000;0.0000;0.000;0.0000;0.000;0.0000;0.000;0.0000;0.000;0.000000000;0.000000000;0.0000000;0.00;0.00;0.00;1780;0;110;1;0;0;100;0.00;0;0;0;0
;359.86;-0.12;0.66;0.0200;-0.0800;0.0600;-0.011750;-0.002500;1.010000;0.0;0.0;0.0;0;0;30.0;24.05;1000000;0;-5.824999809;-35.227500915;40.000;0.00;0.00;0.00;0.00;0.00;0.00;0.00;0.000;0.000;0.00;0.00;0.000;0.000;0.000;0.000;4;0.0000;0.000;0.0000;0.000;0.0000;0.000;0.0000;0.000;0.0000;0.000;0.0000;0.000;0.0000;0.000;0.0000;0.000;0.000000000;0.000000000;0.0000000;0.00;0.00;0.00;1800;0;110;1;0;0;100;0.00;0;0;0;0
;359.86;-0.11;0.66;0.0400;-0.0800;0.1000;-0.011750;-0.002000;1.010500;0.0;0.0;0.0;0;0;29.9;24.01;1000000;0;-5.824999809;-35.227500915;40.000;0.00;0.00;0.00;0.00;0.00;0.00;0.00;0.000;0.000;0.00;0.00;0.000;0.000;0.000;0.000;5;0.0000;0.000;0.0000;0.000;0.0000;0.000;0.0000;0.000;0.0000;0.000;0.0000;0.000;0.0000;0.000;0.0000;0.000;0.000000000;0.000000000;0.0000000;0.00;0.00;0.00;1820;0;110;1;0;0;100;0.00;0;0;0;0
;359.85;-0.11;0.66;0.0400;-0.0400;0.0400;-0.012000;-0.002250;1.010750;0.0;0.0;0.0;0;0;30.1;23.89;1000000;0;-5.824999809;-35.227500915;40.000;0.00;0.00;0.00;0.00;0.00;0.00;0.00;0.000;0.000;0.00;0.00;0.000;0.000;0.000;0.000;6;0.0000;0.000;0.0000;0.000;0.0000;0.000;0.0000;0.000;0.0000;0.000;0.0000;0.000;0.0000;0.000;0.0000;0.000;0.000000000;0.000000000;0.0000000;0.00;0.00;0.00;1840;0;110;1;0;0;100;0.00;0;0;0;0
;359.85;-0.11;0.66;0.1000;-0.0200;0.0400;-0.013500;-0.001750;1.010500;0.0;0.0;0.0;0;0;29.7;23.93;1000000;0;-5.824999809;-35.227500915;40.000;0.00;0.00;0.00;0.00;0.00;0.00;0.00;0.000;0.000;0.00;0.00;0.000;0.000;0.000;0.000;7;0.0000;0.000;0.0000;0.000;0.0000;0.000;0.0000;0.000;0.0000;0.000;0.0000;0.000;0.0000;0.000;0.0000;0.000;0.000000000;0.000000000;0.0000000;0.00;0.00;0.00;1860;0;110;1;0;0;100;0.00;0;0;0;0
;359.85;-0.11;0.66;0.0200;-0.0400;0.0000;-0.012750;-0.003000;1.010250;0.0;0.0;0.0;0;0;30.0;23.95;1000000;0;-5.824999809;-35.227500915;40.000;0.00;0.00;0.00;0.00;0.00;0.00;0.00;0.000;0.000;0.00;0.00;0.000;0.000;0.000;0.000;8;0.0000;0.000;0.0000;0.000;0.0000;0.000;0.0000;0.000;0.0000;0.000;0.0000;0.000;0.0000;0.000;0.0000;0.000;0.000000000;0.000000000;0.0000000;0.00;0.00;0.00;1880;0;110;1;0;0;100;0.00;0;0;0;0
;359.85;-0.11;0.66;0.0400;0.0000;0.0600;-0.011750;-0.001750;1.011000;0.0;0.0;0.0;0;0;30.0;24.06;1000000;0;-5.824999809;-35.227500915;40.000;0.00;0.00;0.00;0.00;0.00;0.00;0.00;0.000;0.000;0.00;0.00;0.000;0.000;0.000;0.000;9;0.0000;0.000;0.0000;0.000;0.0000;0.000;0.0000;0.000;0.0000;0.000;0.0000;0.000;0.0000;0.000;0.0000;0.000;0.000000000;0.000000000;0.0000000;0.00;0.00;0.00;1900;0;110;1;0;0;100;0.00;0;0;0;0
;359.85;-0.11;0.66;0.0200;-0.0200;0.0400;-0.011750;-0.002750;1.010500;0.0;0.0;0.0;0;0;30.0;23.87;1000000;0;-5.824999809;-35.227500915;40.000;0.00;0.00;0.00;0.00;0.00;0.00;0.00;0.000;0.000;0.00;0.00;0.000;0.000;0.000;0.000;10;0.0000;0.000;0.0000;0.000;0.0000;0.000;0.0000;0.000;0.0000;0.000;0.0000;0.000;0.0000;0.000;0.0000;0.000;0.000000000;0.000000000;0.0000000;0.00;0.00;0.00;1920;0;110;1;0;0;100;0.00;0;0;0;0
;359.85;-0.11;0.66;0.0600;-0.0200;0.0200;-0.011750;-0.002000;1.010250;0.0;0.0;0.0;0;0;30.0;24.02;1000000;0;-5.824999809;-35.227500915;40.000;0.00;0.00;0.00;0.00;0.00;0.00;0.00;0.000;0.000;0.00;0.00;0.000;0.000;0.000;0.000;11;0.0000;0.000;0.0000;0.000;0.0000;0.000;0.0000;0.000;0.0000;0.000;0.0000;0.000;0.0000;0.000;0.0000;0.000;0.000000000;0.000000000;0.0000000;0.00;0.00;0.00;1940;0;110;1;0;0;100;0.00;0;0;0;0
;359.85;-0.11;0.67;0.0600;0.0200;0.0000;-0.013000;-0.001750;1.010750;0.0;0.0;0.0;0;0;29.9;23.96;1000000;0;-5.824999809;-35.227500915;40.000;0.00;0.00;0.00;0.00;0.00;0.00;0.00;0.000;0.000;0.00;0.00;0.000;0.000;0.000;0.000;12;0.0000;0.000;0.0000;0.000;0.0000;0.000;0.0000;0.000;0.0000;0.000;0.0000;0.000;0.0000;0.000;0.0000;0.000;0.000000000;0.000000000;0.0000000;0.00;0.00;0.00;1960;0;110;1;0;0;100;0.00;0;0;0;0
;359.85;-0.11;0.67;0.0600;0.0000;0.0600;-0.013250;-0.002250;1.010500;0.0;0.0;0.0;0;0;30.1;24.02;1000000;0;-5.824999809;-35.227500915;40.000;0.00;0.00;0.00;0.00;0.00;0.00;0.00;0.000;0.000;0.00;0.00;0.000;0.000;0.000;0.000;13;0.0000;0.000;0.0000;0.000;0.0000;0.000;0.0000;0.000;0.0000;0.000;0.0000;0.000;0.0000;0.000;0.0000;0.000;0.000000000;0.000000000;0.0000000;0.00;0.00;0.00;1980;0;110;1;0;0;100;0.00;0;0;0;0
;359.85;-0.11;0.67;0.0400;-0.0400;0.0000;-0.012500;-0.002000;1.011000;0.0;0.0;0.0;0;0;29.6;24.04;1000000;0;-5.824999809;-35.227500915;40.000;0.00;0.00;0.00;0.00;0.00;0.00;0.00;0.000;0.000;0.00;0.00;0.000;0.000;0.000;0.000;14;0.0000;0.000;0.0000;0.000;0.0000;0.000;0.0000;0.000;0.0000;0.000;0.0000;0.000;0.0000;0.000;0.0000;0.000;0.000000000;0.000000000;0.0000000;0.00;0.00;0.00;2000;0;110;1;0;0;100;0.00;0;0;0;64
;359.85;-0.11;0.67;0.0400;-0.1000;0.0400;-0.012000;-0.002750;1.010750;0.0;0.0;0.0;0;0;30.4;24.01;1000000;0;-5.824999809;-35.227500915;40.000;0.00;0.00;0.00;0.00;0.00;0.00;0.00;0.000;0.000;0.00;0.00;0.000;0.000;0.000;0.000;15;0.0000;0.000;0.0000;0.000;0.0000;0.000;0.0000;0.000;0.0000;0.000;0.0000;0.000;0.0000;0.000;0.0000;0.000;0.000000000;0.000000000;0.0000000;0.00;0.00;0.00;2020;0;110;1;0;0;100;0.00;0;0;0;0
;359.85;-0.11;0.67;0.0600;-0.0400;0.0400;-0.011500;-0.001750;1.010500;0.0;0.0;0.0;0;0;29.7;23.95;1000000;0;-5.824999809;-35.227500915;40.000;0.00;0.00;0.00;0.00;0.00;0.00;0.00;0.000;0.000;0.00;0.00;0.000;0.000;0.000;0.000;16;0.0000;0.000;0.0000;0.000;0.0000;0.000;0.0000;0.000;0.0000;0.000;0.0000;0.000;0.0000;0.000;0.0000;0.000;0.000000000;0.000000000;0.0000000;0.00;0.00;0.00;2040;0;110;1;0;0;100;0.00;0;0;0;0
;359.85;-0.11;0.66;0.0600;-0.0400;0.0800;-0.011750;-0.003000;1.010500;0.0;0.0;0.0;0;0;30.1;24.08;1000000;0;-5.824999809;-35.227500915;40.000;0.00;0.00;0.00;0.00;0.00;0.00;0.00;0.000;0.000;0.00;0.00;0.000;0.000;0.000;0.000;17;0.0000;0.000;0.0000;0.000;0.0000;0.000;0.0000;0.000;0.0000;0.000;0.0000;0.000;0.0000;0.000;0.0000;0.000;0.000000000;0.000000000;0.0000000;0.00;0.00;0.00;2060;0;110;1;0;0;100;0.00;0;0;0;0
;359.85;-0.11;0.66;0.0800;-0.0200;0.0000;-0.011750;-0.002250;1.010500;0.0;0.0;0.0;0;0;30.0;23.96;1000000;0;-5.824999809;-35.227500915;40.000;0.00;0.00;0.00;0.00;0.00;0.00;0.00;0.000;0.000;0.00;0.00;0.000;0.000;0.000;0.000;18;0.0000;0.000;0.0000;0.000;0.0000;0.000;0.0000;0.000;0.0000;0.000;0.0000;0.000;0.0000;0.000;0.0000;0.000;0.000000000;0.000000000;0.0000000;0.00;0.00;0.00;2080;0;110;1;0;0;100;0.00;0;0;0;0
;359.84;-0.11;0.66;0.0600;-0.0200;0.0800;-0.011750;-0.002000;1.010500;0.0;0.0;0.0;0;0;30.2;23.96;1000000;0;-5.824999809;-35.227500915;40.000;0.00;0.00;0.00;0.00;0.00;0.00;0.00;0.000;0.000;0.00;0.00;0.000;0.000;0.000;0.000;19;0.0000;0.000;0.0000;0.000;0.0000;0.000;0.0000;0.000;0.0000;0.000;0.0000;0.000;0.0000;0.000;0.0000;0.000;0.000000000;0.000000000;0.0000000;0.00;0.00;0.00;2100;0;110;1;0;0;100;0.00;0;0;0;0
;359.84;-0.11;0.66;0.0800;0.0000;0.0800;-0.011750;-0.002000;1.009750;0.0;0.0;0.0;0;0;29.9;23.98;1000000;0;-5.824999809;-35.227500915;40.000;0.00;0.00;0.00;0.00;0.00;0.00;0.00;0.000;0.000;0.00;0.00;0.000;0.000;0.000;0.000;20;0.0000;0.000;0.0000;0.000;0.0000;0.000;0.0000;0.000;0.0000;0.000;0.0000;0.000;0.0000;0.000;0.0000;0.000;0.000000000;0.000000000;0.0000000;0.00;0.00;0.00;2120;0;110;1;0;0;100;0.00;0;0;0;0
;359.84;-0.11;0.66;0.0200;0.0000;0.0600;-0.012250;-0.002250;1.010250;0.0;0.0;0.0;0;0;30.0;23.91;1000000;0;-5.824999809;-35.227500915;40.000;0.00;0.00;0.00;0.00;0.00;0.00;0.00;0.000;0.000;0.00;0.00;0.000;0.000;0.000;0.000;21;0.0000;0.000;0.0000;0.000;0.0000;0.000;0.0000;0.000;0.0000;0.000;0.0000;0.000;0.0000;0.000;0.0000;0.000;0.000000000;0.000000000;0.0000000;0.00;0.00;0.00;2140;0;110;1;0;0;100;0.00;0;0;0;0
;359.84;-0.11;0.67;0.0400;0.0200;0.0800;-0.012000;-0.002000;1.010500;0.0;0.0;0.0;0;0;29.6;23.89;1000000;0;-5.824999809;-35.227500915;40.000;0.00;0.00;0.00;0.00;0.00;0.00;0.00;0.000;0.000;0.00;0.00;0.000;0.000;0.000;0.000;22;0.0000;0.000;0.0000;0.000;0.0000;0.000;0.0000;0.000;0.0000;0.000;0.0000;0.000;0.0000;0.000;0.0000;0.000;0.000000000;0.000000000;0.0000000;0.00;0.00;0.00;2160;0;110;1;0;0;100;0.00;0;0;0;0
;359.84;-0.10;0.67;0.0400;0.0200;0.0600;-0.012000;-0.001500;1.010500;0.0;0.0;0.0;0;0;29.9;24.10;1000000;0;-5.824999809;-35.227500915;40.000;0.00;0.00;0.00;0.00;0.00;0.00;0.00;0.000;0.000;0.00;0.00;0.000;0.000;0.000;0.000;23;0.0000;0.000;0.0000;0.000;0.0000;0.000;0.0000;0.000;0.0000;0.000;0.0000;0.000;0.0000;0.000;0.0000;0.000;0.000000000;0.000000000;0.0000000;0.00;0.00;0.00;2180;0;110;1;0;0;100;0.00;0;0;0;0
;359.84;-0.10;0.67;0.0600;0.0000;0.0400;-0.012250;-0.001750;1.010500;0.0;0.0;0.0;0;0;29.9;23.90;1000000;0;-5.824999809;-35.227500915;40.000;0.00;0.00;0.00;0.00;0.00;0.00;0.00;0.000;0.000;0.00;0.00;0.000;0.000;0.000;0.000;24;0.0000;0.000;0.0000;0.000;0.0000;0.000;0.0000;0.000;0.0000;0.000;0.0000;0.000;0.0000;0.000;0.0000;0.000;0.000000000;0.000000000;0.0000000;0.00;0.00;0.00;2200;0;110;1;0;0;100;0.00;0;0;0;0
;359.84;-0.10;0.67;0.0400;0.0000;0.1000;-0.012250;-0.002500;1.010500;0.0;0.0;0.0;0;0;30.0;24.05;1000000;0;-5.824999809;-35.227500915;40.000;0.00;0.00;0.00;0.00;0.00;0.00;0.00;0.000;0.000;0.00;0.00;0.000;0.000;0.000;0.000;25;0.0000;0.000;0.0000;0.000;0.0000;0.000;0.0000;0.000;0.0000;0.000;0.0000;0.000;0.0000;0.000;0.0000;0.000;0.000000000;0.000000000;0.0000000;0.00;0.00;0.00;2220;0;110;1;0;0;100;0.00;0;0;0;0
;359.84;-0.10;0.66;0.0600;-0.0400;0.0800;-0.011500;-0.002750;1.010250;0.0;0.0;0.0;0;0;29.9;24.05;1000000;0;-5.824999809;-35.227500915;40.000;0.00;0.00;0.00;0.00;0.00;0.00;0.00;0.000;0.000;0.00;0.00;0.000;0.000;0.000;0.000;26;0.0000;0.000;0.0000;0.000;0.0000;0.000;0.0000;0.000;0.0000;0.000;0.0000;0.000;0.0000;0.000;0.0000;0.000;0.000000000;0.000000000;0.0000000;0.00;0.00;0.00;2240;0;110;1;0;0;100;0.00;0;0;0;0
;359.83;-0.11;0.66;0.0600;0.0200;0.0600;-0.011250;-0.002750;1.010750;0.0;0.0;0.0;0;0;30.0;24.09;1000000;0;-5.824999809;-35.227500915;40.000;0.00;0.00;0.00;0.00;0.00;0.00;0.00;0.000;0.000;0.00;0.00;0.000;0.000;0.000;0.000;27;0.0000;0.000;0.0000;0.000;0.0000;0.000;0.0000;0.000;0.0000;0.000;0.0000;0.000;0.0000;0.000;0.0000;0.000;0.000000000;0.000000000;0.0000000;0.00;0.00;0.00;2260;0;110;1;0;0;100;0.00;0;0;0;0
;359.83;-0.10;0.66;0.0400;-0.0200;0.0200;-0.012250;-0.002500;1.010750;0.0;0.0;0.0;0;0;30.0;24.14;1000000;0;-5.824999809;-35.227500915;40.000;0.00;0.00;0.00;0.00;0.00;0.00;0.00;0.000;0.000;0.00;0.00;0.000;0.000;0.000;0.000;28;0.0000;0.000;0.0000;0.000;0.0000;0.000;0.0000;0.000;0.0000;0.000;0.0000;0.000;0.0000;0.000;0.0000;0.000;0.000000000;0.000000000;0.0000000;0.00;0.00;0.00;2280;0;110;1;0;0;100;0.00;0;0;0;0
;359.83;-0.10;0.67;0.0200;-0.0200;0.0200;-0.012750;-0.002250;1.010000;0.0;0.0;0.0;0;0;29.9;24.17;1000000;0;-5.824999809;-35.227500915;40.000;0.00;0.00;0.00;0.00;0.00;0.00;0.00;0.000;0.000;0.00;0.00;0.000;0.000;0.000;0.000;29;0.0000;0.000;0.0000;0.000;0.0000;0.000;0.0000;0.000;0.0000;0.000;0.0000;0.000;0.0000;0.000;0.0000;0.000;0.000000000;0.000000000;0.0000000;0.00;0.00;0.00;2300;0;110;1;0;0;100;0.00;0;0;0;0
;359.83;-0.11;0.67;0.0200;-0.1000;0.0600;-0.012750;-0.002500;1.011500;0.0;0.0;0.0;0;0;30.1;24.01;1000000;0;-5.824999809;-35.227500915;40.000;0.00;0.00;0.00;0.00;0.00;0.00;0.00;0.000;0.000;0.00;0.00;0.000;0.000;0.000;0.000;30;0.0000;0.000;0.0000;0.000;0.0000;0.000;0.0000;0.000;0.0000;0.000;0.0000;0.000;0.0000;0.000;0.0000;0.000;0.000000000;0.000000000;0.0000000;0.00;0.00;0.00;2320;0;110;1;0;0;100;0.00;0;0;0;0
;359.83;-0.11;0.67;0.0200;-0.0200;0.0600;-0.012750;-0.002500;1.010500;0.0;0.0;0.0;0;0;30.0;24.02;1000000;0;-5.824999809;-35.227500915;40.000;0.00;0.00;0.00;0.00;0.00;0.00;0.00;0.000;0.000;0.00;0.00;0.000;0.000;0.000;0.000;31;0.0000;0.000;0.0000;0.000;0.0000;0.000;0.0000;0.000;0.0000;0.000;0.0000;0.000;0.0000;0.000;0.0000;0.000;0.000000000;0.000000000;0.0000000;0.00;0.00;0.00;2340;0;110;1;0;0;100;0.00;0;0;0;0
;359.83;-0.11;0.67;0.0200;0.0000;0.1200;-0.012250;-0.001250;1.010500;0.0;0.0;0.0;0;0;30.1;23.98;1000000;0;-5.824999809;-35.227500915;40.000;0.00;0.00;0.00;0.00;0.00;0.00;0.00;0.000;0.000;0.00;0.00;0.000;0.000;0.000;0.000;0;0.0000;0.000;0.0000;0.000;0.0000;0.000;0.0000;0.000;0.0000;0.000;0.0000;0.000;0.0000;0.000;0.0000;0.000;0.000000000;0.000000000;0.0000000;0.00;0.00;0.00;2360;0;110;1;0;0;100;0.00;0;0;0;0
;359.83;-0.11;0.67;0.0200;-0.0600;0.0800;-0.012500;-0.002500;1.010250;0.0;0.0;0.0;0;0;30.0;24.01;1000000;0;-5.824999809;-35.227500915;40.000;0.00;0.00;0.00;0.00;0.00;0.00;0.00;0.000;0.000;0.00;0.00;0.000;0.000;0.000;0.000;1;0.0000;0.000;0.0000;0.000;0.0000;0.000;0.0000;0.000;0.0000;0.000;0.0000;0.000;0.0000;0.000;0.0000;0.000;0.000000000;0.000000000;0.0000000;0.00;0.00;0.00;2380;0;110;1;0;0;100;0.00;0;0;0;0
;359.83;-0.11;0.67;0.0000;-0.0800;0.0600;-0.012500;-0.002250;1.010500;0.0;0.0;0.0;0;0;29.8;24.08;1000000;0;-5.824999809;-35.227500915;40.000;0.00;0.00;0.00;0.00;0.00;0.00;0.00;0.000;0.000;0.00;0.00;0.000;0.000;0.000;0.000;2;0.0000;0.000;0.0000;0.000;0.0000;0.000;0.0000;0.000;0.0000;0.000;0.0000;0.000;0.0000;0.000;0.0000;0.000;0.000000000;0.000000000;0.0000000;0.00;0.00;0.00;2400;0;110;1;0;0;100;0.00;0;0;0;0
;359.82;-0.11;0.67;0.0200;0.0400;0.0600;-0.012250;-0.001750;1.011000;0.0;0.0;0.0;0;0;30.1;24.07;1000000;0;-5.824999809;-35.227500915;40.000;0.00;0.00;0.00;0.00;0.00;0.00;0.00;0.000;0.000;0.00;0.00;0.000;0.000;0.000;0.000;3;0.0000;0.000;0.0000;0.000;0.0000;0.000;0.0000;0.000;0.0000;0.000;0.0000;0.000;0.0000;0.000;0.0000;0.000;0.000000000;0.000000000;0.0000000;0.00;0.00;0.00;2420;0;110;1;0;0;100;0.00;0;0;0;0
;359.82;-0.11;0.68;0.0400;0.0800;0.0600;-0.012000;-0.002500;1.010750;0.0;0.0;0.0;0;0;29.9;24.11;1000000;0;-5.824999809;-35.227500915;40.000;0.00;0.00;0.00;0.00;0.00;0.00;0.00;0.000;0.000;0.00;0.00;0.000;0.000;0.000;0.000;4;0.0000;0.000;0.0000;0.000;0.0000;0.000;0.0000;0.000;0.0000;0.000;0.0000;0.000;0.0000;0.000;0.0000;0.000;0.000000000;0.000000000;0.0000000;0.00;0.00;0.00;2440;0;110;1;0;0;100;0.00;0;0;0;0
;359.82;-0.10;0.68;0.0600;-0.0200;0.0400;-0.012750;-0.001750;1.010750;0.0;0.0;0.0;0;0;29.9;24.16;1000000;0;-5.824999809;-35.227500915;40.000;0.00;0.00;0.00;0.00;0.00;0.00;0.00;0.000;0.000;0.00;0.00;0.000;0.000;0.000;0.000;5;0.0000;0.000;0.0000;0.000;0.0000;0.000;0.0000;0.000;0.0000;0.000;0.0000;0.000;0.0000;0.000;0.0000;0.000;0.000000000;0.000000000;0.0000000;0.00;0.00;0.00;2460;0;110;1;0;0;100;0.00;0;0;0;0
;359.82;-0.11;0.68;0.0400;0.0200;0.0200;-0.012750;-0.003000;1.010750;0.0;0.0;0.0;0;0;30.1;24.07;1000000;0;-5.824999809;-35.227500915;40.000;0.00;0.00;0.00;0.00;0.00;0.00;0.00;0.000;0.000;0.00;0.00;0.000;0.000;0.000;0.000;6;0.0000;0.000;0.0000;0.000;0.0000;0.000;0.0000;0.000;0.0000;0.000;0.0000;0.000;0.0000;0.000;0.0000;0.000;0.000000000;0.000000000;0.0000000;0.00;0.00;0.00;2480;0;110;1;0;0;100;0.00;0;0;0;0
;359.82;-0.10;0.68;0.0600;-0.0200;0.0200;-0.012250;-0.002000;1.010500;0.0;0.0;0.0;0;0;29.9;23.99;1000000;0;-5.824999809;-35.227500915;40.000;0.00;0.00;0.00;0.00;0.00;0.00;0.00;0.000;0.000;0.00;0.00;0.000;0.000;0.000;0.000;7;0.0000;0.000;0.0000;0.000;0.0000;0.000;0.0000;0.000;0.0000;0.000;0.0000;0.000;0.0000;0.000;0.0000;0.000;0.000000000;0.000000000;0.0000000;0.00;0.00;0.00;2500;0;110;1;0;0;100;0.00;0;0;0;0
;359.82;-0.10;0.68;0.0200;0.0000;0.0600;-0.011750;-0.001250;1.010500;0.0;0.0;0.0;0;0;30.0;24.13;1000000;0;-5.824999809;-35.227500915;40.000;0.00;0.00;0.00;0.00;0.00;0.00;0.00;0.000;0.000;0.00;0.00;0.000;0.000;0.000;0.000;8;0.0000;0.000;0.0000;0.000;0.0000;0.000;0.0000;0.000;0.0000;0.000;0.0000;0.000;0.0000;0.000;0.0000;0.000;0.000000000;0.000000000;0.0000000;0.00;0.00;0.00;2520;0;110;1;0;0;100;0.00;0;0;0;0
;359.82;-0.10;0.68;0.0200;-0.0400;0.0800;-0.011500;-0.002000;1.010750;0.0;0.0;0.0;0;0;29.9;23.98;1000000;0;-5.824999809;-35.227500915;40.000;0.00;0.00;0.00;0.00;0.00;0.00;0.00;0.000;0.000;0.00;0.00;0.000;0.000;0.000;0.000;9;0.0000;0.000;0.0000;0.000;0.0000;0.000;0.0000;0.000;0.0000;0.000;0.0000;0.000;0.0000;0.000;0.0000;0.000;0.000000000;0.000000000;0.0000000;0.00;0.00;0.00;2540;0;110;1;0;0;100;0.00;0;0;0;0
;359.82;-0.10;0.67;0.0400;0.0000;0.0600;-0.011000;-0.003000;1.011250;0.0;0.0;0.0;0;0;30.1;24.09;1000000;0;-5.824999809;-35.227500915;40.000;0.00;0.00;0.00;0.00;0.00;0.00;0.00;0.000;0.000;0.00;0.00;0.000;0.000;0.000;0.000;10;0.0000;0.000;0.0000;0.000;0.0000;0.000;0.0000;0.000;0.0000;0.000;0.0000;0.000;0.0000;0.000;0.0000;0.000;0.000000000;0.000000000;0.0000000;0.00;0.00;0.00;2560;0;110;1;0;0;100;0.00;0;0;0;0
;359.82;-0.10;0.68;0.0600;0.0400;0.0800;-0.011750;-0.002250;1.011000;0.0;0.0;0.0;0;0;30.0;24.12;1000000;0;-5.824999809;-35.227500915;40.000;0.00;0.00;0.00;0.00;0.00;0.00;0.00;0.000;0.000;0.00;0.00;0.000;0.000;0.000;0.000;11;0.0000;0.000;0.0000;0.000;0.0000;0.000;0.0000;0.000;0.0000;0.000;0.0000;0.000;0.0000;0.000;0.0000;0.000;0.000000000;0.000000000;0.0000000;0.00;0.00;0.00;2580;0;110;1;0;0;100;0.00;0;0;0;0
;359.81;-0.10;0.67;0.0400;-0.0200;0.0600;-0.012000;-0.002000;1.010750;0.0;0.0;0.0;0;0;29.6;23.98;1000000;0;-5.824999809;-35.227500915;40.000;0.00;0.00;0.00;0.00;0.00;0.00;0.00;0.000;0.000;0.00;0.00;0.000;0.000;0.000;0.000;12;0.0000;0.000;0.0000;0.000;0.0000;0.000;0.0000;0.000;0.0000;0.000;0.0000;0.000;0.0000;0.000;0.0000;0.000;0.000000000;0.000000000;0.0000000;0.00;0.00;0.00;2600;0;110;1;0;0;100;0.00;0;0;0;0
;359.81;-0.10;0.68;0.0400;-0.0200;0.0400;-0.013000;-0.002000;1.010500;0.0;0.0;0.0;0;0;30.1;24.14;1000000;0;-5.824999809;-35.227500915;40.000;0.00;0.00;0.00;0.00;0.00;0.00;0.00;0.000;0.000;0.00;0.00;0.000;0.000;0.000;0.000;13;0.0000;0.000;0.0000;0.000;0.0000;0.000;0.0000;0.000;0.0000;0.000;0.0000;0.000;0.0000;0.000;0.0000;0.000;0.000000000;0.000000000;0.0000000;0.00;0.00;0.00;2620;0;110;1;0;0;100;0.00;0;0;0;0
;359.81;-0.10;0.68;0.0800;-0.0400;0.0400;-0.012750;-0.002500;1.010750;0.0;0.0;0.0;0;0;29.7;24.15;1000000;0;-5.824999809;-35.227500915;40.000;0.00;0.00;0.00;0.00;0.00;0.00;0.00;0.000;0.000;0.00;0.00;0.000;0.000;0.000;0.000;14;0.0000;0.000;0.0000;0.000;0.0000;0.000;0.0000;0.000;0.0000;0.000;0.0000;0.000;0.0000;0.000;0.0000;0.000;0.000000000;0.000000000;0.0000000;0.00;0.00;0.00;2640;0;110;1;0;0;100;0.00;0;0;0;0
;359.81;-0.10;0.67;0.0600;-0.0800;0.0400;-0.011500;-0.001750;1.010500;0.0;0.0;0.0;0;0;30.0;24.07;1000000;0;-5.824999809;-35.227500915;40.000;0.00;0.00;0.00;0.00;0.00;0.00;0.00;0.000;0.000;0.00;0.00;0.000;0.000;0.000;0.000;15;0.0000;0.000;0.0000;0.000;0.0000;0.000;0.0000;0.000;0.0000;0.000;0.0000;0.000;0.0000;0.000;0.0000;0.000;0.000000000;0.000000000;0.0000000;0.00;0.00;0.00;2660;0;110;1;0;0;100;0.00;0;0;0;0
;359.81;-0.10;0.67;0.0400;-0.0400;0.0400;-0.012000;-0.002250;1.010000;0.0;0.0;0.0;0;0;30.0;24.06;1000000;0;-5.824999809;-35.227500915;40.000;0.00;0.00;0.00;0.00;0.00;0.00;0.00;0.000;0.000;0.00;0.00;0.000;0.000;0.000;0.000;16;0.0000;0.000;0.0000;0.000;0.0000;0.000;0.0000;0.000;0.0000;0.000;0.0000;0.000;0.0000;0.000;0.0000;0.000;0.000000000;0.000000000;0.0000000;0.00;0.00;0.00;2680;0;110;1;0;0;100;0.00;0;0;0;0
;359.81;-0.10;0.67;0.0200;-0.1000;0.0600;-0.012500;-0.002250;1.010250;0.0;0.0;0.0;0;0;30.0;23.96;1000000;0;-5.824999809;-35.227500915;40.000;0.00;0.00;0.00;0.00;0.00;0.00;0.00;0.000;0.000;0.00;0.00;0.000;0.000;0.000;0.000;17;0.0000;0.000;0.0000;0.000;0.0000;0.000;0.0000;0.000;0.0000;0.000;0.0000;0.000;0.0000;0.000;0.0000;0.000;0.000000000;0.000000000;0.0000000;0.00;0.00;0.00;2700;0;110;1;0;0;100;0.00;0;0;0;0
;359.81;-0.10;0.67;0.0600;-0.0200;0.0800;-0.012500;-0.002250;1.010500;0.0;0.0;0.0;0;0;29.9;23.97;1000000;0;-5.824999809;-35.227500915;40.000;0.00;0.00;0.00;0.00;0.00;0.00;0.00;0.000;0.000;0.00;0.00;0.000;0.000;0.000;0.000;18;0.0000;0.000;0.0000;0.000;0.0000;0.000;0.0000;0.000;0.0000;0.000;0.0000;0.000;0.0000;0.000;0.0000;0.000;0.000000000;0.000000000;0.0000000;0.00;0.00;0.00;2720;0;110;1;0;0;100;0.00;0;0;0;0
;359.81;-0.10;0.67;0.0000;-0.0600;0.0600;-0.013500;-0.001750;1.010250;0.0;0.0;0.0;0;0;29.9;24.08;1000000;0;-5.824999809;-35.227500915;40.000;0.00;0.00;0.00;0.00;0.00;0.00;0.00;0.000;0.000;0.00;0.00;0.000;0.000;0.000;0.000;19;0.0000;0.000;0.0000;0.000;0.0000;0.000;0.0000;0.000;0.0000;0.000;0.0000;0.000;0.0000;0.000;0.0000;0.000;0.000000000;0.000000000;0.0000000;0.00;0.00;0.00;2740;0;110;1;0;0;100;0.00;0;0;0;0
;359.81;-0.10;0.67;0.0800;-0.0800;0.0200;-0.012000;-0.002500;1.010750;0.0;0.0;0.0;0;0;30.0;24.13;1000000;0;-5.824999809;-35.227500915;40.000;0.00;0.00;0.00;0.00;0.00;0.00;0.00;0.000;0.000;0.00;0.00;0.000;0.000;0.000;0.000;20;0.0000;0.000;0.0000;0.000;0.0000;0.000;0.0000;0.000;0.0000;0.000;0.0000;0.000;0.0000;0.000;0.0000;0.000;0.000000000;0.000000000;0.0000000;0.00;0.00;0.00;2760;0;110;1;0;0;100;0.00;0;0;0;0
;359.80;-0.10;0.67;0.1000;0.0200;0.1000;-0.011750;-0.002750;1.010000;0.0;0.0;0.0;0;0;30.0;24.01;1000000;0;-5.824999809;-35.227500915;40.000;0.00;0.00;0.00;0.00;0.00;0.00;0.00;0.000;0.000;0.00;0.00;0.000;0.000;0.000;0.000;21;0.0000;0.000;0.0000;0.000;0.0000;0.000;0.0000;0.000;0.0000;0.000;0.0000;0.000;0.0000;0.000;0.0000;0.000;0.000000000;0.000000000;0.0000000;0.00;0.00;0.00;2780;0;110;1;0;0;100;0.00;0;0;0;0
;359.80;-0.10;0.67;0.0400;-0.0400;0.0800;-0.012000;-0.001750;1.011000;0.0;0.0;0.0;0;0;30.0;24.13;1000000;0;-5.824999809;-35.227500915;40.000;0.00;0.00;0.00;0.00;0.00;0.00;0.00;0.000;0.000;0.00;0.00;0.000;0.000;0.000;0.000;22;0.0000;0.000;0.0000;0.000;0.0000;0.000;0.0000;0.000;0.0000;0.000;0.0000;0.000;0.0000;0.000;0.0000;0.000;0.000000000;0.000000000;0.0000000;0.00;0.00;0.00;2800;0;110;1;0;0;100;0.00;0;0;0;0
;359.80;-0.10;0.67;0.0400;-0.0200;0.0400;-0.012250;-0.002000;1.010250;0.0;0.0;0.0;0;0;30.0;23.91;1000000;0;-5.824999809;-35.227500915;40.000;0.00;0.00;0.00;0.00;0.00;0.00;0.00;0.000;0.000;0.00;0.00;0.000;0.000;0.000;0.000;23;0.0000;0.000;0.0000;0.000;0.0000;0.000;0.0000;0.000;0.0000;0.000;0.0000;0.000;0.0000;0.000;0.0000;0.000;0.000000000;0.000000000;0.0000000;0.00;0.00;0.00;2820;0;110;1;0;0;100;0.00;0;0;0;0
;359.80;-0.10;0.67;0.0400;0.0000;0.1200;-0.013250;-0.002500;1.010750;0.0;0.0;0.0;0;0;30.1;23.97;1000000;0;-5.824999809;-35.227500915;40.000;0.00;0.00;0.00;0.00;0.00;0.00;0.00;0.000;0.000;0.00;0.00;0.000;0.000;0.000;0.000;24;0.0000;0.000;0.0000;0.000;0.0000;0.000;0.0000;0.000;0.0000;0.000;0.0000;0.000;0.0000;0.000;0.0000;0.000;0.000000000;0.000000000;0.0000000;0.00;0.00;0.00;2840;0;110;1;0;0;100;0.00;0;0;0;0
;359.80;-0.10;0.68;0.0800;0.0200;0.0400;-0.012750;-0.002000;1.011250;0.0;0.0;0.0;0;0;29.7;23.98;1000000;0;-5.824999809;-35.227500915;40.000;0.00;0.00;0.00;0.00;0.00;0.00;0.00;0.000;0.000;0.00;0.00;0.000;0.000;0.000;0.000;25;0.0000;0.000;0.0000;0.000;0.0000;0.000;0.0000;0.000;0.0000;0.000;0.0000;0.000;0.0000;0.000;0.0000;0.000;0.000000000;0.000000000;0.0000000;0.00;0.00;0.00;2860;0;110;1;0;0;100;0.00;0;0;0;0
;359.80;-0.10;0.68;0.0800;-0.0200;0.0200;-0.011750;-0.002750;1.010500;0.0;0.0;0.0;0;0;30.0;23.98;1000000;0;-5.824999809;-35.227500915;40.000;0.00;0.00;0.00;0.00;0.00;0.00;0.00;0.000;0.000;0.00;0.00;0.000;0.000;0.000;0.000;26;0.0000;0.000;0.0000;0.000;0.0000;0.000;0.0000;0.000;0.0000;0.000;0.0000;0.000;0.0000;0.000;0.0000;0.000;0.000000000;0.000000000;0.0000000;0.00;0.00;0.00;2880;0;110;1;0;0;100;0.00;0;0;0;0
;359.80;-0.10;0.67;0.0600;0.0000;0.0400;-0.011250;-0.003250;1.010250;0.0;0.0;0.0;0;0;29.6;24.02;1000000;0;-5.824999809;-35.227500915;40.000;0.00;0.00;0.00;0.00;0.00;0.00;0.00;0.000;0.000;0.00;0.00;0.000;0.000;0.000;0.000;27;0.0000;0.000;0.0000;0.000;0.0000;0.000;0.0000;0.000;0.0000;0.000;0.0000;0.000;0.0000;0.000;0.0000;0.000;0.000000000;0.000000000;0.0000000;0.00;0.00;0.00;2900;0;110;1;0;0;100;0.00;0;0;0;0
;359.80;-0.11;0.67;0.0600;0.0200;0.0400;-0.011750;-0.002750;1.010500;0.0;0.0;0.0;0;0;29.9;23.93;1000000;0;-5.824999809;-35.227500915;40.000;0.00;0.00;0.00;0.00;0.00;0.00;0.00;0.000;0.000;0.00;0.00;0.000;0.000;0.000;0.000;28;0.0000;0.000;0.0000;0.000;0.0000;0.000;0.0000;0.000;0.0000;0.000;0.0000;0.000;0.0000;0.000;0.0000;0.000;0.000000000;0.000000000;0.0000000;0.00;0.00;0.00;2920;0;110;1;0;0;100;0.00;0;0;0;0
;359.80;-0.11;0.67;0.0400;-0.0200;0.0200;-0.012750;-0.002500;1.010250;0.0;0.0;0.0;0;0;30.2;24.02;1000000;0;-5.824999809;-35.227500915;40.000;0.00;0.00;0.00;0.00;0.00;0.00;0.00;0.000;0.000;0.00;0.00;0.000;0.000;0.000;0.000;29;0.0000;0.000;0.0000;0.000;0.0000;0.000;0.0000;0.000;0.0000;0.000;0.0000;0.000;0.0000;0.000;0.0000;0.000;0.000000000;0.000000000;0.0000000;0.00;0.00;0.00;2940;0;110;1;0;0;100;0.00;0;0;0;0
;359.80;-0.10;0.68;0.0200;0.0400;0.0800;-0.012250;-0.002000;1.011000;0.0;0.0;0.0;0;0;30.0;23.96;1000000;0;-5.824999809;-35.227500915;40.000;0.00;0.00;0.00;0.00;0.00;0.00;0.00;0.000;0.000;0.00;0.00;0.000;0.000;0.000;0.000;30;0.0000;0.000;0.0000;0.000;0.0000;0.000;0.0000;0.000;0.0000;0.000;0.0000;0.000;0.0000;0.000;0.0000;0.000;0.000000000;0.000000000;0.0000000;0.00;0.00;0.00;2960;0;110;1;0;0;100;0.00;0;0;0;0
;359.79;-0.10;0.68;0.0400;0.0400;0.0200;-0.012000;-0.002500;1.010250;0.0;0.0;0.0;0;0;30.3;23.98;1000000;0;-5.824999809;-35.227500915;40.000;0.00;0.00;0.00;0.00;0.00;0.00;0.00;0.000;0.000;0.00;0.00;0.000;0.000;0.000;0.000;31;0.0000;0.000;0.0000;0.000;0.0000;0.000;0.0000;0.000;0.0000;0.000;0.0000;0.000;0.0000;0.000;0.0000;0.000;0.000000000;0.000000000;0.0000000;0.00;0.00;0.00;2980;0;110;1;0;0;100;0.00;0;0;0;0
;359.80;-0.10;0.68;0.0400;-0.0400;-0.0200;-0.012000;-0.001750;1.010000;0.0;0.0;0.0;0;0;29.7;24.00;1000000;0;-5.824999809;-35.227500915;40.000;0.00;0.00;0.00;0.00;0.00;0.00;0.00;0.000;0.000;0.00;0.00;0.000;0.000;0.000;0.000;0;0.0000;0.000;0.0000;0.000;0.0000;0.000;0.0000;0.000;0.0000;0.000;0.0000;0.000;0.0000;0.000;0.0000;0.000;0.000000000;0.000000000;0.0000000;0.00;0.00;0.00;3000;0;110;1;0;0;100;0.00;0;0;0;64
;359.79;-0.10;0.68;0.0400;0.0200;0.0600;-0.011000;-0.002000;1.010250;0.0;0.0;0.0;0;0;29.7;24.14;1000000;0;-5.824999809;-35.227500915;40.000;0.00;0.00;0.00;0.00;0.00;0.00;0.00;0.000;0.000;0.00;0.00;0.000;0.000;0.000;0.000;1;0.0000;0.000;0.0000;0.000;0.0000;0.000;0.0000;0.000;0.0000;0.000;0.0000;0.000;0.0000;0.000;0.0000;0.000;0.000000000;0.000000000;0.0000000;0.00;0.00;0.00;3020;0;110;1;0;0;100;0.00;0;0;0;0
;359.79;-0.10;0.67;0.0600;-0.0600;0.0800;-0.011750;-0.002750;1.011000;0.0;0.0;0.0;0;0;30.0;23.94;1000000;0;-5.824999809;-35.227500915;40.000;0.00;0.00;0.00;0.00;0.00;0.00;0.00;0.000;0.000;0.00;0.00;0.000;0.000;0.000;0.000;2;0.0000;0.000;0.0000;0.000;0.0000;0.000;0.0000;0.000;0.0000;0.000;0.0000;0.000;0.0000;0.000;0.0000;0.000;0.000000000;0.000000000;0.0000000;0.00;0.00;0.00;3040;0;110;1;0;0;100;0.00;0;0;0;0
;359.79;-0.11;0.67;0.0200;0.0200;0.0200;-0.011750;-0.002750;1.010750;0.0;0.0;0.0;0;0;30.0;23.99;1000000;0;-5.824999809;-35.227500915;40.000;0.00;0.00;0.00;0.00;0.00;0.00;0.00;0.000;0.000;0.00;0.00;0.000;0.000;0.000;0.000;3;0.0000;0.000;0.0000;0.000;0.0000;0.000;0.0000;0.000;0.0000;0.000;0.0000;0.000;0.0000;0.000;0.0000;0.000;0.000000000;0.000000000;0.0000000;0.00;0.00;0.00;3060;0;110;1;0;0;100;0.00;0;0;0;0
;359.79;-0.11;0.68;0.1000;-0.0200;0.0200;-0.012750;-0.002500;1.010750;0.0;0.0;0.0;0;0;29.9;24.07;1000000;0;-5.824999809;-35.227500915;40.000;0.00;0.00;0.00;0.00;0.00;0.00;0.00;0.000;0.000;0.00;0.00;0.000;0.000;0.000;0.000;4;0.0000;0.000;0.0000;0.000;0.0000;0.000;0.0000;0.000;0.0000;0.000;0.0000;0.000;0.0000;0.000;0.0000;0.000;0.000000000;0.000000000;0.0000000;0.00;0.00;0.00;3080;0;110;1;0;0;100;0.00;0;0;0;0
;359.79;-0.10;0.68;0.0800;-0.0600;0.1000;-0.012500;-0.002250;1.010250;0.0;0.0;0.0;0;0;30.0;23.92;1000000;0;-5.824999809;-35.227500915;40.000;0.00;0.00;0.00;0.00;0.00;0.00;0.00;0.000;0.000;0.00;0.00;0.000;0.000;0.000;0.000;5;0.0000;0.000;0.0000;0.000;0.0000;0.000;0.0000;0.000;0.0000;0.000;0.0000;0.000;0.0000;0.000;0.0000;0.000;0.000000000;0.000000000;0.0000000;0.00;0.00;0.00;3100;0;110;1;0;0;100;0.00;0;0;0;0
;359.79;-0.11;0.68;0.0000;0.0400;0.0800;-0.011750;-0.002500;1.010750;0.0;0.0;0.0;0;0;29.7;23.91;1000000;0;-5.824999809;-35.227500915;40.000;0.00;0.00;0.00;0.00;0.00;0.00;0.00;0.000;0.000;0.00;0.00;0.000;0.000;0.000;0.000;6;0.0000;0.000;0.0000;0.000;0.0000;0.000;0.0000;0.000;0.0000;0.000;0.0000;0.000;0.0000;0.000;0.0000;0.000;0.000000000;0.000000000;0.0000000;0.00;0.00;0.00;3120;0;110;1;0;0;100;0.00;0;0;0;0
;359.79;-0.11;0.67;0.0400;-0.0200;0.0600;-0.011500;-0.002500;1.010000;0.0;0.0;0.0;0;0;30.0;24.08;1000000;0;-5.824999809;-35.227500915;40.000;0.00;0.00;0.00;0.00;0.00;0.00;0.00;0.000;0.000;0.00;0.00;0.000;0.000;0.000;0.000;7;0.0000;0.000;0.0000;0.000;0.0000;0.000;0.0000;0.000;0.0000;0.000;0.0000;0.000;0.0000;0.000;0.0000;0.000;0.000000000;0.000000000;0.0000000;0.00;0.00;0.00;3140;0;110;1;0;0;100;0.00;0;0;0;0
;359.79;-0.11;0.68;0.0600;0.0400;0.0400;-0.012750;-0.002500;1.010500;0.0;0.0;0.0;0;0;29.6;23.97;1000000;0;-5.824999809;-35.227500915;40.000;0.00;0.00;0.00;0.00;0.00;0.00;0.00;0.000;0.000;0.00;0.00;0.000;0.000;0.000;0.000;8;0.0000;0.000;0.0000;0.000;0.0000;0.000;0.0000;0.000;0.0000;0.000;0.0000;0.000;0.0000;0.000;0.0000;0.000;0.000000000;0.000000000;0.0000000;0.00;0.00;0.00;3160;0;110;1;0;0;100;0.00;0;0;0;0
;359.79;-0.11;0.68;0.0200;-0.1200;0.0400;-0.013250;-0.002750;1.010250;0.0;0.0;0.0;0;0;30.0;23.95;1000000;0;-5.824999809;-35.227500915;40.000;0.00;0.00;0.00;0.00;0.00;0.00;0.00;0.000;0.000;0.00;0.00;0.000;0.000;0.000;0.000;9;0.0000;0.000;0.0000;0.000;0.0000;0.000;0.0000;0.000;0.0000;0.000;0.0000;0.000;0.0000;0.000;0.0000;0.000;0.000000000;0.000000000;0.0000000;0.00;0.00;0.00;3180;0;110;1;0;0;100;0.00;0;0;0;0
;359.78;-0.11;0.68;0.0400;0.0400;0.0400;-0.012250;-0.002500;1.010500;0.0;0.0;0.0;0;0;30.1;24.01;1000000;0;-5.824999809;-35.227500915;40.000;0.00;0.00;0.00;0.00;0.00;0.00;0.00;0.000;0.000;0.00;0.00;0.000;0.000;0.000;0.000;10;0.0000;0.000;0.0000;0.000;0.0000;0.000;0.0000;0.000;0.0000;0.000;0.0000;0.000;0.0000;0.000;0.0000;0.000;0.000000000;0.000000000;0.0000000;0.00;0.00;0.00;3200;0;110;1;0;0;100;0.00;0;0;0;0
;359.78;-0.11;0.68;0.0400;0.0200;0.0400;-0.012250;-0.003000;1.011000;0.0;0.0;0.0;0;0;29.6;23.91;1000000;0;-5.824999809;-35.227500915;40.000;0.00;0.00;0.00;0.00;0.00;0.00;0.00;0.000;0.000;0.00;0.00;0.000;0.000;0.000;0.000;11;0.0000;0.000;0.0000;0.000;0.0000;0.000;0.0000;0.000;0.0000;0.000;0.0000;0.000;0.0000;0.000;0.0000;0.000;0.000000000;0.000000000;0.0000000;0.00;0.00;0.00;3220;0;110;1;0;0;100;0.00;0;0;0;0
;359.78;-0.11;0.68;0.0200;-0.0800;0.0800;-0.012000;-0.002000;1.011250;0.0;0.0;0.0;0;0;29.5;24.08;1000000;0;-5.824999809;-35.227500915;40.000;0.00;0.00;0.00;0.00;0.00;0.00;0.00;0.000;0.000;0.00;0.00;0.000;0.000;0.000;0.000;12;0.0000;0.000;0.0000;0.000;0.0000;0.000;0.0000;0.000;0.0000;0.000;0.0000;0.000;0.0000;0.000;0.0000;0.000;0.000000000;0.000000000;0.0000000;0.00;0.00;0.00;3240;0;110;1;0;0;100;0.00;0;0;0;0
;359.78;-0.11;0.67;0.0400;-0.0600;0.0400;-0.011750;-0.002000;1.010750;0.0;0.0;0.0;0;0;30.0;24.03;1000000;0;-5.824999809;-35.227500915;40.000;0.00;0.00;0.00;0.00;0.00;0.00;0.00;0.000;0.000;0.00;0.00;0.000;0.000;0.000;0.000;13;0.0000;0.000;0.0000;0.000;0.0000;0.000;0.0000;0.000;0.0000;0.000;0.0000;0.000;0.0000;0.000;0.0000;0.000;0.000000000;0.000000000;0.0000000;0.00;0.00;0.00;3260;0;110;1;0;0;100;0.00;0;0;0;0
;359.78;-0.10;0.67;0.0600;0.0000;0.0400;-0.012000;-0.001750;1.010250;0.0;0.0;0.0;0;0;29.9;23.98;1000000;0;-5.824999809;-35.227500915;40.000;0.00;0.00;0.00;0.00;0.00;0.00;0.00;0.000;0.000;0.00;0.00;0.000;0.000;0.000;0.000;14;0.0000;0.000;0.0000;0.000;0.0000;0.000;0.0000;0.000;0.0000;0.000;0.0000;0.000;0.0000;0.000;0.0000;0.000;0.000000000;0.000000000;0.0000000;0.00;0.00;0.00;3280;0;110;1;0;0;100;0.00;0;0;0;0
;359.78;-0.10;0.67;0.1000;-0.1000;0.0400;-0.012750;-0.002250;1.010250;0.0;0.0;0.0;0;0;29.9;24.01;1000000;0;-5.824999809;-35.227500915;40.000;0.00;0.00;0.00;0.00;0.00;0.00;0.00;0.000;0.000;0.00;0.00;0.000;0.000;0.000;0.000;15;0.0000;0.000;0.0000;0.000;0.0000;0.000;0.0000;0.000;0.0000;0.000;0.0000;0.000;0.0000;0.000;0.0000;0.000;0.000000000;0.000000000;0.0000000;0.00;0.00;0.00;3300;0;110;1;0;0;100;0.00;0;0;0;0
;359.78;-0.11;0.68;0.0200;-0.0200;0.0200;-0.012750;-0.002500;1.010250;0.0;0.0;0.0;0;0;30.1;24.09;1000000;0;-5.824999809;-35.227500915;40.000;0.00;0.00;0.00;0.00;0.00;0.00;0.00;0.000;0.000;0.00;0.00;0.000;0.000;0.000;0.000;16;0.0000;0.000;0.0000;0.000;0.0000;0.000;0.0000;0.000;0.0000;0.000;0.0000;0.000;0.0000;0.000;0.0000;0.000;0.000000000;0.000000000;0.0000000;0.00;0.00;0.00;3320;0;110;1;0;0;100;0.00;0;0;0;0
;359.78;-0.11;0.68;0.0400;0.0000;0.0200;-0.012500;-0.002750;1.010250;0.0;0.0;0.0;0;0;29.5;24.04;1000000;0;-5.824999809;-35.227500915;40.000;0.00;0.00;0.00;0.00;0.00;0.00;0.00;0.000;0.000;0.00;0.00;0.000;0.000;0.000;0.000;17;0.0000;0.000;0.0000;0.000;0.0000;0.000;0.0000;0.000;0.0000;0.000;0.0000;0.000;0.0000;0.000;0.0000;0.000;0.000000000;0.000000000;0.0000000;0.00;0.00;0.00;3340;0;110;1;0;0;100;0.00;0;0;0;0
;359.78;-0.11;0.68;0.0600;-0.0400;0.0600;-0.012000;-0.002250;1.010000;0.0;0.0;0.0;0;0;30.0;24.08;1000000;0;-5.824999809;-35.227500915;40.000;0.00;0.00;0.00;0.00;0.00;0.00;0.00;0.000;0.000;0.00;0.00;0.000;0.000;0.000;0.000;18;0.0000;0.000;0.0000;0.000;0.0000;0.000;0.0000;0.000;0.0000;0.000;0.0000;0.000;0.0000;0.000;0.0000;0.000;0.000000000;0.000000000;0.0000000;0.00;0.00;0.00;3360;0;110;1;0;0;100;0.00;0;0;0;0
;359.78;-0.11;0.67;0.0200;-0.0800;0.0200;-0.011750;-0.002500;1.010250;0.0;0.0;0.0;0;0;30.0;24.14;1000000;0;-5.824999809;-35.227500915;40.000;0.00;0.00;0.00;0.00;0.00;0.00;0.00;0.000;0.000;0.00;0.00;0.000;0.000;0.000;0.000;19;0.0000;0.000;0.0000;0.000;0.0000;0.000;0.0000;0.000;0.0000;0.000;0.0000;0.000;0.0000;0.000;0.0000;0.000;0.000000000;0.000000000;0.0000000;0.00;0.00;0.00;3380;0;110;1;0;0;100;0.00;0;0;0;0
;359.78;-0.11;0.67;0.0600;0.0000;0.1000;-0.011750;-0.002000;1.010500;0.0;0.0;0.0;0;0;29.9;24.09;1000000;0;-5.824999809;-35.227500915;40.000;0.00;0.00;0.00;0.00;0.00;0.00;0.00;0.000;0.000;0.00;0.00;0.000;0.000;0.000;0.000;20;0.0000;0.000;0.0000;0.000;0.0000;0.000;0.0000;0.000;0.0000;0.000;0.0000;0.000;0.0000;0.000;0.0000;0.000;0.000000000;0.000000000;0.0000000;0.00;0.00;0.00;3400;0;110;1;0;0;100;0.00;0;0;0;0
;359.77;-0.11;0.67;0.0400;-0.0400;0.0600;-0.012000;-0.002500;1.011000;0.0;0.0;0.0;0;0;30.0;24.01;1000000;0;-5.824999809;-35.227500915;40.000;0.00;0.00;0.00;0.00;0.00;0.00;0.00;0.000;0.000;0.00;0.00;0.000;0.000;0.000;0.000;21;0.0000;0.000;0.0000;0.000;0.0000;0.000;0.0000;0.000;0.0000;0.000;0.0000;0.000;0.0000;0.000;0.0000;0.000;0.000000000;0.000000000;0.0000000;0.00;0.00;0.00;3420;0;110;1;0;0;100;0.00;0;0;0;0
;359.77;-0.11;0.68;0.0600;0.0000;0.0400;-0.012500;-0.002000;1.010250;0.0;0.0;0.0;0;0;30.0;24.16;1000000;0;-5.824999809;-35.227500915;40.000;0.00;0.00;0.00;0.00;0.00;0.00;0.00;0.000;0.000;0.00;0.00;0.000;0.000;0.000;0.000;22;0.0000;0.000;0.0000;0.000;0.0000;0.000;0.0000;0.000;0.0000;0.000;0.0000;0.000;0.0000;0.000;0.0000;0.000;0.000000000;0.000000000;0.0000000;0.00;0.00;0.00;3440;0;110;1;0;0;100;0.00;0;0;0;0
;359.77;-0.11;0.67;0.0800;-0.0800;0.0400;-0.011750;-0.002500;1.010000;0.0;0.0;0.0;0;0;30.2;24.14;1000000;0;-5.824999809;-35.227500915;40.000;0.00;0.00;0.00;0.00;0.00;0.00;0.00;0.000;0.000;0.00;0.00;0.000;0.000;0.000;0.000;23;0.0000;0.000;0.0000;0.000;0.0000;0.000;0.0000;0.000;0.0000;0.000;0.0000;0.000;0.0000;0.000;0.0000;0.000;0.000000000;0.000000000;0.0000000;0.00;0.00;0.00;3460;0;110;1;0;0;100;0.00;0;0;0;0
;359.77;-0.11;0.67;0.0400;-0.0200;0.0800;-0.012250;-0.002500;1.010500;0.0;0.0;0.0;0;0;30.1;24.14;1000000;0;-5.824999809;-35.227500915;40.000;0.00;0.00;0.00;0.00;0.00;0.00;0.00;0.000;0.000;0.00;0.00;0.000;0.000;0.000;0.000;24;0.0000;0.000;0.0000;0.000;0.0000;0.000;0.0000;0.000;0.0000;0.000;0.0000;0.000;0.0000;0.000;0.0000;0.000;0.000000000;0.000000000;0.0000000;0.00;0.00;0.00;3480;0;110;1;0;0;100;0.00;0;0;0;0
;359.77;-0.11;0.67;0.0400;0.0400;0.0200;-0.012000;-0.002500;1.010750;0.0;0.0;0.0;0;0;29.6;24.16;1000000;0;-5.824999809;-35.227500915;40.000;0.00;0.00;0.00;0.00;0.00;0.00;0.00;0.000;0.000;0.00;0.00;0.000;0.000;0.000;0.000;25;0.0000;0.000;0.0000;0.000;0.0000;0.000;0.0000;0.000;0.0000;0.000;0.0000;0.000;0.0000;0.000;0.0000;0.000;0.000000000;0.000000000;0.0000000;0.00;0.00;0.00;3500;0;110;1;0;0;100;0.00;0;0;0;0
;359.77;-0.11;0.67;0.0600;0.0000;0.0600;-0.011500;-0.002500;1.011000;0.0;0.0;0.0;0;0;30.0;24.17;1000000;0;-5.824999809;-35.227500915;40.000;0.00;0.00;0.00;0.00;0.00;0.00;0.00;0.000;0.000;0.00;0.00;0.000;0.000;0.000;0.000;26;0.0000;0.000;0.0000;0.000;0.0000;0.000;0.0000;0.000;0.0000;0.000;0.0000;0.000;0.0000;0.000;0.0000;0.000;0.000000000;0.000000000;0.0000000;0.00;0.00;0.00;3520;0;110;1;0;0;100;0.00;0;0;0;0
;359.77;-0.11;0.67;0.0400;-0.0200;0.0200;-0.012000;-0.003000;1.011000;0.0;0.0;0.0;0;0;30.0;24.07;1000000;0;-5.824999809;-35.227500915;40.000;0.00;0.00;0.00;0.00;0.00;0.00;0.00;0.000;0.000;0.00;0.00;0.000;0.000;0.000;0.000;27;0.0000;0.000;0.0000;0.000;0.0000;0.000;0.0000;0.000;0.0000;0.000;0.0000;0.000;0.0000;0.000;0.0000;0.000;0.000000000;0.000000000;0.0000000;0.00;0.00;0.00;3540;0;110;1;0;0;100;0.00;0;0;0;0
;359.77;-0.11;0.68;0.0400;0.0400;0.0000;-0.012000;-0.002000;1.010250;0.0;0.0;0.0;0;0;29.9;23.99;1000000;0;-5.824999809;-35.227500915;40.000;0.00;0.00;0.00;0.00;0.00;0.00;0.00;0.000;0.000;0.00;0.00;0.000;0.000;0.000;0.000;28;0.0000;0.000;0.0000;0.000;0.0000;0.000;0.0000;0.000;0.0000;0.000;0.0000;0.000;0.0000;0.000;0.0000;0.000;0.000000000;0.000000000;0.0000000;0.00;0.00;0.00;3560;0;110;1;0;0;100;0.00;0;0;0;0
;359.77;-0.11;0.68;0.0800;0.0000;0.0000;-0.012250;-0.001750;1.010750;0.0;0.0;0.0;0;0;30.0;24.10;1000000;0;-5.824999809;-35.227500915;40.000;0.00;0.00;0.00;0.00;0.00;0.00;0.00;0.000;0.000;0.00;0.00;0.000;0.000;0.000;0.000;29;0.0000;0.000;0.0000;0.000;0.0000;0.000;0.0000;0.000;0.0000;0.000;0.0000;0.000;0.0000;0.000;0.0000;0.000;0.000000000;0.000000000;0.0000000;0.00;0.00;0.00;3580;0;110;1;0;0;100;0.00;0;0;0;0
;359.77;-0.11;0.68;0.0600;0.0000;0.0400;-0.013000;-0.002750;1.010500;0.0;0.0;0.0;0;0;29.6;24.14;1000000;0;-5.824999809;-35.227500915;40.000;0.00;0.00;0.00;0.00;0.00;0.00;0.00;0.000;0.000;0.00;0.00;0.000;0.000;0.000;0.000;30;0.0000;0.000;0.0000;0.000;0.0000;0.000;0.0000;0.000;0.0000;0.000;0.0000;0.000;0.0000;0.000;0.0000;0.000;0.000000000;0.000000000;0.0000000;0.00;0.00;0.00;3600;0;110;1;0;0;100;0.00;0;0;0;0
;359.77;-0.11;0.68;0.0600;-0.0200;0.0400;-0.012250;-0.002000;1.010750;0.0;0.0;0.0;0;0;29.9;24.13;1000000;0;-5.824999809;-35.227500915;40.000;0.00;0.00;0.00;0.00;0.00;0.00;0.00;0.000;0.000;0.00;0.00;0.000;0.000;0.000;0.000;31;0.0000;0.000;0.0000;0.000;0.0000;0.000;0.0000;0.000;0.0000;0.000;0.0000;0.000;0.0000;0.000;0.0000;0.000;0.000000000;0.000000000;0.0000000;0.00;0.00;0.00;3620;0;110;1;0;0;100;0.00;0;0;0;0
;359.77;-0.11;0.68;0.0400;0.0000;0.0400;-0.011750;-0.002250;1.010750;0.0;0.0;0.0;0;0;30.1;24.11;1000000;0;-5.824999809;-35.227500915;40.000;0.00;0.00;0.00;0.00;0.00;0.00;0.00;0.000;0.000;0.00;0.00;0.000;0.000;0.000;0.000;0;0.0000;0.000;0.0000;0.000;0.0000;0.000;0.0000;0.000;0.0000;0.000;0.0000;0.000;0.0000;0.000;0.0000;0.000;0.000000000;0.000000000;0.0000000;0.00;0.00;0.00;3640;0;110;1;0;0;100;0.00;0;0;0;0
;359.77;-0.10;0.68;0.0400;0.0400;0.0400;-0.010750;-0.002000;1.010250;0.0;0.0;0.0;0;0;30.0;23.91;1000000;0;-5.824999809;-35.227500915;40.000;0.00;0.00;0.00;0.00;0.00;0.00;0.00;0.000;0.000;0.00;0.00;0.000;0.000;0.000;0.000;1;0.0000;0.000;0.0000;0.000;0.0000;0.000;0.0000;0.000;0.0000;0.000;0.0000;0.000;0.0000;0.000;0.0000;0.000;0.000000000;0.000000000;0.0000000;0.00;0.00;0.00;3660;0;110;1;0;0;100;0.00;0;0;0;0
;359.77;-0.10;0.68;0.0200;0.0000;0.0200;-0.013000;-0.001750;1.011000;0.0;0.0;0.0;0;0;30.2;24.17;1000000;0;-5.824999809;-35.227500915;40.000;0.00;0.00;0.00;0.00;0.00;0.00;0.00;0.000;0.000;0.00;0.00;0.000;0.000;0.000;0.000;2;0.0000;0.000;0.0000;0.000;0.0000;0.000;0.0000;0.000;0.0000;0.000;0.0000;0.000;0.0000;0.000;0.0000;0.000;0.000000000;0.000000000;0.0000000;0.00;0.00;0.00;3680;0;110;1;0;0;100;0.00;0;0;0;0
;359.76;-0.10;0.68;0.0400;-0.0200;0.0600;-0.013250;-0.002000;1.010750;0.0;0.0;0.0;0;0;29.6;23.97;1000000;0;-5.824999809;-35.227500915;40.000;0.00;0.00;0.00;0.00;0.00;0.00;0.00;0.000;0.000;0.00;0.00;0.000;0.000;0.000;0.000;3;0.0000;0.000;0.0000;0.000;0.0000;0.000;0.0000;0.000;0.0000;0.000;0.0000;0.000;0.0000;0.000;0.0000;0.000;0.000000000;0.000000000;0.0000000;0.00;0.00;0.00;3700;0;110;1;0;0;100;0.00;0;0;0;0
;359.76;-0.10;0.68;0.0200;0.0000;0.0600;-0.012750;-0.002500;1.011250;0.0;0.0;0.0;0;0;29.9;24.05;1000000;0;-5.824999809;-35.227500915;40.000;0.00;0.00;0.00;0.00;0.00;0.00;0.00;0.000;0.000;0.00;0.00;0.000;0.000;0.000;0.000;4;0.0000;0.000;0.0000;0.000;0.0000;0.000;0.0000;0.000;0.0000;0.000;0.0000;0.000;0.0000;0.000;0.0000;0.000;0.000000000;0.000000000;0.0000000;0.00;0.00;0.00;3720;0;110;1;0;0;100;0.00;0;0;0;0
;359.76;-0.10;0.68;0.0600;-0.0600;0.1000;-0.011250;-0.002750;1.010250;0.0;0.0;0.0;0;0;30.0;24.14;1000000;0;-5.824999809;-35.227500915;40.000;0.00;0.00;0.00;0.00;0.00;0.00;0.00;0.000;0.000;0.00;0.00;0.000;0.000;0.000;0.000;5;0.0000;0.000;0.0000;0.000;0.0000;0.000;0.0000;0.000;0.0000;0.000;0.0000;0.000;0.0000;0.000;0.0000;0.000;0.000000000;0.000000000;0.0000000;0.00;0.00;0.00;3740;0;110;1;0;0;100;0.00;0;0;0;0
;359.76;-0.10;0.68;0.0600;0.0200;0.0600;-0.012250;-0.002000;1.010250;0.0;0.0;0.0;0;0;29.9;23.98;1000000;0;-5.824999809;-35.227500915;40.000;0.00;0.00;0.00;0.00;0.00;0.00;0.00;0.000;0.000;0.00;0.00;0.000;0.000;0.000;0.000;6;0.0000;0.000;0.0000;0.000;0.0000;0.000;0.0000;0.000;0.0000;0.000;0.0000;0.000;0.0000;0.000;0.0000;0.000;0.000000000;0.000000000;0.0000000;0.00;0.00;0.00;3760;0;110;1;0;0;100;0.00;0;0;0;0
;359.76;-0.10;0.68;0.0600;0.0000;0.0400;-0.012500;-0.002000;1.011000;0.0;0.0;0.0;0;0;30.0;23.98;1000000;0;-5.824999809;-35.227500915;40.000;0.00;0.00;0.00;0.00;0.00;0.00;0.00;0.000;0.000;0.00;0.00;0.000;0.000;0.000;0.000;7;0.0000;0.000;0.0000;0.000;0.0000;0.000;0.0000;0.000;0.0000;0.000;0.0000;0.000;0.0000;0.000;0.0000;0.000;0.000000000;0.000000000;0.0000000;0.00;0.00;0.00;3780;0;110;1;0;0;100;0.00;0;0;0;0
;359.76;-0.10;0.68;0.0200;0.0200;0.0400;-0.012000;-0.002500;1.010250;0.0;0.0;0.0;0;0;29.9;23.97;1000000;0;-5.824999809;-35.227500915;40.000;0.00;0.00;0.00;0.00;0.00;0.00;0.00;0.000;0.000;0.00;0.00;0.000;0.000;0.000;0.000;8;0.0000;0.000;0.0000;0.000;0.0000;0.000;0.0000;0.000;0.0000;0.000;0.0000;0.000;0.0000;0.000;0.0000;0.000;0.000000000;0.000000000;0.0000000;0.00;0.00;0.00;3800;0;110;1;0;0;100;0.00;0;0;0;0
;359.76;-0.10;0.68;0.0200;-0.0200;0.0600;-0.011750;-0.001500;1.011000;0.0;0.0;0.0;0;0;30.1;24.03;1000000;0;-5.824999809;-35.227500915;40.000;0.00;0.00;0.00;0.00;0.00;0.00;0.00;0.000;0.000;0.00;0.00;0.000;0.000;0.000;0.000;9;0.0000;0.000;0.0000;0.000;0.0000;0.000;0.0000;0.000;0.0000;0.000;0.0000;0.000;0.0000;0.000;0.0000;0.000;0.000000000;0.000000000;0.0000000;0.00;0.00;0.00;3820;0;110;1;0;0;100;0.00;0;0;0;0
;359.76;-0.10;0.68;0.0400;0.0200;0.0600;-0.011750;-0.002500;1.011250;0.0;0.0;0.0;0;0;30.0;24.13;1000000;0;-5.824999809;-35.227500915;40.000;0.00;0.00;0.00;0.00;0.00;0.00;0.00;0.000;0.000;0.00;0.00;0.000;0.000;0.000;0.000;10;0.0000;0.000;0.0000;0.000;0.0000;0.000;0.0000;0.000;0.0000;0.000;0.0000;0.000;0.0000;0.000;0.0000;0.000;0.000000000;0.000000000;0.0000000;0.00;0.00;0.00;3840;0;110;1;0;0;100;0.00;0;0;0;0
;359.75;-0.10;0.68;0.0400;-0.0400;0.1000;-0.012000;-0.002250;1.010500;0.0;0.0;0.0;0;0;30.1;24.14;1000000;0;-5.824999809;-35.227500915;40.000;0.00;0.00;0.00;0.00;0.00;0.00;0.00;0.000;0.000;0.00;0.00;0.000;0.000;0.000;0.000;11;0.0000;0.000;0.0000;0.000;0.0000;0.000;0.0000;0.000;0.0000;0.000;0.0000;0.000;0.0000;0.000;0.0000;0.000;0.000000000;0.000000000;0.0000000;0.00;0.00;0.00;3860;0;110;1;0;0;100;0.00;0;0;0;0
;359.75;-0.10;0.67;0.0200;-0.0200;0.0600;-0.011250;-0.001750;1.010750;0.0;0.0;0.0;0;0;30.2;23.92;1000000;0;-5.824999809;-35.227500915;40.000;0.00;0.00;0.00;0.00;0.00;0.00;0.00;0.000;0.000;0.00;0.00;0.000;0.000;0.000;0.000;12;0.0000;0.000;0.0000;0.000;0.0000;0.000;0.0000;0.000;0.0000;0.000;0.0000;0.000;0.0000;0.000;0.0000;0.000;0.000000000;0.000000000;0.0000000;0.00;0.00;0.00;3880;0;110;1;0;0;100;0.00;0;0;0;0
;359.75;-0.10;0.67;0.0600;0.0400;0.0600;-0.012250;-0.003250;1.010500;0.0;0.0;0.0;0;0;30.0;24.01;1000000;0;-5.824999809;-35.227500915;40.000;0.00;0.00;0.00;0.00;0.00;0.00;0.00;0.000;0.000;0.00;0.00;0.000;0.000;0.000;0.000;13;0.0000;0.000;0.0000;0.000;0.0000;0.000;0.0000;0.000;0.0000;0.000;0.0000;0.000;0.0000;0.000;0.0000;0.000;0.000000000;0.000000000;0.0000000;0.00;0.00;0.00;3900;0;110;1;0;0;100;0.00;0;0;0;0
;359.75;-0.10;0.68;0.0800;0.0600;0.0600;-0.013250;-0.002250;1.010500;0.0;0.0;0.0;0;0;30.4;23.98;1000000;0;-5.824999809;-35.227500915;40.000;0.00;0.00;0.00;0.00;0.00;0.00;0.00;0.000;0.000;0.00;0.00;0.000;0.000;0.000;0.000;14;0.0000;0.000;0.0000;0.000;0.0000;0.000;0.0000;0.000;0.0000;0.000;0.0000;0.000;0.0000;0.000;0.0000;0.000;0.000000000;0.000000000;0.0000000;0.00;0.00;0.00;3920;0;110;1;0;0;100;0.00;0;0;0;0
;359.75;-0.10;0.68;0.0600;-0.0200;0.0600;-0.013750;-0.001750;1.010750;0.0;0.0;0.0;0;0;29.9;23.91;1000000;0;-5.824999809;-35.227500915;40.000;0.00;0.00;0.00;0.00;0.00;0.00;0.00;0.000;0.000;0.00;0.00;0.000;0.000;0.000;0.000;15;0.0000;0.000;0.0000;0.000;0.0000;0.000;0.0000;0.000;0.0000;0.000;0.0000;0.000;0.0000;0.000;0.0000;0.000;0.000000000;0.000000000;0.0000000;0.00;0.00;0.00;3940;0;110;1;0;0;100;0.00;0;0;0;0
;359.75;-0.10;0.68;0.0600;-0.0600;0.0600;-0.012500;-0.002000;1.010750;0.0;0.0;0.0;0;0;29.7;23.91;1000000;0;-5.824999809;-35.227500915;40.000;0.00;0.00;0.00;0.00;0.00;0.00;0.00;0.000;0.000;0.00;0.00;0.000;0.000;0.000;0.000;16;0.0000;0.000;0.0000;0.000;0.0000;0.000;0.0000;0.000;0.0000;0.000;0.0000;0.000;0.0000;0.000;0.0000;0.000;0.000000000;0.000000000;0.0000000;0.00;0.00;0.00;3960;0;110;1;0;0;100;0.00;0;0;0;0
;359.75;-0.10;0.67;0.0400;-0.0800;0.0400;-0.010750;-0.002500;1.010750;0.0;0.0;0.0;0;0;30.0;24.09;1000000;0;-5.824999809;-35.227500915;40.000;0.00;0.00;0.00;0.00;0.00;0.00;0.00;0.000;0.000;0.00;0.00;0.000;0.000;0.000;0.000;17;0.0000;0.000;0.0000;0.000;0.0000;0.000;0.0000;0.000;0.0000;0.000;0.0000;0.000;0.0000;0.000;0.0000;0.000;0.000000000;0.000000000;0.0000000;0.00;0.00;0.00;3980;0;110;1;0;0;100;0.00;0;0;0;0
;359.75;-0.10;0.67;0.0600;-0.0400;0.0200;-0.010500;-0.002500;1.010750;0.0;0.0;0.0;0;0;30.1;24.02;1000000;0;-5.824999809;-35.227500915;40.000;0.00;0.00;0.00;0.00;0.00;0.00;0.00;0.000;0.000;0.00;0.00;0.000;0.000;0.000;0.000;18;0.0000;0.000;0.0000;0.000;0.0000;0.000;0.0000;0.000;0.0000;0.000;0.0000;0.000;0.0000;0.000;0.0000;0.000;0.000000000;0.000000000;0.0000000;0.00;0.00;0.00;4000;0;110;1;0;0;100;0.00;0;0;0;64
;359.75;-0.10;0.67;0.0600;-0.0400;0.0200;-0.011000;-0.002500;1.010750;0.0;0.0;0.0;0;0;30.0;24.08;1000000;0;-5.824999809;-35.227500915;40.000;0.00;0.00;0.00;0.00;0.00;0.00;0.00;0.000;0.000;0.00;0.00;0.000;0.000;0.000;0.000;19;0.0000;0.000;0.0000;0.000;0.0000;0.000;0.0000;0.000;0.0000;0.000;0.0000;0.000;0.0000;0.000;0.0000;0.000;0.000000000;0.000000000;0.0000000;0.00;0.00;0.00;4020;0;110;1;0;0;100;0.00;0;0;0;0
;359.75;-0.10;0.67;0.0800;-0.0600;0.0200;-0.013250;-0.001500;1.011250;0.0;0.0;0.0;0;0;30.0;23.98;1000000;0;-5.824999809;-35.227500915;40.000;0.00;0.00;0.00;0.00;0.00;0.00;0.00;0.000;0.000;0.00;0.00;0.000;0.000;0.000;0.000;20;0.0000;0.000;0.0000;0.000;0.0000;0.000;0.0000;0.000;0.0000;0.000;0.0000;0.000;0.0000;0.000;0.0000;0.000;0.000000000;0.000000000;0.0000000;0.00;0.00;0.00;4040;0;110;1;0;0;100;0.00;0;0;0;0
;359.75;-0.10;0.67;0.0400;0.0000;0.0400;-0.013750;-0.002250;1.010000;0.0;0.0;0.0;0;0;30.1;23.92;1000000;0;-5.824999809;-35.227500915;40.000;0.00;0.00;0.00;0.00;0.00;0.00;0.00;0.000;0.000;0.00;0.00;0.000;0.000;0.000;0.000;21;0.0000;0.000;0.0000;0.000;0.0000;0.000;0.0000;0.000;0.0000;0.000;0.0000;0.000;0.0000;0.000;0.0000;0.000;0.000000000;0.000000000;0.0000000;0.00;0.00;0.00;4060;0;110;1;0;0;100;0.00;0;0;0;0
;359.74;-0.10;0.67;0.0800;-0.0200;0.0400;-0.013000;-0.002000;1.010750;0.0;0.0;0.0;0;0;29.9;23.93;1000000;0;-5.824999809;-35.227500915;40.000;0.00;0.00;0.00;0.00;0.00;0.00;0.00;0.000;0.000;0.00;0.00;0.000;0.000;0.000;0.000;22;0.0000;0.000;0.0000;0.000;0.0000;0.000;0.0000;0.000;0.0000;0.000;0.0000;0.000;0.0000;0.000;0.0000;0.000;0.000000000;0.000000000;0.0000000;0.00;0.00;0.00;4080;0;110;1;0;0;100;0.00;0;0;0;0
;359.74;-0.10;0.67;0.0200;0.0000;0.0400;-0.011250;-0.002250;1.010750;0.0;0.0;0.0;0;0;30.0;24.02;1000000;0;-5.824999809;-35.227500915;40.000;0.00;0.00;0.00;0.00;0.00;0.00;0.00;0.000;0.000;0.00;0.00;0.000;0.000;0.000;0.000;23;0.0000;0.000;0.0000;0.000;0.0000;0.000;0.0000;0.000;0.0000;0.000;0.0000;0.000;0.0000;0.000;0.0000;0.000;0.000000000;0.000000000;0.0000000;0.00;0.00;0.00;4100;0;110;1;0;0;100;0.00;0;0;0;0
;359.74;-0.10;0.67;0.0600;0.0200;0.0600;-0.009000;-0.003000;1.010500;0.0;0.0;0.0;0;0;30.0;24.05;1000000;0;-5.824999809;-35.227500915;40.000;0.00;0.00;0.00;0.00;0.00;0.00;0.00;0.000;0.000;0.00;0.00;0.000;0.000;0.000;0.000;24;0.0000;0.000;0.0000;0.000;0.0000;0.000;0.0000;0.000;0.0000;0.000;0.0000;0.000;0.0000;0.000;0.0000;0.000;0.000000000;0.000000000;0.0000000;0.00;0.00;0.00;4120;0;110;1;0;0;100;0.00;0;0;0;0
;359.74;-0.10;0.67;0.0800;-0.0800;0.0600;-0.011000;-0.002750;1.011750;0.0;0.0;0.0;0;0;29.9;24.03;1000000;0;-5.824999809;-35.227500915;40.000;0.00;0.00;0.00;0.00;0.00;0.00;0.00;0.000;0.000;0.00;0.00;0.000;0.000;0.000;0.000;25;0.0000;0.000;0.0000;0.000;0.0000;0.000;0.0000;0.000;0.0000;0.000;0.0000;0.000;0.0000;0.000;0.0000;0.000;0.000000000;0.000000000;0.0000000;0.00;0.00;0.00;4140;0;110;1;0;0;100;0.00;0;0;0;0
;359.74;-0.10;0.67;0.1000;0.0600;0.0600;-0.014000;-0.002500;1.011000;0.0;0.0;0.0;0;0;29.7;24.05;1000000;0;-5.824999809;-35.227500915;40.000;0.00;0.00;0.00;0.00;0.00;0.00;0.00;0.000;0.000;0.00;0.00;0.000;0.000;0.000;0.000;26;0.0000;0.000;0.0000;0.000;0.0000;0.000;0.0000;0.000;0.0000;0.000;0.0000;0.000;0.0000;0.000;0.0000;0.000;0.000000000;0.000000000;0.0000000;0.00;0.00;0.00;4160;0;110;1;0;0;100;0.00;0;0;0;0
;359.74;-0.10;0.67;0.0800;-0.0800;0.0400;-0.014250;-0.002500;1.010500;0.0;0.0;0.0;0;0;29.9;23.98;1000000;0;-5.824999809;-35.227500915;40.000;0.00;0.00;0.00;0.00;0.00;0.00;0.00;0.000;0.000;0.00;0.00;0.000;0.000;0.000;0.000;27;0.0000;0.000;0.0000;0.000;0.0000;0.000;0.0000;0.000;0.0000;0.000;0.0000;0.000;0.0000;0.000;0.0000;0.000;0.000000000;0.000000000;0.0000000;0.00;0.00;0.00;4180;0;110;1;0;0;100;0.00;0;0;0;0
;359.74;-0.10;0.67;0.0600;-0.0400;0.0200;-0.012750;-0.002000;1.011000;0.0;0.0;0.0;0;0;29.9;23.95;1000000;0;-5.824999809;-35.227500915;40.000;0.00;0.00;0.00;0.00;0.00;0.00;0.00;0.000;0.000;0.00;0.00;0.000;0.000;0.000;0.000;28;0.0000;0.000;0.0000;0.000;0.0000;0.000;0.0000;0.000;0.0000;0.000;0.0000;0.000;0.0000;0.000;0.0000;0.000;0.000000000;0.000000000;0.0000000;0.00;0.00;0.00;4200;0;110;1;0;0;100;0.00;0;0;0;0
;359.74;-0.11;0.67;0.0600;-0.0400;0.0200;-0.010250;-0.002500;1.010500;0.0;0.0;0.0;0;0;30.0;24.06;1000000;0;-5.824999809;-35.227500915;40.000;0.00;0.00;0.00;0.00;0.00;0.00;0.00;0.000;0.000;0.00;0.00;0.000;0.000;0.000;0.000;29;0.0000;0.000;0.0000;0.000;0.0000;0.000;0.0000;0.000;0.0000;0.000;0.0000;0.000;0.0000;0.000;0.0000;0.000;0.000000000;0.000000000;0.0000000;0.00;0.00;0.00;4220;0;110;1;0;0;100;0.00;0;0;0;0
;359.74;-0.11;0.67;0.1000;-0.0400;0.0400;-0.010250;-0.002500;1.010750;0.0;0.0;0.0;0;0;29.9;24.02;1000000;0;-5.824999809;-35.227500915;40.000;0.00;0.00;0.00;0.00;0.00;0.00;0.00;0.000;0.000;0.00;0.00;0.000;0.000;0.000;0.000;30;0.0000;0.000;0.0000;0.000;0.0000;0.000;0.0000;0.000;0.0000;0.000;0.0000;0.000;0.0000;0.000;0.0000;0.000;0.000000000;0.000000000;0.0000000;0.00;0.00;0.00;4240;0;110;1;0;0;100;0.00;0;0;0;0
;359.74;-0.11;0.66;0.0600;-0.0400;0.0600;-0.011750;-0.002500;1.011250;0.0;0.0;0.0;0;0;29.9;23.97;1000000;0;-5.824999809;-35.227500915;40.000;0.00;0.00;0.00;0.00;0.00;0.00;0.00;0.000;0.000;0.00;0.00;0.000;0.000;0.000;0.000;31;0.0000;0.000;0.0000;0.000;0.0000;0.000;0.0000;0.000;0.0000;0.000;0.0000;0.000;0.0000;0.000;0.0000;0.000;0.000000000;0.000000000;0.0000000;0.00;0.00;0.00;4260;0;110;1;0;0;100;0.00;0;0;0;0
;359.74;-0.11;0.67;0.0200;-0.0200;0.0600;-0.013000;-0.002500;1.009750;0.0;0.0;0.0;0;0;29.9;23.99;1000000;0;-5.824999809;-35.227500915;40.000;0.00;0.00;0.00;0.00;0.00;0.00;0.00;0.000;0.000;0.00;0.00;0.000;0.000;0.000;0.000;0;0.0000;0.000;0.0000;0.000;0.0000;0.000;0.0000;0.000;0.0000;0.000;0.0000;0.000;0.0000;0.000;0.0000;0.000;0.000000000;0.000000000;0.0000000;0.00;0.00;0.00;4280;0;110;1;0;0;100;0.00;0;0;0;0
;359.73;-0.11;0.67;0.0200;0.0400;0.0400;-0.013500;-0.001750;1.010750;0.0;0.0;0.0;0;0;30.1;23.92;1000000;0;-5.824999809;-35.227500915;40.000;0.00;0.00;0.00;0.00;0.00;0.00;0.00;0.000;0.000;0.00;0.00;0.000;0.000;0.000;0.000;1;0.0000;0.000;0.0000;0.000;0.0000;0.000;0.0000;0.000;0.0000;0.000;0.0000;0.000;0.0000;0.000;0.0000;0.000;0.000000000;0.000000000;0.0000000;0.00;0.00;0.00;4300;0;110;1;0;0;100;0.00;0;0;0;0
;359.73;-0.10;0.67;0.0000;0.0200;0.0800;-0.013750;-0.001500;1.011000;0.0;0.0;0.0;0;0;30.1;24.05;1000000;0;-5.824999809;-35.227500915;40.000;0.00;0.00;0.00;0.00;0.00;0.00;0.00;0.000;0.000;0.00;0.00;0.000;0.000;0.000;0.000;2;0.0000;0.000;0.0000;0.000;0.0000;0.000;0.0000;0.000;0.0000;0.000;0.0000;0.000;0.0000;0.000;0.0000;0.000;0.000000000;0.000000000;0.0000000;0.00;0.00;0.00;4320;0;110;1;0;0;100;0.00;0;0;0;0
;359.73;-0.10;0.67;0.0400;-0.0200;0.0400;-0.011000;-0.002000;1.010500;0.0;0.0;0.0;0;0;30.0;23.98;1000000;0;-5.824999809;-35.227500915;40.000;0.00;0.00;0.00;0.00;0.00;0.00;0.00;0.000;0.000;0.00;0.00;0.000;0.000;0.000;0.000;3;0.0000;0.000;0.0000;0.000;0.0000;0.000;0.0000;0.000;0.0000;0.000;0.0000;0.000;0.0000;0.000;0.0000;0.000;0.000000000;0.000000000;0.0000000;0.00;0.00;0.00;4340;0;110;1;0;0;100;0.00;0;0;0;0
;359.73;-0.10;0.67;0.0400;-0.0600;0.0200;-0.010750;-0.003250;1.010500;0.0;0.0;0.0;0;0;29.6;24.04;1000000;0;-5.824999809;-35.227500915;40.000;0.00;0.00;0.00;0.00;0.00;0.00;0.00;0.000;0.000;0.00;0.00;0.000;0.000;0.000;0.000;4;0.0000;0.000;0.0000;0.000;0.0000;0.000;0.0000;0.000;0.0000;0.000;0.0000;0.000;0.0000;0.000;0.0000;0.000;0.000000000;0.000000000;0.0000000;0.00;0.00;0.00;4360;0;110;1;0;0;100;0.00;0;0;0;0
;359.73;-0.10;0.66;0.0600;-0.0800;0.0600;-0.011750;-0.002250;1.010750;0.0;0.0;0.0;0;0;29.9;23.93;1000000;0;-5.824999809;-35.227500915;40.000;0.00;0.00;0.00;0.00;0.00;0.00;0.00;0.000;0.000;0.00;0.00;0.000;0.000;0.000;0.000;5;0.0000;0.000;0.0000;0.000;0.0000;0.000;0.0000;0.000;0.0000;0.000;0.0000;0.000;0.0000;0.000;0.0000;0.000;0.000000000;0.000000000;0.0000000;0.00;0.00;0.00;4380;0;110;1;0;0;100;0.00;0;0;0;0
;359.73;-0.10;0.67;0.0400;0.0200;0.0400;-0.012500;-0.002500;1.010750;0.0;0.0;0.0;0;0;30.0;24.02;1000000;0;-5.824999809;-35.227500915;40.000;0.00;0.00;0.00;0.00;0.00;0.00;0.00;0.000;0.000;0.00;0.00;0.000;0.000;0.000;0.000;6;0.0000;0.000;0.0000;0.000;0.0000;0.000;0.0000;0.000;0.0000;0.000;0.0000;0.000;0.0000;0.000;0.0000;0.000;0.000000000;0.000000000;0.0000000;0.00;0.00;0.00;4400;0;110;1;0;0;100;0.00;0;0;0;0
;359.73;-0.10;0.67;0.0600;0.0000;0.0200;-0.013250;-0.002250;1.010250;0.0;0.0;0.0;0;0;30.0;24.04;1000000;0;-5.824999809;-35.227500915;40.000;0.00;0.00;0.00;0.00;0.00;0.00;0.00;0.000;0.000;0.00;0.00;0.000;0.000;0.000;0.000;7;0.0000;0.000;0.0000;0.000;0.0000;0.000;0.0000;0.000;0.0000;0.000;0.0000;0.000;0.0000;0.000;0.0000;0.000;0.000000000;0.000000000;0.0000000;0.00;0.00;0.00;4420;0;110;1;0;0;100;0.00;0;0;0;0
;359.73;-0.10;0.67;0.0600;-0.0200;0.0200;-0.012250;-0.002500;1.010250;0.0;0.0;0.0;0;0;30.0;23.91;1000000;0;-5.824999809;-35.227500915;40.000;0.00;0.00;0.00;0.00;0.00;0.00;0.00;0.000;0.000;0.00;0.00;0.000;0.000;0.000;0.000;8;0.0000;0.000;0.0000;0.000;0.0000;0.000;0.0000;0.000;0.0000;0.000;0.0000;0.000;0.0000;0.000;0.0000;0.000;0.000000000;0.000000000;0.0000000;0.00;0.00;0.00;4440;0;110;1;0;0;100;0.00;0;0;0;0
;359.73;-0.10;0.67;0.0400;-0.0200;0.0000;-0.011250;-0.002000;1.010750;0.0;0.0;0.0;0;0;29.9;24.05;1000000;0;-5.824999809;-35.227500915;40.000;0.00;0.00;0.00;0.00;0.00;0.00;0.00;0.000;0.000;0.00;0.00;0.000;0.000;0.000;0.000;9;0.0000;0.000;0.0000;0.000;0.0000;0.000;0.0000;0.000;0.0000;0.000;0.0000;0.000;0.0000;0.000;0.0000;0.000;0.000000000;0.000000000;0.0000000;0.00;0.00;0.00;4460;0;110;1;0;0;100;0.00;0;0;0;0
;359.73;-0.10;0.67;0.0600;-0.0200;0.0600;-0.010000;-0.002750;1.011250;0.0;0.0;0.0;0;0;29.9;23.94;1000000;0;-5.824999809;-35.227500915;40.000;0.00;0.00;0.00;0.00;0.00;0.00;0.00;0.000;0.000;0.00;0.00;0.000;0.000;0.000;0.000;10;0.0000;0.000;0.0000;0.000;0.0000;0.000;0.0000;0.000;0.0000;0.000;0.0000;0.000;0.0000;0.000;0.0000;0.000;0.000000000;0.000000000;0.0000000;0.00;0.00;0.00;4480;0;110;1;0;0;100;0.00;0;0;0;0
;359.73;-0.10;0.66;0.0800;0.0200;0.0200;-0.011250;-0.002000;1.010500;0.0;0.0;0.0;0;0;30.1;24.08;1000000;0;-5.824999809;-35.227500915;40.000;0.00;0.00;0.00;0.00;0.00;0.00;0.00;0.000;0.000;0.00;0.00;0.000;0.000;0.000;0.000;11;0.0000;0.000;0.0000;0.000;0.0000;0.000;0.0000;0.000;0.0000;0.000;0.0000;0.000;0.0000;0.000;0.0000;0.000;0.000000000;0.000000000;0.0000000;0.00;0.00;0.00;4500;0;110;1;0;0;100;0.00;0;0;0;0
;359.73;-0.10;0.67;0.0600;-0.0400;0.0600;-0.013250;-0.002000;1.010750;0.0;0.0;0.0;0;0;29.9;23.91;1000000;0;-5.824999809;-35.227500915;40.000;0.00;0.00;0.00;0.00;0.00;0.00;0.00;0.000;0.000;0.00;0.00;0.000;0.000;0.000;0.000;12;0.0000;0.000;0.0000;0.000;0.0000;0.000;0.0000;0.000;0.0000;0.000;0.0000;0.000;0.0000;0.000;0.0000;0.000;0.000000000;0.000000000;0.0000000;0.00;0.00;0.00;4520;0;110;1;0;0;100;0.00;0;0;0;0
;359.73;-0.10;0.67;0.0400;-0.0600;0.0200;-0.013250;-0.003250;1.010250;0.0;0.0;0.0;0;0;30.0;24.08;1000000;0;-5.824999809;-35.227500915;40.000;0.00;0.00;0.00;0.00;0.00;0.00;0.00;0.000;0.000;0.00;0.00;0.000;0.000;0.000;0.000;13;0.0000;0.000;0.0000;0.000;0.0000;0.000;0.0000;0.000;0.0000;0.000;0.0000;0.000;0.0000;0.000;0.0000;0.000;0.000000000;0.000000000;0.0000000;0.00;0.00;0.00;4540;0;110;1;0;0;100;0.00;0;0;0;0
;359.72;-0.10;0.66;0.0400;-0.0400;0.1000;-0.011500;-0.002250;1.010750;0.0;0.0;0.0;0;0;29.9;23.99;1000000;0;-5.824999809;-35.227500915;40.000;0.00;0.00;0.00;0.00;0.00;0.00;0.00;0.000;0.000;0.00;0.00;0.000;0.000;0.000;0.000;14;0.0000;0.000;0.0000;0.000;0.0000;0.000;0.0000;0.000;0.0000;0.000;0.0000;0.000;0.0000;0.000;0.0000;0.000;0.000000000;0.000000000;0.0000000;0.00;0.00;0.00;4560;0;110;1;0;0;100;0.00;0;0;0;0
;359.72;-0.10;0.66;0.0600;-0.0200;0.0200;-0.011500;-0.002250;1.010750;0.0;0.0;0.0;0;0;30.0;23.99;1000000;0;-5.824999809;-35.227500915;40.000;0.00;0.00;0.00;0.00;0.00;0.00;0.00;0.000;0.000;0.00;0.00;0.000;0.000;0.000;0.000;15;0.0000;0.000;0.0000;0.000;0.0000;0.000;0.0000;0.000;0.0000;0.000;0.0000;0.000;0.0000;0.000;0.0000;0.000;0.000000000;0.000000000;0.0000000;0.00;0.00;0.00;4580;0;110;1;0;0;100;0.00;0;0;0;0
;359.72;-0.11;0.66;0.0600;-0.0600;0.0200;-0.010250;-0.002500;1.010500;0.0;0.0;0.0;0;0;30.0;24.05;1000000;0;-5.824999809;-35.227500915;40.000;0.00;0.00;0.00;0.00;0.00;0.00;0.00;0.000;0.000;0.00;0.00;0.000;0.000;0.000;0.000;16;0.0000;0.000;0.0000;0.000;0.0000;0.000;0.0000;0.000;0.0000;0.000;0.0000;0.000;0.0000;0.000;0.0000;0.000;0.000000000;0.000000000;0.0000000;0.00;0.00;0.00;4600;0;110;1;0;0;100;0.00;0;0;0;0
;359.72;-0.11;0.66;0.0600;0.0000;0.0800;-0.011750;-0.002500;1.011000;0.0;0.0;0.0;0;0;29.9;24.05;1000000;0;-5.824999809;-35.227500915;40.000;0.00;0.00;0.00;0.00;0.00;0.00;0.00;0.000;0.000;0.00;0.00;0.000;0.000;0.000;0.000;17;0.0000;0.000;0.0000;0.000;0.0000;0.000;0.0000;0.000;0.0000;0.000;0.0000;0.000;0.0000;0.000;0.0000;0.000;0.000000000;0.000000000;0.0000000;0.00;0.00;0.00;4620;0;110;1;0;0;100;0.00;0;0;0;0
;359.72;-0.10;0.66;0.0400;-0.0200;0.0400;-0.013500;-0.001500;1.010750;0.0;0.0;0.0;0;0;30.0;24.02;1000000;0;-5.824999809;-35.227500915;40.000;0.00;0.00;0.00;0.00;0.00;0.00;0.00;0.000;0.000;0.00;0.00;0.000;0.000;0.000;0.000;18;0.0000;0.000;0.0000;0.000;0.0000;0.000;0.0000;0.000;0.0000;0.000;0.0000;0.000;0.0000;0.000;0.0000;0.000;0.000000000;0.000000000;0.0000000;0.00;0.00;0.00;4640;0;110;1;0;0;100;0.00;0;0;0;0
;359.72;-0.10;0.66;0.0400;0.0000;0.0400;-0.013500;-0.002000;1.010250;0.0;0.0;0.0;0;0;29.9;24.06;1000000;0;-5.824999809;-35.227500915;40.000;0.00;0.00;0.00;0.00;0.00;0.00;0.00;0.000;0.000;0.00;0.00;0.000;0.000;0.000;0.000;19;0.0000;0.000;0.0000;0.000;0.0000;0.000;0.0000;0.000;0.0000;0.000;0.0000;0.000;0.0000;0.000;0.0000;0.000;0.000000000;0.000000000;0.0000000;0.00;0.00;0.00;4660;0;110;1;0;0;100;0.00;0;0;0;0
;359.72;-0.10;0.66;0.0400;-0.0600;0.0600;-0.012500;-0.002000;1.010750;0.0;0.0;0.0;0;0;30.0;24.04;1000000;0;-5.824999809;-35.227500915;40.000;0.00;0.00;0.00;0.00;0.00;0.00;0.00;0.000;0.000;0.00;0.00;0.000;0.000;0.000;0.000;20;0.0000;0.000;0.0000;0.000;0.0000;0.000;0.0000;0.000;0.0000;0.000;0.0000;0.000;0.0000;0.000;0.0000;0.000;0.000000000;0.000000000;0.0000000;0.00;0.00;0.00;4680;0;110;1;0;0;100;0.00;0;0;0;0
;359.72;-0.10;0.66;0.0600;-0.0400;0.0000;-0.010750;-0.002500;1.010750;0.0;0.0;0.0;0;0;30.0;23.96;1000000;0;-5.824999809;-35.227500915;40.000;0.00;0.00;0.00;0.00;0.00;0.00;0.00;0.000;0.000;0.00;0.00;0.000;0.000;0.000;0.000;21;0.0000;0.000;0.0000;0.000;0.0000;0.000;0.0000;0.000;0.0000;0.000;0.0000;0.000;0.0000;0.000;0.0000;0.000;0.000000000;0.000000000;0.0000000;0.00;0.00;0.00;4700;0;110;1;0;0;100;0.00;0;0;0;0
;359.72;-0.10;0.66;0.0800;0.0000;0.0400;-0.011000;-0.002500;1.011000;0.0;0.0;0.0;0;0;30.0;24.05;1000000;0;-5.824999809;-35.227500915;40.000;0.00;0.00;0.00;0.00;0.00;0.00;0.00;0.000;0.000;0.00;0.00;0.000;0.000;0.000;0.000;22;0.0000;0.000;0.0000;0.000;0.0000;0.000;0.0000;0.000;0.0000;0.000;0.0000;0.000;0.0000;0.000;0.0000;0.000;0.000000000;0.000000000;0.0000000;0.00;0.00;0.00;4720;0;110;1;0;0;100;0.00;0;0;0;0
;359.72;-0.11;0.66;0.0400;0.0000;0.0400;-0.012000;-0.002250;1.010750;0.0;0.0;0.0;0;0;30.0;24.09;1000000;0;-5.824999809;-35.227500915;40.000;0.00;0.00;0.00;0.00;0.00;0.00;0.00;0.000;0.000;0.00;0.00;0.000;0.000;0.000;0.000;23;0.0000;0.000;0.0000;0.000;0.0000;0.000;0.0000;0.000;0.0000;0.000;0.0000;0.000;0.0000;0.000;0.0000;0.000;0.000000000;0.000000000;0.0000000;0.00;0.00;0.00;4740;0;110;1;0;0;100;0.00;0;0;0;0
;359.72;-0.11;0.66;0.0200;-0.0200;0.0600;-0.013750;-0.002250;1.011000;0.0;0.0;0.0;0;0;30.0;24.12;1000000;0;-5.824999809;-35.227500915;40.000;0.00;0.00;0.00;0.00;0.00;0.00;0.00;0.000;0.000;0.00;0.00;0.000;0.000;0.000;0.000;24;0.0000;0.000;0.0000;0.000;0.0000;0.000;0.0000;0.000;0.0000;0.000;0.0000;0.000;0.0000;0.000;0.0000;0.000;0.000000000;0.000000000;0.0000000;0.00;0.00;0.00;4760;0;110;1;0;0;100;0.00;0;0;0;0
;359.71;-0.10;0.67;0.0400;-0.0200;0.0800;-0.013000;-0.001750;1.010750;0.0;0.0;0.0;0;0;29.9;23.98;1000000;0;-5.824999809;-35.227500915;40.000;0.00;0.00;0.00;0.00;0.00;0.00;0.00;0.000;0.000;0.00;0.00;0.000;0.000;0.000;0.000;25;0.0000;0.000;0.0000;0.000;0.0000;0.000;0.0000;0.000;0.0000;0.000;0.0000;0.000;0.0000;0.000;0.0000;0.000;0.000000000;0.000000000;0.0000000;0.00;0.00;0.00;4780;0;110;1;0;0;100;0.00;0;0;0;0
;359.71;-0.11;0.67;0.0400;-0.0600;0.0200;-0.011750;-0.002500;1.010750;0.0;0.0;0.0;0;0;30.0;23.91;1000000;0;-5.824999809;-35.227500915;40.000;0.00;0.00;0.00;0.00;0.00;0.00;0.00;0.000;0.000;0.00;0.00;0.000;0.000;0.000;0.000;26;0.0000;0.000;0.0000;0.000;0.0000;0.000;0.0000;0.000;0.0000;0.000;0.0000;0.000;0.0000;0.000;0.0000;0.000;0.000000000;0.000000000;0.0000000;0.00;0.00;0.00;4800;0;110;1;0;0;100;0.00;0;0;0;0
;359.71;-0.10;0.66;0.0600;-0.0200;0.0400;-0.010750;-0.002500;1.011250;0.0;0.0;0.0;0;0;30.0;23.91;1000000;0;-5.824999809;-35.227500915;40.000;0.00;0.00;0.00;0.00;0.00;0.00;0.00;0.000;0.000;0.00;0.00;0.000;0.000;0.000;0.000;27;0.0000;0.000;0.0000;0.000;0.0000;0.000;0.0000;0.000;0.0000;0.000;0.0000;0.000;0.0000;0.000;0.0000;0.000;0.000000000;0.000000000;0.0000000;0.00;0.00;0.00;4820;0;110;1;0;0;100;0.00;0;0;0;0
;359.71;-0.11;0.66;0.0400;-0.1000;0.0200;-0.011500;-0.002500;1.010000;0.0;0.0;0.0;0;0;30.0;23.99;1000000;0;-5.824999809;-35.227500915;40.000;0.00;0.00;0.00;0.00;0.00;0.00;0.00;0.000;0.000;0.00;0.00;0.000;0.000;0.000;0.000;28;0.0000;0.000;0.0000;0.000;0.0000;0.000;0.0000;0.000;0.0000;0.000;0.0000;0.000;0.0000;0.000;0.0000;0.000;0.000000000;0.000000000;0.0000000;0.00;0.00;0.00;4840;0;110;1;0;0;100;0.00;0;0;0;0
;359.71;-0.11;0.66;0.0200;-0.0600;0.0200;-0.012000;-0.002250;1.010500;0.0;0.0;0.0;0;0;30.0;24.07;1000000;0;-5.824999809;-35.227500915;40.000;0.00;0.00;0.00;0.00;0.00;0.00;0.00;0.000;0.000;0.00;0.00;0.000;0.000;0.000;0.000;29;0.0000;0.000;0.0000;0.000;0.0000;0.000;0.0000;0.000;0.0000;0.000;0.0000;0.000;0.0000;0.000;0.0000;0.000;0.000000000;0.000000000;0.0000000;0.00;0.00;0.00;4860;0;110;1;0;0;100;0.00;0;0;0;0
;359.71;-0.11;0.66;0.0600;-0.1000;0.0200;-0.013000;-0.002250;1.010250;0.0;0.0;0.0;0;0;29.9;23.92;1000000;0;-5.824999809;-35.227500915;40.000;0.00;0.00;0.00;0.00;0.00;0.00;0.00;0.000;0.000;0.00;0.00;0.000;0.000;0.000;0.000;30;0.0000;0.000;0.0000;0.000;0.0000;0.000;0.0000;0.000;0.0000;0.000;0.0000;0.000;0.0000;0.000;0.0000;0.000;0.000000000;0.000000000;0.0000000;0.00;0.00;0.00;4880;0;110;1;0;0;100;0.00;0;0;0;0
;359.71;-0.11;0.66;0.0600;0.0000;0.0200;-0.012500;-0.002500;1.011250;0.0;0.0;0.0;0;0;30.1;24.06;1000000;0;-5.824999809;-35.227500915;40.000;0.00;0.00;0.00;0.00;0.00;0.00;0.00;0.000;0.000;0.00;0.00;0.000;0.000;0.000;0.000;31;0.0000;0.000;0.0000;0.000;0.0000;0.000;0.0000;0.000;0.0000;0.000;0.0000;0.000;0.0000;0.000;0.0000;0.000;0.000000000;0.000000000;0.0000000;0.00;0.00;0.00;4900;0;110;1;0;0;100;0.00;0;0;0;0
;359.71;-0.11;0.66;0.0600;-0.0400;0.0200;-0.012000;-0.002250;1.010750;0.0;0.0;0.0;0;0;29.9;24.04;1000000;0;-5.824999809;-35.227500915;40.000;0.00;0.00;0.00;0.00;0.00;0.00;0.00;0.000;0.000;0.00;0.00;0.000;0.000;0.000;0.000;0;0.0000;0.000;0.0000;0.000;0.0000;0.000;0.0000;0.000;0.0000;0.000;0.0000;0.000;0.0000;0.000;0.0000;0.000;0.000000000;0.000000000;0.0000000;0.00;0.00;0.00;4920;0;110;1;0;0;100;0.00;0;0;0;0
;359.71;-0.11;0.66;0.0200;-0.1000;0.0200;-0.012000;-0.002250;1.011000;0.0;0.0;0.0;0;0;29.9;23.96;1000000;0;-5.824999809;-35.227500915;40.000;0.00;0.00;0.00;0.00;0.00;0.00;0.00;0.000;0.000;0.00;0.00;0.000;0.000;0.000;0.000;1;0.0000;0.000;0.0000;0.000;0.0000;0.000;0.0000;0.000;0.0000;0.000;0.0000;0.000;0.0000;0.000;0.0000;0.000;0.000000000;0.000000000;0.0000000;0.00;0.00;0.00;4940;0;110;1;0;0;100;0.00;0;0;0;0
;359.71;-0.11;0.66;0.0600;-0.0200;0.0400;-0.012000;-0.002250;1.010500;0.0;0.0;0.0;0;0;30.0;23.91;1000000;0;-5.824999809;-35.227500915;40.000;0.00;0.00;0.00;0.00;0.00;0.00;0.00;0.000;0.000;0.00;0.00;0.000;0.000;0.000;0.000;2;0.0000;0.000;0.0000;0.000;0.0000;0.000;0.0000;0.000;0.0000;0.000;0.0000;0.000;0.0000;0.000;0.0000;0.000;0.000000000;0.000000000;0.0000000;0.00;0.00;0.00;4960;0;110;1;0;0;100;0.00;0;0;0;0
;359.71;-0.11;0.66;0.0600;0.0000;0.0800;-0.012250;-0.002250;1.010250;0.0;0.0;0.0;0;0;29.6;24.02;1000000;0;-5.824999809;-35.227500915;40.000;0.00;0.00;0.00;0.00;0.00;0.00;0.00;0.000;0.000;0.00;0.00;0.000;0.000;0.000;0.000;3;0.0000;0.000;0.0000;0.000;0.0000;0.000;0.0000;0.000;0.0000;0.000;0.0000;0.000;0.0000;0.000;0.0000;0.000;0.000000000;0.000000000;0.0000000;0.00;0.00;0.00;4980;0;110;1;0;0;100;0.00;0;0;0;0
;359.71;-0.11;0.66;0.0600;0.0200;0.0600;-0.012000;-0.002000;1.010750;0.0;0.0;0.0;0;0;29.6;23.91;1000000;0;-5.824999809;-35.227500915;40.000;0.00;0.00;0.00;0.00;0.00;0.00;0.00;0.000;0.000;0.00;0.00;0.000;0.000;0.000;0.000;4;0.0000;0.000;0.0000;0.000;0.0000;0.000;0.0000;0.000;0.0000;0.000;0.0000;0.000;0.0000;0.000;0.0000;0.000;0.000000000;0.000000000;0.0000000;0.00;0.00;0.00;5000;0;110;1;0;0;100;0.00;0;0;0;64
;359.71;-0.11;0.67;0.0200;-0.0400;0.0400;-0.012250;-0.002250;1.010250;0.0;0.0;0.0;0;0;30.0;23.95;1000000;0;-5.824999809;-35.227500915;40.000;0.00;0.00;0.00;0.00;0.00;0.00;0.00;0.000;0.000;0.00;0.00;0.000;0.000;0.000;0.000;5;0.0000;0.000;0.0000;0.000;0.0000;0.000;0.0000;0.000;0.0000;0.000;0.0000;0.000;0.0000;0.000;0.0000;0.000;0.000000000;0.000000000;0.0000000;0.00;0.00;0.00;5020;0;110;1;0;0;100;0.00;0;0;0;0
;359.71;-0.11;0.67;0.0600;-0.1000;0.0000;-0.012250;-0.002750;1.011000;0.0;0.0;0.0;0;0;30.1;24.05;1000000;0;-5.824999809;-35.227500915;40.000;0.00;0.00;0.00;0.00;0.00;0.00;0.00;0.000;0.000;0.00;0.00;0.000;0.000;0.000;0.000;6;0.0000;0.000;0.0000;0.000;0.0000;0.000;0.0000;0.000;0.0000;0.000;0.0000;0.000;0.0000;0.000;0.0000;0.000;0.000000000;0.000000000;0.0000000;0.00;0.00;0.00;5040;0;110;1;0;0;100;0.00;0;0;0;0
;359.71;-0.11;0.67;0.0600;0.0400;0.0400;-0.012000;-0.002250;1.010500;0.0;0.0;0.0;0;0;30.0;24.06;1000000;0;-5.824999809;-35.227500915;40.000;0.00;0.00;0.00;0.00;0.00;0.00;0.00;0.000;0.000;0.00;0.00;0.000;0.000;0.000;0.000;7;0.0000;0.000;0.0000;0.000;0.0000;0.000;0.0000;0.000;0.0000;0.000;0.0000;0.000;0.0000;0.000;0.0000;0.000;0.000000000;0.000000000;0.0000000;0.00;0.00;0.00;5060;0;110;1;0;0;100;0.00;0;0;0;0
;359.70;-0.11;0.67;0.0600;0.0400;0.0200;-0.012500;-0.003000;1.010500;0.0;0.0;0.0;0;0;30.0;24.01;1000000;0;-5.824999809;-35.227500915;40.000;0.00;0.00;0.00;0.00;0.00;0.00;0.00;0.000;0.000;0.00;0.00;0.000;0.000;0.000;0.000;8;0.0000;0.000;0.0000;0.000;0.0000;0.000;0.0000;0.000;0.0000;0.000;0.0000;0.000;0.0000;0.000;0.0000;0.000;0.000000000;0.000000000;0.0000000;0.00;0.00;0.00;5080;0;110;1;0;0;100;0.00;0;0;0;0
;359.70;-0.11;0.67;0.1000;-0.0400;0.0600;-0.011750;-0.001750;1.011000;0.0;0.0;0.0;0;0;29.9;24.15;1000000;0;-5.824999809;-35.227500915;40.000;0.00;0.00;0.00;0.00;0.00;0.00;0.00;0.000;0.000;0.00;0.00;0.000;0.000;0.000;0.000;9;0.0000;0.000;0.0000;0.000;0.0000;0.000;0.0000;0.000;0.0000;0.000;0.0000;0.000;0.0000;0.000;0.0000;0.000;0.000000000;0.000000000;0.0000000;0.00;0.00;0.00;5100;0;110;1;0;0;100;0.00;0;0;0;0
;359.70;-0.11;0.67;0.0600;-0.0800;0.0600;-0.012250;-0.002250;1.010500;0.0;0.0;0.0;0;0;30.0;23.93;1000000;0;-5.824999809;-35.227500915;40.000;0.00;0.00;0.00;0.00;0.00;0.00;0.00;0.000;0.000;0.00;0.00;0.000;0.000;0.000;0.000;10;0.0000;0.000;0.0000;0.000;0.0000;0.000;0.0000;0.000;0.0000;0.000;0.0000;0.000;0.0000;0.000;0.0000;0.000;0.000000000;0.000000000;0.0000000;0.00;0.00;0.00;5120;0;110;1;0;0;100;0.00;0;0;0;0
;359.70;-0.11;0.67;0.0400;-0.0600;0.0400;-0.012500;-0.002750;1.010250;0.0;0.0;0.0;0;0;30.0;23.97;1000000;0;-5.824999809;-35.227500915;40.000;0.00;0.00;0.00;0.00;0.00;0.00;0.00;0.000;0.000;0.00;0.00;0.000;0.000;0.000;0.000;11;0.0000;0.000;0.0000;0.000;0.0000;0.000;0.0000;0.000;0.0000;0.000;0.0000;0.000;0.0000;0.000;0.0000;0.000;0.000000000;0.000000000;0.0000000;0.00;0.00;0.00;5140;0;110;1;0;0;100;0.00;0;0;0;0
;359.70;-0.11;0.66;0.0400;0.0000;0.0400;-0.011250;-0.002750;1.010750;0.0;0.0;0.0;0;0;29.7;24.02;1000000;0;-5.824999809;-35.227500915;40.000;0.00;0.00;0.00;0.00;0.00;0.00;0.00;0.000;0.000;0.00;0.00;0.000;0.000;0.000;0.000;12;0.0000;0.000;0.0000;0.000;0.0000;0.000;0.0000;0.000;0.0000;0.000;0.0000;0.000;0.0000;0.000;0.0000;0.000;0.000000000;0.000000000;0.0000000;0.00;0.00;0.00;5160;0;110;1;0;0;100;0.00;0;0;0;0
;359.70;-0.11;0.66;0.0200;-0.0400;0.0400;-0.012000;-0.002000;1.010500;0.0;0.0;0.0;0;0;30.0;24.01;1000000;0;-5.824999809;-35.227500915;40.000;0.00;0.00;0.00;0.00;0.00;0.00;0.00;0.000;0.000;0.00;0.00;0.000;0.000;0.000;0.000;13;0.0000;0.000;0.0000;0.000;0.0000;0.000;0.0000;0.000;0.0000;0.000;0.0000;0.000;0.0000;0.000;0.0000;0.000;0.000000000;0.000000000;0.0000000;0.00;0.00;0.00;5180;0;110;1;0;0;100;0.00;0;0;0;0
;359.70;-0.11;0.67;0.0400;-0.0600;0.0600;-0.012500;-0.002750;1.011000;0.0;0.0;0.0;0;0;30.1;24.03;1000000;0;-5.824999809;-35.227500915;40.000;0.00;0.00;0.00;0.00;0.00;0.00;0.00;0.000;0.000;0.00;0.00;0.000;0.000;0.000;0.000;14;0.0000;0.000;0.0000;0.000;0.0000;0.000;0.0000;0.000;0.0000;0.000;0.0000;0.000;0.0000;0.000;0.0000;0.000;0.000000000;0.000000000;0.0000000;0.00;0.00;0.00;5200;0;110;1;0;0;100;0.00;0;0;0;0
;359.70;-0.11;0.67;0.0400;0.0400;0.0800;-0.012750;-0.002250;1.010250;0.0;0.0;0.0;0;0;30.0;24.17;1000000;0;-5.824999809;-35.227500915;40.000;0.00;0.00;0.00;0.00;0.00;0.00;0.00;0.000;0.000;0.00;0.00;0.000;0.000;0.000;0.000;15;0.0000;0.000;0.0000;0.000;0.0000;0.000;0.0000;0.000;0.0000;0.000;0.0000;0.000;0.0000;0.000;0.0000;0.000;0.000000000;0.000000000;0.0000000;0.00;0.00;0.00;5220;0;110;1;0;0;100;0.00;0;0;0;0
;359.70;-0.11;0.67;0.0600;-0.0400;0.0600;-0.013000;-0.002000;1.010500;0.0;0.0;0.0;0;0;30.0;24.09;1000000;0;-5.824999809;-35.227500915;40.000;0.00;0.00;0.00;0.00;0.00;0.00;0.00;0.000;0.000;0.00;0.00;0.000;0.000;0.000;0.000;16;0.0000;0.000;0.0000;0.000;0.0000;0.000;0.0000;0.000;0.0000;0.000;0.0000;0.000;0.0000;0.000;0.0000;0.000;0.000000000;0.000000000;0.0000000;0.00;0.00;0.00;5240;0;110;1;0;0;100;0.00;0;0;0;0
;359.70;-0.11;0.67;0.0800;-0.0800;0.0200;-0.012000;-0.001750;1.010500;0.0;0.0;0.0;0;0;30.0;24.06;1000000;0;-5.824999809;-35.227500915;40.000;0.00;0.00;0.00;0.00;0.00;0.00;0.00;0.000;0.000;0.00;0.00;0.000;0.000;0.000;0.000;17;0.0000;0.000;0.0000;0.000;0.0000;0.000;0.0000;0.000;0.0000;0.000;0.0000;0.000;0.0000;0.000;0.0000;0.000;0.000000000;0.000000000;0.0000000;0.00;0.00;0.00;5260;0;110;1;0;0;100;0.00;0;0;0;0
;359.70;-0.11;0.67;0.0400;0.0000;0.0200;-0.011500;-0.002500;1.010750;0.0;0.0;0.0;0;0;30.0;24.15;1000000;0;-5.824999809;-35.227500915;40.000;0.00;0.00;0.00;0.00;0.00;0.00;0.00;0.000;0.000;0.00;0.00;0.000;0.000;0.000;0.000;18;0.0000;0.000;0.0000;0.000;0.0000;0.000;0.0000;0.000;0.0000;0.000;0.0000;0.000;0.0000;0.000;0.0000;0.000;0.000000000;0.000000000;0.0000000;0.00;0.00;0.00;5280;0;110;1;0;0;100;0.00;0;0;0;0
;359.69;-0.11;0.67;0.0800;0.0600;0.0600;-0.011500;-0.002500;1.010250;0.0;0.0;0.0;0;0;30.0;24.17;1000000;0;-5.824999809;-35.227500915;40.000;0.00;0.00;0.00;0.00;0.00;0.00;0.00;0.000;0.000;0.00;0.00;0.000;0.000;0.000;0.000;19;0.0000;0.000;0.0000;0.000;0.0000;0.000;0.0000;0.000;0.0000;0.000;0.0000;0.000;0.0000;0.000;0.0000;0.000;0.000000000;0.000000000;0.0000000;0.00;0.00;0.00;5300;0;110;1;0;0;100;0.00;0;0;0;0
;359.69;-0.11;0.67;0.0400;-0.0600;0.0800;-0.012000;-0.002250;1.011250;0.0;0.0;0.0;0;0;30.2;24.15;1000000;0;-5.824999809;-35.227500915;40.000;0.00;0.00;0.00;0.00;0.00;0.00;0.00;0.000;0.000;0.00;0.00;0.000;0.000;0.000;0.000;20;0.0000;0.000;0.0000;0.000;0.0000;0.000;0.0000;0.000;0.0000;0.000;0.0000;0.000;0.0000;0.000;0.0000;0.000;0.000000000;0.000000000;0.0000000;0.00;0.00;0.00;5320;0;110;1;0;0;100;0.00;0;0;0;0
;359.69;-0.11;0.67;0.0200;-0.0600;0.0400;-0.012500;-0.001750;1.010250;0.0;0.0;0.0;0;0;29.9;24.17;1000000;0;-5.824999809;-35.227500915;40.000;0.00;0.00;0.00;0.00;0.00;0.00;0.00;0.000;0.000;0.00;0.00;0.000;0.000;0.000;0.000;21;0.0000;0.000;0.0000;0.000;0.0000;0.000;0.0000;0.000;0.0000;0.000;0.0000;0.000;0.0000;0.000;0.0000;0.000;0.000000000;0.000000000;0.0000000;0.00;0.00;0.00;5340;0;110;1;0;0;100;0.00;0;0;0;0
;359.69;-0.11;0.67;0.0400;0.0400;0.0600;-0.013250;-0.002750;1.011000;0.0;0.0;0.0;0;0;30.0;24.17;1000000;0;-5.824999809;-35.227500915;40.000;0.00;0.00;0.00;0.00;0.00;0.00;0.00;0.000;0.000;0.00;0.00;0.000;0.000;0.000;0.000;22;0.0000;0.000;0.0000;0.000;0.0000;0.000;0.0000;0.000;0.0000;0.000;0.0000;0.000;0.0000;0.000;0.0000;0.000;0.000000000;0.000000000;0.0000000;0.00;0.00;0.00;5360;0;110;1;0;0;100;0.00;0;0;0;0
;359.69;-0.11;0.67;0.0200;-0.0400;0.0400;-0.012750;-0.002500;1.010500;0.0;0.0;0.0;0;0;30.0;24.16;1000000;0;-5.824999809;-35.227500915;40.000;0.00;0.00;0.00;0.00;0.00;0.00;0.00;0.000;0.000;0.00;0.00;0.000;0.000;0.000;0.000;23;0.0000;0.000;0.0000;0.000;0.0000;0.000;0.0000;0.000;0.0000;0.000;0.0000;0.000;0.0000;0.000;0.0000;0.000;0.000000000;0.000000000;0.0000000;0.00;0.00;0.00;5380;0;110;1;0;0;100;0.00;0;0;0;0
;359.69;-0.11;0.67;0.0800;-0.0200;0.0600;-0.012250;-0.002500;1.010000;0.0;0.0;0.0;0;0;30.0;24.05;1000000;0;-5.824999809;-35.227500915;40.000;0.00;0.00;0.00;0.00;0.00;0.00;0.00;0.000;0.000;0.00;0.00;0.000;0.000;0.000;0.000;24;0.0000;0.000;0.0000;0.000;0.0000;0.000;0.0000;0.000;0.0000;0.000;0.0000;0.000;0.0000;0.000;0.0000;0.000;0.000000000;0.000000000;0.0000000;0.00;0.00;0.00;5400;0;110;1;0;0;100;0.00;0;0;0;0
;359.69;-0.11;0.67;0.0200;0.0000;0.0400;-0.012250;-0.002750;1.010250;0.0;0.0;0.0;0;0;30.0;24.10;1000000;0;-5.824999809;-35.227500915;40.000;0.00;0.00;0.00;0.00;0.00;0.00;0.00;0.000;0.000;0.00;0.00;0.000;0.000;0.000;0.000;25;0.0000;0.000;0.0000;0.000;0.0000;0.000;0.0000;0.000;0.0000;0.000;0.0000;0.000;0.0000;0.000;0.0000;0.000;0.000000000;0.000000000;0.0000000;0.00;0.00;0.00;5420;0;110;1;0;0;100;0.00;0;0;0;0
;359.69;-0.11;0.67;0.0400;0.0200;0.0400;-0.011000;-0.002500;1.010750;0.0;0.0;0.0;0;0;30.0;24.07;1000000;0;-5.824999809;-35.227500915;40.000;0.00;0.00;0.00;0.00;0.00;0.00;0.00;0.000;0.000;0.00;0.00;0.000;0.000;0.000;0.000;26;0.0000;0.000;0.0000;0.000;0.0000;0.000;0.0000;0.000;0.0000;0.000;0.0000;0.000;0.0000;0.000;0.0000;0.000;0.000000000;0.000000000;0.0000000;0.00;0.00;0.00;5440;0;110;1;0;0;100;0.00;0;0;0;0
;359.69;-0.11;0.67;0.0600;-0.0400;0.0600;-0.012500;-0.002750;1.010500;0.0;0.0;0.0;0;0;29.9;24.07;1000000;0;-5.824999809;-35.227500915;40.000;0.00;0.00;0.00;0.00;0.00;0.00;0.00;0.000;0.000;0.00;0.00;0.000;0.000;0.000;0.000;27;0.0000;0.000;0.0000;0.000;0.0000;0.000;0.0000;0.000;0.0000;0.000;0.0000;0.000;0.0000;0.000;0.0000;0.000;0.000000000;0.000000000;0.0000000;0.00;0.00;0.00;5460;0;110;1;0;0;100;0.00;0;0;0;0
;359.69;-0.11;0.68;0.0200;0.0000;0.0200;-0.013500;-0.002500;1.010500;0.0;0.0;0.0;0;0;30.0;24.06;1000000;0;-5.824999809;-35.227500915;40.000;0.00;0.00;0.00;0.00;0.00;0.00;0.00;0.000;0.000;0.00;0.00;0.000;0.000;0.000;0.000;28;0.0000;0.000;0.0000;0.000;0.0000;0.000;0.0000;0.000;0.0000;0.000;0.0000;0.000;0.0000;0.000;0.0000;0.000;0.000000000;0.000000000;0.0000000;0.00;0.00;0.00;5480;0;110;1;0;0;100;0.00;0;0;0;0
;359.69;-0.11;0.68;0.0400;-0.1000;0.0400;-0.013250;-0.002000;1.010500;0.0;0.0;0.0;0;0;30.0;24.03;1000000;0;-5.824999809;-35.227500915;40.000;0.00;0.00;0.00;0.00;0.00;0.00;0.00;0.000;0.000;0.00;0.00;0.000;0.000;0.000;0.000;29;0.0000;0.000;0.0000;0.000;0.0000;0.000;0.0000;0.000;0.0000;0.000;0.0000;0.000;0.0000;0.000;0.0000;0.000;0.000000000;0.000000000;0.0000000;0.00;0.00;0.00;5500;0;110;1;0;0;100;0.00;0;0;0;0
;359.68;-0.11;0.68;0.0400;-0.0800;0.0600;-0.012500;-0.002000;1.010750;0.0;0.0;0.0;0;0;30.0;24.21;1000000;0;-5.824999809;-35.227500915;40.000;0.00;0.00;0.00;0.00;0.00;0.00;0.00;0.000;0.000;0.00;0.00;0.000;0.000;0.000;0.000;30;0.0000;0.000;0.0000;0.000;0.0000;0.000;0.0000;0.000;0.0000;0.000;0.0000;0.000;0.0000;0.000;0.0000;0.000;0.000000000;0.000000000;0.0000000;0.00;0.00;0.00;5520;0;110;1;0;0;100;0.00;0;0;0;0
;359.68;-0.11;0.67;0.0600;-0.0400;0.0400;-0.011000;-0.001750;1.010250;0.0;0.0;0.0;0;0;30.0;23.91;1000000;0;-5.824999809;-35.227500915;40.000;0.00;0.00;0.00;0.00;0.00;0.00;0.00;0.000;0.000;0.00;0.00;0.000;0.000;0.000;0.000;31;0.0000;0.000;0.0000;0.000;0.0000;0.000;0.0000;0.000;0.0000;0.000;0.0000;0.000;0.0000;0.000;0.0000;0.000;0.000000000;0.000000000;0.0000000;0.00;0.00;0.00;5540;0;110;1;0;0;100;0.00;0;0;0;0
;359.68;-0.11;0.67;0.0200;-0.0200;0.1200;-0.011250;-0.001750;1.010250;0.0;0.0;0.0;0;0;30.0;24.06;1000000;0;-5.824999809;-35.227500915;40.000;0.00;0.00;0.00;0.00;0.00;0.00;0.00;0.000;0.000;0.00;0.00;0.000;0.000;0.000;0.000;0;0.0000;0.000;0.0000;0.000;0.0000;0.000;0.0000;0.000;0.0000;0.000;0.0000;0.000;0.0000;0.000;0.0000;0.000;0.000000000;0.000000000;0.0000000;0.00;0.00;0.00;5560;0;110;1;0;0;100;0.00;0;0;0;0
;359.68;-0.11;0.67;0.0400;-0.0600;0.0600;-0.012250;-0.002500;1.010750;0.0;0.0;0.0;0;0;30.0;24.16;1000000;0;-5.824999809;-35.227500915;40.000;0.00;0.00;0.00;0.00;0.00;0.00;0.00;0.000;0.000;0.00;0.00;0.000;0.000;0.000;0.000;1;0.0000;0.000;0.0000;0.000;0.0000;0.000;0.0000;0.000;0.0000;0.000;0.0000;0.000;0.0000;0.000;0.0000;0.000;0.000000000;0.000000000;0.0000000;0.00;0.00;0.00;5580;0;110;1;0;0;100;0.00;0;0;0;0
;359.68;-0.11;0.68;0.0800;0.0400;0.0600;-0.012750;-0.002000;1.010250;0.0;0.0;0.0;0;0;30.0;24.06;1000000;0;-5.824999809;-35.227500915;40.000;0.00;0.00;0.00;0.00;0.00;0.00;0.00;0.000;0.000;0.00;0.00;0.000;0.000;0.000;0.000;2;0.0000;0.000;0.0000;0.000;0.0000;0.000;0.0000;0.000;0.0000;0.000;0.0000;0.000;0.0000;0.000;0.0000;0.000;0.000000000;0.000000000;0.0000000;0.00;0.00;0.00;5600;0;110;1;0;0;100;0.00;0;0;0;0
;359.68;-0.11;0.67;0.0600;-0.0600;0.0200;-0.012000;-0.002500;1.010250;0.0;0.0;0.0;0;0;29.9;23.93;1000000;0;-5.824999809;-35.227500915;40.000;0.00;0.00;0.00;0.00;0.00;0.00;0.00;0.000;0.000;0.00;0.00;0.000;0.000;0.000;0.000;3;0.0000;0.000;0.0000;0.000;0.0000;0.000;0.0000;0.000;0.0000;0.000;0.0000;0.000;0.0000;0.000;0.0000;0.000;0.000000000;0.000000000;0.0000000;0.00;0.00;0.00;5620;0;110;1;0;0;100;0.00;0;0;0;0
;359.68;-0.11;0.67;0.0600;-0.0400;0.0400;-0.012250;-0.002500;1.010500;0.0;0.0;0.0;0;0;29.9;24.12;1000000;0;-5.824999809;-35.227500915;40.000;0.00;0.00;0.00;0.00;0.00;0.00;0.00;0.000;0.000;0.00;0.00;0.000;0.000;0.000;0.000;4;0.0000;0.000;0.0000;0.000;0.0000;0.000;0.0000;0.000;0.0000;0.000;0.0000;0.000;0.0000;0.000;0.0000;0.000;0.000000000;0.000000000;0.0000000;0.00;0.00;0.00;5640;0;110;1;0;0;100;0.00;0;0;0;0
;359.68;-0.11;0.67;0.0600;-0.0600;0.0800;-0.012250;-0.001750;1.010250;0.0;0.0;0.0;0;0;30.2;24.00;1000000;0;-5.824999809;-35.227500915;40.000;0.00;0.00;0.00;0.00;0.00;0.00;0.00;0.000;0.000;0.00;0.00;0.000;0.000;0.000;0.000;5;0.0000;0.000;0.0000;0.000;0.0000;0.000;0.0000;0.000;0.0000;0.000;0.0000;0.000;0.0000;0.000;0.0000;0.000;0.000000000;0.000000000;0.0000000;0.00;0.00;0.00;5660;0;110;1;0;0;100;0.00;0;0;0;0
;359.67;-0.11;0.67;0.0600;-0.0200;0.0600;-0.012000;-0.002500;1.011000;0.0;0.0;0.0;0;0;30.0;24.05;1000000;0;-5.824999809;-35.227500915;40.000;0.00;0.00;0.00;0.00;0.00;0.00;0.00;0.000;0.000;0.00;0.00;0.000;0.000;0.000;0.000;6;0.0000;0.000;0.0000;0.000;0.0000;0.000;0.0000;0.000;0.0000;0.000;0.0000;0.000;0.0000;0.000;0.0000;0.000;0.000000000;0.000000000;0.0000000;0.00;0.00;0.00;5680;0;110;1;0;0;100;0.00;0;0;0;0
;359.67;-0.11;0.67;0.0200;-0.0200;0.0000;-0.012250;-0.002500;1.011000;0.0;0.0;0.0;0;0;29.9;24.06;1000000;0;-5.824999809;-35.227500915;40.000;0.00;0.00;0.00;0.00;0.00;0.00;0.00;0.000;0.000;0.00;0.00;0.000;0.000;0.000;0.000;7;0.0000;0.000;0.0000;0.000;0.0000;0.000;0.0000;0.000;0.0000;0.000;0.0000;0.000;0.0000;0.000;0.0000;0.000;0.000000000;0.000000000;0.0000000;0.00;0.00;0.00;5700;0;110;1;0;0;100;0.00;0;0;0;0
;359.67;-0.11;0.67;0.0200;-0.0600;0.0800;-0.012750;-0.001500;1.010750;0.0;0.0;0.0;0;0;29.9;23.94;1000000;0;-5.824999809;-35.227500915;40.000;0.00;0.00;0.00;0.00;0.00;0.00;0.00;0.000;0.000;0.00;0.00;0.000;0.000;0.000;0.000;8;0.0000;0.000;0.0000;0.000;0.0000;0.000;0.0000;0.000;0.0000;0.000;0.0000;0.000;0.0000;0.000;0.0000;0.000;0.000000000;0.000000000;0.0000000;0.00;0.00;0.00;5720;0;110;1;0;0;100;0.00;0;0;0;0
;359.67;-0.11;0.68;0.0200;0.0600;0.0200;-0.012750;-0.002250;1.010500;0.0;0.0;0.0;0;0;30.0;23.92;1000000;0;-5.824999809;-35.227500915;40.000;0.00;0.00;0.00;0.00;0.00;0.00;0.00;0.000;0.000;0.00;0.00;0.000;0.000;0.000;0.000;9;0.0000;0.000;0.0000;0.000;0.0000;0.000;0.0000;0.000;0.0000;0.000;0.0000;0.000;0.0000;0.000;0.0000;0.000;0.000000000;0.000000000;0.0000000;0.00;0.00;0.00;5740;0;110;1;0;0;100;0.00;0;0;0;0
;359.67;-0.11;0.67;0.0600;-0.0800;0.0400;-0.011750;-0.002250;1.010250;0.0;0.0;0.0;0;0;30.0;24.08;1000000;0;-5.824999809;-35.227500915;40.000;0.00;0.00;0.00;0.00;0.00;0.00;0.00;0.000;0.000;0.00;0.00;0.000;0.000;0.000;0.000;10;0.0000;0.000;0.0000;0.000;0.0000;0.000;0.0000;0.000;0.0000;0.000;0.0000;0.000;0.0000;0.000;0.0000;0.000;0.000000000;0.000000000;0.0000000;0.00;0.00;0.00;5760;0;110;1;0;0;100;0.00;0;0;0;0
;359.67;-0.11;0.67;0.0800;0.0000;0.0800;-0.011500;-0.002500;1.010750;0.0;0.0;0.0;0;0;29.9;23.94;1000000;0;-5.824999809;-35.227500915;40.000;0.00;0.00;0.00;0.00;0.00;0.00;0.00;0.000;0.000;0.00;0.00;0.000;0.000;0.000;0.000;11;0.0000;0.000;0.0000;0.000;0.0000;0.000;0.0000;0.000;0.0000;0.000;0.0000;0.000;0.0000;0.000;0.0000;0.000;0.000000000;0.000000000;0.0000000;0.00;0.00;0.00;5780;0;110;1;0;0;100;0.00;0;0;0;0
;359.67;-0.11;0.67;0.0800;-0.0600;0.0600;-0.011250;-0.002500;1.011000;0.0;0.0;0.0;0;0;30.1;24.07;1000000;0;-5.824999809;-35.227500915;40.000;0.00;0.00;0.00;0.00;0.00;0.00;0.00;0.000;0.000;0.00;0.00;0.000;0.000;0.000;0.000;12;0.0000;0.000;0.0000;0.000;0.0000;0.000;0.0000;0.000;0.0000;0.000;0.0000;0.000;0.0000;0.000;0.0000;0.000;0.000000000;0.000000000;0.0000000;0.00;0.00;0.00;5800;0;110;1;0;0;100;0.00;0;0;0;0
;359.67;-0.11;0.67;0.0000;-0.1000;0.0600;-0.012250;-0.001750;1.011000;0.0;0.0;0.0;0;0;30.0;23.94;1000000;0;-5.824999809;-35.227500915;40.000;0.00;0.00;0.00;0.00;0.00;0.00;0.00;0.000;0.000;0.00;0.00;0.000;0.000;0.000;0.000;13;0.0000;0.000;0.0000;0.000;0.0000;0.000;0.0000;0.000;0.0000;0.000;0.0000;0.000;0.0000;0.000;0.0000;0.000;0.000000000;0.000000000;0.0000000;0.00;0.00;0.00;5820;0;110;1;0;0;100;0.00;0;0;0;0
;359.67;-0.11;0.67;0.0600;-0.0800;0.0200;-0.012500;-0.001750;1.010000;0.0;0.0;0.0;0;0;30.0;23.97;1000000;0;-5.824999809;-35.227500915;40.000;0.00;0.00;0.00;0.00;0.00;0.00;0.00;0.000;0.000;0.00;0.00;0.000;0.000;0.000;0.000;14;0.0000;0.000;0.0000;0.000;0.0000;0.000;0.0000;0.000;0.0000;0.000;0.0000;0.000;0.0000;0.000;0.0000;0.000;0.000000000;0.000000000;0.0000000;0.00;0.00;0.00;5840;0;110;1;0;0;100;0.00;0;0;0;0
;359.67;-0.10;0.67;0.0800;-0.0800;0.0800;-0.013250;-0.001500;1.010500;0.0;0.0;0.0;0;0;29.9;23.95;1000000;0;-5.824999809;-35.227500915;40.000;0.00;0.00;0.00;0.00;0.00;0.00;0.00;0.000;0.000;0.00;0.00;0.000;0.000;0.000;0.000;15;0.0000;0.000;0.0000;0.000;0.0000;0.000;0.0000;0.000;0.0000;0.000;0.0000;0.000;0.0000;0.000;0.0000;0.000;0.000000000;0.000000000;0.0000000;0.00;0.00;0.00;5860;0;110;1;0;0;100;0.00;0;0;0;0
;359.66;-0.10;0.67;0.0600;-0.0400;0.0800;-0.012250;-0.001750;1.010750;0.0;0.0;0.0;0;0;30.1;24.07;1000000;0;-5.824999809;-35.227500915;40.000;0.00;0.00;0.00;0.00;0.00;0.00;0.00;0.000;0.000;0.00;0.00;0.000;0.000;0.000;0.000;16;0.0000;0.000;0.0000;0.000;0.0000;0.000;0.0000;0.000;0.0000;0.000;0.0000;0.000;0.0000;0.000;0.0000;0.000;0.000000000;0.000000000;0.0000000;0.00;0.00;0.00;5880;0;110;1;0;0;100;0.00;0;0;0;0
;359.66;-0.10;0.67;0.0600;-0.0200;0.0600;-0.011750;-0.002500;1.010750;0.0;0.0;0.0;0;0;30.3;23.91;1000000;0;-5.824999809;-35.227500915;40.000;0.00;0.00;0.00;0.00;0.00;0.00;0.00;0.000;0.000;0.00;0.00;0.000;0.000;0.000;0.000;17;0.0000;0.000;0.0000;0.000;0.0000;0.000;0.0000;0.000;0.0000;0.000;0.0000;0.000;0.0000;0.000;0.0000;0.000;0.000000000;0.000000000;0.0000000;0.00;0.00;0.00;5900;0;110;1;0;0;100;0.00;0;0;0;0
;359.66;-0.10;0.67;0.0800;0.0400;0.0400;-0.011500;-0.002250;1.010250;0.0;0.0;0.0;0;0;29.6;24.00;1000000;0;-5.824999809;-35.227500915;40.000;0.00;0.00;0.00;0.00;0.00;0.00;0.00;0.000;0.000;0.00;0.00;0.000;0.000;0.000;0.000;18;0.0000;0.000;0.0000;0.000;0.0000;0.000;0.0000;0.000;0.0000;0.000;0.0000;0.000;0.0000;0.000;0.0000;0.000;0.000000000;0.000000000;0.0000000;0.00;0.00;0.00;5920;0;110;1;0;0;100;0.00;0;0;0;0
;359.66;-0.10;0.67;0.0600;-0.0400;0.0400;-0.012500;-0.002500;1.010000;0.0;0.0;0.0;0;0;30.0;23.92;1000000;0;-5.824999809;-35.227500915;40.000;0.00;0.00;0.00;0.00;0.00;0.00;0.00;0.000;0.000;0.00;0.00;0.000;0.000;0.000;0.000;19;0.0000;0.000;0.0000;0.000;0.0000;0.000;0.0000;0.000;0.0000;0.000;0.0000;0.000;0.0000;0.000;0.0000;0.000;0.000000000;0.000000000;0.0000000;0.00;0.00;0.00;5940;0;110;1;0;0;100;0.00;0;0;0;0
;359.66;-0.10;0.67;0.0600;0.0000;0.0400;-0.013250;-0.002500;1.010000;0.0;0.0;0.0;0;0;29.7;23.90;1000000;0;-5.824999809;-35.227500915;40.000;0.00;0.00;0.00;0.00;0.00;0.00;0.00;0.000;0.000;0.00;0.00;0.000;0.000;0.000;0.000;20;0.0000;0.000;0.0000;0.000;0.0000;0.000;0.0000;0.000;0.0000;0.000;0.0000;0.000;0.0000;0.000;0.0000;0.000;0.000000000;0.000000000;0.0000000;0.00;0.00;0.00;5960;0;110;1;0;0;100;0.00;0;0;0;0
;359.66;-0.10;0.67;0.0400;0.0200;0.0600;-0.012500;-0.002250;1.010000;0.0;0.0;0.0;0;0;29.6;23.94;1000000;0;-5.824999809;-35.227500915;40.000;0.00;0.00;0.00;0.00;0.00;0.00;0.00;0.000;0.000;0.00;0.00;0.000;0.000;0.000;0.000;21;0.0000;0.000;0.0000;0.000;0.0000;0.000;0.0000;0.000;0.0000;0.000;0.0000;0.000;0.0000;0.000;0.0000;0.000;0.000000000;0.000000000;0.0000000;0.00;0.00;0.00;5980;0;110;1;0;0;100;0.00;0;0;0;0
;359.66;-0.10;0.67;0.0200;-0.0400;0.0400;-0.011750;-0.002250;1.010250;0.0;0.0;0.0;0;0;30.0;23.98;1000000;0;-5.824999809;-35.227500915;40.000;0.00;0.00;0.00;0.00;0.00;0.00;0.00;0.000;0.000;0.00;0.00;0.000;0.000;0.000;0.000;22;0.0000;0.000;0.0000;0.000;0.0000;0.000;0.0000;0.000;0.0000;0.000;0.0000;0.000;0.0000;0.000;0.0000;0.000;0.000000000;0.000000000;0.0000000;0.00;0.00;0.00;6000;0;110;1;0;0;100;0.00;0;0;0;64
;359.66;-0.11;0.67;0.0400;0.0000;0.0400;-0.011500;-0.002750;1.010500;0.0;0.0;0.0;0;0;29.7;24.12;1000000;0;-5.824999809;-35.227500915;40.000;0.00;0.00;0.00;0.00;0.00;0.00;0.00;0.000;0.000;0.00;0.00;0.000;0.000;0.000;0.000;23;0.0000;0.000;0.0000;0.000;0.0000;0.000;0.0000;0.000;0.0000;0.000;0.0000;0.000;0.0000;0.000;0.0000;0.000;0.000000000;0.000000000;0.0000000;0.00;0.00;0.00;6020;0;110;1;0;0;100;0.00;0;0;0;0
;359.66;-0.10;0.67;0.0400;0.0000;0.0600;-0.012750;-0.002000;1.010000;0.0;0.0;0.0;0;0;29.9;23.93;1000000;0;-5.824999809;-35.227500915;40.000;0.00;0.00;0.00;0.00;0.00;0.00;0.00;0.000;0.000;0.00;0.00;0.000;0.000;0.000;0.000;24;0.0000;0.000;0.0000;0.000;0.0000;0.000;0.0000;0.000;0.0000;0.000;0.0000;0.000;0.0000;0.000;0.0000;0.000;0.000000000;0.000000000;0.0000000;0.00;0.00;0.00;6040;0;110;1;0;0;100;0.00;0;0;0;0
;359.66;-0.11;0.67;0.0200;0.0400;0.1000;-0.011750;-0.002750;1.010250;0.0;0.0;0.0;0;0;29.9;23.98;1000000;0;-5.824999809;-35.227500915;40.000;0.00;0.00;0.00;0.00;0.00;0.00;0.00;0.000;0.000;0.00;0.00;0.000;0.000;0.000;0.000;25;0.0000;0.000;0.0000;0.000;0.0000;0.000;0.0000;0.000;0.0000;0.000;0.0000;0.000;0.0000;0.000;0.0000;0.000;0.000000000;0.000000000;0.0000000;0.00;0.00;0.00;6060;0;110;1;0;0;100;0.00;0;0;0;0
;359.65;-0.11;0.67;0.0200;0.0200;0.0600;-0.012500;-0.002500;1.010250;0.0;0.0;0.0;0;0;29.6;24.01;1000000;0;-5.824999809;-35.227500915;40.000;0.00;0.00;0.00;0.00;0.00;0.00;0.00;0.000;0.000;0.00;0.00;0.000;0.000;0.000;0.000;26;0.0000;0.000;0.0000;0.000;0.0000;0.000;0.0000;0.000;0.0000;0.000;0.0000;0.000;0.0000;0.000;0.0000;0.000;0.000000000;0.000000000;0.0000000;0.00;0.00;0.00;6080;0;110;1;0;0;100;0.00;0;0;0;0
;359.65;-0.11;0.67;0.0800;-0.0800;0.0800;-0.012500;-0.002500;1.011000;0.0;0.0;0.0;0;0;30.0;24.07;1000000;0;-5.824999809;-35.227500915;40.000;0.00;0.00;0.00;0.00;0.00;0.00;0.00;0.000;0.000;0.00;0.00;0.000;0.000;0.000;0.000;27;0.0000;0.000;0.0000;0.000;0.0000;0.000;0.0000;0.000;0.0000;0.000;0.0000;0.000;0.0000;0.000;0.0000;0.000;0.000000000;0.000000000;0.0000000;0.00;0.00;0.00;6100;0;110;1;0;0;100;0.00;0;0;0;0
;359.65;-0.11;0.67;0.0600;-0.0400;0.0400;-0.011000;-0.001750;1.010750;0.0;0.0;0.0;0;0;30.0;24.07;1000000;0;-5.824999809;-35.227500915;40.000;0.00;0.00;0.00;0.00;0.00;0.00;0.00;0.000;0.000;0.00;0.00;0.000;0.000;0.000;0.000;28;0.0000;0.000;0.0000;0.000;0.0000;0.000;0.0000;0.000;0.0000;0.000;0.0000;0.000;0.0000;0.000;0.0000;0.000;0.000000000;0.000000000;0.0000000;0.00;0.00;0.00;6120;0;110;1;0;0;100;0.00;0;0;0;0
;359.65;-0.11;0.67;0.0400;-0.0400;0.0400;-0.012250;-0.002000;1.010750;0.0;0.0;0.0;0;0;29.6;23.98;1000000;0;-5.824999809;-35.227500915;40.000;0.00;0.00;0.00;0.00;0.00;0.00;0.00;0.000;0.000;0.00;0.00;0.000;0.000;0.000;0.000;29;0.0000;0.000;0.0000;0.000;0.0000;0.000;0.0000;0.000;0.0000;0.000;0.0000;0.000;0.0000;0.000;0.0000;0.000;0.000000000;0.000000000;0.0000000;0.00;0.00;0.00;6140;0;110;1;0;0;100;0.00;0;0;0;0
;359.65;-0.11;0.68;0.0600;0.0000;0.0400;-0.012750;-0.002250;1.010250;0.0;0.0;0.0;0;0;30.0;24.02;1000000;0;-5.824999809;-35.227500915;40.000;0.00;0.00;0.00;0.00;0.00;0.00;0.00;0.000;0.000;0.00;0.00;0.000;0.000;0.000;0.000;30;0.0000;0.000;0.0000;0.000;0.0000;0.000;0.0000;0.000;0.0000;0.000;0.0000;0.000;0.0000;0.000;0.0000;0.000;0.000000000;0.000000000;0.0000000;0.00;0.00;0.00;6160;0;110;1;0;0;100;0.00;0;0;0;0
;359.65;-0.11;0.68;0.0000;-0.0600;0.0400;-0.012750;-0.002000;1.010750;0.0;0.0;0.0;0;0;30.2;23.93;1000000;0;-5.824999809;-35.227500915;40.000;0.00;0.00;0.00;0.00;0.00;0.00;0.00;0.000;0.000;0.00;0.00;0.000;0.000;0.000;0.000;31;0.0000;0.000;0.0000;0.000;0.0000;0.000;0.0000;0.000;0.0000;0.000;0.0000;0.000;0.0000;0.000;0.0000;0.000;0.000000000;0.000000000;0.0000000;0.00;0.00;0.00;6180;0;110;1;0;0;100;0.00;0;0;0;0
;359.65;-0.11;0.68;0.0400;-0.0800;0.0200;-0.012750;-0.002750;1.011000;0.0;0.0;0.0;0;0;30.1;24.07;1000000;0;-5.824999809;-35.227500915;40.000;0.00;0.00;0.00;0.00;0.00;0.00;0.00;0.000;0.000;0.00;0.00;0.000;0.000;0.000;0.000;0;0.0000;0.000;0.0000;0.000;0.0000;0.000;0.0000;0.000;0.0000;0.000;0.0000;0.000;0.0000;0.000;0.0000;0.000;0.000000000;0.000000000;0.0000000;0.00;0.00;0.00;6200;0;110;1;0;0;100;0.00;0;0;0;0
;359.65;-0.11;0.68;0.0200;-0.1000;0.1000;-0.011750;-0.003000;1.010750;0.0;0.0;0.0;0;0;29.9;24.02;1000000;0;-5.824999809;-35.227500915;40.000;0.00;0.00;0.00;0.00;0.00;0.00;0.00;0.000;0.000;0.00;0.00;0.000;0.000;0.000;0.000;1;0.0000;0.000;0.0000;0.000;0.0000;0.000;0.0000;0.000;0.0000;0.000;0.0000;0.000;0.0000;0.000;0.0000;0.000;0.000000000;0.000000000;0.0000000;0.00;0.00;0.00;6220;0;110;1;0;0;100;0.00;0;0;0;0
;359.65;-0.11;0.67;0.0400;0.0000;0.0800;-0.011750;-0.002500;1.010500;0.0;0.0;0.0;0;0;30.0;24.14;1000000;0;-5.824999809;-35.227500915;40.000;0.00;0.00;0.00;0.00;0.00;0.00;0.00;0.000;0.000;0.00;0.00;0.000;0.000;0.000;0.000;2;0.0000;0.000;0.0000;0.000;0.0000;0.000;0.0000;0.000;0.0000;0.000;0.0000;0.000;0.0000;0.000;0.0000;0.000;0.000000000;0.000000000;0.0000000;0.00;0.00;0.00;6240;0;110;1;0;0;100;0.00;0;0;0;0
;359.64;-0.11;0.67;0.0400;-0.0400;0.0600;-0.012000;-0.001750;1.010500;0.0;0.0;0.0;0;0;30.0;24.05;1000000;0;-5.824999809;-35.227500915;40.000;0.00;0.00;0.00;0.00;0.00;0.00;0.00;0.000;0.000;0.00;0.00;0.000;0.000;0.000;0.000;3;0.0000;0.000;0.0000;0.000;0.0000;0.000;0.0000;0.000;0.0000;0.000;0.0000;0.000;0.0000;0.000;0.0000;0.000;0.000000000;0.000000000;0.0000000;0.00;0.00;0.00;6260;0;110;1;0;0;100;0.00;0;0;0;0
;359.64;-0.11;0.67;0.0600;-0.0800;0.0200;-0.012750;-0.002500;1.010500;0.0;0.0;0.0;0;0;30.0;24.14;1000000;0;-5.824999809;-35.227500915;40.000;0.00;0.00;0.00;0.00;0.00;0.00;0.00;0.000;0.000;0.00;0.00;0.000;0.000;0.000;0.000;4;0.0000;0.000;0.0000;0.000;0.0000;0.000;0.0000;0.000;0.0000;0.000;0.0000;0.000;0.0000;0.000;0.0000;0.000;0.000000000;0.000000000;0.0000000;0.00;0.00;0.00;6280;0;110;1;0;0;100;0.00;0;0;0;0
;359.64;-0.11;0.67;0.0600;-0.0600;0.0400;-0.012500;-0.002250;1.010500;0.0;0.0;0.0;0;0;30.1;24.04;1000000;0;-5.824999809;-35.227500915;40.000;0.00;0.00;0.00;0.00;0.00;0.00;0.00;0.000;0.000;0.00;0.00;0.000;0.000;0.000;0.000;5;0.0000;0.000;0.0000;0.000;0.0000;0.000;0.0000;0.000;0.0000;0.000;0.0000;0.000;0.0000;0.000;0.0000;0.000;0.000000000;0.000000000;0.0000000;0.00;0.00;0.00;6300;0;110;1;0;0;100;0.00;0;0;0;0
;359.64;-0.11;0.68;0.0400;-0.0400;0.0600;-0.012750;-0.002000;1.010750;0.0;0.0;0.0;0;0;29.9;24.05;1000000;0;-5.824999809;-35.227500915;40.000;0.00;0.00;0.00;0.00;0.00;0.00;0.00;0.000;0.000;0.00;0.00;0.000;0.000;0.000;0.000;6;0.0000;0.000;0.0000;0.000;0.0000;0.000;0.0000;0.000;0.0000;0.000;0.0000;0.000;0.0000;0.000;0.0000;0.000;0.000000000;0.000000000;0.0000000;0.00;0.00;0.00;6320;0;110;1;0;0;100;0.00;0;0;0;0
;359.64;-0.11;0.68;0.0800;0.0200;0.0400;-0.012500;-0.002500;1.010750;0.0;0.0;0.0;0;0;30.0;24.13;1000000;0;-5.824999809;-35.227500915;40.000;0.00;0.00;0.00;0.00;0.00;0.00;0.00;0.000;0.000;0.00;0.00;0.000;0.000;0.000;0.000;7;0.0000;0.000;0.0000;0.000;0.0000;0.000;0.0000;0.000;0.0000;0.000;0.0000;0.000;0.0000;0.000;0.0000;0.000;0.000000000;0.000000000;0.0000000;0.00;0.00;0.00;6340;0;110;1;0;0;100;0.00;0;0;0;0
;359.64;-0.11;0.68;0.0600;-0.0400;0.0600;-0.011750;-0.002500;1.010250;0.0;0.0;0.0;0;0;29.7;24.14;1000000;0;-5.824999809;-35.227500915;40.000;0.00;0.00;0.00;0.00;0.00;0.00;0.00;0.000;0.000;0.00;0.00;0.000;0.000;0.000;0.000;8;0.0000;0.000;0.0000;0.000;0.0000;0.000;0.0000;0.000;0.0000;0.000;0.0000;0.000;0.0000;0.000;0.0000;0.000;0.000000000;0.000000000;0.0000000;0.00;0.00;0.00;6360;0;110;1;0;0;100;0.00;0;0;0;0
;359.64;-0.11;0.67;0.0000;-0.0200;0.0600;-0.011000;-0.003000;1.010250;0.0;0.0;0.0;0;0;30.0;24.10;1000000;0;-5.824999809;-35.227500915;40.000;0.00;0.00;0.00;0.00;0.00;0.00;0.00;0.000;0.000;0.00;0.00;0.000;0.000;0.000;0.000;9;0.0000;0.000;0.0000;0.000;0.0000;0.000;0.0000;0.000;0.0000;0.000;0.0000;0.000;0.0000;0.000;0.0000;0.000;0.000000000;0.000000000;0.0000000;0.00;0.00;0.00;6380;0;110;1;0;0;100;0.00;0;0;0;0
;359.64;-0.11;0.67;0.0200;-0.0200;0.1000;-0.011500;-0.002750;1.009750;0.0;0.0;0.0;0;0;30.1;24.09;1000000;0;-5.824999809;-35.227500915;40.000;0.00;0.00;0.00;0.00;0.00;0.00;0.00;0.000;0.000;0.00;0.00;0.000;0.000;0.000;0.000;10;0.0000;0.000;0.0000;0.000;0.0000;0.000;0.0000;0.000;0.0000;0.000;0.0000;0.000;0.0000;0.000;0.0000;0.000;0.000000000;0.000000000;0.0000000;0.00;0.00;0.00;6400;0;110;1;0;0;100;0.00;0;0;0;0
;359.64;-0.11;0.67;0.0200;-0.0200;0.0200;-0.012250;-0.002250;1.010500;0.0;0.0;0.0;0;0;30.0;24.04;1000000;0;-5.824999809;-35.227500915;40.000;0.00;0.00;0.00;0.00;0.00;0.00;0.00;0.000;0.000;0.00;0.00;0.000;0.000;0.000;0.000;11;0.0000;0.000;0.0000;0.000;0.0000;0.000;0.0000;0.000;0.0000;0.000;0.0000;0.000;0.0000;0.000;0.0000;0.000;0.000000000;0.000000000;0.0000000;0.00;0.00;0.00;6420;0;110;1;0;0;100;0.00;0;0;0;0
;359.64;-0.11;0.67;0.0400;0.0000;-0.0200;-0.012500;-0.001750;1.010250;0.0;0.0;0.0;0;0;30.0;23.99;1000000;0;-5.824999809;-35.227500915;40.000;0.00;0.00;0.00;0.00;0.00;0.00;0.00;0.000;0.000;0.00;0.00;0.000;0.000;0.000;0.000;12;0.0000;0.000;0.0000;0.000;0.0000;0.000;0.0000;0.000;0.0000;0.000;0.0000;0.000;0.0000;0.000;0.0000;0.000;0.000000000;0.000000000;0.0000000;0.00;0.00;0.00;6440;0;110;1;0;0;100;0.00;0;0;0;0
;359.64;-0.11;0.67;0.0800;-0.0600;0.0600;-0.012250;-0.002750;1.010750;0.0;0.0;0.0;0;0;29.7;24.03;1000000;0;-5.824999809;-35.227500915;40.000;0.00;0.00;0.00;0.00;0.00;0.00;0.00;0.000;0.000;0.00;0.00;0.000;0.000;0.000;0.000;13;0.0000;0.000;0.0000;0.000;0.0000;0.000;0.0000;0.000;0.0000;0.000;0.0000;0.000;0.0000;0.000;0.0000;0.000;0.000000000;0.000000000;0.0000000;0.00;0.00;0.00;6460;0;110;1;0;0;100;0.00;0;0;0;0
;359.64;-0.11;0.67;0.0600;-0.0800;0.0400;-0.011250;-0.002750;1.010750;0.0;0.0;0.0;0;0;30.1;23.97;1000000;0;-5.824999809;-35.227500915;40.000;0.00;0.00;0.00;0.00;0.00;0.00;0.00;0.000;0.000;0.00;0.00;0.000;0.000;0.000;0.000;14;0.0000;0.000;0.0000;0.000;0.0000;0.000;0.0000;0.000;0.0000;0.000;0.0000;0.000;0.0000;0.000;0.0000;0.000;0.000000000;0.000000000;0.0000000;0.00;0.00;0.00;6480;0;110;1;0;0;100;0.00;0;0;0;0
;359.63;-0.11;0.67;0.0800;-0.0400;0.1000;-0.011750;-0.002250;1.011000;0.0;0.0;0.0;0;0;29.9;24.00;1000000;0;-5.824999809;-35.227500915;40.000;0.00;0.00;0.00;0.00;0.00;0.00;0.00;0.000;0.000;0.00;0.00;0.000;0.000;0.000;0.000;15;0.0000;0.000;0.0000;0.000;0.0000;0.000;0.0000;0.000;0.0000;0.000;0.0000;0.000;0.0000;0.000;0.0000;0.000;0.000000000;0.000000000;0.0000000;0.00;0.00;0.00;6500;0;110;1;0;0;100;0.00;0;0;0;0
;359.63;-0.11;0.67;0.0400;-0.0400;0.0200;-0.012500;-0.002000;1.010500;0.0;0.0;0.0;0;0;30.0;24.01;1000000;0;-5.824999809;-35.227500915;40.000;0.00;0.00;0.00;0.00;0.00;0.00;0.00;0.000;0.000;0.00;0.00;0.000;0.000;0.000;0.000;16;0.0000;0.000;0.0000;0.000;0.0000;0.000;0.0000;0.000;0.0000;0.000;0.0000;0.000;0.0000;0.000;0.0000;0.000;0.000000000;0.000000000;0.0000000;0.00;0.00;0.00;6520;0;110;1;0;0;100;0.00;0;0;0;0
;359.63;-0.11;0.67;0.0400;-0.0400;0.0600;-0.013000;-0.002250;1.010500;0.0;0.0;0.0;0;0;30.0;23.97;1000000;0;-5.824999809;-35.227500915;40.000;0.00;0.00;0.00;0.00;0.00;0.00;0.00;0.000;0.000;0.00;0.00;0.000;0.000;0.000;0.000;17;0.0000;0.000;0.0000;0.000;0.0000;0.000;0.0000;0.000;0.0000;0.000;0.0000;0.000;0.0000;0.000;0.0000;0.000;0.000000000;0.000000000;0.0000000;0.00;0.00;0.00;6540;0;110;1;0;0;100;0.00;0;0;0;0
;359.63;-0.11;0.68;0.0600;0.0200;0.0400;-0.012750;-0.001750;1.010750;0.0;0.0;0.0;0;0;30.0;24.03;1000000;0;-5.824999809;-35.227500915;40.000;0.00;0.00;0.00;0.00;0.00;0.00;0.00;0.000;0.000;0.00;0.00;0.000;0.000;0.000;0.000;18;0.0000;0.000;0.0000;0.000;0.0000;0.000;0.0000;0.000;0.0000;0.000;0.0000;0.000;0.0000;0.000;0.0000;0.000;0.000000000;0.000000000;0.0000000;0.00;0.00;0.00;6560;0;110;1;0;0;100;0.00;0;0;0;0
;359.63;-0.11;0.67;0.0200;-0.0200;0.0400;-0.012000;-0.002250;1.010250;0.0;0.0;0.0;0;0;30.0;23.97;1000000;0;-5.824999809;-35.227500915;40.000;0.00;0.00;0.00;0.00;0.00;0.00;0.00;0.000;0.000;0.00;0.00;0.000;0.000;0.000;0.000;19;0.0000;0.000;0.0000;0.000;0.0000;0.000;0.0000;0.000;0.0000;0.000;0.0000;0.000;0.0000;0.000;0.0000;0.000;0.000000000;0.000000000;0.0000000;0.00;0.00;0.00;6580;0;110;1;0;0;100;0.00;0;0;0;0
;359.63;-0.11;0.67;0.0600;0.0000;0.0400;-0.011000;-0.002000;1.011000;0.0;0.0;0.0;0;0;30.1;23.92;1000000;0;-5.824999809;-35.227500915;40.000;0.00;0.00;0.00;0.00;0.00;0.00;0.00;0.000;0.000;0.00;0.00;0.000;0.000;0.000;0.000;20;0.0000;0.000;0.0000;0.000;0.0000;0.000;0.0000;0.000;0.0000;0.000;0.0000;0.000;0.0000;0.000;0.0000;0.000;0.000000000;0.000000000;0.0000000;0.00;0.00;0.00;6600;0;110;1;0;0;100;0.00;0;0;0;0
;359.63;-0.11;0.67;0.0400;-0.0400;0.0600;-0.011750;-0.002250;1.010250;0.0;0.0;0.0;0;0;29.9;24.06;1000000;0;-5.824999809;-35.227500915;40.000;0.00;0.00;0.00;0.00;0.00;0.00;0.00;0.000;0.000;0.00;0.00;0.000;0.000;0.000;0.000;21;0.0000;0.000;0.0000;0.000;0.0000;0.000;0.0000;0.000;0.0000;0.000;0.0000;0.000;0.0000;0.000;0.0000;0.000;0.000000000;0.000000000;0.0000000;0.00;0.00;0.00;6620;0;110;1;0;0;100;0.00;0;0;0;0
;359.63;-0.11;0.67;0.0800;0.0000;0.0600;-0.012750;-0.002250;1.009750;0.0;0.0;0.0;0;0;30.0;24.06;1000000;0;-5.824999809;-35.227500915;40.000;0.00;0.00;0.00;0.00;0.00;0.00;0.00;0.000;0.000;0.00;0.00;0.000;0.000;0.000;0.000;22;0.0000;0.000;0.0000;0.000;0.0000;0.000;0.0000;0.000;0.0000;0.000;0.0000;0.000;0.0000;0.000;0.0000;0.000;0.000000000;0.000000000;0.0000000;0.00;0.00;0.00;6640;0;110;1;0;0;100;0.00;0;0;0;0
;359.63;-0.11;0.67;0.0400;0.0000;0.0600;-0.012750;-0.002250;1.010250;0.0;0.0;0.0;0;0;30.0;23.98;1000000;0;-5.824999809;-35.227500915;40.000;0.00;0.00;0.00;0.00;0.00;0.00;0.00;0.000;0.000;0.00;0.00;0.000;0.000;0.000;0.000;23;0.0000;0.000;0.0000;0.000;0.0000;0.000;0.0000;0.000;0.0000;0.000;0.0000;0.000;0.0000;0.000;0.0000;0.000;0.000000000;0.000000000;0.0000000;0.00;0.00;0.00;6660;0;110;1;0;0;100;0.00;0;0;0;0
;359.62;-0.11;0.67;0.0600;0.0800;0.0400;-0.012000;-0.002250;1.010000;0.0;0.0;0.0;0;0;30.0;23.93;1000000;0;-5.824999809;-35.227500915;40.000;0.00;0.00;0.00;0.00;0.00;0.00;0.00;0.000;0.000;0.00;0.00;0.000;0.000;0.000;0.000;24;0.0000;0.000;0.0000;0.000;0.0000;0.000;0.0000;0.000;0.0000;0.000;0.0000;0.000;0.0000;0.000;0.0000;0.000;0.000000000;0.000000000;0.0000000;0.00;0.00;0.00;6680;0;110;1;0;0;100;0.00;0;0;0;0
;359.62;-0.11;0.67;0.0800;0.0000;0.0600;-0.011750;-0.003000;1.010500;0.0;0.0;0.0;0;0;30.0;23.91;1000000;0;-5.824999809;-35.227500915;40.000;0.00;0.00;0.00;0.00;0.00;0.00;0.00;0.000;0.000;0.00;0.00;0.000;0.000;0.000;0.000;25;0.0000;0.000;0.0000;0.000;0.0000;0.000;0.0000;0.000;0.0000;0.000;0.0000;0.000;0.0000;0.000;0.0000;0.000;0.000000000;0.000000000;0.0000000;0.00;0.00;0.00;6700;0;110;1;0;0;100;0.00;0;0;0;0
;359.62;-0.10;0.67;0.0200;0.0200;0.0400;-0.011500;-0.001500;1.010000;0.0;0.0;0.0;0;0;30.0;24.03;1000000;0;-5.824999809;-35.227500915;40.000;0.00;0.00;0.00;0.00;0.00;0.00;0.00;0.000;0.000;0.00;0.00;0.000;0.000;0.000;0.000;26;0.0000;0.000;0.0000;0.000;0.0000;0.000;0.0000;0.000;0.0000;0.000;0.0000;0.000;0.0000;0.000;0.0000;0.000;0.000000000;0.000000000;0.0000000;0.00;0.00;0.00;6720;0;110;1;0;0;100;0.00;0;0;0;0
;359.62;-0.11;0.67;0.0000;-0.0400;0.0400;-0.012250;-0.002500;1.010750;0.0;0.0;0.0;0;0;29.9;24.03;1000000;0;-5.824999809;-35.227500915;40.000;0.00;0.00;0.00;0.00;0.00;0.00;0.00;0.000;0.000;0.00;0.00;0.000;0.000;0.000;0.000;27;0.0000;0.000;0.0000;0.000;0.0000;0.000;0.0000;0.000;0.0000;0.000;0.0000;0.000;0.0000;0.000;0.0000;0.000;0.000000000;0.000000000;0.0000000;0.00;0.00;0.00;6740;0;110;1;0;0;100;0.00;0;0;0;0
;359.62;-0.11;0.67;0.0200;-0.0400;0.0600;-0.012750;-0.002000;1.010250;0.0;0.0;0.0;0;0;29.6;23.94;1000000;0;-5.824999809;-35.227500915;40.000;0.00;0.00;0.00;0.00;0.00;0.00;0.00;0.000;0.000;0.00;0.00;0.000;0.000;0.000;0.000;28;0.0000;0.000;0.0000;0.000;0.0000;0.000;0.0000;0.000;0.0000;0.000;0.0000;0.000;0.0000;0.000;0.0000;0.000;0.000000000;0.000000000;0.0000000;0.00;0.00;0.00;6760;0;110;1;0;0;100;0.00;0;0;0;0
;359.62;-0.10;0.67;0.0800;-0.0600;0.0600;-0.012500;-0.001500;1.010250;0.0;0.0;0.0;0;0;30.0;23.96;1000000;0;-5.824999809;-35.227500915;40.000;0.00;0.00;0.00;0.00;0.00;0.00;0.00;0.000;0.000;0.00;0.00;0.000;0.000;0.000;0.000;29;0.0000;0.000;0.0000;0.000;0.0000;0.000;0.0000;0.000;0.0000;0.000;0.0000;0.000;0.0000;0.000;0.0000;0.000;0.000000000;0.000000000;0.0000000;0.00;0.00;0.00;6780;0;110;1;0;0;100;0.00;0;0;0;0
;359.62;-0.10;0.67;0.0600;-0.0600;0.0400;-0.012000;-0.002250;1.010250;0.0;0.0;0.0;0;0;29.9;23.93;1000000;0;-5.824999809;-35.227500915;40.000;0.00;0.00;0.00;0.00;0.00;0.00;0.00;0.000;0.000;0.00;0.00;0.000;0.000;0.000;0.000;30;0.0000;0.000;0.0000;0.000;0.0000;0.000;0.0000;0.000;0.0000;0.000;0.0000;0.000;0.0000;0.000;0.0000;0.000;0.000000000;0.000000000;0.0000000;0.00;0.00;0.00;6800;0;110;1;0;0;100;0.00;0;0;0;0
;359.62;-0.10;0.67;0.0800;-0.0400;0.0200;-0.012000;-0.002500;1.010750;0.0;0.0;0.0;0;0;29.7;23.91;1000000;0;-5.824999809;-35.227500915;40.000;0.00;0.00;0.00;0.00;0.00;0.00;0.00;0.000;0.000;0.00;0.00;0.000;0.000;0.000;0.000;31;0.0000;0.000;0.0000;0.000;0.0000;0.000;0.0000;0.000;0.0000;0.000;0.0000;0.000;0.0000;0.000;0.0000;0.000;0.000000000;0.000000000;0.0000000;0.00;0.00;0.00;6820;0;110;1;0;0;100;0.00;0;0;0;0
;359.62;-0.10;0.67;0.0200;0.0400;0.0400;-0.011750;-0.002750;1.010500;0.0;0.0;0.0;0;0;30.1;24.02;1000000;0;-5.824999809;-35.227500915;40.000;0.00;0.00;0.00;0.00;0.00;0.00;0.00;0.000;0.000;0.00;0.00;0.000;0.000;0.000;0.000;0;0.0000;0.000;0.0000;0.000;0.0000;0.000;0.0000;0.000;0.0000;0.000;0.0000;0.000;0.0000;0.000;0.0000;0.000;0.000000000;0.000000000;0.0000000;0.00;0.00;0.00;6840;0;110;1;0;0;100;0.00;0;0;0;0
;359.62;-0.11;0.67;0.0200;-0.0400;0.0600;-0.012250;-0.002250;1.010250;0.0;0.0;0.0;0;0;29.9;24.04;1000000;0;-5.824999809;-35.227500915;40.000;0.00;0.00;0.00;0.00;0.00;0.00;0.00;0.000;0.000;0.00;0.00;0.000;0.000;0.000;0.000;1;0.0000;0.000;0.0000;0.000;0.0000;0.000;0.0000;0.000;0.0000;0.000;0.0000;0.000;0.0000;0.000;0.0000;0.000;0.000000000;0.000000000;0.0000000;0.00;0.00;0.00;6860;0;110;1;0;0;100;0.00;0;0;0;0
;359.62;-0.11;0.67;0.0400;-0.0200;0.0400;-0.012500;-0.002750;1.010500;0.0;0.0;0.0;0;0;30.0;23.99;1000000;0;-5.824999809;-35.227500915;40.000;0.00;0.00;0.00;0.00;0.00;0.00;0.00;0.000;0.000;0.00;0.00;0.000;0.000;0.000;0.000;2;0.0000;0.000;0.0000;0.000;0.0000;0.000;0.0000;0.000;0.0000;0.000;0.0000;0.000;0.0000;0.000;0.0000;0.000;0.000000000;0.000000000;0.0000000;0.00;0.00;0.00;6880;0;110;1;0;0;100;0.00;0;0;0;0
;359.61;-0.11;0.68;0.0200;-0.0200;0.0400;-0.012750;-0.002250;1.010500;0.0;0.0;0.0;0;0;29.6;23.95;1000000;0;-5.824999809;-35.227500915;40.000;0.00;0.00;0.00;0.00;0.00;0.00;0.00;0.000;0.000;0.00;0.00;0.000;0.000;0.000;0.000;3;0.0000;0.000;0.0000;0.000;0.0000;0.000;0.0000;0.000;0.0000;0.000;0.0000;0.000;0.0000;0.000;0.0000;0.000;0.000000000;0.000000000;0.0000000;0.00;0.00;0.00;6900;0;110;1;0;0;100;0.00;0;0;0;0
;359.61;-0.11;0.68;0.0800;0.0200;0.0200;-0.012250;-0.002000;1.010500;0.0;0.0;0.0;0;0;29.9;23.95;1000000;0;-5.824999809;-35.227500915;40.000;0.00;0.00;0.00;0.00;0.00;0.00;0.00;0.000;0.000;0.00;0.00;0.000;0.000;0.000;0.000;4;0.0000;0.000;0.0000;0.000;0.0000;0.000;0.0000;0.000;0.0000;0.000;0.0000;0.000;0.0000;0.000;0.0000;0.000;0.000000000;0.000000000;0.0000000;0.00;0.00;0.00;6920;0;110;1;0;0;100;0.00;0;0;0;0
;359.61;-0.10;0.68;0.0600;-0.0400;0.0400;-0.011750;-0.001500;1.010500;0.0;0.0;0.0;0;0;30.1;24.03;1000000;0;-5.824999809;-35.227500915;40.000;0.00;0.00;0.00;0.00;0.00;0.00;0.00;0.000;0.000;0.00;0.00;0.000;0.000;0.000;0.000;5;0.0000;0.000;0.0000;0.000;0.0000;0.000;0.0000;0.000;0.0000;0.000;0.0000;0.000;0.0000;0.000;0.0000;0.000;0.000000000;0.000000000;0.0000000;0.00;0.00;0.00;6940;0;110;1;0;0;100;0.00;0;0;0;0
;359.61;-0.11;0.67;0.0400;-0.0400;0.0600;-0.011750;-0.002500;1.010250;0.0;0.0;0.0;0;0;30.0;23.99;1000000;0;-5.824999809;-35.227500915;40.000;0.00;0.00;0.00;0.00;0.00;0.00;0.00;0.000;0.000;0.00;0.00;0.000;0.000;0.000;0.000;6;0.0000;0.000;0.0000;0.000;0.0000;0.000;0.0000;0.000;0.0000;0.000;0.0000;0.000;0.0000;0.000;0.0000;0.000;0.000000000;0.000000000;0.0000000;0.00;0.00;0.00;6960;0;110;1;0;0;100;0.00;0;0;0;0
;359.61;-0.11;0.68;0.0600;-0.0200;0.0200;-0.012500;-0.002000;1.010500;0.0;0.0;0.0;0;0;30.0;24.13;1000000;0;-5.824999809;-35.227500915;40.000;0.00;0.00;0.00;0.00;0.00;0.00;0.00;0.000;0.000;0.00;0.00;0.000;0.000;0.000;0.000;7;0.0000;0.000;0.0000;0.000;0.0000;0.000;0.0000;0.000;0.0000;0.000;0.0000;0.000;0.0000;0.000;0.0000;0.000;0.000000000;0.000000000;0.0000000;0.00;0.00;0.00;6980;0;110;1;0;0;100;0.00;0;0;0;0
;359.61;-0.11;0.68;0.0600;-0.0200;0.0000;-0.012000;-0.002750;1.010500;0.0;0.0;0.0;0;0;29.7;24.05;1000000;0;-5.824999809;-35.227500915;40.000;0.00;0.00;0.00;0.00;0.00;0.00;0.00;0.000;0.000;0.00;0.00;0.000;0.000;0.000;0.000;8;0.0000;0.000;0.0000;0.000;0.0000;0.000;0.0000;0.000;0.0000;0.000;0.0000;0.000;0.0000;0.000;0.0000;0.000;0.000000000;0.000000000;0.0000000;0.00;0.00;0.00;7000;0;110;1;0;0;100;0.00;0;0;0;64
;359.61;-0.11;0.68;0.0400;-0.1000;0.0600;-0.012250;-0.003000;1.011250;0.0;0.0;0.0;0;0;29.9;24.01;1000000;0;-5.824999809;-35.227500915;40.000;0.00;0.00;0.00;0.00;0.00;0.00;0.00;0.000;0.000;0.00;0.00;0.000;0.000;0.000;0.000;9;0.0000;0.000;0.0000;0.000;0.0000;0.000;0.0000;0.000;0.0000;0.000;0.0000;0.000;0.0000;0.000;0.0000;0.000;0.000000000;0.000000000;0.0000000;0.00;0.00;0.00;7020;0;110;1;0;0;100;0.00;0;0;0;0
;359.61;-0.11;0.68;0.0600;-0.0200;0.0400;-0.013000;-0.002250;1.010500;0.0;0.0;0.0;0;0;30.0;23.91;1000000;0;-5.824999809;-35.227500915;40.000;0.00;0.00;0.00;0.00;0.00;0.00;0.00;0.000;0.000;0.00;0.00;0.000;0.000;0.000;0.000;10;0.0000;0.000;0.0000;0.000;0.0000;0.000;0.0000;0.000;0.0000;0.000;0.0000;0.000;0.0000;0.000;0.0000;0.000;0.000000000;0.000000000;0.0000000;0.00;0.00;0.00;7040;0;110;1;0;0;100;0.00;0;0;0;0
;359.61;-0.10;0.68;0.0200;-0.0200;0.0200;-0.012500;-0.001750;1.010500;0.0;0.0;0.0;0;0;30.0;24.08;1000000;0;-5.824999809;-35.227500915;40.000;0.00;0.00;0.00;0.00;0.00;0.00;0.00;0.000;0.000;0.00;0.00;0.000;0.000;0.000;0.000;11;0.0000;0.000;0.0000;0.000;0.0000;0.000;0.0000;0.000;0.0000;0.000;0.0000;0.000;0.0000;0.000;0.0000;0.000;0.000000000;0.000000000;0.0000000;0.00;0.00;0.00;7060;0;110;1;0;0;100;0.00;0;0;0;0
;359.61;-0.11;0.68;0.0400;0.0000;0.0400;-0.013000;-0.002750;1.011250;0.0;0.0;0.0;0;0;30.1;24.05;1000000;0;-5.824999809;-35.227500915;40.000;0.00;0.00;0.00;0.00;0.00;0.00;0.00;0.000;0.000;0.00;0.00;0.000;0.000;0.000;0.000;12;0.0000;0.000;0.0000;0.000;0.0000;0.000;0.0000;0.000;0.0000;0.000;0.0000;0.000;0.0000;0.000;0.0000;0.000;0.000000000;0.000000000;0.0000000;0.00;0.00;0.00;7080;0;110;1;0;0;100;0.00;0;0;0;0
;359.61;-0.11;0.68;0.0400;-0.0800;0.0400;-0.012750;-0.002500;1.011000;0.0;0.0;0.0;0;0;30.0;24.12;1000000;0;-5.824999809;-35.227500915;40.000;0.00;0.00;0.00;0.00;0.00;0.00;0.00;0.000;0.000;0.00;0.00;0.000;0.000;0.000;0.000;13;0.0000;0.000;0.0000;0.000;0.0000;0.000;0.0000;0.000;0.0000;0.000;0.0000;0.000;0.0000;0.000;0.0000;0.000;0.000000000;0.000000000;0.0000000;0.00;0.00;0.00;7100;0;110;1;0;0;100;0.00;0;0;0;0
;359.61;-0.11;0.68;0.0600;-0.0400;0.0400;-0.012500;-0.002750;1.011000;0.0;0.0;0.0;0;0;30.0;24.03;1000000;0;-5.824999809;-35.227500915;40.000;0.00;0.00;0.00;0.00;0.00;0.00;0.00;0.000;0.000;0.00;0.00;0.000;0.000;0.000;0.000;14;0.0000;0.000;0.0000;0.000;0.0000;0.000;0.0000;0.000;0.0000;0.000;0.0000;0.000;0.0000;0.000;0.0000;0.000;0.000000000;0.000000000;0.0000000;0.00;0.00;0.00;7120;0;110;1;0;0;100;0.00;0;0;0;0
;359.61;-0.10;0.68;0.0800;-0.0200;0.0600;-0.012000;-0.001750;1.010250;0.0;0.0;0.0;0;0;29.9;24.07;1000000;0;-5.824999809;-35.227500915;40.000;0.00;0.00;0.00;0.00;0.00;0.00;0.00;0.000;0.000;0.00;0.00;0.000;0.000;0.000;0.000;15;0.0000;0.000;0.0000;0.000;0.0000;0.000;0.0000;0.000;0.0000;0.000;0.0000;0.000;0.0000;0.000;0.0000;0.000;0.000000000;0.000000000;0.0000000;0.00;0.00;0.00;7140;0;110;1;0;0;100;0.00;0;0;0;0
;359.60;-0.10;0.68;0.1000;-0.1200;0.0200;-0.012000;-0.001500;1.010500;0.0;0.0;0.0;0;0;30.1;24.17;1000000;0;-5.824999809;-35.227500915;40.000;0.00;0.00;0.00;0.00;0.00;0.00;0.00;0.000;0.000;0.00;0.00;0.000;0.000;0.000;0.000;16;0.0000;0.000;0.0000;0.000;0.0000;0.000;0.0000;0.000;0.0000;0.000;0.0000;0.000;0.0000;0.000;0.0000;0.000;0.000000000;0.000000000;0.0000000;0.00;0.00;0.00;7160;0;110;1;0;0;100;0.00;0;0;0;0
;359.60;-0.10;0.68;0.0200;-0.0600;0.0800;-0.012750;-0.002250;1.010500;0.0;0.0;0.0;0;0;30.0;24.02;1000000;0;-5.824999809;-35.227500915;40.000;0.00;0.00;0.00;0.00;0.00;0.00;0.00;0.000;0.000;0.00;0.00;0.000;0.000;0.000;0.000;17;0.0000;0.000;0.0000;0.000;0.0000;0.000;0.0000;0.000;0.0000;0.000;0.0000;0.000;0.0000;0.000;0.0000;0.000;0.000000000;0.000000000;0.0000000;0.00;0.00;0.00;7180;0;110;1;0;0;100;0.00;0;0;0;0
;359.60;-0.10;0.68;0.0600;-0.0600;0.0400;-0.013000;-0.002000;1.010500;0.0;0.0;0.0;0;0;29.9;24.04;1000000;0;-5.824999809;-35.227500915;40.000;0.00;0.00;0.00;0.00;0.00;0.00;0.00;0.000;0.000;0.00;0.00;0.000;0.000;0.000;0.000;18;0.0000;0.000;0.0000;0.000;0.0000;0.000;0.0000;0.000;0.0000;0.000;0.0000;0.000;0.0000;0.000;0.0000;0.000;0.000000000;0.000000000;0.0000000;0.00;0.00;0.00;7200;0;110;1;0;0;100;0.00;0;0;0;0
;359.60;-0.10;0.68;0.0600;-0.0400;0.0800;-0.012750;-0.002500;1.010250;0.0;0.0;0.0;0;0;29.6;23.97;1000000;0;-5.824999809;-35.227500915;40.000;0.00;0.00;0.00;0.00;0.00;0.00;0.00;0.000;0.000;0.00;0.00;0.000;0.000;0.000;0.000;19;0.0000;0.000;0.0000;0.000;0.0000;0.000;0.0000;0.000;0.0000;0.000;0.0000;0.000;0.0000;0.000;0.0000;0.000;0.000000000;0.000000000;0.0000000;0.00;0.00;0.00;7220;0;110;1;0;0;100;0.00;0;0;0;0
;359.60;-0.10;0.68;0.0000;-0.0600;0.0400;-0.012750;-0.001500;1.010750;0.0;0.0;0.0;0;0;30.0;24.05;1000000;0;-5.824999809;-35.227500915;40.000;0.00;0.00;0.00;0.00;0.00;0.00;0.00;0.000;0.000;0.00;0.00;0.000;0.000;0.000;0.000;20;0.0000;0.000;0.0000;0.000;0.0000;0.000;0.0000;0.000;0.0000;0.000;0.0000;0.000;0.0000;0.000;0.0000;0.000;0.000000000;0.000000000;0.0000000;0.00;0.00;0.00;7240;0;110;1;0;0;100;0.00;0;0;0;0
;359.60;-0.10;0.68;0.0400;0.0000;0.0400;-0.011750;-0.002250;1.010250;0.0;0.0;0.0;0;0;30.0;24.14;1000000;0;-5.824999809;-35.227500915;40.000;0.00;0.00;0.00;0.00;0.00;0.00;0.00;0.000;0.000;0.00;0.00;0.000;0.000;0.000;0.000;21;0.0000;0.000;0.0000;0.000;0.0000;0.000;0.0000;0.000;0.0000;0.000;0.0000;0.000;0.0000;0.000;0.0000;0.000;0.000000000;0.000000000;0.0000000;0.00;0.00;0.00;7260;0;110;1;0;0;100;0.00;0;0;0;0
;359.60;-0.10;0.68;0.0200;-0.0600;0.0000;-0.012000;-0.002500;1.010500;0.0;0.0;0.0;0;0;29.9;23.96;1000000;0;-5.824999809;-35.227500915;40.000;0.00;0.00;0.00;0.00;0.00;0.00;0.00;0.000;0.000;0.00;0.00;0.000;0.000;0.000;0.000;22;0.0000;0.000;0.0000;0.000;0.0000;0.000;0.0000;0.000;0.0000;0.000;0.0000;0.000;0.0000;0.000;0.0000;0.000;0.000000000;0.000000000;0.0000000;0.00;0.00;0.00;7280;0;110;1;0;0;100;0.00;0;0;0;0
;359.60;-0.10;0.67;0.0600;-0.1000;0.1000;-0.012000;-0.002500;1.010500;0.0;0.0;0.0;0;0;29.7;24.14;1000000;0;-5.824999809;-35.227500915;40.000;0.00;0.00;0.00;0.00;0.00;0.00;0.00;0.000;0.000;0.00;0.00;0.000;0.000;0.000;0.000;23;0.0000;0.000;0.0000;0.000;0.0000;0.000;0.0000;0.000;0.0000;0.000;0.0000;0.000;0.0000;0.000;0.0000;0.000;0.000000000;0.000000000;0.0000000;0.00;0.00;0.00;7300;0;110;1;0;0;100;0.00;0;0;0;0
;359.60;-0.10;0.67;0.0400;-0.0200;0.0200;-0.012250;-0.002000;1.010750;0.0;0.0;0.0;0;0;29.7;24.02;1000000;0;-5.824999809;-35.227500915;40.000;0.00;0.00;0.00;0.00;0.00;0.00;0.00;0.000;0.000;0.00;0.00;0.000;0.000;0.000;0.000;24;0.0000;0.000;0.0000;0.000;0.0000;0.000;0.0000;0.000;0.0000;0.000;0.0000;0.000;0.0000;0.000;0.0000;0.000;0.000000000;0.000000000;0.0000000;0.00;0.00;0.00;7320;0;110;1;0;0;100;0.00;0;0;0;0
;359.60;-0.10;0.68;0.0800;0.0000;0.0400;-0.013250;-0.001750;1.011000;0.0;0.0;0.0;0;0;30.0;24.14;1000000;0;-5.824999809;-35.227500915;40.000;0.00;0.00;0.00;0.00;0.00;0.00;0.00;0.000;0.000;0.00;0.00;0.000;0.000;0.000;0.000;25;0.0000;0.000;0.0000;0.000;0.0000;0.000;0.0000;0.000;0.0000;0.000;0.0000;0.000;0.0000;0.000;0.0000;0.000;0.000000000;0.000000000;0.0000000;0.00;0.00;0.00;7340;0;110;1;0;0;100;0.00;0;0;0;0
;359.59;-0.10;0.68;0.0800;-0.0200;0.0400;-0.013000;-0.002000;1.010500;0.0;0.0;0.0;0;0;30.1;24.09;1000000;0;-5.824999809;-35.227500915;40.000;0.00;0.00;0.00;0.00;0.00;0.00;0.00;0.000;0.000;0.00;0.00;0.000;0.000;0.000;0.000;26;0.0000;0.000;0.0000;0.000;0.0000;0.000;0.0000;0.000;0.0000;0.000;0.0000;0.000;0.0000;0.000;0.0000;0.000;0.000000000;0.000000000;0.0000000;0.00;0.00;0.00;7360;0;110;1;0;0;100;0.00;0;0;0;0
;359.59;-0.10;0.68;0.0600;-0.0600;0.0200;-0.012250;-0.003000;1.011250;0.0;0.0;0.0;0;0;30.0;24.11;1000000;0;-5.824999809;-35.227500915;40.000;0.00;0.00;0.00;0.00;0.00;0.00;0.00;0.000;0.000;0.00;0.00;0.000;0.000;0.000;0.000;27;0.0000;0.000;0.0000;0.000;0.0000;0.000;0.0000;0.000;0.0000;0.000;0.0000;0.000;0.0000;0.000;0.0000;0.000;0.000000000;0.000000000;0.0000000;0.00;0.00;0.00;7380;0;110;1;0;0;100;0.00;0;0;0;0
;359.59;-0.10;0.68;-0.0200;0.0400;0.0400;-0.011000;-0.001750;1.010500;0.0;0.0;0.0;0;0;30.0;24.13;1000000;0;-5.824999809;-35.227500915;40.000;0.00;0.00;0.00;0.00;0.00;0.00;0.00;0.000;0.000;0.00;0.00;0.000;0.000;0.000;0.000;28;0.0000;0.000;0.0000;0.000;0.0000;0.000;0.0000;0.000;0.0000;0.000;0.0000;0.000;0.0000;0.000;0.0000;0.000;0.000000000;0.000000000;0.0000000;0.00;0.00;0.00;7400;0;110;1;0;0;100;0.00;0;0;0;0
;359.59;-0.10;0.68;0.0600;-0.0400;0.0400;-0.011500;-0.002250;1.010750;0.0;0.0;0.0;0;0;29.9;24.04;1000000;0;-5.824999809;-35.227500915;40.000;0.00;0.00;0.00;0.00;0.00;0.00;0.00;0.000;0.000;0.00;0.00;0.000;0.000;0.000;0.000;29;0.0000;0.000;0.0000;0.000;0.0000;0.000;0.0000;0.000;0.0000;0.000;0.0000;0.000;0.0000;0.000;0.0000;0.000;0.000000000;0.000000000;0.0000000;0.00;0.00;0.00;7420;0;110;1;0;0;100;0.00;0;0;0;0
;359.59;-0.10;0.67;0.0200;-0.0800;0.0600;-0.012000;-0.002250;1.010500;0.0;0.0;0.0;0;0;30.1;23.97;1000000;0;-5.824999809;-35.227500915;40.000;0.00;0.00;0.00;0.00;0.00;0.00;0.00;0.000;0.000;0.00;0.00;0.000;0.000;0.000;0.000;30;0.0000;0.000;0.0000;0.000;0.0000;0.000;0.0000;0.000;0.0000;0.000;0.0000;0.000;0.0000;0.000;0.0000;0.000;0.000000000;0.000000000;0.0000000;0.00;0.00;0.00;7440;0;110;1;0;0;100;0.00;0;0;0;0
;359.59;-0.10;0.67;0.0400;-0.0200;0.0400;-0.012750;-0.002250;1.010500;0.0;0.0;0.0;0;0;30.0;24.03;1000000;0;-5.824999809;-35.227500915;40.000;0.00;0.00;0.00;0.00;0.00;0.00;0.00;0.000;0.000;0.00;0.00;0.000;0.000;0.000;0.000;31;0.0000;0.000;0.0000;0.000;0.0000;0.000;0.0000;0.000;0.0000;0.000;0.0000;0.000;0.0000;0.000;0.0000;0.000;0.000000000;0.000000000;0.0000000;0.00;0.00;0.00;7460;0;110;1;0;0;100;0.00;0;0;0;0
;359.59;-0.10;0.68;0.0400;0.0000;0.0000;-0.012750;-0.003250;1.010250;0.0;0.0;0.0;0;0;29.9;24.05;1000000;0;-5.824999809;-35.227500915;40.000;0.00;0.00;0.00;0.00;0.00;0.00;0.00;0.000;0.000;0.00;0.00;0.000;0.000;0.000;0.000;0;0.0000;0.000;0.0000;0.000;0.0000;0.000;0.0000;0.000;0.0000;0.000;0.0000;0.000;0.0000;0.000;0.0000;0.000;0.000000000;0.000000000;0.0000000;0.00;0.00;0.00;7480;0;110;1;0;0;100;0.00;0;0;0;0
;359.59;-0.11;0.68;0.0800;-0.0200;0.0800;-0.012000;-0.002750;1.010750;0.0;0.0;0.0;0;0;29.9;23.94;1000000;0;-5.824999809;-35.227500915;40.000;0.00;0.00;0.00;0.00;0.00;0.00;0.00;0.000;0.000;0.00;0.00;0.000;0.000;0.000;0.000;1;0.0000;0.000;0.0000;0.000;0.0000;0.000;0.0000;0.000;0.0000;0.000;0.0000;0.000;0.0000;0.000;0.0000;0.000;0.000000000;0.000000000;0.0000000;0.00;0.00;0.00;7500;0;110;1;0;0;100;0.00;0;0;0;0
;359.59;-0.11;0.68;0.0000;0.0400;0.0600;-0.011500;-0.002250;1.010500;0.0;0.0;0.0;0;0;29.9;23.91;1000000;0;-5.824999809;-35.227500915;40.000;0.00;0.00;0.00;0.00;0.00;0.00;0.00;0.000;0.000;0.00;0.00;0.000;0.000;0.000;0.000;2;0.0000;0.000;0.0000;0.000;0.0000;0.000;0.0000;0.000;0.0000;0.000;0.0000;0.000;0.0000;0.000;0.0000;0.000;0.000000000;0.000000000;0.0000000;0.00;0.00;0.00;7520;0;110;1;0;0;100;0.00;0;0;0;0
;359.59;-0.11;0.67;0.0400;-0.0200;0.0200;-0.011250;-0.002750;1.010750;0.0;0.0;0.0;0;0;30.1;23.96;1000000;0;-5.824999809;-35.227500915;40.000;0.00;0.00;0.00;0.00;0.00;0.00;0.00;0.000;0.000;0.00;0.00;0.000;0.000;0.000;0.000;3;0.0000;0.000;0.0000;0.000;0.0000;0.000;0.0000;0.000;0.0000;0.000;0.0000;0.000;0.0000;0.000;0.0000;0.000;0.000000000;0.000000000;0.0000000;0.00;0.00;0.00;7540;0;110;1;0;0;100;0.00;0;0;0;0
;359.59;-0.11;0.67;0.0600;0.0200;0.0400;-0.012250;-0.002250;1.010750;0.0;0.0;0.0;0;0;30.0;24.06;1000000;0;-5.824999809;-35.227500915;40.000;0.00;0.00;0.00;0.00;0.00;0.00;0.00;0.000;0.000;0.00;0.00;0.000;0.000;0.000;0.000;4;0.0000;0.000;0.0000;0.000;0.0000;0.000;0.0000;0.000;0.0000;0.000;0.0000;0.000;0.0000;0.000;0.0000;0.000;0.000000000;0.000000000;0.0000000;0.00;0.00;0.00;7560;0;110;1;0;0;100;0.00;0;0;0;0
;359.59;-0.11;0.68;0.0600;0.0200;0.0600;-0.012500;-0.001750;1.011000;0.0;0.0;0.0;0;0;29.7;24.04;1000000;0;-5.824999809;-35.227500915;40.000;0.00;0.00;0.00;0.00;0.00;0.00;0.00;0.000;0.000;0.00;0.00;0.000;0.000;0.000;0.000;5;0.0000;0.000;0.0000;0.000;0.0000;0.000;0.0000;0.000;0.0000;0.000;0.0000;0.000;0.0000;0.000;0.0000;0.000;0.000000000;0.000000000;0.0000000;0.00;0.00;0.00;7580;0;110;1;0;0;100;0.00;0;0;0;0
;359.58;-0.11;0.68;0.0400;-0.0400;0.0600;-0.013000;-0.002500;1.010500;0.0;0.0;0.0;0;0;30.0;24.07;1000000;0;-5.824999809;-35.227500915;40.000;0.00;0.00;0.00;0.00;0.00;0.00;0.00;0.000;0.000;0.00;0.00;0.000;0.000;0.000;0.000;6;0.0000;0.000;0.0000;0.000;0.0000;0.000;0.0000;0.000;0.0000;0.000;0.0000;0.000;0.0000;0.000;0.0000;0.000;0.000000000;0.000000000;0.0000000;0.00;0.00;0.00;7600;0;110;1;0;0;100;0.00;0;0;0;0
;359.58;-0.10;0.68;0.0600;0.0600;0.0600;-0.011250;-0.001500;1.010500;0.0;0.0;0.0;0;0;30.0;24.08;1000000;0;-5.824999809;-35.227500915;40.000;0.00;0.00;0.00;0.00;0.00;0.00;0.00;0.000;0.000;0.00;0.00;0.000;0.000;0.000;0.000;7;0.0000;0.000;0.0000;0.000;0.0000;0.000;0.0000;0.000;0.0000;0.000;0.0000;0.000;0.0000;0.000;0.0000;0.000;0.000000000;0.000000000;0.0000000;0.00;0.00;0.00;7620;0;110;1;0;0;100;0.00;0;0;0;0
;359.58;-0.10;0.67;0.0400;0.0000;0.0600;-0.011500;-0.002000;1.010500;0.0;0.0;0.0;0;0;30.0;24.04;1000000;0;-5.824999809;-35.227500915;40.000;0.00;0.00;0.00;0.00;0.00;0.00;0.00;0.000;0.000;0.00;0.00;0.000;0.000;0.000;0.000;8;0.0000;0.000;0.0000;0.000;0.0000;0.000;0.0000;0.000;0.0000;0.000;0.0000;0.000;0.0000;0.000;0.0000;0.000;0.000000000;0.000000000;0.0000000;0.00;0.00;0.00;7640;0;110;1;0;0;100;0.00;0;0;0;0
;359.58;-0.10;0.68;0.0400;0.0000;0.0600;-0.012750;-0.002000;1.010500;0.0;0.0;0.0;0;0;30.0;23.98;1000000;0;-5.824999809;-35.227500915;40.000;0.00;0.00;0.00;0.00;0.00;0.00;0.00;0.000;0.000;0.00;0.00;0.000;0.000;0.000;0.000;9;0.0000;0.000;0.0000;0.000;0.0000;0.000;0.0000;0.000;0.0000;0.000;0.0000;0.000;0.0000;0.000;0.0000;0.000;0.000000000;0.000000000;0.0000000;0.00;0.00;0.00;7660;0;110;1;0;0;100;0.00;0;0;0;0
;359.58;-0.10;0.68;0.0400;-0.0400;0.0600;-0.012500;-0.002750;1.010750;0.0;0.0;0.0;0;0;30.1;24.08;1000000;0;-5.824999809;-35.227500915;40.000;0.00;0.00;0.00;0.00;0.00;0.00;0.00;0.000;0.000;0.00;0.00;0.000;0.000;0.000;0.000;10;0.0000;0.000;0.0000;0.000;0.0000;0.000;0.0000;0.000;0.0000;0.000;0.0000;0.000;0.0000;0.000;0.0000;0.000;0.000000000;0.000000000;0.0000000;0.00;0.00;0.00;7680;0;110;1;0;0;100;0.00;0;0;0;0
;359.58;-0.10;0.68;0.0400;-0.0600;0.0200;-0.013000;-0.002000;1.010500;0.0;0.0;0.0;0;0;30.0;24.06;1000000;0;-5.824999809;-35.227500915;40.000;0.00;0.00;0.00;0.00;0.00;0.00;0.00;0.000;0.000;0.00;0.00;0.000;0.000;0.000;0.000;11;0.0000;0.000;0.0000;0.000;0.0000;0.000;0.0000;0.000;0.0000;0.000;0.0000;0.000;0.0000;0.000;0.0000;0.000;0.000000000;0.000000000;0.0000000;0.00;0.00;0.00;7700;0;110;1;0;0;100;0.00;0;0;0;0
;359.58;-0.10;0.68;0.0800;-0.0200;0.0800;-0.012500;-0.002250;1.010750;0.0;0.0;0.0;0;0;30.1;24.05;1000000;0;-5.824999809;-35.227500915;40.000;0.00;0.00;0.00;0.00;0.00;0.00;0.00;0.000;0.000;0.00;0.00;0.000;0.000;0.000;0.000;12;0.0000;0.000;0.0000;0.000;0.0000;0.000;0.0000;0.000;0.0000;0.000;0.0000;0.000;0.0000;0.000;0.0000;0.000;0.000000000;0.000000000;0.0000000;0.00;0.00;0.00;7720;0;110;1;0;0;100;0.00;0;0;0;0
;359.58;-0.10;0.68;0.0000;-0.0400;0.0600;-0.012000;-0.001750;1.010250;0.0;0.0;0.0;0;0;30.0;23.89;1000000;0;-5.824999809;-35.227500915;40.000;0.00;0.00;0.00;0.00;0.00;0.00;0.00;0.000;0.000;0.00;0.00;0.000;0.000;0.000;0.000;13;0.0000;0.000;0.0000;0.000;0.0000;0.000;0.0000;0.000;0.0000;0.000;0.0000;0.000;0.0000;0.000;0.0000;0.000;0.000000000;0.000000000;0.0000000;0.00;0.00;0.00;7740;0;110;1;0;0;100;0.00;0;0;0;0
;359.58;-0.10;0.68;0.0600;0.0200;0.0600;-0.012000;-0.002000;1.010500;0.0;0.0;0.0;0;0;29.7;24.05;1000000;0;-5.824999809;-35.227500915;40.000;0.00;0.00;0.00;0.00;0.00;0.00;0.00;0.000;0.000;0.00;0.00;0.000;0.000;0.000;0.000;14;0.0000;0.000;0.0000;0.000;0.0000;0.000;0.0000;0.000;0.0000;0.000;0.0000;0.000;0.0000;0.000;0.0000;0.000;0.000000000;0.000000000;0.0000000;0.00;0.00;0.00;7760;0;110;1;0;0;100;0.00;0;0;0;0
;359.57;-0.10;0.68;0.0600;0.0000;0.0400;-0.013000;-0.002000;1.010250;0.0;0.0;0.0;0;0;30.0;23.92;1000000;0;-5.824999809;-35.227500915;40.000;0.00;0.00;0.00;0.00;0.00;0.00;0.00;0.000;0.000;0.00;0.00;0.000;0.000;0.000;0.000;15;0.0000;0.000;0.0000;0.000;0.0000;0.000;0.0000;0.000;0.0000;0.000;0.0000;0.000;0.0000;0.000;0.0000;0.000;0.000000000;0.000000000;0.0000000;0.00;0.00;0.00;7780;0;110;1;0;0;100;0.00;0;0;0;0
;359.57;-0.10;0.68;0.0400;-0.0600;0.0400;-0.012250;-0.001500;1.009500;0.0;0.0;0.0;0;0;30.0;23.99;1000000;0;-5.824999809;-35.227500915;40.000;0.00;0.00;0.00;0.00;0.00;0.00;0.00;0.000;0.000;0.00;0.00;0.000;0.000;0.000;0.000;16;0.0000;0.000;0.0000;0.000;0.0000;0.000;0.0000;0.000;0.0000;0.000;0.0000;0.000;0.0000;0.000;0.0000;0.000;0.000000000;0.000000000;0.0000000;0.00;0.00;0.00;7800;0;110;1;0;0;100;0.00;0;0;0;0
;359.57;-0.10;0.68;0.0400;-0.0400;0.0800;-0.012500;-0.001750;1.011000;0.0;0.0;0.0;0;0;29.9;24.04;1000000;0;-5.824999809;-35.227500915;40.000;0.00;0.00;0.00;0.00;0.00;0.00;0.00;0.000;0.000;0.00;0.00;0.000;0.000;0.000;0.000;17;0.0000;0.000;0.0000;0.000;0.0000;0.000;0.0000;0.000;0.0000;0.000;0.0000;0.000;0.0000;0.000;0.0000;0.000;0.000000000;0.000000000;0.0000000;0.00;0.00;0.00;7820;0;110;1;0;0;100;0.00;0;0;0;0
;359.57;-0.10;0.68;0.0200;0.0200;0.0200;-0.011750;-0.002000;1.010750;0.0;0.0;0.0;0;0;30.0;23.98;1000000;0;-5.824999809;-35.227500915;40.000;0.00;0.00;0.00;0.00;0.00;0.00;0.00;0.000;0.000;0.00;0.00;0.000;0.000;0.000;0.000;18;0.0000;0.000;0.0000;0.000;0.0000;0.000;0.0000;0.000;0.0000;0.000;0.0000;0.000;0.0000;0.000;0.0000;0.000;0.000000000;0.000000000;0.0000000;0.00;0.00;0.00;7840;0;110;1;0;0;100;0.00;0;0;0;0
;359.57;-0.10;0.68;0.0200;-0.0400;0.0800;-0.012000;-0.002750;1.011000;0.0;0.0;0.0;0;0;30.0;23.90;1000000;0;-5.824999809;-35.227500915;40.000;0.00;0.00;0.00;0.00;0.00;0.00;0.00;0.000;0.000;0.00;0.00;0.000;0.000;0.000;0.000;19;0.0000;0.000;0.0000;0.000;0.0000;0.000;0.0000;0.000;0.0000;0.000;0.0000;0.000;0.0000;0.000;0.0000;0.000;0.000000000;0.000000000;0.0000000;0.00;0.00;0.00;7860;0;110;1;0;0;100;0.00;0;0;0;0
;359.57;-0.10;0.68;0.0400;-0.0800;0.0200;-0.012000;-0.001500;1.010750;0.0;0.0;0.0;0;0;30.1;24.03;1000000;0;-5.824999809;-35.227500915;40.000;0.00;0.00;0.00;0.00;0.00;0.00;0.00;0.000;0.000;0.00;0.00;0.000;0.000;0.000;0.000;20;0.0000;0.000;0.0000;0.000;0.0000;0.000;0.0000;0.000;0.0000;0.000;0.0000;0.000;0.0000;0.000;0.0000;0.000;0.000000000;0.000000000;0.0000000;0.00;0.00;0.00;7880;0;110;1;0;0;100;0.00;0;0;0;0
;359.57;-0.10;0.67;0.0400;-0.0200;0.0400;-0.012000;-0.002250;1.010500;0.0;0.0;0.0;0;0;30.1;23.93;1000000;0;-5.824999809;-35.227500915;40.000;0.00;0.00;0.00;0.00;0.00;0.00;0.00;0.000;0.000;0.00;0.00;0.000;0.000;0.000;0.000;21;0.0000;0.000;0.0000;0.000;0.0000;0.000;0.0000;0.000;0.0000;0.000;0.0000;0.000;0.0000;0.000;0.0000;0.000;0.000000000;0.000000000;0.0000000;0.00;0.00;0.00;7900;0;110;1;0;0;100;0.00;0;0;0;0
;359.57;-0.10;0.67;0.0400;-0.0800;0.0000;-0.012000;-0.002250;1.011000;0.0;0.0;0.0;0;0;30.0;24.03;1000000;0;-5.824999809;-35.227500915;40.000;0.00;0.00;0.00;0.00;0.00;0.00;0.00;0.000;0.000;0.00;0.00;0.000;0.000;0.000;0.000;22;0.0000;0.000;0.0000;0.000;0.0000;0.000;0.0000;0.000;0.0000;0.000;0.0000;0.000;0.0000;0.000;0.0000;0.000;0.000000000;0.000000000;0.0000000;0.00;0.00;0.00;7920;0;110;1;0;0;100;0.00;0;0;0;0
;359.57;-0.10;0.67;0.0400;-0.0600;0.0800;-0.011750;-0.002000;1.010500;0.0;0.0;0.0;0;0;30.0;24.00;1000000;0;-5.824999809;-35.227500915;40.000;0.00;0.00;0.00;0.00;0.00;0.00;0.00;0.000;0.000;0.00;0.00;0.000;0.000;0.000;0.000;23;0.0000;0.000;0.0000;0.000;0.0000;0.000;0.0000;0.000;0.0000;0.000;0.0000;0.000;0.0000;0.000;0.0000;0.000;0.000000000;0.000000000;0.0000000;0.00;0.00;0.00;7940;0;110;1;0;0;100;0.00;0;0;0;0
;359.57;-0.10;0.67;0.0400;-0.0800;0.0200;-0.012500;-0.002250;1.010500;0.0;0.0;0.0;0;0;29.9;24.00;1000000;0;-5.824999809;-35.227500915;40.000;0.00;0.00;0.00;0.00;0.00;0.00;0.00;0.000;0.000;0.00;0.00;0.000;0.000;0.000;0.000;24;0.0000;0.000;0.0000;0.000;0.0000;0.000;0.0000;0.000;0.0000;0.000;0.0000;0.000;0.0000;0.000;0.0000;0.000;0.000000000;0.000000000;0.0000000;0.00;0.00;0.00;7960;0;110;1;0;0;100;0.00;0;0;0;0
;359.57;-0.10;0.67;-0.0200;-0.0800;0.0400;-0.011750;-0.001750;1.010750;0.0;0.0;0.0;0;0;29.9;24.06;1000000;0;-5.824999809;-35.227500915;40.000;0.00;0.00;0.00;0.00;0.00;0.00;0.00;0.000;0.000;0.00;0.00;0.000;0.000;0.000;0.000;25;0.0000;0.000;0.0000;0.000;0.0000;0.000;0.0000;0.000;0.0000;0.000;0.0000;0.000;0.0000;0.000;0.0000;0.000;0.000000000;0.000000000;0.0000000;0.00;0.00;0.00;7980;0;110;1;0;0;100;0.00;0;0;0;0
;359.57;-0.10;0.67;0.0400;0.0000;0.0400;-0.013000;-0.002000;1.010500;0.0;0.0;0.0;0;0;29.9;23.95;1000000;0;-5.824999809;-35.227500915;40.000;0.00;0.00;0.00;0.00;0.00;0.00;0.00;0.000;0.000;0.00;0.00;0.000;0.000;0.000;0.000;26;0.0000;0.000;0.0000;0.000;0.0000;0.000;0.0000;0.000;0.0000;0.000;0.0000;0.000;0.0000;0.000;0.0000;0.000;0.000000000;0.000000000;0.0000000;0.00;0.00;0.00;8000;0;110;1;0;0;100;0.00;0;0;0;64
;359.56;-0.10;0.67;0.0800;-0.1200;0.0400;-0.013500;-0.002500;1.010500;0.0;0.0;0.0;0;0;30.1;24.10;1000000;0;-5.824999809;-35.227500915;40.000;0.00;0.00;0.00;0.00;0.00;0.00;0.00;0.000;0.000;0.00;0.00;0.000;0.000;0.000;0.000;27;0.0000;0.000;0.0000;0.000;0.0000;0.000;0.0000;0.000;0.0000;0.000;0.0000;0.000;0.0000;0.000;0.0000;0.000;0.000000000;0.000000000;0.0000000;0.00;0.00;0.00;8020;0;110;1;0;0;100;0.00;0;0;0;0
;359.56;-0.10;0.67;0.0400;-0.0600;0.0200;-0.012000;-0.002000;1.010750;0.0;0.0;0.0;0;0;30.1;23.98;1000000;0;-5.824999809;-35.227500915;40.000;0.00;0.00;0.00;0.00;0.00;0.00;0.00;0.000;0.000;0.00;0.00;0.000;0.000;0.000;0.000;28;0.0000;0.000;0.0000;0.000;0.0000;0.000;0.0000;0.000;0.0000;0.000;0.0000;0.000;0.0000;0.000;0.0000;0.000;0.000000000;0.000000000;0.0000000;0.00;0.00;0.00;8040;0;110;1;0;0;100;0.00;0;0;0;0
;359.56;-0.10;0.67;0.0200;0.0200;0.0200;-0.012000;-0.001750;1.010500;0.0;0.0;0.0;0;0;30.0;24.02;1000000;0;-5.824999809;-35.227500915;40.000;0.00;0.00;0.00;0.00;0.00;0.00;0.00;0.000;0.000;0.00;0.00;0.000;0.000;0.000;0.000;29;0.0000;0.000;0.0000;0.000;0.0000;0.000;0.0000;0.000;0.0000;0.000;0.0000;0.000;0.0000;0.000;0.0000;0.000;0.000000000;0.000000000;0.0000000;0.00;0.00;0.00;8060;0;110;1;0;0;100;0.00;0;0;0;0
;359.56;-0.10;0.67;0.0400;-0.0400;0.0600;-0.011250;-0.001500;1.010250;0.0;0.0;0.0;0;0;30.0;23.99;1000000;0;-5.824999809;-35.227500915;40.000;0.00;0.00;0.00;0.00;0.00;0.00;0.00;0.000;0.000;0.00;0.00;0.000;0.000;0.000;0.000;30;0.0000;0.000;0.0000;0.000;0.0000;0.000;0.0000;0.000;0.0000;0.000;0.0000;0.000;0.0000;0.000;0.0000;0.000;0.000000000;0.000000000;0.0000000;0.00;0.00;0.00;8080;0;110;1;0;0;100;0.00;0;0;0;0
;359.56;-0.10;0.67;0.0600;-0.0200;0.0400;-0.011750;-0.001500;1.010750;0.0;0.0;0.0;0;0;30.0;24.09;1000000;0;-5.824999809;-35.227500915;40.000;0.00;0.00;0.00;0.00;0.00;0.00;0.00;0.000;0.000;0.00;0.00;0.000;0.000;0.000;0.000;31;0.0000;0.000;0.0000;0.000;0.0000;0.000;0.0000;0.000;0.0000;0.000;0.0000;0.000;0.0000;0.000;0.0000;0.000;0.000000000;0.000000000;0.0000000;0.00;0.00;0.00;8100;0;110;1;0;0;100;0.00;0;0;0;0
;359.56;-0.10;0.67;0.0800;-0.0200;-0.0200;-0.012500;-0.001750;1.010500;0.0;0.0;0.0;0;0;30.0;24.00;1000000;0;-5.824999809;-35.227500915;40.000;0.00;0.00;0.00;0.00;0.00;0.00;0.00;0.000;0.000;0.00;0.00;0.000;0.000;0.000;0.000;0;0.0000;0.000;0.0000;0.000;0.0000;0.000;0.0000;0.000;0.0000;0.000;0.0000;0.000;0.0000;0.000;0.0000;0.000;0.000000000;0.000000000;0.0000000;0.00;0.00;0.00;8120;0;110;1;0;0;100;0.00;0;0;0;0
;359.56;-0.09;0.67;0.0600;0.0600;0.0200;-0.012000;-0.001750;1.010500;0.0;0.0;0.0;0;0;29.9;24.04;1000000;0;-5.824999809;-35.227500915;40.000;0.00;0.00;0.00;0.00;0.00;0.00;0.00;0.000;0.000;0.00;0.00;0.000;0.000;0.000;0.000;1;0.0000;0.000;0.0000;0.000;0.0000;0.000;0.0000;0.000;0.0000;0.000;0.0000;0.000;0.0000;0.000;0.0000;0.000;0.000000000;0.000000000;0.0000000;0.00;0.00;0.00;8140;0;110;1;0;0;100;0.00;0;0;0;0
;359.56;-0.10;0.67;0.0400;0.0200;0.0800;-0.012250;-0.002250;1.011000;0.0;0.0;0.0;0;0;29.9;23.98;1000000;0;-5.824999809;-35.227500915;40.000;0.00;0.00;0.00;0.00;0.00;0.00;0.00;0.000;0.000;0.00;0.00;0.000;0.000;0.000;0.000;2;0.0000;0.000;0.0000;0.000;0.0000;0.000;0.0000;0.000;0.0000;0.000;0.0000;0.000;0.0000;0.000;0.0000;0.000;0.000000000;0.000000000;0.0000000;0.00;0.00;0.00;8160;0;110;1;0;0;100;0.00;0;0;0;0
;359.56;-0.10;0.67;0.0200;-0.0400;0.0600;-0.011750;-0.003000;1.010750;0.0;0.0;0.0;0;0;30.0;24.04;1000000;0;-5.824999809;-35.227500915;40.000;0.00;0.00;0.00;0.00;0.00;0.00;0.00;0.000;0.000;0.00;0.00;0.000;0.000;0.000;0.000;3;0.0000;0.000;0.0000;0.000;0.0000;0.000;0.0000;0.000;0.0000;0.000;0.0000;0.000;0.0000;0.000;0.0000;0.000;0.000000000;0.000000000;0.0000000;0.00;0.00;0.00;8180;0;110;1;0;0;100;0.00;0;0;0;0
;359.56;-0.10;0.67;0.0200;-0.0400;0.1000;-0.012250;-0.002250;1.011000;0.0;0.0;0.0;0;0;30.0;24.13;1000000;0;-5.824999809;-35.227500915;40.000;0.00;0.00;0.00;0.00;0.00;0.00;0.00;0.000;0.000;0.00;0.00;0.000;0.000;0.000;0.000;4;0.0000;0.000;0.0000;0.000;0.0000;0.000;0.0000;0.000;0.0000;0.000;0.0000;0.000;0.0000;0.000;0.0000;0.000;0.000000000;0.000000000;0.0000000;0.00;0.00;0.00;8200;0;110;1;0;0;100;0.00;0;0;0;0
;359.56;-0.10;0.67;0.0400;-0.0400;0.0200;-0.012500;-0.002500;1.010500;0.0;0.0;0.0;0;0;30.1;23.99;1000000;0;-5.824999809;-35.227500915;40.000;0.00;0.00;0.00;0.00;0.00;0.00;0.00;0.000;0.000;0.00;0.00;0.000;0.000;0.000;0.000;5;0.0000;0.000;0.0000;0.000;0.0000;0.000;0.0000;0.000;0.0000;0.000;0.0000;0.000;0.0000;0.000;0.0000;0.000;0.000000000;0.000000000;0.0000000;0.00;0.00;0.00;8220;0;110;1;0;0;100;0.00;0;0;0;0
;359.55;-0.10;0.67;0.0600;0.0000;0.1000;-0.012750;-0.001500;1.010500;0.0;0.0;0.0;0;0;29.9;24.01;1000000;0;-5.824999809;-35.227500915;40.000;0.00;0.00;0.00;0.00;0.00;0.00;0.00;0.000;0.000;0.00;0.00;0.000;0.000;0.000;0.000;6;0.0000;0.000;0.0000;0.000;0.0000;0.000;0.0000;0.000;0.0000;0.000;0.0000;0.000;0.0000;0.000;0.0000;0.000;0.000000000;0.000000000;0.0000000;0.00;0.00;0.00;8240;0;110;1;0;0;100;0.00;0;0;0;0
;359.55;-0.10;0.67;0.0400;-0.0200;-0.0200;-0.012000;-0.002500;1.011250;0.0;0.0;0.0;0;0;30.0;24.03;1000000;0;-5.824999809;-35.227500915;40.000;0.00;0.00;0.00;0.00;0.00;0.00;0.00;0.000;0.000;0.00;0.00;0.000;0.000;0.000;0.000;7;0.0000;0.000;0.0000;0.000;0.0000;0.000;0.0000;0.000;0.0000;0.000;0.0000;0.000;0.0000;0.000;0.0000;0.000;0.000000000;0.000000000;0.0000000;0.00;0.00;0.00;8260;0;110;1;0;0;100;0.00;0;0;0;0
;359.55;-0.10;0.67;0.0800;0.0400;0.0000;-0.011750;-0.002500;1.010750;0.0;0.0;0.0;0;0;30.0;24.11;1000000;0;-5.824999809;-35.227500915;40.000;0.00;0.00;0.00;0.00;0.00;0.00;0.00;0.000;0.000;0.00;0.00;0.000;0.000;0.000;0.000;8;0.0000;0.000;0.0000;0.000;0.0000;0.000;0.0000;0.000;0.0000;0.000;0.0000;0.000;0.0000;0.000;0.0000;0.000;0.000000000;0.000000000;0.0000000;0.00;0.00;0.00;8280;0;110;1;0;0;100;0.00;0;0;0;0
;359.55;-0.10;0.67;0.0600;0.0200;0.1000;-0.011500;-0.002250;1.010500;0.0;0.0;0.0;0;0;30.0;24.02;1000000;0;-5.824999809;-35.227500915;40.000;0.00;0.00;0.00;0.00;0.00;0.00;0.00;0.000;0.000;0.00;0.00;0.000;0.000;0.000;0.000;9;0.0000;0.000;0.0000;0.000;0.0000;0.000;0.0000;0.000;0.0000;0.000;0.0000;0.000;0.0000;0.000;0.0000;0.000;0.000000000;0.000000000;0.0000000;0.00;0.00;0.00;8300;0;110;1;0;0;100;0.00;0;0;0;0
;359.55;-0.10;0.67;0.0200;-0.0200;0.0400;-0.012500;-0.002500;1.010500;0.0;0.0;0.0;0;0;29.7;23.97;1000000;0;-5.824999809;-35.227500915;40.000;0.00;0.00;0.00;0.00;0.00;0.00;0.00;0.000;0.000;0.00;0.00;0.000;0.000;0.000;0.000;10;0.0000;0.000;0.0000;0.000;0.0000;0.000;0.0000;0.000;0.0000;0.000;0.0000;0.000;0.0000;0.000;0.0000;0.000;0.000000000;0.000000000;0.0000000;0.00;0.00;0.00;8320;0;110;1;0;0;100;0.00;0;0;0;0
;359.55;-0.10;0.68;0.0600;0.0400;0.0200;-0.013000;-0.002750;1.011000;0.0;0.0;0.0;0;0;30.0;24.06;1000000;0;-5.824999809;-35.227500915;40.000;0.00;0.00;0.00;0.00;0.00;0.00;0.00;0.000;0.000;0.00;0.00;0.000;0.000;0.000;0.000;11;0.0000;0.000;0.0000;0.000;0.0000;0.000;0.0000;0.000;0.0000;0.000;0.0000;0.000;0.0000;0.000;0.0000;0.000;0.000000000;0.000000000;0.0000000;0.00;0.00;0.00;8340;0;110;1;0;0;100;0.00;0;0;0;0
;359.55;-0.10;0.68;0.0400;-0.0400;0.0600;-0.013250;-0.001750;1.010500;0.0;0.0;0.0;0;0;30.0;24.05;1000000;0;-5.824999809;-35.227500915;40.000;0.00;0.00;0.00;0.00;0.00;0.00;0.00;0.000;0.000;0.00;0.00;0.000;0.000;0.000;0.000;12;0.0000;0.000;0.0000;0.000;0.0000;0.000;0.0000;0.000;0.0000;0.000;0.0000;0.000;0.0000;0.000;0.0000;0.000;0.000000000;0.000000000;0.0000000;0.00;0.00;0.00;8360;0;110;1;0;0;100;0.00;0;0;0;0
;359.55;-0.10;0.68;0.0400;-0.0600;0.0400;-0.012250;-0.002250;1.010750;0.0;0.0;0.0;0;0;30.0;24.03;1000000;0;-5.824999809;-35.227500915;40.000;0.00;0.00;0.00;0.00;0.00;0.00;0.00;0.000;0.000;0.00;0.00;0.000;0.000;0.000;0.000;13;0.0000;0.000;0.0000;0.000;0.0000;0.000;0.0000;0.000;0.0000;0.000;0.0000;0.000;0.0000;0.000;0.0000;0.000;0.000000000;0.000000000;0.0000000;0.00;0.00;0.00;8380;0;110;1;0;0;100;0.00;0;0;0;0
;359.55;-0.10;0.67;0.0800;-0.0400;0.0600;-0.011000;-0.002250;1.010500;0.0;0.0;0.0;0;0;30.1;23.98;1000000;0;-5.824999809;-35.227500915;40.000;0.00;0.00;0.00;0.00;0.00;0.00;0.00;0.000;0.000;0.00;0.00;0.000;0.000;0.000;0.000;14;0.0000;0.000;0.0000;0.000;0.0000;0.000;0.0000;0.000;0.0000;0.000;0.0000;0.000;0.0000;0.000;0.0000;0.000;0.000000000;0.000000000;0.0000000;0.00;0.00;0.00;8400;0;110;1;0;0;100;0.00;0;0;0;0
;359.55;-0.10;0.67;0.0600;0.0000;0.0400;-0.011250;-0.002250;1.010750;0.0;0.0;0.0;0;0;30.0;23.90;1000000;0;-5.824999809;-35.227500915;40.000;0.00;0.00;0.00;0.00;0.00;0.00;0.00;0.000;0.000;0.00;0.00;0.000;0.000;0.000;0.000;15;0.0000;0.000;0.0000;0.000;0.0000;0.000;0.0000;0.000;0.0000;0.000;0.0000;0.000;0.0000;0.000;0.0000;0.000;0.000000000;0.000000000;0.0000000;0.00;0.00;0.00;8420;0;110;1;0;0;100;0.00;0;0;0;0
;359.55;-0.10;0.67;0.0600;0.0800;0.0400;-0.012500;-0.002000;1.010500;0.0;0.0;0.0;0;0;30.2;23.98;1000000;0;-5.824999809;-35.227500915;40.000;0.00;0.00;0.00;0.00;0.00;0.00;0.00;0.000;0.000;0.00;0.00;0.000;0.000;0.000;0.000;16;0.0000;0.000;0.0000;0.000;0.0000;0.000;0.0000;0.000;0.0000;0.000;0.0000;0.000;0.0000;0.000;0.0000;0.000;0.000000000;0.000000000;0.0000000;0.00;0.00;0.00;8440;0;110;1;0;0;100;0.00;0;0;0;0
;359.55;-0.10;0.68;0.0200;0.0000;0.0400;-0.013250;-0.002750;1.010250;0.0;0.0;0.0;0;0;30.0;24.03;1000000;0;-5.824999809;-35.227500915;40.000;0.00;0.00;0.00;0.00;0.00;0.00;0.00;0.000;0.000;0.00;0.00;0.000;0.000;0.000;0.000;17;0.0000;0.000;0.0000;0.000;0.0000;0.000;0.0000;0.000;0.0000;0.000;0.0000;0.000;0.0000;0.000;0.0000;0.000;0.000000000;0.000000000;0.0000000;0.00;0.00;0.00;8460;0;110;1;0;0;100;0.00;0;0;0;0
;359.55;-0.11;0.68;0.0400;-0.0600;0.0200;-0.012500;-0.002500;1.010750;0.0;0.0;0.0;0;0;29.6;24.02;1000000;0;-5.824999809;-35.227500915;40.000;0.00;0.00;0.00;0.00;0.00;0.00;0.00;0.000;0.000;0.00;0.00;0.000;0.000;0.000;0.000;18;0.0000;0.000;0.0000;0.000;0.0000;0.000;0.0000;0.000;0.0000;0.000;0.0000;0.000;0.0000;0.000;0.0000;0.000;0.000000000;0.000000000;0.0000000;0.00;0.00;0.00;8480;0;110;1;0;0;100;0.00;0;0;0;0
;359.54;-0.11;0.67;0.0400;0.0000;0.0600;-0.011500;-0.002500;1.010500;0.0;0.0;0.0;0;0;30.0;24.04;1000000;0;-5.824999809;-35.227500915;40.000;0.00;0.00;0.00;0.00;0.00;0.00;0.00;0.000;0.000;0.00;0.00;0.000;0.000;0.000;0.000;19;0.0000;0.000;0.0000;0.000;0.0000;0.000;0.0000;0.000;0.0000;0.000;0.0000;0.000;0.0000;0.000;0.0000;0.000;0.000000000;0.000000000;0.0000000;0.00;0.00;0.00;8500;0;110;1;0;0;100;0.00;0;0;0;0
;359.54;-0.11;0.67;0.0400;0.0000;0.0600;-0.011250;-0.002500;1.010250;0.0;0.0;0.0;0;0;29.9;23.93;1000000;0;-5.824999809;-35.227500915;40.000;0.00;0.00;0.00;0.00;0.00;0.00;0.00;0.000;0.000;0.00;0.00;0.000;0.000;0.000;0.000;20;0.0000;0.000;0.0000;0.000;0.0000;0.000;0.0000;0.000;0.0000;0.000;0.0000;0.000;0.0000;0.000;0.0000;0.000;0.000000000;0.000000000;0.0000000;0.00;0.00;0.00;8520;0;110;1;0;0;100;0.00;0;0;0;0
;359.54;-0.10;0.67;0.0400;-0.0200;0.0600;-0.011000;-0.002250;1.010500;0.0;0.0;0.0;0;0;30.0;23.95;1000000;0;-5.824999809;-35.227500915;40.000;0.00;0.00;0.00;0.00;0.00;0.00;0.00;0.000;0.000;0.00;0.00;0.000;0.000;0.000;0.000;21;0.0000;0.000;0.0000;0.000;0.0000;0.000;0.0000;0.000;0.0000;0.000;0.0000;0.000;0.0000;0.000;0.0000;0.000;0.000000000;0.000000000;0.0000000;0.00;0.00;0.00;8540;0;110;1;0;0;100;0.00;0;0;0;0
;359.54;-0.10;0.67;0.0400;-0.1200;0.0200;-0.012750;-0.002750;1.010000;0.0;0.0;0.0;0;0;30.0;23.98;1000000;0;-5.824999809;-35.227500915;40.000;0.00;0.00;0.00;0.00;0.00;0.00;0.00;0.000;0.000;0.00;0.00;0.000;0.000;0.000;0.000;22;0.0000;0.000;0.0000;0.000;0.0000;0.000;0.0000;0.000;0.0000;0.000;0.0000;0.000;0.0000;0.000;0.0000;0.000;0.000000000;0.000000000;0.0000000;0.00;0.00;0.00;8560;0;110;1;0;0;100;0.00;0;0;0;0
;359.54;-0.10;0.67;0.0800;0.0000;0.0400;-0.012750;-0.001250;1.010250;0.0;0.0;0.0;0;0;30.0;23.98;1000000;0;-5.824999809;-35.227500915;40.000;0.00;0.00;0.00;0.00;0.00;0.00;0.00;0.000;0.000;0.00;0.00;0.000;0.000;0.000;0.000;23;0.0000;0.000;0.0000;0.000;0.0000;0.000;0.0000;0.000;0.0000;0.000;0.0000;0.000;0.0000;0.000;0.0000;0.000;0.000000000;0.000000000;0.0000000;0.00;0.00;0.00;8580;0;110;1;0;0;100;0.00;0;0;0;0
;359.54;-0.10;0.67;0.1000;-0.0800;0.1000;-0.012500;-0.002500;1.010250;0.0;0.0;0.0;0;0;30.1;23.92;1000000;0;-5.824999809;-35.227500915;40.000;0.00;0.00;0.00;0.00;0.00;0.00;0.00;0.000;0.000;0.00;0.00;0.000;0.000;0.000;0.000;24;0.0000;0.000;0.0000;0.000;0.0000;0.000;0.0000;0.000;0.0000;0.000;0.0000;0.000;0.0000;0.000;0.0000;0.000;0.000000000;0.000000000;0.0000000;0.00;0.00;0.00;8600;0;110;1;0;0;100;0.00;0;0;0;0
;359.54;-0.10;0.67;0.0600;-0.0400;0.0400;-0.012000;-0.002750;1.010500;0.0;0.0;0.0;0;0;30.0;23.96;1000000;0;-5.824999809;-35.227500915;40.000;0.00;0.00;0.00;0.00;0.00;0.00;0.00;0.000;0.000;0.00;0.00;0.000;0.000;0.000;0.000;25;0.0000;0.000;0.0000;0.000;0.0000;0.000;0.0000;0.000;0.0000;0.000;0.0000;0.000;0.0000;0.000;0.0000;0.000;0.000000000;0.000000000;0.0000000;0.00;0.00;0.00;8620;0;110;1;0;0;100;0.00;0;0;0;0
;359.54;-0.10;0.67;0.0800;0.0600;-0.0200;-0.011750;-0.002500;1.010500;0.0;0.0;0.0;0;0;29.9;24.04;1000000;0;-5.824999809;-35.227500915;40.000;0.00;0.00;0.00;0.00;0.00;0.00;0.00;0.000;0.000;0.00;0.00;0.000;0.000;0.000;0.000;26;0.0000;0.000;0.0000;0.000;0.0000;0.000;0.0000;0.000;0.0000;0.000;0.0000;0.000;0.0000;0.000;0.0000;0.000;0.000000000;0.000000000;0.0000000;0.00;0.00;0.00;8640;0;110;1;0;0;100;0.00;0;0;0;0
;359.54;-0.10;0.67;0.0200;-0.0200;0.0400;-0.011500;-0.002250;1.010750;0.0;0.0;0.0;0;0;30.1;24.04;1000000;0;-5.824999809;-35.227500915;40.000;0.00;0.00;0.00;0.00;0.00;0.00;0.00;0.000;0.000;0.00;0.00;0.000;0.000;0.000;0.000;27;0.0000;0.000;0.0000;0.000;0.0000;0.000;0.0000;0.000;0.0000;0.000;0.0000;0.000;0.0000;0.000;0.0000;0.000;0.000000000;0.000000000;0.0000000;0.00;0.00;0.00;8660;0;110;1;0;0;100;0.00;0;0;0;0
;359.54;-0.11;0.67;0.0000;0.0200;0.0600;-0.012500;-0.002500;1.010500;0.0;0.0;0.0;0;0;30.0;24.04;1000000;0;-5.824999809;-35.227500915;40.000;0.00;0.00;0.00;0.00;0.00;0.00;0.00;0.000;0.000;0.00;0.00;0.000;0.000;0.000;0.000;28;0.0000;0.000;0.0000;0.000;0.0000;0.000;0.0000;0.000;0.0000;0.000;0.0000;0.000;0.0000;0.000;0.0000;0.000;0.000000000;0.000000000;0.0000000;0.00;0.00;0.00;8680;0;110;1;0;0;100;0.00;0;0;0;0
;359.54;-0.11;0.67;0.0400;-0.0800;0.0400;-0.012250;-0.002500;1.010500;0.0;0.0;0.0;0;0;29.7;23.97;1000000;0;-5.824999809;-35.227500915;40.000;0.00;0.00;0.00;0.00;0.00;0.00;0.00;0.000;0.000;0.00;0.00;0.000;0.000;0.000;0.000;29;0.0000;0.000;0.0000;0.000;0.0000;0.000;0.0000;0.000;0.0000;0.000;0.0000;0.000;0.0000;0.000;0.0000;0.000;0.000000000;0.000000000;0.0000000;0.00;0.00;0.00;8700;0;110;1;0;0;100;0.00;0;0;0;0
;359.53;-0.10;0.67;0.0600;-0.0400;0.0600;-0.011750;-0.002500;1.010750;0.0;0.0;0.0;0;0;30.0;23.93;1000000;0;-5.824999809;-35.227500915;40.000;0.00;0.00;0.00;0.00;0.00;0.00;0.00;0.000;0.000;0.00;0.00;0.000;0.000;0.000;0.000;30;0.0000;0.000;0.0000;0.000;0.0000;0.000;0.0000;0.000;0.0000;0.000;0.0000;0.000;0.0000;0.000;0.0000;0.000;0.000000000;0.000000000;0.0000000;0.00;0.00;0.00;8720;0;110;1;0;0;100;0.00;0;0;0;0
;359.53;-0.10;0.67;0.0800;-0.0200;0.0600;-0.011750;-0.002250;1.011000;0.0;0.0;0.0;0;0;30.1;23.98;1000000;0;-5.824999809;-35.227500915;40.000;0.00;0.00;0.00;0.00;0.00;0.00;0.00;0.000;0.000;0.00;0.00;0.000;0.000;0.000;0.000;31;0.0000;0.000;0.0000;0.000;0.0000;0.000;0.0000;0.000;0.0000;0.000;0.0000;0.000;0.0000;0.000;0.0000;0.000;0.000000000;0.000000000;0.0000000;0.00;0.00;0.00;8740;0;110;1;0;0;100;0.00;0;0;0;0
;359.53;-0.10;0.67;0.0800;-0.0400;0.0600;-0.012500;-0.002250;1.011000;0.0;0.0;0.0;0;0;30.0;23.96;1000000;0;-5.824999809;-35.227500915;40.000;0.00;0.00;0.00;0.00;0.00;0.00;0.00;0.000;0.000;0.00;0.00;0.000;0.000;0.000;0.000;0;0.0000;0.000;0.0000;0.000;0.0000;0.000;0.0000;0.000;0.0000;0.000;0.0000;0.000;0.0000;0.000;0.0000;0.000;0.000000000;0.000000000;0.0000000;0.00;0.00;0.00;8760;0;110;1;0;0;100;0.00;0;0;0;0
;359.53;-0.10;0.67;0.0400;-0.0200;0.0800;-0.012750;-0.002500;1.010250;0.0;0.0;0.0;0;0;30.0;24.05;1000000;0;-5.824999809;-35.227500915;40.000;0.00;0.00;0.00;0.00;0.00;0.00;0.00;0.000;0.000;0.00;0.00;0.000;0.000;0.000;0.000;1;0.0000;0.000;0.0000;0.000;0.0000;0.000;0.0000;0.000;0.0000;0.000;0.0000;0.000;0.0000;0.000;0.0000;0.000;0.000000000;0.000000000;0.0000000;0.00;0.00;0.00;8780;0;110;1;0;0;100;0.00;0;0;0;0
;359.53;-0.10;0.67;0.0400;-0.0200;0.0000;-0.013000;-0.002000;1.010750;0.0;0.0;0.0;0;0;30.0;23.98;1000000;0;-5.824999809;-35.227500915;40.000;0.00;0.00;0.00;0.00;0.00;0.00;0.00;0.000;0.000;0.00;0.00;0.000;0.000;0.000;0.000;2;0.0000;0.000;0.0000;0.000;0.0000;0.000;0.0000;0.000;0.0000;0.000;0.0000;0.000;0.0000;0.000;0.0000;0.000;0.000000000;0.000000000;0.0000000;0.00;0.00;0.00;8800;0;110;1;0;0;100;0.00;0;0;0;0
;359.53;-0.10;0.67;0.0600;-0.0400;0.0400;-0.012000;-0.002500;1.011000;0.0;0.0;0.0;0;0;29.9;23.95;1000000;0;-5.824999809;-35.227500915;40.000;0.00;0.00;0.00;0.00;0.00;0.00;0.00;0.000;0.000;0.00;0.00;0.000;0.000;0.000;0.000;3;0.0000;0.000;0.0000;0.000;0.0000;0.000;0.0000;0.000;0.0000;0.000;0.0000;0.000;0.0000;0.000;0.0000;0.000;0.000000000;0.000000000;0.0000000;0.00;0.00;0.00;8820;0;110;1;0;0;100;0.00;0;0;0;0
;359.53;-0.11;0.67;0.0800;0.0200;0.0600;-0.011250;-0.003000;1.010500;0.0;0.0;0.0;0;0;30.0;24.02;1000000;0;-5.824999809;-35.227500915;40.000;0.00;0.00;0.00;0.00;0.00;0.00;0.00;0.000;0.000;0.00;0.00;0.000;0.000;0.000;0.000;4;0.0000;0.000;0.0000;0.000;0.0000;0.000;0.0000;0.000;0.0000;0.000;0.0000;0.000;0.0000;0.000;0.0000;0.000;0.000000000;0.000000000;0.0000000;0.00;0.00;0.00;8840;0;110;1;0;0;100;0.00;0;0;0;0
;359.53;-0.11;0.67;0.0400;-0.0200;0.0400;-0.012250;-0.002250;1.010750;0.0;0.0;0.0;0;0;29.6;24.10;1000000;0;-5.824999809;-35.227500915;40.000;0.00;0.00;0.00;0.00;0.00;0.00;0.00;0.000;0.000;0.00;0.00;0.000;0.000;0.000;0.000;5;0.0000;0.000;0.0000;0.000;0.0000;0.000;0.0000;0.000;0.0000;0.000;0.0000;0.000;0.0000;0.000;0.0000;0.000;0.000000000;0.000000000;0.0000000;0.00;0.00;0.00;8860;0;110;1;0;0;100;0.00;0;0;0;0
;359.53;-0.11;0.67;0.0800;0.0000;0.0200;-0.012750;-0.002500;1.010500;0.0;0.0;0.0;0;0;30.0;24.06;1000000;0;-5.824999809;-35.227500915;40.000;0.00;0.00;0.00;0.00;0.00;0.00;0.00;0.000;0.000;0.00;0.00;0.000;0.000;0.000;0.000;6;0.0000;0.000;0.0000;0.000;0.0000;0.000;0.0000;0.000;0.0000;0.000;0.0000;0.000;0.0000;0.000;0.0000;0.000;0.000000000;0.000000000;0.0000000;0.00;0.00;0.00;8880;0;110;1;0;0;100;0.00;0;0;0;0
;359.53;-0.11;0.67;0.0200;0.0200;0.0200;-0.012500;-0.001750;1.010000;0.0;0.0;0.0;0;0;30.0;24.10;1000000;0;-5.824999809;-35.227500915;40.000;0.00;0.00;0.00;0.00;0.00;0.00;0.00;0.000;0.000;0.00;0.00;0.000;0.000;0.000;0.000;7;0.0000;0.000;0.0000;0.000;0.0000;0.000;0.0000;0.000;0.0000;0.000;0.0000;0.000;0.0000;0.000;0.0000;0.000;0.000000000;0.000000000;0.0000000;0.00;0.00;0.00;8900;0;110;1;0;0;100;0.00;0;0;0;0
;359.53;-0.10;0.68;0.0400;-0.0600;0.0400;-0.012500;-0.001500;1.011000;0.0;0.0;0.0;0;0;29.9;24.14;1000000;0;-5.824999809;-35.227500915;40.000;0.00;0.00;0.00;0.00;0.00;0.00;0.00;0.000;0.000;0.00;0.00;0.000;0.000;0.000;0.000;8;0.0000;0.000;0.0000;0.000;0.0000;0.000;0.0000;0.000;0.0000;0.000;0.0000;0.000;0.0000;0.000;0.0000;0.000;0.000000000;0.000000000;0.0000000;0.00;0.00;0.00;8920;0;110;1;0;0;100;0.00;0;0;0;0
;359.53;-0.10;0.68;0.0400;-0.0600;0.0200;-0.012000;-0.001500;1.010000;0.0;0.0;0.0;0;0;29.7;23.99;1000000;0;-5.824999809;-35.227500915;40.000;0.00;0.00;0.00;0.00;0.00;0.00;0.00;0.000;0.000;0.00;0.00;0.000;0.000;0.000;0.000;9;0.0000;0.000;0.0000;0.000;0.0000;0.000;0.0000;0.000;0.0000;0.000;0.0000;0.000;0.0000;0.000;0.0000;0.000;0.000000000;0.000000000;0.0000000;0.00;0.00;0.00;8940;0;110;1;0;0;100;0.00;0;0;0;0
;359.52;-0.10;0.67;0.0400;-0.0200;0.0400;-0.011750;-0.002250;1.010000;0.0;0.0;0.0;0;0;30.0;24.01;1000000;0;-5.824999809;-35.227500915;40.000;0.00;0.00;0.00;0.00;0.00;0.00;0.00;0.000;0.000;0.00;0.00;0.000;0.000;0.000;0.000;10;0.0000;0.000;0.0000;0.000;0.0000;0.000;0.0000;0.000;0.0000;0.000;0.0000;0.000;0.0000;0.000;0.0000;0.000;0.000000000;0.000000000;0.0000000;0.00;0.00;0.00;8960;0;110;1;0;0;100;0.00;0;0;0;0
;359.52;-0.10;0.67;0.0600;0.0200;0.0200;-0.011750;-0.002000;1.010500;0.0;0.0;0.0;0;0;29.9;23.87;1000000;0;-5.824999809;-35.227500915;40.000;0.00;0.00;0.00;0.00;0.00;0.00;0.00;0.000;0.000;0.00;0.00;0.000;0.000;0.000;0.000;11;0.0000;0.000;0.0000;0.000;0.0000;0.000;0.0000;0.000;0.0000;0.000;0.0000;0.000;0.0000;0.000;0.0000;0.000;0.000000000;0.000000000;0.0000000;0.00;0.00;0.00;8980;0;110;1;0;0;100;0.00;0;0;0;0
;359.52;-0.10;0.67;0.0400;0.0000;0.0600;-0.012250;-0.002500;1.010500;0.0;0.0;0.0;0;0;30.2;24.06;1000000;0;-5.824999809;-35.227500915;40.000;0.00;0.00;0.00;0.00;0.00;0.00;0.00;0.000;0.000;0.00;0.00;0.000;0.000;0.000;0.000;12;0.0000;0.000;0.0000;0.000;0.0000;0.000;0.0000;0.000;0.0000;0.000;0.0000;0.000;0.0000;0.000;0.0000;0.000;0.000000000;0.000000000;0.0000000;0.00;0.00;0.00;9000;0;110;1;0;0;100;0.00;0;0;0;64
;359.52;-0.10;0.67;0.0800;0.0000;0.0400;-0.012000;-0.001750;1.009750;0.0;0.0;0.0;0;0;30.1;23.99;1000000;0;-5.824999809;-35.227500915;40.000;0.00;0.00;0.00;0.00;0.00;0.00;0.00;0.000;0.000;0.00;0.00;0.000;0.000;0.000;0.000;13;0.0000;0.000;0.0000;0.000;0.0000;0.000;0.0000;0.000;0.0000;0.000;0.0000;0.000;0.0000;0.000;0.0000;0.000;0.000000000;0.000000000;0.0000000;0.00;0.00;0.00;9020;0;110;1;0;0;100;0.00;0;0;0;0
;359.52;-0.10;0.67;0.0400;-0.0400;0.0600;-0.012000;-0.002000;1.010500;0.0;0.0;0.0;0;0;29.9;24.13;1000000;0;-5.824999809;-35.227500915;40.000;0.00;0.00;0.00;0.00;0.00;0.00;0.00;0.000;0.000;0.00;0.00;0.000;0.000;0.000;0.000;14;0.0000;0.000;0.0000;0.000;0.0000;0.000;0.0000;0.000;0.0000;0.000;0.0000;0.000;0.0000;0.000;0.0000;0.000;0.000000000;0.000000000;0.0000000;0.00;0.00;0.00;9040;0;110;1;0;0;100;0.00;0;0;0;0
;359.52;-0.10;0.67;0.0600;-0.0400;0.0400;-0.012000;-0.002750;1.010750;0.0;0.0;0.0;0;0;29.9;24.05;1000000;0;-5.824999809;-35.227500915;40.000;0.00;0.00;0.00;0.00;0.00;0.00;0.00;0.000;0.000;0.00;0.00;0.000;0.000;0.000;0.000;15;0.0000;0.000;0.0000;0.000;0.0000;0.000;0.0000;0.000;0.0000;0.000;0.0000;0.000;0.0000;0.000;0.0000;0.000;0.000000000;0.000000000;0.0000000;0.00;0.00;0.00;9060;0;110;1;0;0;100;0.00;0;0;0;0
;359.52;-0.10;0.67;0.0800;-0.0400;0.0400;-0.011750;-0.003000;1.010500;0.0;0.0;0.0;0;0;29.9;24.03;1000000;0;-5.824999809;-35.227500915;40.000;0.00;0.00;0.00;0.00;0.00;0.00;0.00;0.000;0.000;0.00;0.00;0.000;0.000;0.000;0.000;16;0.0000;0.000;0.0000;0.000;0.0000;0.000;0.0000;0.000;0.0000;0.000;0.0000;0.000;0.0000;0.000;0.0000;0.000;0.000000000;0.000000000;0.0000000;0.00;0.00;0.00;9080;0;110;1;0;0;100;0.00;0;0;0;0
;359.52;-0.11;0.67;0.0200;-0.0200;0.0600;-0.012000;-0.003000;1.011000;0.0;0.0;0.0;0;0;29.9;23.98;1000000;0;-5.824999809;-35.227500915;40.000;0.00;0.00;0.00;0.00;0.00;0.00;0.00;0.000;0.000;0.00;0.00;0.000;0.000;0.000;0.000;17;0.0000;0.000;0.0000;0.000;0.0000;0.000;0.0000;0.000;0.0000;0.000;0.0000;0.000;0.0000;0.000;0.0000;0.000;0.000000000;0.000000000;0.0000000;0.00;0.00;0.00;9100;0;110;1;0;0;100;0.00;0;0;0;0
;359.52;-0.11;0.67;0.0000;0.0800;0.0400;-0.012000;-0.002000;1.010750;0.0;0.0;0.0;0;0;30.0;24.14;1000000;0;-5.824999809;-35.227500915;40.000;0.00;0.00;0.00;0.00;0.00;0.00;0.00;0.000;0.000;0.00;0.00;0.000;0.000;0.000;0.000;18;0.0000;0.000;0.0000;0.000;0.0000;0.000;0.0000;0.000;0.0000;0.000;0.0000;0.000;0.0000;0.000;0.0000;0.000;0.000000000;0.000000000;0.0000000;0.00;0.00;0.00;9120;0;110;1;0;0;100;0.00;0;0;0;0
;359.52;-0.11;0.67;0.0400;0.0000;0.0600;-0.012250;-0.002500;1.010500;0.0;0.0;0.0;0;0;30.1;24.03;1000000;0;-5.824999809;-35.227500915;40.000;0.00;0.00;0.00;0.00;0.00;0.00;0.00;0.000;0.000;0.00;0.00;0.000;0.000;0.000;0.000;19;0.0000;0.000;0.0000;0.000;0.0000;0.000;0.0000;0.000;0.0000;0.000;0.0000;0.000;0.0000;0.000;0.0000;0.000;0.000000000;0.000000000;0.0000000;0.00;0.00;0.00;9140;0;110;1;0;0;100;0.00;0;0;0;0
;359.52;-0.10;0.67;0.0600;0.0400;0.0000;-0.011750;-0.001750;1.009750;0.0;0.0;0.0;0;0;29.9;24.20;1000000;0;-5.824999809;-35.227500915;40.000;0.00;0.00;0.00;0.00;0.00;0.00;0.00;0.000;0.000;0.00;0.00;0.000;0.000;0.000;0.000;20;0.0000;0.000;0.0000;0.000;0.0000;0.000;0.0000;0.000;0.0000;0.000;0.0000;0.000;0.0000;0.000;0.0000;0.000;0.000000000;0.000000000;0.0000000;0.00;0.00;0.00;9160;0;110;1;0;0;100;0.00;0;0;0;0
;359.52;-0.10;0.67;0.0600;-0.0400;0.0400;-0.011000;-0.002500;1.010250;0.0;0.0;0.0;0;0;29.7;24.02;1000000;0;-5.824999809;-35.227500915;40.000;0.00;0.00;0.00;0.00;0.00;0.00;0.00;0.000;0.000;0.00;0.00;0.000;0.000;0.000;0.000;21;0.0000;0.000;0.0000;0.000;0.0000;0.000;0.0000;0.000;0.0000;0.000;0.0000;0.000;0.0000;0.000;0.0000;0.000;0.000000000;0.000000000;0.0000000;0.00;0.00;0.00;9180;0;110;1;0;0;100;0.00;0;0;0;0
;359.52;-0.10;0.67;0.0200;0.0400;0.0600;-0.011750;-0.001500;1.010500;0.0;0.0;0.0;0;0;30.0;24.13;1000000;0;-5.824999809;-35.227500915;40.000;0.00;0.00;0.00;0.00;0.00;0.00;0.00;0.000;0.000;0.00;0.00;0.000;0.000;0.000;0.000;22;0.0000;0.000;0.0000;0.000;0.0000;0.000;0.0000;0.000;0.0000;0.000;0.0000;0.000;0.0000;0.000;0.0000;0.000;0.000000000;0.000000000;0.0000000;0.00;0.00;0.00;9200;0;110;1;0;0;100;0.00;0;0;0;0
;359.52;-0.10;0.67;0.0600;-0.0600;0.0000;-0.012750;-0.002250;1.010500;0.0;0.0;0.0;0;0;30.0;24.05;1000000;0;-5.824999809;-35.227500915;40.000;0.00;0.00;0.00;0.00;0.00;0.00;0.00;0.000;0.000;0.00;0.00;0.000;0.000;0.000;0.000;23;0.0000;0.000;0.0000;0.000;0.0000;0.000;0.0000;0.000;0.0000;0.000;0.0000;0.000;0.0000;0.000;0.0000;0.000;0.000000000;0.000000000;0.0000000;0.00;0.00;0.00;9220;0;110;1;0;0;100;0.00;0;0;0;0
;359.51;-0.10;0.67;0.0400;-0.0600;0.0400;-0.012750;-0.001750;1.010250;0.0;0.0;0.0;0;0;30.1;24.12;1000000;0;-5.824999809;-35.227500915;40.000;0.00;0.00;0.00;0.00;0.00;0.00;0.00;0.000;0.000;0.00;0.00;0.000;0.000;0.000;0.000;24;0.0000;0.000;0.0000;0.000;0.0000;0.000;0.0000;0.000;0.0000;0.000;0.0000;0.000;0.0000;0.000;0.0000;0.000;0.000000000;0.000000000;0.0000000;0.00;0.00;0.00;9240;0;110;1;0;0;100;0.00;0;0;0;0
;359.51;-0.10;0.67;0.0400;-0.0400;0.0400;-0.012500;-0.002250;1.010250;0.0;0.0;0.0;0;0;29.9;24.08;1000000;0;-5.824999809;-35.227500915;40.000;0.00;0.00;0.00;0.00;0.00;0.00;0.00;0.000;0.000;0.00;0.00;0.000;0.000;0.000;0.000;25;0.0000;0.000;0.0000;0.000;0.0000;0.000;0.0000;0.000;0.0000;0.000;0.0000;0.000;0.0000;0.000;0.0000;0.000;0.000000000;0.000000000;0.0000000;0.00;0.00;0.00;9260;0;110;1;0;0;100;0.00;0;0;0;0
;359.51;-0.10;0.67;0.0600;0.0400;0.0800;-0.012000;-0.002250;1.010500;0.0;0.0;0.0;0;0;30.1;24.08;1000000;0;-5.824999809;-35.227500915;40.000;0.00;0.00;0.00;0.00;0.00;0.00;0.00;0.000;0.000;0.00;0.00;0.000;0.000;0.000;0.000;26;0.0000;0.000;0.0000;0.000;0.0000;0.000;0.0000;0.000;0.0000;0.000;0.0000;0.000;0.0000;0.000;0.0000;0.000;0.000000000;0.000000000;0.0000000;0.00;0.00;0.00;9280;0;110;1;0;0;100;0.00;0;0;0;0
;359.51;-0.10;0.67;0.0800;-0.0200;0.0800;-0.012000;-0.002750;1.010250;0.0;0.0;0.0;0;0;29.6;24.06;1000000;0;-5.824999809;-35.227500915;40.000;0.00;0.00;0.00;0.00;0.00;0.00;0.00;0.000;0.000;0.00;0.00;0.000;0.000;0.000;0.000;27;0.0000;0.000;0.0000;0.000;0.0000;0.000;0.0000;0.000;0.0000;0.000;0.0000;0.000;0.0000;0.000;0.0000;0.000;0.000000000;0.000000000;0.0000000;0.00;0.00;0.00;9300;0;110;1;0;0;100;0.00;0;0;0;0
;359.51;-0.10;0.67;0.0200;0.0000;0.0800;-0.012500;-0.002250;1.010750;0.0;0.0;0.0;0;0;29.9;24.05;1000000;0;-5.824999809;-35.227500915;40.000;0.00;0.00;0.00;0.00;0.00;0.00;0.00;0.000;0.000;0.00;0.00;0.000;0.000;0.000;0.000;28;0.0000;0.000;0.0000;0.000;0.0000;0.000;0.0000;0.000;0.0000;0.000;0.0000;0.000;0.0000;0.000;0.0000;0.000;0.000000000;0.000000000;0.0000000;0.00;0.00;0.00;9320;0;110;1;0;0;100;0.00;0;0;0;0
;359.51;-0.10;0.68;0.0600;0.0200;0.0800;-0.012250;-0.002000;1.010250;0.0;0.0;0.0;0;0;30.1;23.91;1000000;0;-5.824999809;-35.227500915;40.000;0.00;0.00;0.00;0.00;0.00;0.00;0.00;0.000;0.000;0.00;0.00;0.000;0.000;0.000;0.000;29;0.0000;0.000;0.0000;0.000;0.0000;0.000;0.0000;0.000;0.0000;0.000;0.0000;0.000;0.0000;0.000;0.0000;0.000;0.000000000;0.000000000;0.0000000;0.00;0.00;0.00;9340;0;110;1;0;0;100;0.00;0;0;0;0
;359.51;-0.10;0.68;0.0200;-0.0200;0.0000;-0.012750;-0.001500;1.010500;0.0;0.0;0.0;0;0;29.6;23.97;1000000;0;-5.824999809;-35.227500915;40.000;0.00;0.00;0.00;0.00;0.00;0.00;0.00;0.000;0.000;0.00;0.00;0.000;0.000;0.000;0.000;30;0.0000;0.000;0.0000;0.000;0.0000;0.000;0.0000;0.000;0.0000;0.000;0.0000;0.000;0.0000;0.000;0.0000;0.000;0.000000000;0.000000000;0.0000000;0.00;0.00;0.00;9360;0;110;1;0;0;100;0.00;0;0;0;0
;359.51;-0.10;0.68;0.0200;-0.0400;0.0600;-0.012500;-0.002250;1.011000;0.0;0.0;0.0;0;0;30.0;24.03;1000000;0;-5.824999809;-35.227500915;40.000;0.00;0.00;0.00;0.00;0.00;0.00;0.00;0.000;0.000;0.00;0.00;0.000;0.000;0.000;0.000;31;0.0000;0.000;0.0000;0.000;0.0000;0.000;0.0000;0.000;0.0000;0.000;0.0000;0.000;0.0000;0.000;0.0000;0.000;0.000000000;0.000000000;0.0000000;0.00;0.00;0.00;9380;0;110;1;0;0;100;0.00;0;0;0;0
;359.51;-0.10;0.68;0.0200;-0.0200;0.0200;-0.011500;-0.002250;1.011000;0.0;0.0;0.0;0;0;30.1;23.94;1000000;0;-5.824999809;-35.227500915;40.000;0.00;0.00;0.00;0.00;0.00;0.00;0.00;0.000;0.000;0.00;0.00;0.000;0.000;0.000;0.000;0;0.0000;0.000;0.0000;0.000;0.0000;0.000;0.0000;0.000;0.0000;0.000;0.0000;0.000;0.0000;0.000;0.0000;0.000;0.000000000;0.000000000;0.0000000;0.00;0.00;0.00;9400;0;110;1;0;0;100;0.00;0;0;0;0
;359.50;-0.10;0.67;0.0800;0.0000;0.0600;-0.011500;-0.002500;1.010500;0.0;0.0;0.0;0;0;30.1;23.94;1000000;0;-5.824999809;-35.227500915;40.000;0.00;0.00;0.00;0.00;0.00;0.00;0.00;0.000;0.000;0.00;0.00;0.000;0.000;0.000;0.000;1;0.0000;0.000;0.0000;0.000;0.0000;0.000;0.0000;0.000;0.0000;0.000;0.0000;0.000;0.0000;0.000;0.0000;0.000;0.000000000;0.000000000;0.0000000;0.00;0.00;0.00;9420;0;110;1;0;0;100;0.00;0;0;0;0
;359.50;-0.10;0.67;0.0200;-0.0200;0.0400;-0.012000;-0.002250;1.010500;0.0;0.0;0.0;0;0;29.9;23.92;1000000;0;-5.824999809;-35.227500915;40.000;0.00;0.00;0.00;0.00;0.00;0.00;0.00;0.000;0.000;0.00;0.00;0.000;0.000;0.000;0.000;2;0.0000;0.000;0.0000;0.000;0.0000;0.000;0.0000;0.000;0.0000;0.000;0.0000;0.000;0.0000;0.000;0.0000;0.000;0.000000000;0.000000000;0.0000000;0.00;0.00;0.00;9440;0;110;1;0;0;100;0.00;0;0;0;0
;359.50;-0.10;0.67;0.0800;0.0000;0.0600;-0.012500;-0.002500;1.010250;0.0;0.0;0.0;0;0;29.5;23.92;1000000;0;-5.824999809;-35.227500915;40.000;0.00;0.00;0.00;0.00;0.00;0.00;0.00;0.000;0.000;0.00;0.00;0.000;0.000;0.000;0.000;3;0.0000;0.000;0.0000;0.000;0.0000;0.000;0.0000;0.000;0.0000;0.000;0.0000;0.000;0.0000;0.000;0.0000;0.000;0.000000000;0.000000000;0.0000000;0.00;0.00;0.00;9460;0;110;1;0;0;100;0.00;0;0;0;0
;359.50;-0.10;0.68;0.0200;0.0200;0.0600;-0.012000;-0.001750;1.011250;0.0;0.0;0.0;0;0;30.0;23.91;1000000;0;-5.824999809;-35.227500915;40.000;0.00;0.00;0.00;0.00;0.00;0.00;0.00;0.000;0.000;0.00;0.00;0.000;0.000;0.000;0.000;4;0.0000;0.000;0.0000;0.000;0.0000;0.000;0.0000;0.000;0.0000;0.000;0.0000;0.000;0.0000;0.000;0.0000;0.000;0.000000000;0.000000000;0.0000000;0.00;0.00;0.00;9480;0;110;1;0;0;100;0.00;0;0;0;0
;359.50;-0.10;0.67;0.0600;-0.0400;0.0400;-0.011750;-0.002250;1.010500;0.0;0.0;0.0;0;0;30.0;23.91;1000000;0;-5.824999809;-35.227500915;40.000;0.00;0.00;0.00;0.00;0.00;0.00;0.00;0.000;0.000;0.00;0.00;0.000;0.000;0.000;0.000;5;0.0000;0.000;0.0000;0.000;0.0000;0.000;0.0000;0.000;0.0000;0.000;0.0000;0.000;0.0000;0.000;0.0000;0.000;0.000000000;0.000000000;0.0000000;0.00;0.00;0.00;9500;0;110;1;0;0;100;0.00;0;0;0;0
;359.50;-0.10;0.67;0.0600;0.0400;0.0400;-0.011000;-0.003000;1.010250;0.0;0.0;0.0;0;0;30.0;24.06;1000000;0;-5.824999809;-35.227500915;40.000;0.00;0.00;0.00;0.00;0.00;0.00;0.00;0.000;0.000;0.00;0.00;0.000;0.000;0.000;0.000;6;0.0000;0.000;0.0000;0.000;0.0000;0.000;0.0000;0.000;0.0000;0.000;0.0000;0.000;0.0000;0.000;0.0000;0.000;0.000000000;0.000000000;0.0000000;0.00;0.00;0.00;9520;0;110;1;0;0;100;0.00;0;0;0;0
;359.50;-0.11;0.67;0.0200;0.0000;0.0400;-0.012250;-0.002500;1.011250;0.0;0.0;0.0;0;0;30.1;23.93;1000000;0;-5.824999809;-35.227500915;40.000;0.00;0.00;0.00;0.00;0.00;0.00;0.00;0.000;0.000;0.00;0.00;0.000;0.000;0.000;0.000;7;0.0000;0.000;0.0000;0.000;0.0000;0.000;0.0000;0.000;0.0000;0.000;0.0000;0.000;0.0000;0.000;0.0000;0.000;0.000000000;0.000000000;0.0000000;0.00;0.00;0.00;9540;0;110;1;0;0;100;0.00;0;0;0;0
;359.50;-0.11;0.67;0.0400;-0.0400;0.0600;-0.013250;-0.002000;1.010750;0.0;0.0;0.0;0;0;30.1;23.96;1000000;0;-5.824999809;-35.227500915;40.000;0.00;0.00;0.00;0.00;0.00;0.00;0.00;0.000;0.000;0.00;0.00;0.000;0.000;0.000;0.000;8;0.0000;0.000;0.0000;0.000;0.0000;0.000;0.0000;0.000;0.0000;0.000;0.0000;0.000;0.0000;0.000;0.0000;0.000;0.000000000;0.000000000;0.0000000;0.00;0.00;0.00;9560;0;110;1;0;0;100;0.00;0;0;0;0
;359.50;-0.11;0.67;0.0200;-0.0200;0.0000;-0.013750;-0.002000;1.010750;0.0;0.0;0.0;0;0;29.7;23.95;1000000;0;-5.824999809;-35.227500915;40.000;0.00;0.00;0.00;0.00;0.00;0.00;0.00;0.000;0.000;0.00;0.00;0.000;0.000;0.000;0.000;9;0.0000;0.000;0.0000;0.000;0.0000;0.000;0.0000;0.000;0.0000;0.000;0.0000;0.000;0.0000;0.000;0.0000;0.000;0.000000000;0.000000000;0.0000000;0.00;0.00;0.00;9580;0;110;1;0;0;100;0.00;0;0;0;0
;359.50;-0.11;0.67;0.0200;0.0200;0.0800;-0.012000;-0.002000;1.010750;0.0;0.0;0.0;0;0;30.1;23.98;1000000;0;-5.824999809;-35.227500915;40.000;0.00;0.00;0.00;0.00;0.00;0.00;0.00;0.000;0.000;0.00;0.00;0.000;0.000;0.000;0.000;10;0.0000;0.000;0.0000;0.000;0.0000;0.000;0.0000;0.000;0.0000;0.000;0.0000;0.000;0.0000;0.000;0.0000;0.000;0.000000000;0.000000000;0.0000000;0.00;0.00;0.00;9600;0;110;1;0;0;100;0.00;0;0;0;0
;359.50;-0.11;0.67;0.0400;-0.0200;-0.0200;-0.011250;-0.002500;1.011000;0.0;0.0;0.0;0;0;30.0;23.91;1000000;0;-5.824999809;-35.227500915;40.000;0.00;0.00;0.00;0.00;0.00;0.00;0.00;0.000;0.000;0.00;0.00;0.000;0.000;0.000;0.000;11;0.0000;0.000;0.0000;0.000;0.0000;0.000;0.0000;0.000;0.0000;0.000;0.0000;0.000;0.0000;0.000;0.0000;0.000;0.000000000;0.000000000;0.0000000;0.00;0.00;0.00;9620;0;110;1;0;0;100;0.00;0;0;0;0
;359.50;-0.10;0.67;0.0400;-0.0400;0.0600;-0.011500;-0.001750;1.010500;0.0;0.0;0.0;0;0;29.9;23.96;1000000;0;-5.824999809;-35.227500915;40.000;0.00;0.00;0.00;0.00;0.00;0.00;0.00;0.000;0.000;0.00;0.00;0.000;0.000;0.000;0.000;12;0.0000;0.000;0.0000;0.000;0.0000;0.000;0.0000;0.000;0.0000;0.000;0.0000;0.000;0.0000;0.000;0.0000;0.000;0.000000000;0.000000000;0.0000000;0.00;0.00;0.00;9640;0;110;1;0;0;100;0.00;0;0;0;0
;359.50;-0.10;0.67;0.0800;-0.0200;0.0400;-0.012000;-0.002250;1.010750;0.0;0.0;0.0;0;0;30.0;24.01;1000000;0;-5.824999809;-35.227500915;40.000;0.00;0.00;0.00;0.00;0.00;0.00;0.00;0.000;0.000;0.00;0.00;0.000;0.000;0.000;0.000;13;0.0000;0.000;0.0000;0.000;0.0000;0.000;0.0000;0.000;0.0000;0.000;0.0000;0.000;0.0000;0.000;0.0000;0.000;0.000000000;0.000000000;0.0000000;0.00;0.00;0.00;9660;0;110;1;0;0;100;0.00;0;0;0;0
;359.49;-0.11;0.67;0.0600;-0.0200;0.0400;-0.013000;-0.002500;1.010500;0.0;0.0;0.0;0;0;29.9;24.01;1000000;0;-5.824999809;-35.227500915;40.000;0.00;0.00;0.00;0.00;0.00;0.00;0.00;0.000;0.000;0.00;0.00;0.000;0.000;0.000;0.000;14;0.0000;0.000;0.0000;0.000;0.0000;0.000;0.0000;0.000;0.0000;0.000;0.0000;0.000;0.0000;0.000;0.0000;0.000;0.000000000;0.000000000;0.0000000;0.00;0.00;0.00;9680;0;110;1;0;0;100;0.00;0;0;0;0
;359.49;-0.11;0.67;0.0600;-0.0200;0.0600;-0.012750;-0.002250;1.010750;0.0;0.0;0.0;0;0;29.9;24.07;1000000;0;-5.824999809;-35.227500915;40.000;0.00;0.00;0.00;0.00;0.00;0.00;0.00;0.000;0.000;0.00;0.00;0.000;0.000;0.000;0.000;15;0.0000;0.000;0.0000;0.000;0.0000;0.000;0.0000;0.000;0.0000;0.000;0.0000;0.000;0.0000;0.000;0.0000;0.000;0.000000000;0.000000000;0.0000000;0.00;0.00;0.00;9700;0;110;1;0;0;100;0.00;0;0;0;0
;359.49;-0.11;0.67;0.0600;0.0200;0.0600;-0.011750;-0.002500;1.010750;0.0;0.0;0.0;0;0;30.0;24.02;1000000;0;-5.824999809;-35.227500915;40.000;0.00;0.00;0.00;0.00;0.00;0.00;0.00;0.000;0.000;0.00;0.00;0.000;0.000;0.000;0.000;16;0.0000;0.000;0.0000;0.000;0.0000;0.000;0.0000;0.000;0.0000;0.000;0.0000;0.000;0.0000;0.000;0.0000;0.000;0.000000000;0.000000000;0.0000000;0.00;0.00;0.00;9720;0;110;1;0;0;100;0.00;0;0;0;0
;359.49;-0.11;0.67;0.0200;-0.0200;0.1000;-0.012000;-0.002250;1.010750;0.0;0.0;0.0;0;0;30.0;24.03;1000000;0;-5.824999809;-35.227500915;40.000;0.00;0.00;0.00;0.00;0.00;0.00;0.00;0.000;0.000;0.00;0.00;0.000;0.000;0.000;0.000;17;0.0000;0.000;0.0000;0.000;0.0000;0.000;0.0000;0.000;0.0000;0.000;0.0000;0.000;0.0000;0.000;0.0000;0.000;0.000000000;0.000000000;0.0000000;0.00;0.00;0.00;9740;0;110;1;0;0;100;0.00;0;0;0;0
;359.49;-0.10;0.67;0.0600;-0.0800;0.0400;-0.012500;-0.001750;1.011250;0.0;0.0;0.0;0;0;30.2;24.03;1000000;0;-5.824999809;-35.227500915;40.000;0.00;0.00;0.00;0.00;0.00;0.00;0.00;0.000;0.000;0.00;0.00;0.000;0.000;0.000;0.000;18;0.0000;0.000;0.0000;0.000;0.0000;0.000;0.0000;0.000;0.0000;0.000;0.0000;0.000;0.0000;0.000;0.0000;0.000;0.000000000;0.000000000;0.0000000;0.00;0.00;0.00;9760;0;110;1;0;0;100;0.00;0;0;0;0
;359.49;-0.10;0.67;0.0600;-0.0400;0.0200;-0.011750;-0.002250;1.010250;0.0;0.0;0.0;0;0;29.9;23.94;1000000;0;-5.824999809;-35.227500915;40.000;0.00;0.00;0.00;0.00;0.00;0.00;0.00;0.000;0.000;0.00;0.00;0.000;0.000;0.000;0.000;19;0.0000;0.000;0.0000;0.000;0.0000;0.000;0.0000;0.000;0.0000;0.000;0.0000;0.000;0.0000;0.000;0.0000;0.000;0.000000000;0.000000000;0.0000000;0.00;0.00;0.00;9780;0;110;1;0;0;100;0.00;0;0;0;0
;359.49;-0.11;0.67;0.0200;0.0200;0.0400;-0.011750;-0.003000;1.010750;0.0;0.0;0.0;0;0;29.7;24.08;1000000;0;-5.824999809;-35.227500915;40.000;0.00;0.00;0.00;0.00;0.00;0.00;0.00;0.000;0.000;0.00;0.00;0.000;0.000;0.000;0.000;20;0.0000;0.000;0.0000;0.000;0.0000;0.000;0.0000;0.000;0.0000;0.000;0.0000;0.000;0.0000;0.000;0.0000;0.000;0.000000000;0.000000000;0.0000000;0.00;0.00;0.00;9800;0;110;1;0;0;100;0.00;0;0;0;0
;359.49;-0.10;0.67;0.0800;0.0000;0.0000;-0.012000;-0.002000;1.010500;0.0;0.0;0.0;0;0;30.1;23.95;1000000;0;-5.824999809;-35.227500915;40.000;0.00;0.00;0.00;0.00;0.00;0.00;0.00;0.000;0.000;0.00;0.00;0.000;0.000;0.000;0.000;21;0.0000;0.000;0.0000;0.000;0.0000;0.000;0.0000;0.000;0.0000;0.000;0.0000;0.000;0.0000;0.000;0.0000;0.000;0.000000000;0.000000000;0.0000000;0.00;0.00;0.00;9820;0;110;1;0;0;100;0.00;0;0;0;0
;359.49;-0.11;0.67;0.0400;-0.0400;0.0200;-0.012750;-0.002500;1.010250;0.0;0.0;0.0;0;0;30.0;23.99;1000000;0;-5.824999809;-35.227500915;40.000;0.00;0.00;0.00;0.00;0.00;0.00;0.00;0.000;0.000;0.00;0.00;0.000;0.000;0.000;0.000;22;0.0000;0.000;0.0000;0.000;0.0000;0.000;0.0000;0.000;0.0000;0.000;0.0000;0.000;0.0000;0.000;0.0000;0.000;0.000000000;0.000000000;0.0000000;0.00;0.00;0.00;9840;0;110;1;0;0;100;0.00;0;0;0;0
;359.49;-0.11;0.67;0.0600;0.0000;0.0600;-0.011500;-0.002250;1.010500;0.0;0.0;0.0;0;0;29.9;24.00;1000000;0;-5.824999809;-35.227500915;40.000;0.00;0.00;0.00;0.00;0.00;0.00;0.00;0.000;0.000;0.00;0.00;0.000;0.000;0.000;0.000;23;0.0000;0.000;0.0000;0.000;0.0000;0.000;0.0000;0.000;0.0000;0.000;0.0000;0.000;0.0000;0.000;0.0000;0.000;0.000000000;0.000000000;0.0000000;0.00;0.00;0.00;9860;0;110;1;0;0;100;0.00;0;0;0;0
;359.49;-0.11;0.67;0.0600;-0.0200;0.0200;-0.011750;-0.002250;1.010750;0.0;0.0;0.0;0;0;29.9;23.91;1000000;0;-5.824999809;-35.227500915;40.000;0.00;0.00;0.00;0.00;0.00;0.00;0.00;0.000;0.000;0.00;0.00;0.000;0.000;0.000;0.000;24;0.0000;0.000;0.0000;0.000;0.0000;0.000;0.0000;0.000;0.0000;0.000;0.0000;0.000;0.0000;0.000;0.0000;0.000;0.000000000;0.000000000;0.0000000;0.00;0.00;0.00;9880;0;110;1;0;0;100;0.00;0;0;0;0
;359.49;-0.10;0.67;0.1000;0.0200;0.0200;-0.012500;-0.001750;1.010500;0.0;0.0;0.0;0;0;29.9;23.96;1000000;0;-5.824999809;-35.227500915;40.000;0.00;0.00;0.00;0.00;0.00;0.00;0.00;0.000;0.000;0.00;0.00;0.000;0.000;0.000;0.000;25;0.0000;0.000;0.0000;0.000;0.0000;0.000;0.0000;0.000;0.0000;0.000;0.0000;0.000;0.0000;0.000;0.0000;0.000;0.000000000;0.000000000;0.0000000;0.00;0.00;0.00;9900;0;110;1;0;0;100;0.00;0;0;0;0
;359.48;-0.10;0.67;0.0800;0.0200;0.0600;-0.012500;-0.002500;1.010000;0.0;0.0;0.0;0;0;29.9;23.91;1000000;0;-5.824999809;-35.227500915;40.000;0.00;0.00;0.00;0.00;0.00;0.00;0.00;0.000;0.000;0.00;0.00;0.000;0.000;0.000;0.000;26;0.0000;0.000;0.0000;0.000;0.0000;0.000;0.0000;0.000;0.0000;0.000;0.0000;0.000;0.0000;0.000;0.0000;0.000;0.000000000;0.000000000;0.0000000;0.00;0.00;0.00;9920;0;110;1;0;0;100;0.00;0;0;0;0
;359.48;-0.11;0.67;0.0400;-0.0200;0.0400;-0.011500;-0.002250;1.011000;0.0;0.0;0.0;0;0;30.0;23.88;1000000;0;-5.824999809;-35.227500915;40.000;0.00;0.00;0.00;0.00;0.00;0.00;0.00;0.000;0.000;0.00;0.00;0.000;0.000;0.000;0.000;27;0.0000;0.000;0.0000;0.000;0.0000;0.000;0.0000;0.000;0.0000;0.000;0.0000;0.000;0.0000;0.000;0.0000;0.000;0.000000000;0.000000000;0.0000000;0.00;0.00;0.00;9940;0;110;1;0;0;100;0.00;0;0;0;0
;359.48;-0.11;0.67;0.0600;-0.0200;0.0800;-0.011000;-0.002750;1.010250;0.0;0.0;0.0;0;0;29.9;24.01;1000000;0;-5.824999809;-35.227500915;40.000;0.00;0.00;0.00;0.00;0.00;0.00;0.00;0.000;0.000;0.00;0.00;0.000;0.000;0.000;0.000;28;0.0000;0.000;0.0000;0.000;0.0000;0.000;0.0000;0.000;0.0000;0.000;0.0000;0.000;0.0000;0.000;0.0000;0.000;0.000000000;0.000000000;0.0000000;0.00;0.00;0.00;9960;0;110;1;0;0;100;0.00;0;0;0;0
;359.48;-0.11;0.67;0.0200;-0.0400;0.0400;-0.011750;-0.002750;1.010500;0.0;0.0;0.0;0;0;30.0;24.02;1000000;0;-5.824999809;-35.227500915;40.000;0.00;0.00;0.00;0.00;0.00;0.00;0.00;0.000;0.000;0.00;0.00;0.000;0.000;0.000;0.000;29;0.0000;0.000;0.0000;0.000;0.0000;0.000;0.0000;0.000;0.0000;0.000;0.0000;0.000;0.0000;0.000;0.0000;0.000;0.000000000;0.000000000;0.0000000;0.00;0.00;0.00;9980;0;110;1;0;0;100;0.00;0;0;0;0
;359.48;-0.11;0.67;0.0600;-0.0400;0.0600;-0.011750;-0.002500;1.010750;0.0;0.0;0.0;0;0;30.0;24.14;1000000;0;-5.824999809;-35.227500915;40.000;0.00;0.00;0.00;0.00;0.00;0.00;0.00;0.000;0.000;0.00;0.00;0.000;0.000;0.000;0.000;30;0.0000;0.000;0.0000;0.000;0.0000;0.000;0.0000;0.000;0.0000;0.000;0.0000;0.000;0.0000;0.000;0.0000;0.000;0.000000000;0.000000000;0.0000000;0.00;0.00;0.00;10000;0;110;1;0;0;100;0.00;0;0;0;64
;359.48;-0.11;0.67;0.0600;0.0000;0.0600;-0.012750;-0.003000;1.010250;0.0;0.0;0.0;0;0;30.0;24.03;1000000;0;-5.824999809;-35.227500915;40.000;0.00;0.00;0.00;0.00;0.00;0.00;0.00;0.000;0.000;0.00;0.00;0.000;0.000;0.000;0.000;31;0.0000;0.000;0.0000;0.000;0.0000;0.000;0.0000;0.000;0.0000;0.000;0.0000;0.000;0.0000;0.000;0.0000;0.000;0.000000000;0.000000000;0.0000000;0.00;0.00;0.00;10020;0;110;1;0;0;100;0.00;0;0;0;0
;359.48;-0.11;0.67;0.0400;-0.0800;0.0400;-0.012500;-0.002500;1.010250;0.0;0.0;0.0;0;0;29.9;24.15;1000000;0;-5.824999809;-35.227500915;40.000;0.00;0.00;0.00;0.00;0.00;0.00;0.00;0.000;0.000;0.00;0.00;0.000;0.000;0.000;0.000;0;0.0000;0.000;0.0000;0.000;0.0000;0.000;0.0000;0.000;0.0000;0.000;0.0000;0.000;0.0000;0.000;0.0000;0.000;0.000000000;0.000000000;0.0000000;0.00;0.00;0.00;10040;0;110;1;0;0;100;0.00;0;0;0;0
;359.48;-0.11;0.67;0.0800;-0.0200;0.0400;-0.011750;-0.002000;1.010000;0.0;0.0;0.0;0;0;30.1;24.16;1000000;0;-5.824999809;-35.227500915;40.000;0.00;0.00;0.00;0.00;0.00;0.00;0.00;0.000;0.000;0.00;0.00;0.000;0.000;0.000;0.000;1;0.0000;0.000;0.0000;0.000;0.0000;0.000;0.0000;0.000;0.0000;0.000;0.0000;0.000;0.0000;0.000;0.0000;0.000;0.000000000;0.000000000;0.0000000;0.00;0.00;0.00;10060;0;110;1;0;0;100;0.00;0;0;0;0
;359.48;-0.11;0.66;0.0400;-0.0400;0.0400;-0.011500;-0.002000;1.010500;0.0;0.0;0.0;0;0;30.1;24.04;1000000;0;-5.824999809;-35.227500915;40.000;0.00;0.00;0.00;0.00;0.00;0.00;0.00;0.000;0.000;0.00;0.00;0.000;0.000;0.000;0.000;2;0.0000;0.000;0.0000;0.000;0.0000;0.000;0.0000;0.000;0.0000;0.000;0.0000;0.000;0.0000;0.000;0.0000;0.000;0.000000000;0.000000000;0.0000000;0.00;0.00;0.00;10080;0;110;1;0;0;100;0.00;0;0;0;0
;359.48;-0.11;0.66;0.0600;-0.0400;0.0800;-0.012000;-0.002000;1.011000;0.0;0.0;0.0;0;0;30.1;24.07;1000000;0;-5.824999809;-35.227500915;40.000;0.00;0.00;0.00;0.00;0.00;0.00;0.00;0.000;0.000;0.00;0.00;0.000;0.000;0.000;0.000;3;0.0000;0.000;0.0000;0.000;0.0000;0.000;0.0000;0.000;0.0000;0.000;0.0000;0.000;0.0000;0.000;0.0000;0.000;0.000000000;0.000000000;0.0000000;0.00;0.00;0.00;10100;0;110;1;0;0;100;0.00;0;0;0;0
;359.47;-0.11;0.66;0.0600;-0.0800;0.0400;-0.012750;-0.002000;1.010250;0.0;0.0;0.0;0;0;30.0;24.04;1000000;0;-5.824999809;-35.227500915;40.000;0.00;0.00;0.00;0.00;0.00;0.00;0.00;0.000;0.000;0.00;0.00;0.000;0.000;0.000;0.000;4;0.0000;0.000;0.0000;0.000;0.0000;0.000;0.0000;0.000;0.0000;0.000;0.0000;0.000;0.0000;0.000;0.0000;0.000;0.000000000;0.000000000;0.0000000;0.00;0.00;0.00;10120;0;110;1;0;0;100;0.00;0;0;0;0
;359.47;-0.11;0.66;0.0400;-0.0400;0.0400;-0.012500;-0.002000;1.010000;0.0;0.0;0.0;0;0;29.9;24.02;1000000;0;-5.824999809;-35.227500915;40.000;0.00;0.00;0.00;0.00;0.00;0.00;0.00;0.000;0.000;0.00;0.00;0.000;0.000;0.000;0.000;5;0.0000;0.000;0.0000;0.000;0.0000;0.000;0.0000;0.000;0.0000;0.000;0.0000;0.000;0.0000;0.000;0.0000;0.000;0.000000000;0.000000000;0.0000000;0.00;0.00;0.00;10140;0;110;1;0;0;100;0.00;0;0;0;0
;359.47;-0.11;0.67;0.0400;-0.0600;0.0200;-0.012000;-0.002500;1.010000;0.0;0.0;0.0;0;0;29.9;24.14;1000000;0;-5.824999809;-35.227500915;40.000;0.00;0.00;0.00;0.00;0.00;0.00;0.00;0.000;0.000;0.00;0.00;0.000;0.000;0.000;0.000;6;0.0000;0.000;0.0000;0.000;0.0000;0.000;0.0000;0.000;0.0000;0.000;0.0000;0.000;0.0000;0.000;0.0000;0.000;0.000000000;0.000000000;0.0000000;0.00;0.00;0.00;10160;0;110;1;0;0;100;0.00;0;0;0;0
;359.47;-0.11;0.66;0.0600;-0.0200;0.0800;-0.011750;-0.002000;1.010500;0.0;0.0;0.0;0;0;30.0;24.03;1000000;0;-5.824999809;-35.227500915;40.000;0.00;0.00;0.00;0.00;0.00;0.00;0.00;0.000;0.000;0.00;0.00;0.000;0.000;0.000;0.000;7;0.0000;0.000;0.0000;0.000;0.0000;0.000;0.0000;0.000;0.0000;0.000;0.0000;0.000;0.0000;0.000;0.0000;0.000;0.000000000;0.000000000;0.0000000;0.00;0.00;0.00;10180;0;110;1;0;0;100;0.00;0;0;0;0
;359.47;-0.10;0.67;0.1000;0.0400;0.0800;-0.012250;-0.002000;1.010250;0.0;0.0;0.0;0;0;30.0;23.96;1000000;0;-5.824999809;-35.227500915;40.000;0.00;0.00;0.00;0.00;0.00;0.00;0.00;0.000;0.000;0.00;0.00;0.000;0.000;0.000;0.000;8;0.0000;0.000;0.0000;0.000;0.0000;0.000;0.0000;0.000;0.0000;0.000;0.0000;0.000;0.0000;0.000;0.0000;0.000;0.000000000;0.000000000;0.0000000;0.00;0.00;0.00;10200;0;110;1;0;0;100;0.00;0;0;0;0
;359.47;-0.10;0.67;0.0200;-0.0400;0.0800;-0.012500;-0.002000;1.010250;0.0;0.0;0.0;0;0;30.0;24.10;1000000;0;-5.824999809;-35.227500915;40.000;0.00;0.00;0.00;0.00;0.00;0.00;0.00;0.000;0.000;0.00;0.00;0.000;0.000;0.000;0.000;9;0.0000;0.000;0.0000;0.000;0.0000;0.000;0.0000;0.000;0.0000;0.000;0.0000;0.000;0.0000;0.000;0.0000;0.000;0.000000000;0.000000000;0.0000000;0.00;0.00;0.00;10220;0;110;1;0;0;100;0.00;0;0;0;0
;359.47;-0.10;0.67;0.0600;-0.0800;0.0000;-0.011750;-0.002250;1.010250;0.0;0.0;0.0;0;0;29.9;24.06;1000000;0;-5.824999809;-35.227500915;40.000;0.00;0.00;0.00;0.00;0.00;0.00;0.00;0.000;0.000;0.00;0.00;0.000;0.000;0.000;0.000;10;0.0000;0.000;0.0000;0.000;0.0000;0.000;0.0000;0.000;0.0000;0.000;0.0000;0.000;0.0000;0.000;0.0000;0.000;0.000000000;0.000000000;0.0000000;0.00;0.00;0.00;10240;0;110;1;0;0;100;0.00;0;0;0;0
;359.47;-0.10;0.67;0.0600;-0.0600;0.0400;-0.012500;-0.002000;1.010500;0.0;0.0;0.0;0;0;30.0;24.10;1000000;0;-5.824999809;-35.227500915;40.000;0.00;0.00;0.00;0.00;0.00;0.00;0.00;0.000;0.000;0.00;0.00;0.000;0.000;0.000;0.000;11;0.0000;0.000;0.0000;0.000;0.0000;0.000;0.0000;0.000;0.0000;0.000;0.0000;0.000;0.0000;0.000;0.0000;0.000;0.000000000;0.000000000;0.0000000;0.00;0.00;0.00;10260;0;110;1;0;0;100;0.00;0;0;0;0
;359.47;-0.10;0.67;0.0400;0.0000;0.0600;-0.011500;-0.002500;1.010500;0.0;0.0;0.0;0;0;30.0;24.04;1000000;0;-5.824999809;-35.227500915;40.000;0.00;0.00;0.00;0.00;0.00;0.00;0.00;0.000;0.000;0.00;0.00;0.000;0.000;0.000;0.000;12;0.0000;0.000;0.0000;0.000;0.0000;0.000;0.0000;0.000;0.0000;0.000;0.0000;0.000;0.0000;0.000;0.0000;0.000;0.000000000;0.000000000;0.0000000;0.00;0.00;0.00;10280;0;110;1;0;0;100;0.00;0;0;0;0
;359.47;-0.11;0.66;0.0200;-0.0200;0.0600;-0.011250;-0.002000;1.010000;0.0;0.0;0.0;0;0;29.6;23.90;1000000;0;-5.824999809;-35.227500915;40.000;0.00;0.00;0.00;0.00;0.00;0.00;0.00;0.000;0.000;0.00;0.00;0.000;0.000;0.000;0.000;13;0.0000;0.000;0.0000;0.000;0.0000;0.000;0.0000;0.000;0.0000;0.000;0.0000;0.000;0.0000;0.000;0.0000;0.000;0.000000000;0.000000000;0.0000000;0.00;0.00;0.00;10300;0;110;1;0;0;100;0.00;0;0;0;0
;359.47;-0.11;0.66;0.0200;-0.1000;0.0000;-0.012250;-0.002500;1.010250;0.0;0.0;0.0;0;0;29.6;23.94;1000000;0;-5.824999809;-35.227500915;40.000;0.00;0.00;0.00;0.00;0.00;0.00;0.00;0.000;0.000;0.00;0.00;0.000;0.000;0.000;0.000;14;0.0000;0.000;0.0000;0.000;0.0000;0.000;0.0000;0.000;0.0000;0.000;0.0000;0.000;0.0000;0.000;0.0000;0.000;0.000000000;0.000000000;0.0000000;0.00;0.00;0.00;10320;0;110;1;0;0;100;0.00;0;0;0;0
;359.46;-0.10;0.66;0.0600;-0.0400;0.0400;-0.013000;-0.001750;1.011000;0.0;0.0;0.0;0;0;30.0;23.95;1000000;0;-5.824999809;-35.227500915;40.000;0.00;0.00;0.00;0.00;0.00;0.00;0.00;0.000;0.000;0.00;0.00;0.000;0.000;0.000;0.000;15;0.0000;0.000;0.0000;0.000;0.0000;0.000;0.0000;0.000;0.0000;0.000;0.0000;0.000;0.0000;0.000;0.0000;0.000;0.000000000;0.000000000;0.0000000;0.00;0.00;0.00;10340;0;110;1;0;0;100;0.00;0;0;0;0
;359.46;-0.10;0.67;0.1000;0.0000;0.0200;-0.013250;-0.001750;1.010500;0.0;0.0;0.0;0;0;29.9;23.91;1000000;0;-5.824999809;-35.227500915;40.000;0.00;0.00;0.00;0.00;0.00;0.00;0.00;0.000;0.000;0.00;0.00;0.000;0.000;0.000;0.000;16;0.0000;0.000;0.0000;0.000;0.0000;0.000;0.0000;0.000;0.0000;0.000;0.0000;0.000;0.0000;0.000;0.0000;0.000;0.000000000;0.000000000;0.0000000;0.00;0.00;0.00;10360;0;110;1;0;0;100;0.00;0;0;0;0
;359.46;-0.10;0.67;0.0400;0.0000;0.0400;-0.012250;-0.002750;1.010750;0.0;0.0;0.0;0;0;30.0;24.08;1000000;0;-5.824999809;-35.227500915;40.000;0.00;0.00;0.00;0.00;0.00;0.00;0.00;0.000;0.000;0.00;0.00;0.000;0.000;0.000;0.000;17;0.0000;0.000;0.0000;0.000;0.0000;0.000;0.0000;0.000;0.0000;0.000;0.0000;0.000;0.0000;0.000;0.0000;0.000;0.000000000;0.000000000;0.0000000;0.00;0.00;0.00;10380;0;110;1;0;0;100;0.00;0;0;0;0
;359.46;-0.10;0.67;0.0800;0.0800;0.0600;-0.011500;-0.001500;1.011000;0.0;0.0;0.0;0;0;30.0;23.94;1000000;0;-5.824999809;-35.227500915;40.000;0.00;0.00;0.00;0.00;0.00;0.00;0.00;0.000;0.000;0.00;0.00;0.000;0.000;0.000;0.000;18;0.0000;0.000;0.0000;0.000;0.0000;0.000;0.0000;0.000;0.0000;0.000;0.0000;0.000;0.0000;0.000;0.0000;0.000;0.000000000;0.000000000;0.0000000;0.00;0.00;0.00;10400;0;110;1;0;0;100;0.00;0;0;0;0
;359.46;-0.10;0.66;0.1000;-0.0200;0.0200;-0.011250;-0.002500;1.010750;0.0;0.0;0.0;0;0;30.0;23.98;1000000;0;-5.824999809;-35.227500915;40.000;0.00;0.00;0.00;0.00;0.00;0.00;0.00;0.000;0.000;0.00;0.00;0.000;0.000;0.000;0.000;19;0.0000;0.000;0.0000;0.000;0.0000;0.000;0.0000;0.000;0.0000;0.000;0.0000;0.000;0.0000;0.000;0.0000;0.000;0.000000000;0.000000000;0.0000000;0.00;0.00;0.00;10420;0;110;1;0;0;100;0.00;0;0;0;0
;359.46;-0.10;0.66;0.0600;-0.0600;-0.0200;-0.012500;-0.002250;1.010500;0.0;0.0;0.0;0;0;30.0;24.06;1000000;0;-5.824999809;-35.227500915;40.000;0.00;0.00;0.00;0.00;0.00;0.00;0.00;0.000;0.000;0.00;0.00;0.000;0.000;0.000;0.000;20;0.0000;0.000;0.0000;0.000;0.0000;0.000;0.0000;0.000;0.0000;0.000;0.0000;0.000;0.0000;0.000;0.0000;0.000;0.000000000;0.000000000;0.0000000;0.00;0.00;0.00;10440;0;110;1;0;0;100;0.00;0;0;0;0
;359.46;-0.10;0.67;0.0600;0.0000;0.0400;-0.012750;-0.001750;1.010250;0.0;0.0;0.0;0;0;30.0;24.04;1000000;0;-5.824999809;-35.227500915;40.000;0.00;0.00;0.00;0.00;0.00;0.00;0.00;0.000;0.000;0.00;0.00;0.000;0.000;0.000;0.000;21;0.0000;0.000;0.0000;0.000;0.0000;0.000;0.0000;0.000;0.0000;0.000;0.0000;0.000;0.0000;0.000;0.0000;0.000;0.000000000;0.000000000;0.0000000;0.00;0.00;0.00;10460;0;110;1;0;0;100;0.00;0;0;0;0
;359.46;-0.10;0.67;0.1000;0.0600;0.0400;-0.012250;-0.001750;1.010250;0.0;0.0;0.0;0;0;29.9;23.96;1000000;0;-5.824999809;-35.227500915;40.000;0.00;0.00;0.00;0.00;0.00;0.00;0.00;0.000;0.000;0.00;0.00;0.000;0.000;0.000;0.000;22;0.0000;0.000;0.0000;0.000;0.0000;0.000;0.0000;0.000;0.0000;0.000;0.0000;0.000;0.0000;0.000;0.0000;0.000;0.000000000;0.000000000;0.0000000;0.00;0.00;0.00;10480;0;110;1;0;0;100;0.00;0;0;0;0
;359.46;-0.10;0.67;0.0600;0.0000;0.0000;-0.011750;-0.002500;1.010750;0.0;0.0;0.0;0;0;30.0;23.90;1000000;0;-5.824999809;-35.227500915;40.000;0.00;0.00;0.00;0.00;0.00;0.00;0.00;0.000;0.000;0.00;0.00;0.000;0.000;0.000;0.000;23;0.0000;0.000;0.0000;0.000;0.0000;0.000;0.0000;0.000;0.0000;0.000;0.0000;0.000;0.0000;0.000;0.0000;0.000;0.000000000;0.000000000;0.0000000;0.00;0.00;0.00;10500;0;110;1;0;0;100;0.00;0;0;0;0
;359.46;-0.10;0.67;0.0600;-0.0600;0.0400;-0.012000;-0.002500;1.010250;0.0;0.0;0.0;0;0;30.0;23.98;1000000;0;-5.824999809;-35.227500915;40.000;0.00;0.00;0.00;0.00;0.00;0.00;0.00;0.000;0.000;0.00;0.00;0.000;0.000;0.000;0.000;24;0.0000;0.000;0.0000;0.000;0.0000;0.000;0.0000;0.000;0.0000;0.000;0.0000;0.000;0.0000;0.000;0.0000;0.000;0.000000000;0.000000000;0.0000000;0.00;0.00;0.00;10520;0;110;1;0;0;100;0.00;0;0;0;0
;359.46;-0.10;0.67;0.0800;0.0200;0.0600;-0.011500;-0.003000;1.010500;0.0;0.0;0.0;0;0;29.9;23.92;1000000;0;-5.824999809;-35.227500915;40.000;0.00;0.00;0.00;0.00;0.00;0.00;0.00;0.000;0.000;0.00;0.00;0.000;0.000;0.000;0.000;25;0.0000;0.000;0.0000;0.000;0.0000;0.000;0.0000;0.000;0.0000;0.000;0.0000;0.000;0.0000;0.000;0.0000;0.000;0.000000000;0.000000000;0.0000000;0.00;0.00;0.00;10540;0;110;1;0;0;100;0.00;0;0;0;0
;359.46;-0.10;0.67;0.0600;0.0000;0.0200;-0.011750;-0.003000;1.010750;0.0;0.0;0.0;0;0;29.5;23.83;1000000;0;-5.824999809;-35.227500915;40.000;0.00;0.00;0.00;0.00;0.00;0.00;0.00;0.000;0.000;0.00;0.00;0.000;0.000;0.000;0.000;26;0.0000;0.000;0.0000;0.000;0.0000;0.000;0.0000;0.000;0.0000;0.000;0.0000;0.000;0.0000;0.000;0.0000;0.000;0.000000000;0.000000000;0.0000000;0.00;0.00;0.00;10560;0;110;1;0;0;100;0.00;0;0;0;0
;359.46;-0.10;0.66;0.1000;-0.1000;0.0400;-0.011750;-0.002000;1.010000;0.0;0.0;0.0;0;0;30.0;23.93;1000000;0;-5.824999809;-35.227500915;40.000;0.00;0.00;0.00;0.00;0.00;0.00;0.00;0.000;0.000;0.00;0.00;0.000;0.000;0.000;0.000;27;0.0000;0.000;0.0000;0.000;0.0000;0.000;0.0000;0.000;0.0000;0.000;0.0000;0.000;0.0000;0.000;0.0000;0.000;0.000000000;0.000000000;0.0000000;0.00;0.00;0.00;10580;0;110;1;0;0;100;0.00;0;0;0;0
;359.46;-0.10;0.66;0.0200;-0.0400;0.0600;-0.012250;-0.003000;1.009750;0.0;0.0;0.0;0;0;30.0;23.87;1000000;0;-5.824999809;-35.227500915;40.000;0.00;0.00;0.00;0.00;0.00;0.00;0.00;0.000;0.000;0.00;0.00;0.000;0.000;0.000;0.000;28;0.0000;0.000;0.0000;0.000;0.0000;0.000;0.0000;0.000;0.0000;0.000;0.0000;0.000;0.0000;0.000;0.0000;0.000;0.000000000;0.000000000;0.0000000;0.00;0.00;0.00;10600;0;110;1;0;0;100;0.00;0;0;0;0
;359.46;-0.10;0.67;0.0600;0.0600;0.0400;-0.012250;-0.002500;1.010500;0.0;0.0;0.0;0;0;29.6;24.02;1000000;0;-5.824999809;-35.227500915;40.000;0.00;0.00;0.00;0.00;0.00;0.00;0.00;0.000;0.000;0.00;0.00;0.000;0.000;0.000;0.000;29;0.0000;0.000;0.0000;0.000;0.0000;0.000;0.0000;0.000;0.0000;0.000;0.0000;0.000;0.0000;0.000;0.0000;0.000;0.000000000;0.000000000;0.0000000;0.00;0.00;0.00;10620;0;110;1;0;0;100;0.00;0;0;0;0
;359.46;-0.10;0.67;0.0000;-0.0200;0.0400;-0.011750;-0.002250;1.010000;0.0;0.0;0.0;0;0;29.7;23.91;1000000;0;-5.824999809;-35.227500915;40.000;0.00;0.00;0.00;0.00;0.00;0.00;0.00;0.000;0.000;0.00;0.00;0.000;0.000;0.000;0.000;30;0.0000;0.000;0.0000;0.000;0.0000;0.000;0.0000;0.000;0.0000;0.000;0.0000;0.000;0.0000;0.000;0.0000;0.000;0.000000000;0.000000000;0.0000000;0.00;0.00;0.00;10640;0;110;1;0;0;100;0.00;0;0;0;0
;359.45;-0.10;0.67;0.0600;-0.0400;0.0400;-0.012500;-0.001750;1.010750;0.0;0.0;0.0;0;0;30.0;23.91;1000000;0;-5.824999809;-35.227500915;40.000;0.00;0.00;0.00;0.00;0.00;0.00;0.00;0.000;0.000;0.00;0.00;0.000;0.000;0.000;0.000;31;0.0000;0.000;0.0000;0.000;0.0000;0.000;0.0000;0.000;0.0000;0.000;0.0000;0.000;0.0000;0.000;0.0000;0.000;0.000000000;0.000000000;0.0000000;0.00;0.00;0.00;10660;0;110;1;0;0;100;0.00;0;0;0;0
;359.45;-0.10;0.67;0.0400;0.0000;0.0400;-0.011250;-0.002500;1.010500;0.0;0.0;0.0;0;0;30.0;23.98;1000000;0;-5.824999809;-35.227500915;40.000;0.00;0.00;0.00;0.00;0.00;0.00;0.00;0.000;0.000;0.00;0.00;0.000;0.000;0.000;0.000;0;0.0000;0.000;0.0000;0.000;0.0000;0.000;0.0000;0.000;0.0000;0.000;0.0000;0.000;0.0000;0.000;0.0000;0.000;0.000000000;0.000000000;0.0000000;0.00;0.00;0.00;10680;0;110;1;0;0;100;0.00;0;0;0;0
;359.45;-0.11;0.67;0.0400;0.0600;0.0600;-0.011500;-0.003000;1.010250;0.0;0.0;0.0;0;0;30.0;23.94;1000000;0;-5.824999809;-35.227500915;40.000;0.00;0.00;0.00;0.00;0.00;0.00;0.00;0.000;0.000;0.00;0.00;0.000;0.000;0.000;0.000;1;0.0000;0.000;0.0000;0.000;0.0000;0.000;0.0000;0.000;0.0000;0.000;0.0000;0.000;0.0000;0.000;0.0000;0.000;0.000000000;0.000000000;0.0000000;0.00;0.00;0.00;10700;0;110;1;0;0;100;0.00;0;0;0;0
;359.45;-0.11;0.66;0.0400;-0.0400;0.0600;-0.011500;-0.003000;1.011250;0.0;0.0;0.0;0;0;29.6;23.98;1000000;0;-5.824999809;-35.227500915;40.000;0.00;0.00;0.00;0.00;0.00;0.00;0.00;0.000;0.000;0.00;0.00;0.000;0.000;0.000;0.000;2;0.0000;0.000;0.0000;0.000;0.0000;0.000;0.0000;0.000;0.0000;0.000;0.0000;0.000;0.0000;0.000;0.0000;0.000;0.000000000;0.000000000;0.0000000;0.00;0.00;0.00;10720;0;110;1;0;0;100;0.00;0;0;0;0
;359.45;-0.11;0.67;0.0400;0.0000;0.0600;-0.012500;-0.002250;1.010500;0.0;0.0;0.0;0;0;30.0;24.13;1000000;0;-5.824999809;-35.227500915;40.000;0.00;0.00;0.00;0.00;0.00;0.00;0.00;0.000;0.000;0.00;0.00;0.000;0.000;0.000;0.000;3;0.0000;0.000;0.0000;0.000;0.0000;0.000;0.0000;0.000;0.0000;0.000;0.0000;0.000;0.0000;0.000;0.0000;0.000;0.000000000;0.000000000;0.0000000;0.00;0.00;0.00;10740;0;110;1;0;0;100;0.00;0;0;0;0
;359.45;-0.11;0.67;0.0200;-0.0200;0.0600;-0.012000;-0.002250;1.010750;0.0;0.0;0.0;0;0;29.9;24.05;1000000;0;-5.824999809;-35.227500915;40.000;0.00;0.00;0.00;0.00;0.00;0.00;0.00;0.000;0.000;0.00;0.00;0.000;0.000;0.000;0.000;4;0.0000;0.000;0.0000;0.000;0.0000;0.000;0.0000;0.000;0.0000;0.000;0.0000;0.000;0.0000;0.000;0.0000;0.000;0.000000000;0.000000000;0.0000000;0.00;0.00;0.00;10760;0;110;1;0;0;100;0.00;0;0;0;0
;359.45;-0.11;0.67;0.0400;-0.0400;0.0000;-0.012250;-0.002750;1.010750;0.0;0.0;0.0;0;0;30.0;24.13;1000000;0;-5.824999809;-35.227500915;40.000;0.00;0.00;0.00;0.00;0.00;0.00;0.00;0.000;0.000;0.00;0.00;0.000;0.000;0.000;0.000;5;0.0000;0.000;0.0000;0.000;0.0000;0.000;0.0000;0.000;0.0000;0.000;0.0000;0.000;0.0000;0.000;0.0000;0.000;0.000000000;0.000000000;0.0000000;0.00;0.00;0.00;10780;0;110;1;0;0;100;0.00;0;0;0;0
;359.45;-0.11;0.67;0.0200;-0.0200;0.0400;-0.012250;-0.002500;1.010500;0.0;0.0;0.0;0;0;30.0;24.01;1000000;0;-5.824999809;-35.227500915;40.000;0.00;0.00;0.00;0.00;0.00;0.00;0.00;0.000;0.000;0.00;0.00;0.000;0.000;0.000;0.000;6;0.0000;0.000;0.0000;0.000;0.0000;0.000;0.0000;0.000;0.0000;0.000;0.0000;0.000;0.0000;0.000;0.0000;0.000;0.000000000;0.000000000;0.0000000;0.00;0.00;0.00;10800;0;110;1;0;0;100;0.00;0;0;0;0
;359.45;-0.11;0.67;0.0400;0.0200;0.0400;-0.012250;-0.001750;1.010500;0.0;0.0;0.0;0;0;30.0;24.14;1000000;0;-5.824999809;-35.227500915;40.000;0.00;0.00;0.00;0.00;0.00;0.00;0.00;0.000;0.000;0.00;0.00;0.000;0.000;0.000;0.000;7;0.0000;0.000;0.0000;0.000;0.0000;0.000;0.0000;0.000;0.0000;0.000;0.0000;0.000;0.0000;0.000;0.0000;0.000;0.000000000;0.000000000;0.0000000;0.00;0.00;0.00;10820;0;110;1;0;0;100;0.00;0;0;0;0
;359.45;-0.11;0.67;0.0800;0.0000;0.0200;-0.012000;-0.002750;1.010500;0.0;0.0;0.0;0;0;30.0;24.00;1000000;0;-5.824999809;-35.227500915;40.000;0.00;0.00;0.00;0.00;0.00;0.00;0.00;0.000;0.000;0.00;0.00;0.000;0.000;0.000;0.000;8;0.0000;0.000;0.0000;0.000;0.0000;0.000;0.0000;0.000;0.0000;0.000;0.0000;0.000;0.0000;0.000;0.0000;0.000;0.000000000;0.000000000;0.0000000;0.00;0.00;0.00;10840;0;110;1;0;0;100;0.00;0;0;0;0
;359.45;-0.11;0.67;0.0800;0.0000;0.0200;-0.012500;-0.002000;1.010500;0.0;0.0;0.0;0;0;29.9;23.97;1000000;0;-5.824999809;-35.227500915;40.000;0.00;0.00;0.00;0.00;0.00;0.00;0.00;0.000;0.000;0.00;0.00;0.000;0.000;0.000;0.000;9;0.0000;0.000;0.0000;0.000;0.0000;0.000;0.0000;0.000;0.0000;0.000;0.0000;0.000;0.0000;0.000;0.0000;0.000;0.000000000;0.000000000;0.0000000;0.00;0.00;0.00;10860;0;110;1;0;0;100;0.00;0;0;0;0
;359.44;-0.11;0.68;0.0400;0.0200;0.0400;-0.013250;-0.001750;1.010500;0.0;0.0;0.0;0;0;29.9;24.08;1000000;0;-5.824999809;-35.227500915;40.000;0.00;0.00;0.00;0.00;0.00;0.00;0.00;0.000;0.000;0.00;0.00;0.000;0.000;0.000;0.000;10;0.0000;0.000;0.0000;0.000;0.0000;0.000;0.0000;0.000;0.0000;0.000;0.0000;0.000;0.0000;0.000;0.0000;0.000;0.000000000;0.000000000;0.0000000;0.00;0.00;0.00;10880;0;110;1;0;0;100;0.00;0;0;0;0
;359.44;-0.11;0.68;0.0400;-0.0600;0.1000;-0.012250;-0.002500;1.010250;0.0;0.0;0.0;0;0;30.0;23.83;1000000;0;-5.824999809;-35.227500915;40.000;0.00;0.00;0.00;0.00;0.00;0.00;0.00;0.000;0.000;0.00;0.00;0.000;0.000;0.000;0.000;11;0.0000;0.000;0.0000;0.000;0.0000;0.000;0.0000;0.000;0.0000;0.000;0.0000;0.000;0.0000;0.000;0.0000;0.000;0.000000000;0.000000000;0.0000000;0.00;0.00;0.00;10900;0;110;1;0;0;100;0.00;0;0;0;0
;359.44;-0.11;0.67;0.0400;-0.1600;0.0400;-0.011750;-0.002250;1.011000;0.0;0.0;0.0;0;0;30.0;24.06;1000000;0;-5.824999809;-35.227500915;40.000;0.00;0.00;0.00;0.00;0.00;0.00;0.00;0.000;0.000;0.00;0.00;0.000;0.000;0.000;0.000;12;0.0000;0.000;0.0000;0.000;0.0000;0.000;0.0000;0.000;0.0000;0.000;0.0000;0.000;0.0000;0.000;0.0000;0.000;0.000000000;0.000000000;0.0000000;0.00;0.00;0.00;10920;0;110;1;0;0;100;0.00;0;0;0;0
;359.44;-0.11;0.67;0.0200;-0.0200;0.0000;-0.010750;-0.002250;1.010750;0.0;0.0;0.0;0;0;29.9;23.98;1000000;0;-5.824999809;-35.227500915;40.000;0.00;0.00;0.00;0.00;0.00;0.00;0.00;0.000;0.000;0.00;0.00;0.000;0.000;0.000;0.000;13;0.0000;0.000;0.0000;0.000;0.0000;0.000;0.0000;0.000;0.0000;0.000;0.0000;0.000;0.0000;0.000;0.0000;0.000;0.000000000;0.000000000;0.0000000;0.00;0.00;0.00;10940;0;110;1;0;0;100;0.00;0;0;0;0
;359.44;-0.11;0.67;0.0800;-0.1000;0.0000;-0.011500;-0.002500;1.010750;0.0;0.0;0.0;0;0;30.0;23.97;1000000;0;-5.824999809;-35.227500915;40.000;0.00;0.00;0.00;0.00;0.00;0.00;0.00;0.000;0.000;0.00;0.00;0.000;0.000;0.000;0.000;14;0.0000;0.000;0.0000;0.000;0.0000;0.000;0.0000;0.000;0.0000;0.000;0.0000;0.000;0.0000;0.000;0.0000;0.000;0.000000000;0.000000000;0.0000000;0.00;0.00;0.00;10960;0;110;1;0;0;100;0.00;0;0;0;0
;359.44;-0.11;0.67;0.0400;-0.0800;0.0200;-0.012500;-0.002250;1.010500;0.0;0.0;0.0;0;0;30.0;24.04;1000000;0;-5.824999809;-35.227500915;40.000;0.00;0.00;0.00;0.00;0.00;0.00;0.00;0.000;0.000;0.00;0.00;0.000;0.000;0.000;0.000;15;0.0000;0.000;0.0000;0.000;0.0000;0.000;0.0000;0.000;0.0000;0.000;0.0000;0.000;0.0000;0.000;0.0000;0.000;0.000000000;0.000000000;0.0000000;0.00;0.00;0.00;10980;0;110;1;0;0;100;0.00;0;0;0;0
;359.44;-0.11;0.67;0.0200;0.0000;0.0400;-0.012750;-0.001750;1.010750;0.0;0.0;0.0;0;0;30.0;24.03;1000000;0;-5.824999809;-35.227500915;40.000;0.00;0.00;0.00;0.00;0.00;0.00;0.00;0.000;0.000;0.00;0.00;0.000;0.000;0.000;0.000;16;0.0000;0.000;0.0000;0.000;0.0000;0.000;0.0000;0.000;0.0000;0.000;0.0000;0.000;0.0000;0.000;0.0000;0.000;0.000000000;0.000000000;0.0000000;0.00;0.00;0.00;11000;0;110;1;0;0;100;0.00;0;0;0;64
;359.44;-0.11;0.67;0.0600;-0.0400;0.0600;-0.013250;-0.002000;1.011000;0.0;0.0;0.0;0;0;30.2;24.03;1000000;0;-5.824999809;-35.227500915;40.000;0.00;0.00;0.00;0.00;0.00;0.00;0.00;0.000;0.000;0.00;0.00;0.000;0.000;0.000;0.000;17;0.0000;0.000;0.0000;0.000;0.0000;0.000;0.0000;0.000;0.0000;0.000;0.0000;0.000;0.0000;0.000;0.0000;0.000;0.000000000;0.000000000;0.0000000;0.00;0.00;0.00;11020;0;110;1;0;0;100;0.00;0;0;0;0
;359.44;-0.11;0.67;0.0400;0.0200;0.0400;-0.013000;-0.002250;1.010500;0.0;0.0;0.0;0;0;30.0;24.06;1000000;0;-5.824999809;-35.227500915;40.000;0.00;0.00;0.00;0.00;0.00;0.00;0.00;0.000;0.000;0.00;0.00;0.000;0.000;0.000;0.000;18;0.0000;0.000;0.0000;0.000;0.0000;0.000;0.0000;0.000;0.0000;0.000;0.0000;0.000;0.0000;0.000;0.0000;0.000;0.000000000;0.000000000;0.0000000;0.00;0.00;0.00;11040;0;110;1;0;0;100;0.00;0;0;0;0
;359.44;-0.11;0.67;0.0600;0.0200;0.0600;-0.011750;-0.002250;1.010500;0.0;0.0;0.0;0;0;30.0;24.08;1000000;0;-5.824999809;-35.227500915;40.000;0.00;0.00;0.00;0.00;0.00;0.00;0.00;0.000;0.000;0.00;0.00;0.000;0.000;0.000;0.000;19;0.0000;0.000;0.0000;0.000;0.0000;0.000;0.0000;0.000;0.0000;0.000;0.0000;0.000;0.0000;0.000;0.0000;0.000;0.000000000;0.000000000;0.0000000;0.00;0.00;0.00;11060;0;110;1;0;0;100;0.00;0;0;0;0
;359.44;-0.11;0.67;0.1000;0.0400;0.0000;-0.011500;-0.002500;1.011000;0.0;0.0;0.0;0;0;30.5;24.11;1000000;0;-5.824999809;-35.227500915;40.000;0.00;0.00;0.00;0.00;0.00;0.00;0.00;0.000;0.000;0.00;0.00;0.000;0.000;0.000;0.000;20;0.0000;0.000;0.0000;0.000;0.0000;0.000;0.0000;0.000;0.0000;0.000;0.0000;0.000;0.0000;0.000;0.0000;0.000;0.000000000;0.000000000;0.0000000;0.00;0.00;0.00;11080;0;110;1;0;0;100;0.00;0;0;0;0
;359.44;-0.11;0.67;0.0400;-0.0600;0.0000;-0.012000;-0.002750;1.010500;0.0;0.0;0.0;0;0;29.9;24.00;1000000;0;-5.824999809;-35.227500915;40.000;0.00;0.00;0.00;0.00;0.00;0.00;0.00;0.000;0.000;0.00;0.00;0.000;0.000;0.000;0.000;21;0.0000;0.000;0.0000;0.000;0.0000;0.000;0.0000;0.000;0.0000;0.000;0.0000;0.000;0.0000;0.000;0.0000;0.000;0.000000000;0.000000000;0.0000000;0.00;0.00;0.00;11100;0;110;1;0;0;100;0.00;0;0;0;0
;359.44;-0.11;0.67;0.0600;-0.0800;0.0600;-0.012750;-0.002500;1.010500;0.0;0.0;0.0;0;0;30.1;24.14;1000000;0;-5.824999809;-35.227500915;40.000;0.00;0.00;0.00;0.00;0.00;0.00;0.00;0.000;0.000;0.00;0.00;0.000;0.000;0.000;0.000;22;0.0000;0.000;0.0000;0.000;0.0000;0.000;0.0000;0.000;0.0000;0.000;0.0000;0.000;0.0000;0.000;0.0000;0.000;0.000000000;0.000000000;0.0000000;0.00;0.00;0.00;11120;0;110;1;0;0;100;0.00;0;0;0;0
;359.44;-0.11;0.67;0.0600;-0.0200;0.0200;-0.012750;-0.002750;1.010500;0.0;0.0;0.0;0;0;30.0;24.11;1000000;0;-5.824999809;-35.227500915;40.000;0.00;0.00;0.00;0.00;0.00;0.00;0.00;0.000;0.000;0.00;0.00;0.000;0.000;0.000;0.000;23;0.0000;0.000;0.0000;0.000;0.0000;0.000;0.0000;0.000;0.0000;0.000;0.0000;0.000;0.0000;0.000;0.0000;0.000;0.000000000;0.000000000;0.0000000;0.00;0.00;0.00;11140;0;110;1;0;0;100;0.00;0;0;0;0
;359.43;-0.11;0.67;0.0400;-0.0600;0.0400;-0.012000;-0.002250;1.010750;0.0;0.0;0.0;0;0;30.0;24.03;1000000;0;-5.824999809;-35.227500915;40.000;0.00;0.00;0.00;0.00;0.00;0.00;0.00;0.000;0.000;0.00;0.00;0.000;0.000;0.000;0.000;24;0.0000;0.000;0.0000;0.000;0.0000;0.000;0.0000;0.000;0.0000;0.000;0.0000;0.000;0.0000;0.000;0.0000;0.000;0.000000000;0.000000000;0.0000000;0.00;0.00;0.00;11160;0;110;1;0;0;100;0.00;0;0;0;0
;359.43;-0.11;0.67;0.0600;-0.1000;0.0200;-0.012250;-0.002500;1.010750;0.0;0.0;0.0;0;0;30.1;24.06;1000000;0;-5.824999809;-35.227500915;40.000;0.00;0.00;0.00;0.00;0.00;0.00;0.00;0.000;0.000;0.00;0.00;0.000;0.000;0.000;0.000;25;0.0000;0.000;0.0000;0.000;0.0000;0.000;0.0000;0.000;0.0000;0.000;0.0000;0.000;0.0000;0.000;0.0000;0.000;0.000000000;0.000000000;0.0000000;0.00;0.00;0.00;11180;0;110;1;0;0;100;0.00;0;0;0;0
;359.43;-0.11;0.67;0.0200;-0.0600;0.0200;-0.011750;-0.002250;1.010500;0.0;0.0;0.0;0;0;30.1;23.96;1000000;0;-5.824999809;-35.227500915;40.000;0.00;0.00;0.00;0.00;0.00;0.00;0.00;0.000;0.000;0.00;0.00;0.000;0.000;0.000;0.000;26;0.0000;0.000;0.0000;0.000;0.0000;0.000;0.0000;0.000;0.0000;0.000;0.0000;0.000;0.0000;0.000;0.0000;0.000;0.000000000;0.000000000;0.0000000;0.00;0.00;0.00;11200;0;110;1;0;0;100;0.00;0;0;0;0
;359.43;-0.11;0.67;0.0400;-0.0400;0.0200;-0.012250;-0.002000;1.010500;0.0;0.0;0.0;0;0;30.0;24.03;1000000;0;-5.824999809;-35.227500915;40.000;0.00;0.00;0.00;0.00;0.00;0.00;0.00;0.000;0.000;0.00;0.00;0.000;0.000;0.000;0.000;27;0.0000;0.000;0.0000;0.000;0.0000;0.000;0.0000;0.000;0.0000;0.000;0.0000;0.000;0.0000;0.000;0.0000;0.000;0.000000000;0.000000000;0.0000000;0.00;0.00;0.00;11220;0;110;1;0;0;100;0.00;0;0;0;0
;359.43;-0.11;0.67;0.0600;-0.0200;0.0200;-0.012000;-0.002000;1.010500;0.0;0.0;0.0;0;0;30.0;24.01;1000000;0;-5.824999809;-35.227500915;40.000;0.00;0.00;0.00;0.00;0.00;0.00;0.00;0.000;0.000;0.00;0.00;0.000;0.000;0.000;0.000;28;0.0000;0.000;0.0000;0.000;0.0000;0.000;0.0000;0.000;0.0000;0.000;0.0000;0.000;0.0000;0.000;0.0000;0.000;0.000000000;0.000000000;0.0000000;0.00;0.00;0.00;11240;0;110;1;0;0;100;0.00;0;0;0;0
;359.43;-0.11;0.67;0.0600;0.0200;0.0400;-0.012250;-0.002500;1.010500;0.0;0.0;0.0;0;0;30.0;23.99;1000000;0;-5.824999809;-35.227500915;40.000;0.00;0.00;0.00;0.00;0.00;0.00;0.00;0.000;0.000;0.00;0.00;0.000;0.000;0.000;0.000;29;0.0000;0.000;0.0000;0.000;0.0000;0.000;0.0000;0.000;0.0000;0.000;0.0000;0.000;0.0000;0.000;0.0000;0.000;0.000000000;0.000000000;0.0000000;0.00;0.00;0.00;11260;0;110;1;0;0;100;0.00;0;0;0;0
;359.43;-0.11;0.67;0.0800;0.0400;0.0400;-0.011750;-0.002500;1.009750;0.0;0.0;0.0;0;0;29.9;24.09;1000000;0;-5.824999809;-35.227500915;40.000;0.00;0.00;0.00;0.00;0.00;0.00;0.00;0.000;0.000;0.00;0.00;0.000;0.000;0.000;0.000;30;0.0000;0.000;0.0000;0.000;0.0000;0.000;0.0000;0.000;0.0000;0.000;0.0000;0.000;0.0000;0.000;0.0000;0.000;0.000000000;0.000000000;0.0000000;0.00;0.00;0.00;11280;0;110;1;0;0;100;0.00;0;0;0;0
;359.43;-0.11;0.67;0.0600;-0.0400;0.0400;-0.012000;-0.002000;1.010500;0.0;0.0;0.0;0;0;29.5;24.09;1000000;0;-5.824999809;-35.227500915;40.000;0.00;0.00;0.00;0.00;0.00;0.00;0.00;0.000;0.000;0.00;0.00;0.000;0.000;0.000;0.000;31;0.0000;0.000;0.0000;0.000;0.0000;0.000;0.0000;0.000;0.0000;0.000;0.0000;0.000;0.0000;0.000;0.0000;0.000;0.000000000;0.000000000;0.0000000;0.00;0.00;0.00;11300;0;110;1;0;0;100;0.00;0;0;0;0
;359.43;-0.11;0.67;0.0600;-0.0800;0.0800;-0.012000;-0.002250;1.010500;0.0;0.0;0.0;0;0;30.0;23.95;1000000;0;-5.824999809;-35.227500915;40.000;0.00;0.00;0.00;0.00;0.00;0.00;0.00;0.000;0.000;0.00;0.00;0.000;0.000;0.000;0.000;0;0.0000;0.000;0.0000;0.000;0.0000;0.000;0.0000;0.000;0.0000;0.000;0.0000;0.000;0.0000;0.000;0.0000;0.000;0.000000000;0.000000000;0.0000000;0.00;0.00;0.00;11320;0;110;1;0;0;100;0.00;0;0;0;0
;359.43;-0.11;0.67;0.0600;-0.0200;0.0600;-0.012750;-0.001750;1.010500;0.0;0.0;0.0;0;0;30.0;24.03;1000000;0;-5.824999809;-35.227500915;40.000;0.00;0.00;0.00;0.00;0.00;0.00;0.00;0.000;0.000;0.00;0.00;0.000;0.000;0.000;0.000;1;0.0000;0.000;0.0000;0.000;0.0000;0.000;0.0000;0.000;0.0000;0.000;0.0000;0.000;0.0000;0.000;0.0000;0.000;0.000000000;0.000000000;0.0000000;0.00;0.00;0.00;11340;0;110;1;0;0;100;0.00;0;0;0;0
;359.43;-0.11;0.67;0.0200;0.0200;0.0800;-0.012250;-0.002250;1.010250;0.0;0.0;0.0;0;0;30.1;24.06;1000000;0;-5.824999809;-35.227500915;40.000;0.00;0.00;0.00;0.00;0.00;0.00;0.00;0.000;0.000;0.00;0.00;0.000;0.000;0.000;0.000;2;0.0000;0.000;0.0000;0.000;0.0000;0.000;0.0000;0.000;0.0000;0.000;0.0000;0.000;0.0000;0.000;0.0000;0.000;0.000000000;0.000000000;0.0000000;0.00;0.00;0.00;11360;0;110;1;0;0;100;0.00;0;0;0;0
;359.43;-0.11;0.68;0.0600;0.0000;0.0200;-0.012250;-0.002500;1.010000;0.0;0.0;0.0;0;0;29.9;24.00;1000000;0;-5.824999809;-35.227500915;40.000;0.00;0.00;0.00;0.00;0.00;0.00;0.00;0.000;0.000;0.00;0.00;0.000;0.000;0.000;0.000;3;0.0000;0.000;0.0000;0.000;0.0000;0.000;0.0000;0.000;0.0000;0.000;0.0000;0.000;0.0000;0.000;0.0000;0.000;0.000000000;0.000000000;0.0000000;0.00;0.00;0.00;11380;0;110;1;0;0;100;0.00;0;0;0;0
;359.43;-0.11;0.68;0.0200;0.0000;0.0200;-0.012250;-0.002500;1.010750;0.0;0.0;0.0;0;0;30.2;24.03;1000000;0;-5.824999809;-35.227500915;40.000;0.00;0.00;0.00;0.00;0.00;0.00;0.00;0.000;0.000;0.00;0.00;0.000;0.000;0.000;0.000;4;0.0000;0.000;0.0000;0.000;0.0000;0.000;0.0000;0.000;0.0000;0.000;0.0000;0.000;0.0000;0.000;0.0000;0.000;0.000000000;0.000000000;0.0000000;0.00;0.00;0.00;11400;0;110;1;0;0;100;0.00;0;0;0;0
;359.42;-0.11;0.68;0.0200;-0.0400;0.0400;-0.012000;-0.002500;1.010000;0.0;0.0;0.0;0;0;30.0;23.97;1000000;0;-5.824999809;-35.227500915;40.000;0.00;0.00;0.00;0.00;0.00;0.00;0.00;0.000;0.000;0.00;0.00;0.000;0.000;0.000;0.000;5;0.0000;0.000;0.0000;0.000;0.0000;0.000;0.0000;0.000;0.0000;0.000;0.0000;0.000;0.0000;0.000;0.0000;0.000;0.000000000;0.000000000;0.0000000;0.00;0.00;0.00;11420;0;110;1;0;0;100;0.00;0;0;0;0
;359.42;-0.11;0.67;0.0400;-0.0600;0.0400;-0.012000;-0.002000;1.010000;0.0;0.0;0.0;0;0;30.2;23.92;1000000;0;-5.824999809;-35.227500915;40.000;0.00;0.00;0.00;0.00;0.00;0.00;0.00;0.000;0.000;0.00;0.00;0.000;0.000;0.000;0.000;6;0.0000;0.000;0.0000;0.000;0.0000;0.000;0.0000;0.000;0.0000;0.000;0.0000;0.000;0.0000;0.000;0.0000;0.000;0.000000000;0.000000000;0.0000000;0.00;0.00;0.00;11440;0;110;1;0;0;100;0.00;0;0;0;0
;359.42;-0.11;0.68;0.0200;-0.0800;0.0600;-0.012750;-0.002500;1.010500;0.0;0.0;0.0;0;0;30.1;23.96;1000000;0;-5.824999809;-35.227500915;40.000;0.00;0.00;0.00;0.00;0.00;0.00;0.00;0.000;0.000;0.00;0.00;0.000;0.000;0.000;0.000;7;0.0000;0.000;0.0000;0.000;0.0000;0.000;0.0000;0.000;0.0000;0.000;0.0000;0.000;0.0000;0.000;0.0000;0.000;0.000000000;0.000000000;0.0000000;0.00;0.00;0.00;11460;0;110;1;0;0;100;0.00;0;0;0;0
;359.42;-0.11;0.68;0.0200;-0.0400;0.0800;-0.013000;-0.002000;1.011000;0.0;0.0;0.0;0;0;29.9;23.97;1000000;0;-5.824999809;-35.227500915;40.000;0.00;0.00;0.00;0.00;0.00;0.00;0.00;0.000;0.000;0.00;0.00;0.000;0.000;0.000;0.000;8;0.0000;0.000;0.0000;0.000;0.0000;0.000;0.0000;0.000;0.0000;0.000;0.0000;0.000;0.0000;0.000;0.0000;0.000;0.000000000;0.000000000;0.0000000;0.00;0.00;0.00;11480;0;110;1;0;0;100;0.00;0;0;0;0
;359.42;-0.11;0.68;0.1200;-0.0200;0.0800;-0.012250;-0.002750;1.010250;0.0;0.0;0.0;0;0;29.9;23.98;1000000;0;-5.824999809;-35.227500915;40.000;0.00;0.00;0.00;0.00;0.00;0.00;0.00;0.000;0.000;0.00;0.00;0.000;0.000;0.000;0.000;9;0.0000;0.000;0.0000;0.000;0.0000;0.000;0.0000;0.000;0.0000;0.000;0.0000;0.000;0.0000;0.000;0.0000;0.000;0.000000000;0.000000000;0.0000000;0.00;0.00;0.00;11500;0;110;1;0;0;100;0.00;0;0;0;0
;359.42;-0.11;0.68;0.0600;0.0200;0.0600;-0.011000;-0.002250;1.010750;0.0;0.0;0.0;0;0;30.0;23.88;1000000;0;-5.824999809;-35.227500915;40.000;0.00;0.00;0.00;0.00;0.00;0.00;0.00;0.000;0.000;0.00;0.00;0.000;0.000;0.000;0.000;10;0.0000;0.000;0.0000;0.000;0.0000;0.000;0.0000;0.000;0.0000;0.000;0.0000;0.000;0.0000;0.000;0.0000;0.000;0.000000000;0.000000000;0.0000000;0.00;0.00;0.00;11520;0;110;1;0;0;100;0.00;0;0;0;0
;359.42;-0.11;0.67;0.0400;-0.0600;0.0200;-0.011250;-0.001750;1.010250;0.0;0.0;0.0;0;0;30.0;23.90;1000000;0;-5.824999809;-35.227500915;40.000;0.00;0.00;0.00;0.00;0.00;0.00;0.00;0.000;0.000;0.00;0.00;0.000;0.000;0.000;0.000;11;0.0000;0.000;0.0000;0.000;0.0000;0.000;0.0000;0.000;0.0000;0.000;0.0000;0.000;0.0000;0.000;0.0000;0.000;0.000000000;0.000000000;0.0000000;0.00;0.00;0.00;11540;0;110;1;0;0;100;0.00;0;0;0;0
;359.42;-0.11;0.67;0.0400;-0.0400;0.0400;-0.012250;-0.002500;1.010500;0.0;0.0;0.0;0;0;30.0;23.91;1000000;0;-5.824999809;-35.227500915;40.000;0.00;0.00;0.00;0.00;0.00;0.00;0.00;0.000;0.000;0.00;0.00;0.000;0.000;0.000;0.000;12;0.0000;0.000;0.0000;0.000;0.0000;0.000;0.0000;0.000;0.0000;0.000;0.0000;0.000;0.0000;0.000;0.0000;0.000;0.000000000;0.000000000;0.0000000;0.00;0.00;0.00;11560;0;110;1;0;0;100;0.00;0;0;0;0
;359.42;-0.11;0.67;0.0400;-0.0600;0.1000;-0.013000;-0.001750;1.010750;0.0;0.0;0.0;0;0;29.9;23.95;1000000;0;-5.824999809;-35.227500915;40.000;0.00;0.00;0.00;0.00;0.00;0.00;0.00;0.000;0.000;0.00;0.00;0.000;0.000;0.000;0.000;13;0.0000;0.000;0.0000;0.000;0.0000;0.000;0.0000;0.000;0.0000;0.000;0.0000;0.000;0.0000;0.000;0.0000;0.000;0.000000000;0.000000000;0.0000000;0.00;0.00;0.00;11580;0;110;1;0;0;100;0.00;0;0;0;0
;359.41;-0.11;0.67;0.0200;-0.1000;0.0800;-0.013500;-0.002000;1.010750;0.0;0.0;0.0;0;0;30.0;23.96;1000000;0;-5.824999809;-35.227500915;40.000;0.00;0.00;0.00;0.00;0.00;0.00;0.00;0.000;0.000;0.00;0.00;0.000;0.000;0.000;0.000;14;0.0000;0.000;0.0000;0.000;0.0000;0.000;0.0000;0.000;0.0000;0.000;0.0000;0.000;0.0000;0.000;0.0000;0.000;0.000000000;0.000000000;0.0000000;0.00;0.00;0.00;11600;0;110;1;0;0;100;0.00;0;0;0;0
;359.41;-0.11;0.67;0.0800;-0.0600;0.1000;-0.012250;-0.002000;1.010500;0.0;0.0;0.0;0;0;30.0;23.99;1000000;0;-5.824999809;-35.227500915;40.000;0.00;0.00;0.00;0.00;0.00;0.00;0.00;0.000;0.000;0.00;0.00;0.000;0.000;0.000;0.000;15;0.0000;0.000;0.0000;0.000;0.0000;0.000;0.0000;0.000;0.0000;0.000;0.0000;0.000;0.0000;0.000;0.0000;0.000;0.000000000;0.000000000;0.0000000;0.00;0.00;0.00;11620;0;110;1;0;0;100;0.00;0;0;0;0
;359.41;-0.11;0.67;0.0200;-0.0600;0.0800;-0.011750;-0.002500;1.010750;0.0;0.0;0.0;0;0;29.9;24.00;1000000;0;-5.824999809;-35.227500915;40.000;0.00;0.00;0.00;0.00;0.00;0.00;0.00;0.000;0.000;0.00;0.00;0.000;0.000;0.000;0.000;16;0.0000;0.000;0.0000;0.000;0.0000;0.000;0.0000;0.000;0.0000;0.000;0.0000;0.000;0.0000;0.000;0.0000;0.000;0.000000000;0.000000000;0.0000000;0.00;0.00;0.00;11640;0;110;1;0;0;100;0.00;0;0;0;0
;359.41;-0.11;0.67;0.0600;-0.1000;0.0600;-0.012000;-0.003250;1.010750;0.0;0.0;0.0;0;0;29.6;24.04;1000000;0;-5.824999809;-35.227500915;40.000;0.00;0.00;0.00;0.00;0.00;0.00;0.00;0.000;0.000;0.00;0.00;0.000;0.000;0.000;0.000;17;0.0000;0.000;0.0000;0.000;0.0000;0.000;0.0000;0.000;0.0000;0.000;0.0000;0.000;0.0000;0.000;0.0000;0.000;0.000000000;0.000000000;0.0000000;0.00;0.00;0.00;11660;0;110;1;0;0;100;0.00;0;0;0;0
;359.41;-0.11;0.67;0.0200;0.0400;0.0600;-0.012000;-0.002250;1.010500;0.0;0.0;0.0;0;0;29.9;24.09;1000000;0;-5.824999809;-35.227500915;40.000;0.00;0.00;0.00;0.00;0.00;0.00;0.00;0.000;0.000;0.00;0.00;0.000;0.000;0.000;0.000;18;0.0000;0.000;0.0000;0.000;0.0000;0.000;0.0000;0.000;0.0000;0.000;0.0000;0.000;0.0000;0.000;0.0000;0.000;0.000000000;0.000000000;0.0000000;0.00;0.00;0.00;11680;0;110;1;0;0;100;0.00;0;0;0;0
;359.41;-0.11;0.67;0.0600;0.0200;0.0800;-0.012750;-0.002500;1.010750;0.0;0.0;0.0;0;0;30.1;24.14;1000000;0;-5.824999809;-35.227500915;40.000;0.00;0.00;0.00;0.00;0.00;0.00;0.00;0.000;0.000;0.00;0.00;0.000;0.000;0.000;0.000;19;0.0000;0.000;0.0000;0.000;0.0000;0.000;0.0000;0.000;0.0000;0.000;0.0000;0.000;0.0000;0.000;0.0000;0.000;0.000000000;0.000000000;0.0000000;0.00;0.00;0.00;11700;0;110;1;0;0;100;0.00;0;0;0;0
;359.41;-0.11;0.67;0.0400;0.0000;0.0200;-0.012750;-0.001500;1.010750;0.0;0.0;0.0;0;0;30.0;24.06;1000000;0;-5.824999809;-35.227500915;40.000;0.00;0.00;0.00;0.00;0.00;0.00;0.00;0.000;0.000;0.00;0.00;0.000;0.000;0.000;0.000;20;0.0000;0.000;0.0000;0.000;0.0000;0.000;0.0000;0.000;0.0000;0.000;0.0000;0.000;0.0000;0.000;0.0000;0.000;0.000000000;0.000000000;0.0000000;0.00;0.00;0.00;11720;0;110;1;0;0;100;0.00;0;0;0;0
;359.40;-0.10;0.67;0.0800;0.0000;0.0800;-0.011000;-0.002000;1.010500;0.0;0.0;0.0;0;0;30.1;24.04;1000000;0;-5.824999809;-35.227500915;40.000;0.00;0.00;0.00;0.00;0.00;0.00;0.00;0.000;0.000;0.00;0.00;0.000;0.000;0.000;0.000;21;0.0000;0.000;0.0000;0.000;0.0000;0.000;0.0000;0.000;0.0000;0.000;0.0000;0.000;0.0000;0.000;0.0000;0.000;0.000000000;0.000000000;0.0000000;0.00;0.00;0.00;11740;0;110;1;0;0;100;0.00;0;0;0;0
;359.40;-0.11;0.67;0.0600;-0.0400;0.0800;-0.010500;-0.003000;1.010750;0.0;0.0;0.0;0;0;29.9;24.10;1000000;0;-5.824999809;-35.227500915;40.000;0.00;0.00;0.00;0.00;0.00;0.00;0.00;0.000;0.000;0.00;0.00;0.000;0.000;0.000;0.000;22;0.0000;0.000;0.0000;0.000;0.0000;0.000;0.0000;0.000;0.0000;0.000;0.0000;0.000;0.0000;0.000;0.0000;0.000;0.000000000;0.000000000;0.0000000;0.00;0.00;0.00;11760;0;110;1;0;0;100;0.00;0;0;0;0
;359.40;-0.11;0.67;0.0600;-0.0600;0.0600;-0.011500;-0.002500;1.010500;0.0;0.0;0.0;0;0;30.0;24.03;1000000;0;-5.824999809;-35.227500915;40.000;0.00;0.00;0.00;0.00;0.00;0.00;0.00;0.000;0.000;0.00;0.00;0.000;0.000;0.000;0.000;23;0.0000;0.000;0.0000;0.000;0.0000;0.000;0.0000;0.000;0.0000;0.000;0.0000;0.000;0.0000;0.000;0.0000;0.000;0.000000000;0.000000000;0.0000000;0.00;0.00;0.00;11780;0;110;1;0;0;100;0.00;0;0;0;0
;359.40;-0.11;0.66;0.0800;-0.1000;0.0800;-0.012000;-0.002000;1.010000;0.0;0.0;0.0;0;0;30.0;24.00;1000000;0;-5.824999809;-35.227500915;40.000;0.00;0.00;0.00;0.00;0.00;0.00;0.00;0.000;0.000;0.00;0.00;0.000;0.000;0.000;0.000;24;0.0000;0.000;0.0000;0.000;0.0000;0.000;0.0000;0.000;0.0000;0.000;0.0000;0.000;0.0000;0.000;0.0000;0.000;0.000000000;0.000000000;0.0000000;0.00;0.00;0.00;11800;0;110;1;0;0;100;0.00;0;0;0;0
;359.40;-0.11;0.66;0.0600;-0.0600;0.0600;-0.013000;-0.002500;1.010500;0.0;0.0;0.0;0;0;30.1;24.05;1000000;0;-5.824999809;-35.227500915;40.000;0.00;0.00;0.00;0.00;0.00;0.00;0.00;0.000;0.000;0.00;0.00;0.000;0.000;0.000;0.000;25;0.0000;0.000;0.0000;0.000;0.0000;0.000;0.0000;0.000;0.0000;0.000;0.0000;0.000;0.0000;0.000;0.0000;0.000;0.000000000;0.000000000;0.0000000;0.00;0.00;0.00;11820;0;110;1;0;0;100;0.00;0;0;0;0
;359.40;-0.11;0.67;0.0600;-0.0200;0.0800;-0.012750;-0.002250;1.010750;0.0;0.0;0.0;0;0;29.9;23.97;1000000;0;-5.824999809;-35.227500915;40.000;0.00;0.00;0.00;0.00;0.00;0.00;0.00;0.000;0.000;0.00;0.00;0.000;0.000;0.000;0.000;26;0.0000;0.000;0.0000;0.000;0.0000;0.000;0.0000;0.000;0.0000;0.000;0.0000;0.000;0.0000;0.000;0.0000;0.000;0.000000000;0.000000000;0.0000000;0.00;0.00;0.00;11840;0;110;1;0;0;100;0.00;0;0;0;0
;359.40;-0.11;0.66;0.0400;-0.0800;-0.0200;-0.011000;-0.002750;1.010500;0.0;0.0;0.0;0;0;30.0;24.06;1000000;0;-5.824999809;-35.227500915;40.000;0.00;0.00;0.00;0.00;0.00;0.00;0.00;0.000;0.000;0.00;0.00;0.000;0.000;0.000;0.000;27;0.0000;0.000;0.0000;0.000;0.0000;0.000;0.0000;0.000;0.0000;0.000;0.0000;0.000;0.0000;0.000;0.0000;0.000;0.000000000;0.000000000;0.0000000;0.00;0.00;0.00;11860;0;110;1;0;0;100;0.00;0;0;0;0
;359.40;-0.11;0.66;0.0600;-0.0400;0.0200;-0.011250;-0.003000;1.010750;0.0;0.0;0.0;0;0;30.0;24.12;1000000;0;-5.824999809;-35.227500915;40.000;0.00;0.00;0.00;0.00;0.00;0.00;0.00;0.000;0.000;0.00;0.00;0.000;0.000;0.000;0.000;28;0.0000;0.000;0.0000;0.000;0.0000;0.000;0.0000;0.000;0.0000;0.000;0.0000;0.000;0.0000;0.000;0.0000;0.000;0.000000000;0.000000000;0.0000000;0.00;0.00;0.00;11880;0;110;1;0;0;100;0.00;0;0;0;0
;359.40;-0.11;0.66;0.0200;0.0000;0.0400;-0.011750;-0.001750;1.011000;0.0;0.0;0.0;0;0;29.7;23.98;1000000;0;-5.824999809;-35.227500915;40.000;0.00;0.00;0.00;0.00;0.00;0.00;0.00;0.000;0.000;0.00;0.00;0.000;0.000;0.000;0.000;29;0.0000;0.000;0.0000;0.000;0.0000;0.000;0.0000;0.000;0.0000;0.000;0.0000;0.000;0.0000;0.000;0.0000;0.000;0.000000000;0.000000000;0.0000000;0.00;0.00;0.00;11900;0;110;1;0;0;100;0.00;0;0;0;0
;359.39;-0.11;0.66;0.0200;0.0400;0.1000;-0.012750;-0.002250;1.010750;0.0;0.0;0.0;0;0;30.0;24.08;1000000;0;-5.824999809;-35.227500915;40.000;0.00;0.00;0.00;0.00;0.00;0.00;0.00;0.000;0.000;0.00;0.00;0.000;0.000;0.000;0.000;30;0.0000;0.000;0.0000;0.000;0.0000;0.000;0.0000;0.000;0.0000;0.000;0.0000;0.000;0.0000;0.000;0.0000;0.000;0.000000000;0.000000000;0.0000000;0.00;0.00;0.00;11920;0;110;1;0;0;100;0.00;0;0;0;0
;359.39;-0.11;0.66;0.0200;0.0200;0.0400;-0.013250;-0.001250;1.010250;0.0;0.0;0.0;0;0;30.0;24.12;1000000;0;-5.824999809;-35.227500915;40.000;0.00;0.00;0.00;0.00;0.00;0.00;0.00;0.000;0.000;0.00;0.00;0.000;0.000;0.000;0.000;31;0.0000;0.000;0.0000;0.000;0.0000;0.000;0.0000;0.000;0.0000;0.000;0.0000;0.000;0.0000;0.000;0.0000;0.000;0.000000000;0.000000000;0.0000000;0.00;0.00;0.00;11940;0;110;1;0;0;100;0.00;0;0;0;0
;359.39;-0.11;0.67;0.0400;-0.0600;0.0600;-0.012750;-0.002750;1.010250;0.0;0.0;0.0;0;0;29.9;23.98;1000000;0;-5.824999809;-35.227500915;40.000;0.00;0.00;0.00;0.00;0.00;0.00;0.00;0.000;0.000;0.00;0.00;0.000;0.000;0.000;0.000;0;0.0000;0.000;0.0000;0.000;0.0000;0.000;0.0000;0.000;0.0000;0.000;0.0000;0.000;0.0000;0.000;0.0000;0.000;0.000000000;0.000000000;0.0000000;0.00;0.00;0.00;11960;0;110;1;0;0;100;0.00;0;0;0;0
;359.39;-0.11;0.66;0.0600;-0.0800;0.0600;-0.011500;-0.002500;1.010750;0.0;0.0;0.0;0;0;29.6;23.88;1000000;0;-5.824999809;-35.227500915;40.000;0.00;0.00;0.00;0.00;0.00;0.00;0.00;0.000;0.000;0.00;0.00;0.000;0.000;0.000;0.000;1;0.0000;0.000;0.0000;0.000;0.0000;0.000;0.0000;0.000;0.0000;0.000;0.0000;0.000;0.0000;0.000;0.0000;0.000;0.000000000;0.000000000;0.0000000;0.00;0.00;0.00;11980;0;110;1;0;0;100;0.00;0;0;0;0
;359.39;-0.11;0.66;0.0400;-0.0600;0.0600;-0.010750;-0.002000;1.010750;0.0;0.0;0.0;0;0;30.0;23.99;1000000;0;-5.824999809;-35.227500915;40.000;0.00;0.00;0.00;0.00;0.00;0.00;0.00;0.000;0.000;0.00;0.00;0.000;0.000;0.000;0.000;2;0.0000;0.000;0.0000;0.000;0.0000;0.000;0.0000;0.000;0.0000;0.000;0.0000;0.000;0.0000;0.000;0.0000;0.000;0.000000000;0.000000000;0.0000000;0.00;0.00;0.00;12000;0;110;1;0;0;100;0.00;0;0;0;64
;359.39;-0.11;0.66;0.0600;0.0200;0.0400;-0.011750;-0.001750;1.010250;0.0;0.0;0.0;0;0;30.0;24.01;1000000;0;-5.824999809;-35.227500915;40.000;0.00;0.00;0.00;0.00;0.00;0.00;0.00;0.000;0.000;0.00;0.00;0.000;0.000;0.000;0.000;3;0.0000;0.000;0.0000;0.000;0.0000;0.000;0.0000;0.000;0.0000;0.000;0.0000;0.000;0.0000;0.000;0.0000;0.000;0.000000000;0.000000000;0.0000000;0.00;0.00;0.00;12020;0;110;1;0;0;100;0.00;0;0;0;0
;359.39;-0.10;0.66;0.0200;-0.0400;0.0600;-0.013500;-0.001750;1.010500;0.0;0.0;0.0;0;0;30.2;24.10;1000000;0;-5.824999809;-35.227500915;40.000;0.00;0.00;0.00;0.00;0.00;0.00;0.00;0.000;0.000;0.00;0.00;0.000;0.000;0.000;0.000;4;0.0000;0.000;0.0000;0.000;0.0000;0.000;0.0000;0.000;0.0000;0.000;0.0000;0.000;0.0000;0.000;0.0000;0.000;0.000000000;0.000000000;0.0000000;0.00;0.00;0.00;12040;0;110;1;0;0;100;0.00;0;0;0;0
;359.39;-0.11;0.66;0.0400;-0.0400;0.1000;-0.013500;-0.002500;1.010750;0.0;0.0;0.0;0;0;29.9;23.97;1000000;0;-5.824999809;-35.227500915;40.000;0.00;0.00;0.00;0.00;0.00;0.00;0.00;0.000;0.000;0.00;0.00;0.000;0.000;0.000;0.000;5;0.0000;0.000;0.0000;0.000;0.0000;0.000;0.0000;0.000;0.0000;0.000;0.0000;0.000;0.0000;0.000;0.0000;0.000;0.000000000;0.000000000;0.0000000;0.00;0.00;0.00;12060;0;110;1;0;0;100;0.00;0;0;0;0
;359.39;-0.10;0.66;0.0400;-0.0800;0.0400;-0.012500;-0.002000;1.010500;0.0;0.0;0.0;0;0;29.9;23.89;1000000;0;-5.824999809;-35.227500915;40.000;0.00;0.00;0.00;0.00;0.00;0.00;0.00;0.000;0.000;0.00;0.00;0.000;0.000;0.000;0.000;6;0.0000;0.000;0.0000;0.000;0.0000;0.000;0.0000;0.000;0.0000;0.000;0.0000;0.000;0.0000;0.000;0.0000;0.000;0.000000000;0.000000000;0.0000000;0.00;0.00;0.00;12080;0;110;1;0;0;100;0.00;0;0;0;0
;359.38;-0.10;0.66;0.0600;-0.0200;0.0400;-0.011500;-0.002000;1.010500;0.0;0.0;0.0;0;0;30.0;24.15;1000000;0;-5.824999809;-35.227500915;40.000;0.00;0.00;0.00;0.00;0.00;0.00;0.00;0.000;0.000;0.00;0.00;0.000;0.000;0.000;0.000;7;0.0000;0.000;0.0000;0.000;0.0000;0.000;0.0000;0.000;0.0000;0.000;0.0000;0.000;0.0000;0.000;0.0000;0.000;0.000000000;0.000000000;0.0000000;0.00;0.00;0.00;12100;0;110;1;0;0;100;0.00;0;0;0;0
;359.38;-0.11;0.66;0.0600;0.0000;0.0400;-0.011500;-0.002750;1.010750;0.0;0.0;0.0;0;0;30.2;24.01;1000000;0;-5.824999809;-35.227500915;40.000;0.00;0.00;0.00;0.00;0.00;0.00;0.00;0.000;0.000;0.00;0.00;0.000;0.000;0.000;0.000;8;0.0000;0.000;0.0000;0.000;0.0000;0.000;0.0000;0.000;0.0000;0.000;0.0000;0.000;0.0000;0.000;0.0000;0.000;0.000000000;0.000000000;0.0000000;0.00;0.00;0.00;12120;0;110;1;0;0;100;0.00;0;0;0;0
;359.38;-0.11;0.66;0.0400;-0.0400;0.0400;-0.012250;-0.002250;1.011000;0.0;0.0;0.0;0;0;29.9;23.96;1000000;0;-5.824999809;-35.227500915;40.000;0.00;0.00;0.00;0.00;0.00;0.00;0.00;0.000;0.000;0.00;0.00;0.000;0.000;0.000;0.000;9;0.0000;0.000;0.0000;0.000;0.0000;0.000;0.0000;0.000;0.0000;0.000;0.0000;0.000;0.0000;0.000;0.0000;0.000;0.000000000;0.000000000;0.0000000;0.00;0.00;0.00;12140;0;110;1;0;0;100;0.00;0;0;0;0
;359.38;-0.11;0.66;0.0200;0.0400;0.0600;-0.012750;-0.002250;1.010500;0.0;0.0;0.0;0;0;29.9;24.02;1000000;0;-5.824999809;-35.227500915;40.000;0.00;0.00;0.00;0.00;0.00;0.00;0.00;0.000;0.000;0.00;0.00;0.000;0.000;0.000;0.000;10;0.0000;0.000;0.0000;0.000;0.0000;0.000;0.0000;0.000;0.0000;0.000;0.0000;0.000;0.0000;0.000;0.0000;0.000;0.000000000;0.000000000;0.0000000;0.00;0.00;0.00;12160;0;110;1;0;0;100;0.00;0;0;0;0
;359.38;-0.10;0.67;0.0800;-0.0400;0.1200;-0.012500;-0.002000;1.009500;0.0;0.0;0.0;0;0;30.0;24.00;1000000;0;-5.824999809;-35.227500915;40.000;0.00;0.00;0.00;0.00;0.00;0.00;0.00;0.000;0.000;0.00;0.00;0.000;0.000;0.000;0.000;11;0.0000;0.000;0.0000;0.000;0.0000;0.000;0.0000;0.000;0.0000;0.000;0.0000;0.000;0.0000;0.000;0.0000;0.000;0.000000000;0.000000000;0.0000000;0.00;0.00;0.00;12180;0;110;1;0;0;100;0.00;0;0;0;0
;359.38;-0.10;0.66;0.0600;-0.1000;0.0600;-0.012500;-0.002000;1.011000;0.0;0.0;0.0;0;0;30.2;24.06;1000000;0;-5.824999809;-35.227500915;40.000;0.00;0.00;0.00;0.00;0.00;0.00;0.00;0.000;0.000;0.00;0.00;0.000;0.000;0.000;0.000;12;0.0000;0.000;0.0000;0.000;0.0000;0.000;0.0000;0.000;0.0000;0.000;0.0000;0.000;0.0000;0.000;0.0000;0.000;0.000000000;0.000000000;0.0000000;0.00;0.00;0.00;12200;0;110;1;0;0;100;0.00;0;0;0;0
;359.38;-0.11;0.66;0.0000;-0.1000;0.0200;-0.011750;-0.002500;1.010750;0.0;0.0;0.0;0;0;30.0;24.05;1000000;0;-5.824999809;-35.227500915;40.000;0.00;0.00;0.00;0.00;0.00;0.00;0.00;0.000;0.000;0.00;0.00;0.000;0.000;0.000;0.000;13;0.0000;0.000;0.0000;0.000;0.0000;0.000;0.0000;0.000;0.0000;0.000;0.0000;0.000;0.0000;0.000;0.0000;0.000;0.000000000;0.000000000;0.0000000;0.00;0.00;0.00;12220;0;110;1;0;0;100;0.00;0;0;0;0
;359.38;-0.11;0.66;0.0200;-0.0600;0.0600;-0.011500;-0.002500;1.010500;0.0;0.0;0.0;0;0;30.0;23.96;1000000;0;-5.824999809;-35.227500915;40.000;0.00;0.00;0.00;0.00;0.00;0.00;0.00;0.000;0.000;0.00;0.00;0.000;0.000;0.000;0.000;14;0.0000;0.000;0.0000;0.000;0.0000;0.000;0.0000;0.000;0.0000;0.000;0.0000;0.000;0.0000;0.000;0.0000;0.000;0.000000000;0.000000000;0.0000000;0.00;0.00;0.00;12240;0;110;1;0;0;100;0.00;0;0;0;0
;359.38;-0.11;0.66;0.0600;-0.0400;0.0400;-0.012000;-0.002250;1.010500;0.0;0.0;0.0;0;0;30.0;24.00;1000000;0;-5.824999809;-35.227500915;40.000;0.00;0.00;0.00;0.00;0.00;0.00;0.00;0.000;0.000;0.00;0.00;0.000;0.000;0.000;0.000;15;0.0000;0.000;0.0000;0.000;0.0000;0.000;0.0000;0.000;0.0000;0.000;0.0000;0.000;0.0000;0.000;0.0000;0.000;0.000000000;0.000000000;0.0000000;0.00;0.00;0.00;12260;0;110;1;0;0;100;0.00;0;0;0;0
;359.37;-0.11;0.66;0.0400;0.0400;0.0600;-0.012500;-0.002250;1.011000;0.0;0.0;0.0;0;0;30.1;23.99;1000000;0;-5.824999809;-35.227500915;40.000;0.00;0.00;0.00;0.00;0.00;0.00;0.00;0.000;0.000;0.00;0.00;0.000;0.000;0.000;0.000;16;0.0000;0.000;0.0000;0.000;0.0000;0.000;0.0000;0.000;0.0000;0.000;0.0000;0.000;0.0000;0.000;0.0000;0.000;0.000000000;0.000000000;0.0000000;0.00;0.00;0.00;12280;0;110;1;0;0;100;0.00;0;0;0;0
;359.37;-0.11;0.67;0.0800;-0.0800;0.0600;-0.012500;-0.002000;1.010750;0.0;0.0;0.0;0;0;30.2;23.93;1000000;0;-5.824999809;-35.227500915;40.000;0.00;0.00;0.00;0.00;0.00;0.00;0.00;0.000;0.000;0.00;0.00;0.000;0.000;0.000;0.000;17;0.0000;0.000;0.0000;0.000;0.0000;0.000;0.0000;0.000;0.0000;0.000;0.0000;0.000;0.0000;0.000;0.0000;0.000;0.000000000;0.000000000;0.0000000;0.00;0.00;0.00;12300;0;110;1;0;0;100;0.00;0;0;0;0
;359.37;-0.11;0.66;0.0600;-0.0600;0.0600;-0.011750;-0.002500;1.010000;0.0;0.0;0.0;0;0;30.0;24.07;1000000;0;-5.824999809;-35.227500915;40.000;0.00;0.00;0.00;0.00;0.00;0.00;0.00;0.000;0.000;0.00;0.00;0.000;0.000;0.000;0.000;18;0.0000;0.000;0.0000;0.000;0.0000;0.000;0.0000;0.000;0.0000;0.000;0.0000;0.000;0.0000;0.000;0.0000;0.000;0.000000000;0.000000000;0.0000000;0.00;0.00;0.00;12320;0;110;1;0;0;100;0.00;0;0;0;0
;359.37;-0.11;0.67;0.0200;-0.0200;0.0800;-0.012000;-0.002000;1.010500;0.0;0.0;0.0;0;0;29.9;23.98;1000000;0;-5.824999809;-35.227500915;40.000;0.00;0.00;0.00;0.00;0.00;0.00;0.00;0.000;0.000;0.00;0.00;0.000;0.000;0.000;0.000;19;0.0000;0.000;0.0000;0.000;0.0000;0.000;0.0000;0.000;0.0000;0.000;0.0000;0.000;0.0000;0.000;0.0000;0.000;0.000000000;0.000000000;0.0000000;0.00;0.00;0.00;12340;0;110;1;0;0;100;0.00;0;0;0;0
;359.37;-0.10;0.67;0.0800;-0.0200;0.0400;-0.012250;-0.002000;1.010750;0.0;0.0;0.0;0;0;29.9;23.94;1000000;0;-5.824999809;-35.227500915;40.000;0.00;0.00;0.00;0.00;0.00;0.00;0.00;0.000;0.000;0.00;0.00;0.000;0.000;0.000;0.000;20;0.0000;0.000;0.0000;0.000;0.0000;0.000;0.0000;0.000;0.0000;0.000;0.0000;0.000;0.0000;0.000;0.0000;0.000;0.000000000;0.000000000;0.0000000;0.00;0.00;0.00;12360;0;110;1;0;0;100;0.00;0;0;0;0
;359.37;-0.11;0.67;0.0200;-0.0800;0.0000;-0.012000;-0.002500;1.010750;0.0;0.0;0.0;0;0;30.0;24.06;1000000;0;-5.824999809;-35.227500915;40.000;0.00;0.00;0.00;0.00;0.00;0.00;0.00;0.000;0.000;0.00;0.00;0.000;0.000;0.000;0.000;21;0.0000;0.000;0.0000;0.000;0.0000;0.000;0.0000;0.000;0.0000;0.000;0.0000;0.000;0.0000;0.000;0.0000;0.000;0.000000000;0.000000000;0.0000000;0.00;0.00;0.00;12380;0;110;1;0;0;100;0.00;0;0;0;0
;359.37;-0.11;0.67;0.0400;-0.0200;0.0400;-0.012750;-0.002500;1.010000;0.0;0.0;0.0;0;0;29.6;23.91;1000000;0;-5.824999809;-35.227500915;40.000;0.00;0.00;0.00;0.00;0.00;0.00;0.00;0.000;0.000;0.00;0.00;0.000;0.000;0.000;0.000;22;0.0000;0.000;0.0000;0.000;0.0000;0.000;0.0000;0.000;0.0000;0.000;0.0000;0.000;0.0000;0.000;0.0000;0.000;0.000000000;0.000000000;0.0000000;0.00;0.00;0.00;12400;0;110;1;0;0;100;0.00;0;0;0;0
;359.37;-0.11;0.67;0.0600;0.0000;0.0600;-0.013000;-0.002000;1.010750;0.0;0.0;0.0;0;0;29.9;23.94;1000000;0;-5.824999809;-35.227500915;40.000;0.00;0.00;0.00;0.00;0.00;0.00;0.00;0.000;0.000;0.00;0.00;0.000;0.000;0.000;0.000;23;0.0000;0.000;0.0000;0.000;0.0000;0.000;0.0000;0.000;0.0000;0.000;0.0000;0.000;0.0000;0.000;0.0000;0.000;0.000000000;0.000000000;0.0000000;0.00;0.00;0.00;12420;0;110;1;0;0;100;0.00;0;0;0;0
;359.37;-0.11;0.67;0.0400;-0.0200;-0.0200;-0.011750;-0.002500;1.010250;0.0;0.0;0.0;0;0;29.9;23.89;1000000;0;-5.824999809;-35.227500915;40.000;0.00;0.00;0.00;0.00;0.00;0.00;0.00;0.000;0.000;0.00;0.00;0.000;0.000;0.000;0.000;24;0.0000;0.000;0.0000;0.000;0.0000;0.000;0.0000;0.000;0.0000;0.000;0.0000;0.000;0.0000;0.000;0.0000;0.000;0.000000000;0.000000000;0.0000000;0.00;0.00;0.00;12440;0;110;1;0;0;100;0.00;0;0;0;0
;359.37;-0.11;0.67;0.0200;-0.1000;0.0400;-0.012000;-0.003000;1.009750;0.0;0.0;0.0;0;0;30.1;23.99;1000000;0;-5.824999809;-35.227500915;40.000;0.00;0.00;0.00;0.00;0.00;0.00;0.00;0.000;0.000;0.00;0.00;0.000;0.000;0.000;0.000;25;0.0000;0.000;0.0000;0.000;0.0000;0.000;0.0000;0.000;0.0000;0.000;0.0000;0.000;0.0000;0.000;0.0000;0.000;0.000000000;0.000000000;0.0000000;0.00;0.00;0.00;12460;0;110;1;0;0;100;0.00;0;0;0;0
;359.37;-0.11;0.67;0.0600;-0.0400;0.0600;-0.012250;-0.002000;1.010500;0.0;0.0;0.0;0;0;29.9;23.98;1000000;0;-5.824999809;-35.227500915;40.000;0.00;0.00;0.00;0.00;0.00;0.00;0.00;0.000;0.000;0.00;0.00;0.000;0.000;0.000;0.000;26;0.0000;0.000;0.0000;0.000;0.0000;0.000;0.0000;0.000;0.0000;0.000;0.0000;0.000;0.0000;0.000;0.0000;0.000;0.000000000;0.000000000;0.0000000;0.00;0.00;0.00;12480;0;110;1;0;0;100;0.00;0;0;0;0
;359.36;-0.11;0.67;0.0400;-0.0200;0.1000;-0.012500;-0.002250;1.010500;0.0;0.0;0.0;0;0;30.0;24.07;1000000;0;-5.824999809;-35.227500915;40.000;0.00;0.00;0.00;0.00;0.00;0.00;0.00;0.000;0.000;0.00;0.00;0.000;0.000;0.000;0.000;27;0.0000;0.000;0.0000;0.000;0.0000;0.000;0.0000;0.000;0.0000;0.000;0.0000;0.000;0.0000;0.000;0.0000;0.000;0.000000000;0.000000000;0.0000000;0.00;0.00;0.00;12500;0;110;1;0;0;100;0.00;0;0;0;0
;359.36;-0.11;0.67;0.1000;-0.0600;0.0200;-0.012250;-0.002500;1.010000;0.0;0.0;0.0;0;0;30.0;23.93;1000000;0;-5.824999809;-35.227500915;40.000;0.00;0.00;0.00;0.00;0.00;0.00;0.00;0.000;0.000;0.00;0.00;0.000;0.000;0.000;0.000;28;0.0000;0.000;0.0000;0.000;0.0000;0.000;0.0000;0.000;0.0000;0.000;0.0000;0.000;0.0000;0.000;0.0000;0.000;0.000000000;0.000000000;0.0000000;0.00;0.00;0.00;12520;0;110;1;0;0;100;0.00;0;0;0;0
;359.36;-0.11;0.67;0.0600;-0.0200;0.0600;-0.011750;-0.001750;1.010500;0.0;0.0;0.0;0;0;30.0;23.87;1000000;0;-5.824999809;-35.227500915;40.000;0.00;0.00;0.00;0.00;0.00;0.00;0.00;0.000;0.000;0.00;0.00;0.000;0.000;0.000;0.000;29;0.0000;0.000;0.0000;0.000;0.0000;0.000;0.0000;0.000;0.0000;0.000;0.0000;0.000;0.0000;0.000;0.0000;0.000;0.000000000;0.000000000;0.0000000;0.00;0.00;0.00;12540;0;110;1;0;0;100;0.00;0;0;0;0
;359.36;-0.11;0.67;0.0200;-0.0800;0.0400;-0.012500;-0.002250;1.010000;0.0;0.0;0.0;0;0;30.0;24.01;1000000;0;-5.824999809;-35.227500915;40.000;0.00;0.00;0.00;0.00;0.00;0.00;0.00;0.000;0.000;0.00;0.00;0.000;0.000;0.000;0.000;30;0.0000;0.000;0.0000;0.000;0.0000;0.000;0.0000;0.000;0.0000;0.000;0.0000;0.000;0.0000;0.000;0.0000;0.000;0.000000000;0.000000000;0.0000000;0.00;0.00;0.00;12560;0;110;1;0;0;100;0.00;0;0;0;0
;359.36;-0.11;0.67;0.0200;-0.0200;0.0600;-0.012250;-0.002000;1.010750;0.0;0.0;0.0;0;0;30.0;23.97;1000000;0;-5.824999809;-35.227500915;40.000;0.00;0.00;0.00;0.00;0.00;0.00;0.00;0.000;0.000;0.00;0.00;0.000;0.000;0.000;0.000;31;0.0000;0.000;0.0000;0.000;0.0000;0.000;0.0000;0.000;0.0000;0.000;0.0000;0.000;0.0000;0.000;0.0000;0.000;0.000000000;0.000000000;0.0000000;0.00;0.00;0.00;12580;0;110;1;0;0;100;0.00;0;0;0;0
;359.36;-0.11;0.67;0.0400;0.0200;0.0400;-0.011750;-0.002500;1.010250;0.0;0.0;0.0;0;0;30.0;24.00;1000000;0;-5.824999809;-35.227500915;40.000;0.00;0.00;0.00;0.00;0.00;0.00;0.00;0.000;0.000;0.00;0.00;0.000;0.000;0.000;0.000;0;0.0000;0.000;0.0000;0.000;0.0000;0.000;0.0000;0.000;0.0000;0.000;0.0000;0.000;0.0000;0.000;0.0000;0.000;0.000000000;0.000000000;0.0000000;0.00;0.00;0.00;12600;0;110;1;0;0;100;0.00;0;0;0;0
;359.36;-0.10;0.67;0.1000;-0.1000;0.0400;-0.011750;-0.002250;1.010750;0.0;0.0;0.0;0;0;29.9;24.10;1000000;0;-5.824999809;-35.227500915;40.000;0.00;0.00;0.00;0.00;0.00;0.00;0.00;0.000;0.000;0.00;0.00;0.000;0.000;0.000;0.000;1;0.0000;0.000;0.0000;0.000;0.0000;0.000;0.0000;0.000;0.0000;0.000;0.0000;0.000;0.0000;0.000;0.0000;0.000;0.000000000;0.000000000;0.0000000;0.00;0.00;0.00;12620;0;110;1;0;0;100;0.00;0;0;0;0
;359.36;-0.10;0.67;0.0400;-0.0200;0.0200;-0.012500;-0.002750;1.010250;0.0;0.0;0.0;0;0;29.9;23.92;1000000;0;-5.824999809;-35.227500915;40.000;0.00;0.00;0.00;0.00;0.00;0.00;0.00;0.000;0.000;0.00;0.00;0.000;0.000;0.000;0.000;2;0.0000;0.000;0.0000;0.000;0.0000;0.000;0.0000;0.000;0.0000;0.000;0.0000;0.000;0.0000;0.000;0.0000;0.000;0.000000000;0.000000000;0.0000000;0.00;0.00;0.00;12640;0;110;1;0;0;100;0.00;0;0;0;0
;359.36;-0.11;0.67;0.0600;-0.0200;0.0400;-0.011000;-0.002500;1.010250;0.0;0.0;0.0;0;0;30.0;24.00;1000000;0;-5.824999809;-35.227500915;40.000;0.00;0.00;0.00;0.00;0.00;0.00;0.00;0.000;0.000;0.00;0.00;0.000;0.000;0.000;0.000;3;0.0000;0.000;0.0000;0.000;0.0000;0.000;0.0000;0.000;0.0000;0.000;0.0000;0.000;0.0000;0.000;0.0000;0.000;0.000000000;0.000000000;0.0000000;0.00;0.00;0.00;12660;0;110;1;0;0;100;0.00;0;0;0;0
;359.36;-0.11;0.67;0.0600;-0.0400;0.0400;-0.011250;-0.003000;1.011500;0.0;0.0;0.0;0;0;29.8;24.15;1000000;0;-5.824999809;-35.227500915;40.000;0.00;0.00;0.00;0.00;0.00;0.00;0.00;0.000;0.000;0.00;0.00;0.000;0.000;0.000;0.000;4;0.0000;0.000;0.0000;0.000;0.0000;0.000;0.0000;0.000;0.0000;0.000;0.0000;0.000;0.0000;0.000;0.0000;0.000;0.000000000;0.000000000;0.0000000;0.00;0.00;0.00;12680;0;110;1;0;0;100;0.00;0;0;0;0
;359.36;-0.11;0.66;0.0400;0.0000;0.0200;-0.011500;-0.002750;1.010250;0.0;0.0;0.0;0;0;30.0;24.00;1000000;0;-5.824999809;-35.227500915;40.000;0.00;0.00;0.00;0.00;0.00;0.00;0.00;0.000;0.000;0.00;0.00;0.000;0.000;0.000;0.000;5;0.0000;0.000;0.0000;0.000;0.0000;0.000;0.0000;0.000;0.0000;0.000;0.0000;0.000;0.0000;0.000;0.0000;0.000;0.000000000;0.000000000;0.0000000;0.00;0.00;0.00;12700;0;110;1;0;0;100;0.00;0;0;0;0
;359.35;-0.11;0.66;0.0600;-0.1000;0.0800;-0.011750;-0.001750;1.010250;0.0;0.0;0.0;0;0;29.7;24.02;1000000;0;-5.824999809;-35.227500915;40.000;0.00;0.00;0.00;0.00;0.00;0.00;0.00;0.000;0.000;0.00;0.00;0.000;0.000;0.000;0.000;6;0.0000;0.000;0.0000;0.000;0.0000;0.000;0.0000;0.000;0.0000;0.000;0.0000;0.000;0.0000;0.000;0.0000;0.000;0.000000000;0.000000000;0.0000000;0.00;0.00;0.00;12720;0;110;1;0;0;100;0.00;0;0;0;0
;359.35;-0.10;0.66;0.0400;0.0000;0.0200;-0.012500;-0.001500;1.010250;0.0;0.0;0.0;0;0;30.0;23.95;1000000;0;-5.824999809;-35.227500915;40.000;0.00;0.00;0.00;0.00;0.00;0.00;0.00;0.000;0.000;0.00;0.00;0.000;0.000;0.000;0.000;7;0.0000;0.000;0.0000;0.000;0.0000;0.000;0.0000;0.000;0.0000;0.000;0.0000;0.000;0.0000;0.000;0.0000;0.000;0.000000000;0.000000000;0.0000000;0.00;0.00;0.00;12740;0;110;1;0;0;100;0.00;0;0;0;0
;359.35;-0.11;0.66;0.0800;-0.0600;0.0600;-0.011750;-0.002500;1.010500;0.0;0.0;0.0;0;0;30.1;24.01;1000000;0;-5.824999809;-35.227500915;40.000;0.00;0.00;0.00;0.00;0.00;0.00;0.00;0.000;0.000;0.00;0.00;0.000;0.000;0.000;0.000;8;0.0000;0.000;0.0000;0.000;0.0000;0.000;0.0000;0.000;0.0000;0.000;0.0000;0.000;0.0000;0.000;0.0000;0.000;0.000000000;0.000000000;0.0000000;0.00;0.00;0.00;12760;0;110;1;0;0;100;0.00;0;0;0;0
;359.35;-0.11;0.66;0.0400;-0.0600;0.0600;-0.012250;-0.002750;1.010750;0.0;0.0;0.0;0;0;30.0;23.98;1000000;0;-5.824999809;-35.227500915;40.000;0.00;0.00;0.00;0.00;0.00;0.00;0.00;0.000;0.000;0.00;0.00;0.000;0.000;0.000;0.000;9;0.0000;0.000;0.0000;0.000;0.0000;0.000;0.0000;0.000;0.0000;0.000;0.0000;0.000;0.0000;0.000;0.0000;0.000;0.000000000;0.000000000;0.0000000;0.00;0.00;0.00;12780;0;110;1;0;0;100;0.00;0;0;0;0
;359.35;-0.10;0.67;0.0800;0.0200;0.0200;-0.012000;-0.002000;1.010500;0.0;0.0;0.0;0;0;30.1;23.98;1000000;0;-5.824999809;-35.227500915;40.000;0.00;0.00;0.00;0.00;0.00;0.00;0.00;0.000;0.000;0.00;0.00;0.000;0.000;0.000;0.000;10;0.0000;0.000;0.0000;0.000;0.0000;0.000;0.0000;0.000;0.0000;0.000;0.0000;0.000;0.0000;0.000;0.0000;0.000;0.000000000;0.000000000;0.0000000;0.00;0.00;0.00;12800;0;110;1;0;0;100;0.00;0;0;0;0
;359.35;-0.11;0.67;0.0000;0.0200;0.1000;-0.013000;-0.002500;1.010750;0.0;0.0;0.0;0;0;30.1;24.11;1000000;0;-5.824999809;-35.227500915;40.000;0.00;0.00;0.00;0.00;0.00;0.00;0.00;0.000;0.000;0.00;0.00;0.000;0.000;0.000;0.000;11;0.0000;0.000;0.0000;0.000;0.0000;0.000;0.0000;0.000;0.0000;0.000;0.0000;0.000;0.0000;0.000;0.0000;0.000;0.000000000;0.000000000;0.0000000;0.00;0.00;0.00;12820;0;110;1;0;0;100;0.00;0;0;0;0
;359.35;-0.11;0.67;0.0800;0.0400;0.0600;-0.012750;-0.002500;1.011000;0.0;0.0;0.0;0;0;29.9;23.98;1000000;0;-5.824999809;-35.227500915;40.000;0.00;0.00;0.00;0.00;0.00;0.00;0.00;0.000;0.000;0.00;0.00;0.000;0.000;0.000;0.000;12;0.0000;0.000;0.0000;0.000;0.0000;0.000;0.0000;0.000;0.0000;0.000;0.0000;0.000;0.0000;0.000;0.0000;0.000;0.000000000;0.000000000;0.0000000;0.00;0.00;0.00;12840;0;110;1;0;0;100;0.00;0;0;0;0
;359.35;-0.11;0.67;0.0400;-0.0600;0.0600;-0.012000;-0.001750;1.010750;0.0;0.0;0.0;0;0;30.1;23.95;1000000;0;-5.824999809;-35.227500915;40.000;0.00;0.00;0.00;0.00;0.00;0.00;0.00;0.000;0.000;0.00;0.00;0.000;0.000;0.000;0.000;13;0.0000;0.000;0.0000;0.000;0.0000;0.000;0.0000;0.000;0.0000;0.000;0.0000;0.000;0.0000;0.000;0.0000;0.000;0.000000000;0.000000000;0.0000000;0.00;0.00;0.00;12860;0;110;1;0;0;100;0.00;0;0;0;0
;359.35;-0.11;0.67;0.0600;-0.0200;0.0600;-0.011750;-0.002000;1.010500;0.0;0.0;0.0;0;0;30.0;24.07;1000000;0;-5.824999809;-35.227500915;40.000;0.00;0.00;0.00;0.00;0.00;0.00;0.00;0.000;0.000;0.00;0.00;0.000;0.000;0.000;0.000;14;0.0000;0.000;0.0000;0.000;0.0000;0.000;0.0000;0.000;0.0000;0.000;0.0000;0.000;0.0000;0.000;0.0000;0.000;0.000000000;0.000000000;0.0000000;0.00;0.00;0.00;12880;0;110;1;0;0;100;0.00;0;0;0;0
;359.35;-0.11;0.67;0.0200;-0.0400;0.0200;-0.013000;-0.002500;1.010500;0.0;0.0;0.0;0;0;29.7;24.00;1000000;0;-5.824999809;-35.227500915;40.000;0.00;0.00;0.00;0.00;0.00;0.00;0.00;0.000;0.000;0.00;0.00;0.000;0.000;0.000;0.000;15;0.0000;0.000;0.0000;0.000;0.0000;0.000;0.0000;0.000;0.0000;0.000;0.0000;0.000;0.0000;0.000;0.0000;0.000;0.000000000;0.000000000;0.0000000;0.00;0.00;0.00;12900;0;110;1;0;0;100;0.00;0;0;0;0
;359.34;-0.10;0.67;0.1200;-0.0400;0.0400;-0.013500;-0.001750;1.010500;0.0;0.0;0.0;0;0;30.0;24.14;1000000;0;-5.824999809;-35.227500915;40.000;0.00;0.00;0.00;0.00;0.00;0.00;0.00;0.000;0.000;0.00;0.00;0.000;0.000;0.000;0.000;16;0.0000;0.000;0.0000;0.000;0.0000;0.000;0.0000;0.000;0.0000;0.000;0.0000;0.000;0.0000;0.000;0.0000;0.000;0.000000000;0.000000000;0.0000000;0.00;0.00;0.00;12920;0;110;1;0;0;100;0.00;0;0;0;0
;359.34;-0.11;0.67;0.0600;0.0000;0.0200;-0.013000;-0.002250;1.010500;0.0;0.0;0.0;0;0;29.9;24.05;1000000;0;-5.824999809;-35.227500915;40.000;0.00;0.00;0.00;0.00;0.00;0.00;0.00;0.000;0.000;0.00;0.00;0.000;0.000;0.000;0.000;17;0.0000;0.000;0.0000;0.000;0.0000;0.000;0.0000;0.000;0.0000;0.000;0.0000;0.000;0.0000;0.000;0.0000;0.000;0.000000000;0.000000000;0.0000000;0.00;0.00;0.00;12940;0;110;1;0;0;100;0.00;0;0;0;0
;359.34;-0.11;0.67;0.0600;0.0200;0.0400;-0.012500;-0.003000;1.010500;0.0;0.0;0.0;0;0;30.1;24.12;1000000;0;-5.824999809;-35.227500915;40.000;0.00;0.00;0.00;0.00;0.00;0.00;0.00;0.000;0.000;0.00;0.00;0.000;0.000;0.000;0.000;18;0.0000;0.000;0.0000;0.000;0.0000;0.000;0.0000;0.000;0.0000;0.000;0.0000;0.000;0.0000;0.000;0.0000;0.000;0.000000000;0.000000000;0.0000000;0.00;0.00;0.00;12960;0;110;1;0;0;100;0.00;0;0;0;0
;359.34;-0.11;0.67;0.0600;-0.0200;0.0600;-0.011000;-0.002750;1.010500;0.0;0.0;0.0;0;0;30.1;24.00;1000000;0;-5.824999809;-35.227500915;40.000;0.00;0.00;0.00;0.00;0.00;0.00;0.00;0.000;0.000;0.00;0.00;0.000;0.000;0.000;0.000;19;0.0000;0.000;0.0000;0.000;0.0000;0.000;0.0000;0.000;0.0000;0.000;0.0000;0.000;0.0000;0.000;0.0000;0.000;0.000000000;0.000000000;0.0000000;0.00;0.00;0.00;12980;0;110;1;0;0;100;0.00;0;0;0;0
;359.34;-0.11;0.67;0.0200;-0.0200;0.0400;-0.010750;-0.002000;1.010500;0.0;0.0;0.0;0;0;30.0;24.01;1000000;0;-5.824999809;-35.227500915;40.000;0.00;0.00;0.00;0.00;0.00;0.00;0.00;0.000;0.000;0.00;0.00;0.000;0.000;0.000;0.000;20;0.0000;0.000;0.0000;0.000;0.0000;0.000;0.0000;0.000;0.0000;0.000;0.0000;0.000;0.0000;0.000;0.0000;0.000;0.000000000;0.000000000;0.0000000;0.00;0.00;0.00;13000;0;110;1;0;0;100;0.00;0;0;0;64
;359.34;-0.11;0.67;0.0400;0.0000;0.0600;-0.011750;-0.002750;1.010250;0.0;0.0;0.0;0;0;30.0;24.00;1000000;0;-5.824999809;-35.227500915;40.000;0.00;0.00;0.00;0.00;0.00;0.00;0.00;0.000;0.000;0.00;0.00;0.000;0.000;0.000;0.000;21;0.0000;0.000;0.0000;0.000;0.0000;0.000;0.0000;0.000;0.0000;0.000;0.0000;0.000;0.0000;0.000;0.0000;0.000;0.000000000;0.000000000;0.0000000;0.00;0.00;0.00;13020;0;110;1;0;0;100;0.00;0;0;0;0
;359.34;-0.11;0.67;0.0600;-0.0400;0.0200;-0.013250;-0.002000;1.010250;0.0;0.0;0.0;0;0;29.9;23.98;1000000;0;-5.824999809;-35.227500915;40.000;0.00;0.00;0.00;0.00;0.00;0.00;0.00;0.000;0.000;0.00;0.00;0.000;0.000;0.000;0.000;22;0.0000;0.000;0.0000;0.000;0.0000;0.000;0.0000;0.000;0.0000;0.000;0.0000;0.000;0.0000;0.000;0.0000;0.000;0.000000000;0.000000000;0.0000000;0.00;0.00;0.00;13040;0;110;1;0;0;100;0.00;0;0;0;0
;359.34;-0.11;0.67;0.0400;-0.0600;0.0200;-0.013250;-0.002750;1.010250;0.0;0.0;0.0;0;0;30.0;24.11;1000000;0;-5.824999809;-35.227500915;40.000;0.00;0.00;0.00;0.00;0.00;0.00;0.00;0.000;0.000;0.00;0.00;0.000;0.000;0.000;0.000;23;0.0000;0.000;0.0000;0.000;0.0000;0.000;0.0000;0.000;0.0000;0.000;0.0000;0.000;0.0000;0.000;0.0000;0.000;0.000000000;0.000000000;0.0000000;0.00;0.00;0.00;13060;0;110;1;0;0;100;0.00;0;0;0;0
;359.34;-0.11;0.67;0.0400;-0.0200;0.0600;-0.012250;-0.002500;1.010500;0.0;0.0;0.0;0;0;29.9;23.99;1000000;0;-5.824999809;-35.227500915;40.000;0.00;0.00;0.00;0.00;0.00;0.00;0.00;0.000;0.000;0.00;0.00;0.000;0.000;0.000;0.000;24;0.0000;0.000;0.0000;0.000;0.0000;0.000;0.0000;0.000;0.0000;0.000;0.0000;0.000;0.0000;0.000;0.0000;0.000;0.000000000;0.000000000;0.0000000;0.00;0.00;0.00;13080;0;110;1;0;0;100;0.00;0;0;0;0
;359.34;-0.11;0.67;0.0400;-0.0200;0.0600;-0.011250;-0.002250;1.010750;0.0;0.0;0.0;0;0;30.0;24.14;1000000;0;-5.824999809;-35.227500915;40.000;0.00;0.00;0.00;0.00;0.00;0.00;0.00;0.000;0.000;0.00;0.00;0.000;0.000;0.000;0.000;25;0.0000;0.000;0.0000;0.000;0.0000;0.000;0.0000;0.000;0.0000;0.000;0.0000;0.000;0.0000;0.000;0.0000;0.000;0.000000000;0.000000000;0.0000000;0.00;0.00;0.00;13100;0;110;1;0;0;100;0.00;0;0;0;0
;359.33;-0.11;0.67;0.0400;0.0000;0.1000;-0.011500;-0.002000;1.010250;0.0;0.0;0.0;0;0;29.9;24.07;1000000;0;-5.824999809;-35.227500915;40.000;0.00;0.00;0.00;0.00;0.00;0.00;0.00;0.000;0.000;0.00;0.00;0.000;0.000;0.000;0.000;26;0.0000;0.000;0.0000;0.000;0.0000;0.000;0.0000;0.000;0.0000;0.000;0.0000;0.000;0.0000;0.000;0.0000;0.000;0.000000000;0.000000000;0.0000000;0.00;0.00;0.00;13120;0;110;1;0;0;100;0.00;0;0;0;0
;359.33;-0.11;0.67;0.0000;-0.0800;0.0200;-0.012750;-0.001750;1.010250;0.0;0.0;0.0;0;0;30.0;23.96;1000000;0;-5.824999809;-35.227500915;40.000;0.00;0.00;0.00;0.00;0.00;0.00;0.00;0.000;0.000;0.00;0.00;0.000;0.000;0.000;0.000;27;0.0000;0.000;0.0000;0.000;0.0000;0.000;0.0000;0.000;0.0000;0.000;0.0000;0.000;0.0000;0.000;0.0000;0.000;0.000000000;0.000000000;0.0000000;0.00;0.00;0.00;13140;0;110;1;0;0;100;0.00;0;0;0;0
;359.33;-0.11;0.67;0.0400;0.0400;0.0800;-0.012500;-0.002750;1.011000;0.0;0.0;0.0;0;0;29.7;24.03;1000000;0;-5.824999809;-35.227500915;40.000;0.00;0.00;0.00;0.00;0.00;0.00;0.00;0.000;0.000;0.00;0.00;0.000;0.000;0.000;0.000;28;0.0000;0.000;0.0000;0.000;0.0000;0.000;0.0000;0.000;0.0000;0.000;0.0000;0.000;0.0000;0.000;0.0000;0.000;0.000000000;0.000000000;0.0000000;0.00;0.00;0.00;13160;0;110;1;0;0;100;0.00;0;0;0;0
;359.33;-0.11;0.67;0.0200;-0.0400;0.0400;-0.012500;-0.002250;1.010500;0.0;0.0;0.0;0;0;30.1;23.98;1000000;0;-5.824999809;-35.227500915;40.000;0.00;0.00;0.00;0.00;0.00;0.00;0.00;0.000;0.000;0.00;0.00;0.000;0.000;0.000;0.000;29;0.0000;0.000;0.0000;0.000;0.0000;0.000;0.0000;0.000;0.0000;0.000;0.0000;0.000;0.0000;0.000;0.0000;0.000;0.000000000;0.000000000;0.0000000;0.00;0.00;0.00;13180;0;110;1;0;0;100;0.00;0;0;0;0
;359.33;-0.11;0.67;0.0600;0.0000;0.0600;-0.012000;-0.002000;1.010750;0.0;0.0;0.0;0;0;30.0;24.08;1000000;0;-5.824999809;-35.227500915;40.000;0.00;0.00;0.00;0.00;0.00;0.00;0.00;0.000;0.000;0.00;0.00;0.000;0.000;0.000;0.000;30;0.0000;0.000;0.0000;0.000;0.0000;0.000;0.0000;0.000;0.0000;0.000;0.0000;0.000;0.0000;0.000;0.0000;0.000;0.000000000;0.000000000;0.0000000;0.00;0.00;0.00;13200;0;110;1;0;0;100;0.00;0;0;0;0
;359.33;-0.10;0.67;0.0600;-0.0600;0.0000;-0.011500;-0.002000;1.010000;0.0;0.0;0.0;0;0;29.9;24.06;1000000;0;-5.824999809;-35.227500915;40.000;0.00;0.00;0.00;0.00;0.00;0.00;0.00;0.000;0.000;0.00;0.00;0.000;0.000;0.000;0.000;31;0.0000;0.000;0.0000;0.000;0.0000;0.000;0.0000;0.000;0.0000;0.000;0.0000;0.000;0.0000;0.000;0.0000;0.000;0.000000000;0.000000000;0.0000000;0.00;0.00;0.00;13220;0;110;1;0;0;100;0.00;0;0;0;0
;359.33;-0.10;0.67;0.0400;-0.0200;0.0800;-0.011500;-0.002250;1.010500;0.0;0.0;0.0;0;0;30.2;24.06;1000000;0;-5.824999809;-35.227500915;40.000;0.00;0.00;0.00;0.00;0.00;0.00;0.00;0.000;0.000;0.00;0.00;0.000;0.000;0.000;0.000;0;0.0000;0.000;0.0000;0.000;0.0000;0.000;0.0000;0.000;0.0000;0.000;0.0000;0.000;0.0000;0.000;0.0000;0.000;0.000000000;0.000000000;0.0000000;0.00;0.00;0.00;13240;0;110;1;0;0;100;0.00;0;0;0;0
;359.33;-0.10;0.67;0.0600;0.0000;0.0000;-0.012000;-0.001250;1.011000;0.0;0.0;0.0;0;0;29.7;23.89;1000000;0;-5.824999809;-35.227500915;40.000;0.00;0.00;0.00;0.00;0.00;0.00;0.00;0.000;0.000;0.00;0.00;0.000;0.000;0.000;0.000;1;0.0000;0.000;0.0000;0.000;0.0000;0.000;0.0000;0.000;0.0000;0.000;0.0000;0.000;0.0000;0.000;0.0000;0.000;0.000000000;0.000000000;0.0000000;0.00;0.00;0.00;13260;0;110;1;0;0;100;0.00;0;0;0;0
;359.33;-0.10;0.67;0.0400;-0.0400;0.0400;-0.012500;-0.001750;1.010250;0.0;0.0;0.0;0;0;29.9;23.98;1000000;0;-5.824999809;-35.227500915;40.000;0.00;0.00;0.00;0.00;0.00;0.00;0.00;0.000;0.000;0.00;0.00;0.000;0.000;0.000;0.000;2;0.0000;0.000;0.0000;0.000;0.0000;0.000;0.0000;0.000;0.0000;0.000;0.0000;0.000;0.0000;0.000;0.0000;0.000;0.000000000;0.000000000;0.0000000;0.00;0.00;0.00;13280;0;110;1;0;0;100;0.00;0;0;0;0
;359.33;-0.10;0.67;0.0600;-0.0400;0.0200;-0.012000;-0.002250;1.010500;0.0;0.0;0.0;0;0;29.7;23.91;1000000;0;-5.824999809;-35.227500915;40.000;0.00;0.00;0.00;0.00;0.00;0.00;0.00;0.000;0.000;0.00;0.00;0.000;0.000;0.000;0.000;3;0.0000;0.000;0.0000;0.000;0.0000;0.000;0.0000;0.000;0.0000;0.000;0.0000;0.000;0.0000;0.000;0.0000;0.000;0.000000000;0.000000000;0.0000000;0.00;0.00;0.00;13300;0;110;1;0;0;100;0.00;0;0;0;0
;359.33;-0.10;0.67;0.0400;0.1000;0.0400;-0.012750;-0.002250;1.010250;0.0;0.0;0.0;0;0;30.0;24.08;1000000;0;-5.824999809;-35.227500915;40.000;0.00;0.00;0.00;0.00;0.00;0.00;0.00;0.000;0.000;0.00;0.00;0.000;0.000;0.000;0.000;4;0.0000;0.000;0.0000;0.000;0.0000;0.000;0.0000;0.000;0.0000;0.000;0.0000;0.000;0.0000;0.000;0.0000;0.000;0.000000000;0.000000000;0.0000000;0.00;0.00;0.00;13320;0;110;1;0;0;100;0.00;0;0;0;0
;359.33;-0.10;0.67;0.0600;-0.1000;0.0600;-0.012500;-0.002500;1.010500;0.0;0.0;0.0;0;0;29.7;23.98;1000000;0;-5.824999809;-35.227500915;40.000;0.00;0.00;0.00;0.00;0.00;0.00;0.00;0.000;0.000;0.00;0.00;0.000;0.000;0.000;0.000;5;0.0000;0.000;0.0000;0.000;0.0000;0.000;0.0000;0.000;0.0000;0.000;0.0000;0.000;0.0000;0.000;0.0000;0.000;0.000000000;0.000000000;0.0000000;0.00;0.00;0.00;13340;0;110;1;0;0;100;0.00;0;0;0;0
;359.33;-0.10;0.67;0.0600;-0.0600;0.0200;-0.012000;-0.002000;1.010000;0.0;0.0;0.0;0;0;29.9;24.00;1000000;0;-5.824999809;-35.227500915;40.000;0.00;0.00;0.00;0.00;0.00;0.00;0.00;0.000;0.000;0.00;0.00;0.000;0.000;0.000;0.000;6;0.0000;0.000;0.0000;0.000;0.0000;0.000;0.0000;0.000;0.0000;0.000;0.0000;0.000;0.0000;0.000;0.0000;0.000;0.000000000;0.000000000;0.0000000;0.00;0.00;0.00;13360;0;110;1;0;0;100;0.00;0;0;0;0
;359.32;-0.10;0.67;0.0600;-0.0400;0.0600;-0.011750;-0.001750;1.010500;0.0;0.0;0.0;0;0;29.7;24.03;1000000;0;-5.824999809;-35.227500915;40.000;0.00;0.00;0.00;0.00;0.00;0.00;0.00;0.000;0.000;0.00;0.00;0.000;0.000;0.000;0.000;7;0.0000;0.000;0.0000;0.000;0.0000;0.000;0.0000;0.000;0.0000;0.000;0.0000;0.000;0.0000;0.000;0.0000;0.000;0.000000000;0.000000000;0.0000000;0.00;0.00;0.00;13380;0;110;1;0;0;100;0.00;0;0;0;0
;359.32;-0.10;0.67;0.0200;-0.0400;0.0400;-0.012250;-0.002250;1.010750;0.0;0.0;0.0;0;0;29.5;23.91;1000000;0;-5.824999809;-35.227500915;40.000;0.00;0.00;0.00;0.00;0.00;0.00;0.00;0.000;0.000;0.00;0.00;0.000;0.000;0.000;0.000;8;0.0000;0.000;0.0000;0.000;0.0000;0.000;0.0000;0.000;0.0000;0.000;0.0000;0.000;0.0000;0.000;0.0000;0.000;0.000000000;0.000000000;0.0000000;0.00;0.00;0.00;13400;0;110;1;0;0;100;0.00;0;0;0;0
;359.32;-0.10;0.67;0.1000;-0.0800;0.0400;-0.011750;-0.002250;1.010500;0.0;0.0;0.0;0;0;29.6;23.95;1000000;0;-5.824999809;-35.227500915;40.000;0.00;0.00;0.00;0.00;0.00;0.00;0.00;0.000;0.000;0.00;0.00;0.000;0.000;0.000;0.000;9;0.0000;0.000;0.0000;0.000;0.0000;0.000;0.0000;0.000;0.0000;0.000;0.0000;0.000;0.0000;0.000;0.0000;0.000;0.000000000;0.000000000;0.0000000;0.00;0.00;0.00;13420;0;110;1;0;0;100;0.00;0;0;0;0
;359.32;-0.10;0.67;0.0200;0.0000;0.1000;-0.012500;-0.002500;1.010750;0.0;0.0;0.0;0;0;30.0;23.92;1000000;0;-5.824999809;-35.227500915;40.000;0.00;0.00;0.00;0.00;0.00;0.00;0.00;0.000;0.000;0.00;0.00;0.000;0.000;0.000;0.000;10;0.0000;0.000;0.0000;0.000;0.0000;0.000;0.0000;0.000;0.0000;0.000;0.0000;0.000;0.0000;0.000;0.0000;0.000;0.000000000;0.000000000;0.0000000;0.00;0.00;0.00;13440;0;110;1;0;0;100;0.00;0;0;0;0
;359.32;-0.10;0.67;0.0200;-0.0400;0.0200;-0.012500;-0.001750;1.010250;0.0;0.0;0.0;0;0;29.9;24.06;1000000;0;-5.824999809;-35.227500915;40.000;0.00;0.00;0.00;0.00;0.00;0.00;0.00;0.000;0.000;0.00;0.00;0.000;0.000;0.000;0.000;11;0.0000;0.000;0.0000;0.000;0.0000;0.000;0.0000;0.000;0.0000;0.000;0.0000;0.000;0.0000;0.000;0.0000;0.000;0.000000000;0.000000000;0.0000000;0.00;0.00;0.00;13460;0;110;1;0;0;100;0.00;0;0;0;0
;359.32;-0.10;0.67;0.0400;0.0400;0.0600;-0.011250;-0.003000;1.010250;0.0;0.0;0.0;0;0;30.0;24.00;1000000;0;-5.824999809;-35.227500915;40.000;0.00;0.00;0.00;0.00;0.00;0.00;0.00;0.000;0.000;0.00;0.00;0.000;0.000;0.000;0.000;12;0.0000;0.000;0.0000;0.000;0.0000;0.000;0.0000;0.000;0.0000;0.000;0.0000;0.000;0.0000;0.000;0.0000;0.000;0.000000000;0.000000000;0.0000000;0.00;0.00;0.00;13480;0;110;1;0;0;100;0.00;0;0;0;0
;359.32;-0.10;0.67;0.0600;0.0200;0.0400;-0.011500;-0.002250;1.010500;0.0;0.0;0.0;0;0;29.9;23.98;1000000;0;-5.824999809;-35.227500915;40.000;0.00;0.00;0.00;0.00;0.00;0.00;0.00;0.000;0.000;0.00;0.00;0.000;0.000;0.000;0.000;13;0.0000;0.000;0.0000;0.000;0.0000;0.000;0.0000;0.000;0.0000;0.000;0.0000;0.000;0.0000;0.000;0.0000;0.000;0.000000000;0.000000000;0.0000000;0.00;0.00;0.00;13500;0;110;1;0;0;100;0.00;0;0;0;0
;359.32;-0.10;0.67;0.1000;-0.0200;0.0400;-0.012750;-0.001750;1.010250;0.0;0.0;0.0;0;0;30.0;24.11;1000000;0;-5.824999809;-35.227500915;40.000;0.00;0.00;0.00;0.00;0.00;0.00;0.00;0.000;0.000;0.00;0.00;0.000;0.000;0.000;0.000;14;0.0000;0.000;0.0000;0.000;0.0000;0.000;0.0000;0.000;0.0000;0.000;0.0000;0.000;0.0000;0.000;0.0000;0.000;0.000000000;0.000000000;0.0000000;0.00;0.00;0.00;13520;0;110;1;0;0;100;0.00;0;0;0;0
;359.32;-0.10;0.67;0.0600;-0.0200;0.0400;-0.013250;-0.002250;1.010000;0.0;0.0;0.0;0;0;30.0;23.91;1000000;0;-5.824999809;-35.227500915;40.000;0.00;0.00;0.00;0.00;0.00;0.00;0.00;0.000;0.000;0.00;0.00;0.000;0.000;0.000;0.000;15;0.0000;0.000;0.0000;0.000;0.0000;0.000;0.0000;0.000;0.0000;0.000;0.0000;0.000;0.0000;0.000;0.0000;0.000;0.000000000;0.000000000;0.0000000;0.00;0.00;0.00;13540;0;110;1;0;0;100;0.00;0;0;0;0
;359.32;-0.10;0.68;0.0800;0.0800;0.0800;-0.012500;-0.001750;1.010750;0.0;0.0;0.0;0;0;30.2;24.12;1000000;0;-5.824999809;-35.227500915;40.000;0.00;0.00;0.00;0.00;0.00;0.00;0.00;0.000;0.000;0.00;0.00;0.000;0.000;0.000;0.000;16;0.0000;0.000;0.0000;0.000;0.0000;0.000;0.0000;0.000;0.0000;0.000;0.0000;0.000;0.0000;0.000;0.0000;0.000;0.000000000;0.000000000;0.0000000;0.00;0.00;0.00;13560;0;110;1;0;0;100;0.00;0;0;0;0
;359.31;-0.10;0.68;0.0600;0.0200;0.0200;-0.011750;-0.002750;1.009750;0.0;0.0;0.0;0;0;30.0;24.05;1000000;0;-5.824999809;-35.227500915;40.000;0.00;0.00;0.00;0.00;0.00;0.00;0.00;0.000;0.000;0.00;0.00;0.000;0.000;0.000;0.000;17;0.0000;0.000;0.0000;0.000;0.0000;0.000;0.0000;0.000;0.0000;0.000;0.0000;0.000;0.0000;0.000;0.0000;0.000;0.000000000;0.000000000;0.0000000;0.00;0.00;0.00;13580;0;110;1;0;0;100;0.00;0;0;0;0
;359.31;-0.10;0.68;0.0200;0.0000;0.0400;-0.011500;-0.002500;1.011000;0.0;0.0;0.0;0;0;30.0;24.01;1000000;0;-5.824999809;-35.227500915;40.000;0.00;0.00;0.00;0.00;0.00;0.00;0.00;0.000;0.000;0.00;0.00;0.000;0.000;0.000;0.000;18;0.0000;0.000;0.0000;0.000;0.0000;0.000;0.0000;0.000;0.0000;0.000;0.0000;0.000;0.0000;0.000;0.0000;0.000;0.000000000;0.000000000;0.0000000;0.00;0.00;0.00;13600;0;110;1;0;0;100;0.00;0;0;0;0
;359.31;-0.10;0.67;0.0600;0.0400;0.0200;-0.011250;-0.002750;1.010750;0.0;0.0;0.0;0;0;30.0;23.92;1000000;0;-5.824999809;-35.227500915;40.000;0.00;0.00;0.00;0.00;0.00;0.00;0.00;0.000;0.000;0.00;0.00;0.000;0.000;0.000;0.000;19;0.0000;0.000;0.0000;0.000;0.0000;0.000;0.0000;0.000;0.0000;0.000;0.0000;0.000;0.0000;0.000;0.0000;0.000;0.000000000;0.000000000;0.0000000;0.00;0.00;0.00;13620;0;110;1;0;0;100;0.00;0;0;0;0
;359.31;-0.10;0.68;0.0400;0.0200;0.0600;-0.012250;-0.002250;1.010750;0.0;0.0;0.0;0;0;30.0;24.08;1000000;0;-5.824999809;-35.227500915;40.000;0.00;0.00;0.00;0.00;0.00;0.00;0.00;0.000;0.000;0.00;0.00;0.000;0.000;0.000;0.000;20;0.0000;0.000;0.0000;0.000;0.0000;0.000;0.0000;0.000;0.0000;0.000;0.0000;0.000;0.0000;0.000;0.0000;0.000;0.000000000;0.000000000;0.0000000;0.00;0.00;0.00;13640;0;110;1;0;0;100;0.00;0;0;0;0
;359.31;-0.10;0.68;0.0200;-0.0200;0.1200;-0.013500;-0.002000;1.010250;0.0;0.0;0.0;0;0;30.2;24.02;1000000;0;-5.824999809;-35.227500915;40.000;0.00;0.00;0.00;0.00;0.00;0.00;0.00;0.000;0.000;0.00;0.00;0.000;0.000;0.000;0.000;21;0.0000;0.000;0.0000;0.000;0.0000;0.000;0.0000;0.000;0.0000;0.000;0.0000;0.000;0.0000;0.000;0.0000;0.000;0.000000000;0.000000000;0.0000000;0.00;0.00;0.00;13660;0;110;1;0;0;100;0.00;0;0;0;0
;359.31;-0.10;0.68;0.1000;-0.1000;0.0400;-0.013750;-0.002500;1.010250;0.0;0.0;0.0;0;0;30.0;23.97;1000000;0;-5.824999809;-35.227500915;40.000;0.00;0.00;0.00;0.00;0.00;0.00;0.00;0.000;0.000;0.00;0.00;0.000;0.000;0.000;0.000;22;0.0000;0.000;0.0000;0.000;0.0000;0.000;0.0000;0.000;0.0000;0.000;0.0000;0.000;0.0000;0.000;0.0000;0.000;0.000000000;0.000000000;0.0000000;0.00;0.00;0.00;13680;0;110;1;0;0;100;0.00;0;0;0;0
;359.31;-0.10;0.68;0.0800;0.0000;0.0600;-0.012000;-0.002000;1.010250;0.0;0.0;0.0;0;0;29.9;23.99;1000000;0;-5.824999809;-35.227500915;40.000;0.00;0.00;0.00;0.00;0.00;0.00;0.00;0.000;0.000;0.00;0.00;0.000;0.000;0.000;0.000;23;0.0000;0.000;0.0000;0.000;0.0000;0.000;0.0000;0.000;0.0000;0.000;0.0000;0.000;0.0000;0.000;0.0000;0.000;0.000000000;0.000000000;0.0000000;0.00;0.00;0.00;13700;0;110;1;0;0;100;0.00;0;0;0;0
;359.31;-0.10;0.67;0.0400;-0.0600;0.0400;-0.011000;-0.002500;1.010500;0.0;0.0;0.0;0;0;29.8;23.98;1000000;0;-5.824999809;-35.227500915;40.000;0.00;0.00;0.00;0.00;0.00;0.00;0.00;0.000;0.000;0.00;0.00;0.000;0.000;0.000;0.000;24;0.0000;0.000;0.0000;0.000;0.0000;0.000;0.0000;0.000;0.0000;0.000;0.0000;0.000;0.0000;0.000;0.0000;0.000;0.000000000;0.000000000;0.0000000;0.00;0.00;0.00;13720;0;110;1;0;0;100;0.00;0;0;0;0
;359.31;-0.10;0.67;-0.0200;0.0600;0.1000;-0.011250;-0.001750;1.011000;0.0;0.0;0.0;0;0;29.7;24.05;1000000;0;-5.824999809;-35.227500915;40.000;0.00;0.00;0.00;0.00;0.00;0.00;0.00;0.000;0.000;0.00;0.00;0.000;0.000;0.000;0.000;25;0.0000;0.000;0.0000;0.000;0.0000;0.000;0.0000;0.000;0.0000;0.000;0.0000;0.000;0.0000;0.000;0.0000;0.000;0.000000000;0.000000000;0.0000000;0.00;0.00;0.00;13740;0;110;1;0;0;100;0.00;0;0;0;0
;359.31;-0.10;0.67;0.0200;0.0000;0.0200;-0.012000;-0.002000;1.010750;0.0;0.0;0.0;0;0;30.0;23.87;1000000;0;-5.824999809;-35.227500915;40.000;0.00;0.00;0.00;0.00;0.00;0.00;0.00;0.000;0.000;0.00;0.00;0.000;0.000;0.000;0.000;26;0.0000;0.000;0.0000;0.000;0.0000;0.000;0.0000;0.000;0.0000;0.000;0.0000;0.000;0.0000;0.000;0.0000;0.000;0.000000000;0.000000000;0.0000000;0.00;0.00;0.00;13760;0;110;1;0;0;100;0.00;0;0;0;0
;359.30;-0.10;0.67;0.0400;-0.0200;0.0800;-0.012750;-0.002750;1.011000;0.0;0.0;0.0;0;0;29.7;24.03;1000000;0;-5.824999809;-35.227500915;40.000;0.00;0.00;0.00;0.00;0.00;0.00;0.00;0.000;0.000;0.00;0.00;0.000;0.000;0.000;0.000;27;0.0000;0.000;0.0000;0.000;0.0000;0.000;0.0000;0.000;0.0000;0.000;0.0000;0.000;0.0000;0.000;0.0000;0.000;0.000000000;0.000000000;0.0000000;0.00;0.00;0.00;13780;0;110;1;0;0;100;0.00;0;0;0;0
;359.30;-0.11;0.68;0.0400;-0.0200;0.1000;-0.012750;-0.003000;1.010250;0.0;0.0;0.0;0;0;30.0;24.04;1000000;0;-5.824999809;-35.227500915;40.000;0.00;0.00;0.00;0.00;0.00;0.00;0.00;0.000;0.000;0.00;0.00;0.000;0.000;0.000;0.000;28;0.0000;0.000;0.0000;0.000;0.0000;0.000;0.0000;0.000;0.0000;0.000;0.0000;0.000;0.0000;0.000;0.0000;0.000;0.000000000;0.000000000;0.0000000;0.00;0.00;0.00;13800;0;110;1;0;0;100;0.00;0;0;0;0
;359.30;-0.11;0.68;0.0600;0.0400;0.0200;-0.012250;-0.002250;1.009750;0.0;0.0;0.0;0;0;29.9;23.92;1000000;0;-5.824999809;-35.227500915;40.000;0.00;0.00;0.00;0.00;0.00;0.00;0.00;0.000;0.000;0.00;0.00;0.000;0.000;0.000;0.000;29;0.0000;0.000;0.0000;0.000;0.0000;0.000;0.0000;0.000;0.0000;0.000;0.0000;0.000;0.0000;0.000;0.0000;0.000;0.000000000;0.000000000;0.0000000;0.00;0.00;0.00;13820;0;110;1;0;0;100;0.00;0;0;0;0
;359.30;-0.11;0.68;0.0400;-0.0200;0.0600;-0.012000;-0.002000;1.011000;0.0;0.0;0.0;0;0;29.9;23.86;1000000;0;-5.824999809;-35.227500915;40.000;0.00;0.00;0.00;0.00;0.00;0.00;0.00;0.000;0.000;0.00;0.00;0.000;0.000;0.000;0.000;30;0.0000;0.000;0.0000;0.000;0.0000;0.000;0.0000;0.000;0.0000;0.000;0.0000;0.000;0.0000;0.000;0.0000;0.000;0.000000000;0.000000000;0.0000000;0.00;0.00;0.00;13840;0;110;1;0;0;100;0.00;0;0;0;0
;359.30;-0.11;0.67;0.0400;0.0200;0.0400;-0.011750;-0.002750;1.010000;0.0;0.0;0.0;0;0;30.0;24.15;1000000;0;-5.824999809;-35.227500915;40.000;0.00;0.00;0.00;0.00;0.00;0.00;0.00;0.000;0.000;0.00;0.00;0.000;0.000;0.000;0.000;31;0.0000;0.000;0.0000;0.000;0.0000;0.000;0.0000;0.000;0.0000;0.000;0.0000;0.000;0.0000;0.000;0.0000;0.000;0.000000000;0.000000000;0.0000000;0.00;0.00;0.00;13860;0;110;1;0;0;100;0.00;0;0;0;0
;359.30;-0.11;0.67;0.0400;-0.0800;0.0600;-0.012000;-0.002250;1.010750;0.0;0.0;0.0;0;0;30.2;23.93;1000000;0;-5.824999809;-35.227500915;40.000;0.00;0.00;0.00;0.00;0.00;0.00;0.00;0.000;0.000;0.00;0.00;0.000;0.000;0.000;0.000;0;0.0000;0.000;0.0000;0.000;0.0000;0.000;0.0000;0.000;0.0000;0.000;0.0000;0.000;0.0000;0.000;0.0000;0.000;0.000000000;0.000000000;0.0000000;0.00;0.00;0.00;13880;0;110;1;0;0;100;0.00;0;0;0;0
;359.30;-0.11;0.67;0.0600;-0.0800;0.0600;-0.012500;-0.002000;1.011250;0.0;0.0;0.0;0;0;30.0;23.96;1000000;0;-5.824999809;-35.227500915;40.000;0.00;0.00;0.00;0.00;0.00;0.00;0.00;0.000;0.000;0.00;0.00;0.000;0.000;0.000;0.000;1;0.0000;0.000;0.0000;0.000;0.0000;0.000;0.0000;0.000;0.0000;0.000;0.0000;0.000;0.0000;0.000;0.0000;0.000;0.000000000;0.000000000;0.0000000;0.00;0.00;0.00;13900;0;110;1;0;0;100;0.00;0;0;0;0
;359.30;-0.11;0.67;0.0400;0.0000;0.0600;-0.011500;-0.002250;1.009750;0.0;0.0;0.0;0;0;30.0;24.06;1000000;0;-5.824999809;-35.227500915;40.000;0.00;0.00;0.00;0.00;0.00;0.00;0.00;0.000;0.000;0.00;0.00;0.000;0.000;0.000;0.000;2;0.0000;0.000;0.0000;0.000;0.0000;0.000;0.0000;0.000;0.0000;0.000;0.0000;0.000;0.0000;0.000;0.0000;0.000;0.000000000;0.000000000;0.0000000;0.00;0.00;0.00;13920;0;110;1;0;0;100;0.00;0;0;0;0
;359.29;-0.11;0.67;0.0600;-0.0800;0.0600;-0.011500;-0.002000;1.010500;0.0;0.0;0.0;0;0;29.9;24.06;1000000;0;-5.824999809;-35.227500915;40.000;0.00;0.00;0.00;0.00;0.00;0.00;0.00;0.000;0.000;0.00;0.00;0.000;0.000;0.000;0.000;3;0.0000;0.000;0.0000;0.000;0.0000;0.000;0.0000;0.000;0.0000;0.000;0.0000;0.000;0.0000;0.000;0.0000;0.000;0.000000000;0.000000000;0.0000000;0.00;0.00;0.00;13940;0;110;1;0;0;100;0.00;0;0;0;0
;359.29;-0.10;0.67;0.0400;-0.0600;0.0600;-0.011500;-0.001750;1.010250;0.0;0.0;0.0;0;0;30.0;23.98;1000000;0;-5.824999809;-35.227500915;40.000;0.00;0.00;0.00;0.00;0.00;0.00;0.00;0.000;0.000;0.00;0.00;0.000;0.000;0.000;0.000;4;0.0000;0.000;0.0000;0.000;0.0000;0.000;0.0000;0.000;0.0000;0.000;0.0000;0.000;0.0000;0.000;0.0000;0.000;0.000000000;0.000000000;0.0000000;0.00;0.00;0.00;13960;0;110;1;0;0;100;0.00;0;0;0;0
;359.29;-0.10;0.67;0.0800;-0.0400;0.0200;-0.012250;-0.002000;1.011000;0.0;0.0;0.0;0;0;29.6;24.04;1000000;0;-5.824999809;-35.227500915;40.000;0.00;0.00;0.00;0.00;0.00;0.00;0.00;0.000;0.000;0.00;0.00;0.000;0.000;0.000;0.000;5;0.0000;0.000;0.0000;0.000;0.0000;0.000;0.0000;0.000;0.0000;0.000;0.0000;0.000;0.0000;0.000;0.0000;0.000;0.000000000;0.000000000;0.0000000;0.00;0.00;0.00;13980;0;110;1;0;0;100;0.00;0;0;0;0
;359.29;-0.10;0.67;0.0800;-0.0400;0.0000;-0.012000;-0.002500;1.010500;0.0;0.0;0.0;0;0;30.0;24.06;1000000;0;-5.824999809;-35.227500915;40.000;0.00;0.00;0.00;0.00;0.00;0.00;0.00;0.000;0.000;0.00;0.00;0.000;0.000;0.000;0.000;6;0.0000;0.000;0.0000;0.000;0.0000;0.000;0.0000;0.000;0.0000;0.000;0.0000;0.000;0.0000;0.000;0.0000;0.000;0.000000000;0.000000000;0.0000000;0.00;0.00;0.00;14000;0;110;1;0;0;100;0.00;0;0;0;64
;359.29;-0.10;0.67;0.0400;-0.0600;0.0000;-0.012000;-0.002000;1.010500;0.0;0.0;0.0;0;0;29.9;24.15;1000000;0;-5.824999809;-35.227500915;40.000;0.00;0.00;0.00;0.00;0.00;0.00;0.00;0.000;0.000;0.00;0.00;0.000;0.000;0.000;0.000;7;0.0000;0.000;0.0000;0.000;0.0000;0.000;0.0000;0.000;0.0000;0.000;0.0000;0.000;0.0000;0.000;0.0000;0.000;0.000000000;0.000000000;0.0000000;0.00;0.00;0.00;14020;0;110;1;0;0;100;0.00;0;0;0;0
;359.29;-0.10;0.67;0.0200;-0.0600;0.0600;-0.012250;-0.002250;1.010500;0.0;0.0;0.0;0;0;30.3;23.97;1000000;0;-5.824999809;-35.227500915;40.000;0.00;0.00;0.00;0.00;0.00;0.00;0.00;0.000;0.000;0.00;0.00;0.000;0.000;0.000;0.000;8;0.0000;0.000;0.0000;0.000;0.0000;0.000;0.0000;0.000;0.0000;0.000;0.0000;0.000;0.0000;0.000;0.0000;0.000;0.000000000;0.000000000;0.0000000;0.00;0.00;0.00;14040;0;110;1;0;0;100;0.00;0;0;0;0
;359.29;-0.10;0.67;0.0600;-0.0600;0.1000;-0.012250;-0.002250;1.010500;0.0;0.0;0.0;0;0;29.9;24.02;1000000;0;-5.824999809;-35.227500915;40.000;0.00;0.00;0.00;0.00;0.00;0.00;0.00;0.000;0.000;0.00;0.00;0.000;0.000;0.000;0.000;9;0.0000;0.000;0.0000;0.000;0.0000;0.000;0.0000;0.000;0.0000;0.000;0.0000;0.000;0.0000;0.000;0.0000;0.000;0.000000000;0.000000000;0.0000000;0.00;0.00;0.00;14060;0;110;1;0;0;100;0.00;0;0;0;0
;359.29;-0.10;0.67;0.0600;0.0200;0.0400;-0.012250;-0.002000;1.010500;0.0;0.0;0.0;0;0;30.0;24.04;1000000;0;-5.824999809;-35.227500915;40.000;0.00;0.00;0.00;0.00;0.00;0.00;0.00;0.000;0.000;0.00;0.00;0.000;0.000;0.000;0.000;10;0.0000;0.000;0.0000;0.000;0.0000;0.000;0.0000;0.000;0.0000;0.000;0.0000;0.000;0.0000;0.000;0.0000;0.000;0.000000000;0.000000000;0.0000000;0.00;0.00;0.00;14080;0;110;1;0;0;100;0.00;0;0;0;0
;359.29;-0.10;0.67;0.0400;-0.0800;0.0600;-0.012000;-0.002000;1.010500;0.0;0.0;0.0;0;0;30.0;23.95;1000000;0;-5.824999809;-35.227500915;40.000;0.00;0.00;0.00;0.00;0.00;0.00;0.00;0.000;0.000;0.00;0.00;0.000;0.000;0.000;0.000;11;0.0000;0.000;0.0000;0.000;0.0000;0.000;0.0000;0.000;0.0000;0.000;0.0000;0.000;0.0000;0.000;0.0000;0.000;0.000000000;0.000000000;0.0000000;0.00;0.00;0.00;14100;0;110;1;0;0;100;0.00;0;0;0;0
;359.29;-0.10;0.67;0.0400;0.0200;0.0200;-0.012250;-0.002000;1.011000;0.0;0.0;0.0;0;0;30.4;23.98;1000000;0;-5.824999809;-35.227500915;40.000;0.00;0.00;0.00;0.00;0.00;0.00;0.00;0.000;0.000;0.00;0.00;0.000;0.000;0.000;0.000;12;0.0000;0.000;0.0000;0.000;0.0000;0.000;0.0000;0.000;0.0000;0.000;0.0000;0.000;0.0000;0.000;0.0000;0.000;0.000000000;0.000000000;0.0000000;0.00;0.00;0.00;14120;0;110;1;0;0;100;0.00;0;0;0;0
;359.29;-0.10;0.67;0.0200;-0.0600;0.0000;-0.011250;-0.001750;1.010500;0.0;0.0;0.0;0;0;30.1;24.14;1000000;0;-5.824999809;-35.227500915;40.000;0.00;0.00;0.00;0.00;0.00;0.00;0.00;0.000;0.000;0.00;0.00;0.000;0.000;0.000;0.000;13;0.0000;0.000;0.0000;0.000;0.0000;0.000;0.0000;0.000;0.0000;0.000;0.0000;0.000;0.0000;0.000;0.0000;0.000;0.000000000;0.000000000;0.0000000;0.00;0.00;0.00;14140;0;110;1;0;0;100;0.00;0;0;0;0
;359.29;-0.10;0.67;0.0800;0.0200;0.0200;-0.012000;-0.002250;1.010250;0.0;0.0;0.0;0;0;30.0;24.01;1000000;0;-5.824999809;-35.227500915;40.000;0.00;0.00;0.00;0.00;0.00;0.00;0.00;0.000;0.000;0.00;0.00;0.000;0.000;0.000;0.000;14;0.0000;0.000;0.0000;0.000;0.0000;0.000;0.0000;0.000;0.0000;0.000;0.0000;0.000;0.0000;0.000;0.0000;0.000;0.000000000;0.000000000;0.0000000;0.00;0.00;0.00;14160;0;110;1;0;0;100;0.00;0;0;0;0
;359.28;-0.10;0.67;0.0400;-0.0200;0.0800;-0.013000;-0.002250;1.011000;0.0;0.0;0.0;0;0;30.1;24.06;1000000;0;-5.824999809;-35.227500915;40.000;0.00;0.00;0.00;0.00;0.00;0.00;0.00;0.000;0.000;0.00;0.00;0.000;0.000;0.000;0.000;15;0.0000;0.000;0.0000;0.000;0.0000;0.000;0.0000;0.000;0.0000;0.000;0.0000;0.000;0.0000;0.000;0.0000;0.000;0.000000000;0.000000000;0.0000000;0.00;0.00;0.00;14180;0;110;1;0;0;100;0.00;0;0;0;0
;359.28;-0.10;0.67;0.0800;-0.0400;0.0200;-0.012250;-0.002750;1.010500;0.0;0.0;0.0;0;0;30.1;23.92;1000000;0;-5.824999809;-35.227500915;40.000;0.00;0.00;0.00;0.00;0.00;0.00;0.00;0.000;0.000;0.00;0.00;0.000;0.000;0.000;0.000;16;0.0000;0.000;0.0000;0.000;0.0000;0.000;0.0000;0.000;0.0000;0.000;0.0000;0.000;0.0000;0.000;0.0000;0.000;0.000000000;0.000000000;0.0000000;0.00;0.00;0.00;14200;0;110;1;0;0;100;0.00;0;0;0;0
;359.28;-0.10;0.67;0.0600;0.0000;0.0600;-0.013000;-0.002250;1.010750;0.0;0.0;0.0;0;0;29.7;24.05;1000000;0;-5.824999809;-35.227500915;40.000;0.00;0.00;0.00;0.00;0.00;0.00;0.00;0.000;0.000;0.00;0.00;0.000;0.000;0.000;0.000;17;0.0000;0.000;0.0000;0.000;0.0000;0.000;0.0000;0.000;0.0000;0.000;0.0000;0.000;0.0000;0.000;0.0000;0.000;0.000000000;0.000000000;0.0000000;0.00;0.00;0.00;14220;0;110;1;0;0;100;0.00;0;0;0;0
;359.28;-0.10;0.67;0.0400;-0.0200;0.0600;-0.012750;-0.001750;1.010500;0.0;0.0;0.0;0;0;30.0;24.04;1000000;0;-5.824999809;-35.227500915;40.000;0.00;0.00;0.00;0.00;0.00;0.00;0.00;0.000;0.000;0.00;0.00;0.000;0.000;0.000;0.000;18;0.0000;0.000;0.0000;0.000;0.0000;0.000;0.0000;0.000;0.0000;0.000;0.0000;0.000;0.0000;0.000;0.0000;0.000;0.000000000;0.000000000;0.0000000;0.00;0.00;0.00;14240;0;110;1;0;0;100;0.00;0;0;0;0
;359.28;-0.10;0.68;0.0400;0.0200;0.0600;-0.012750;-0.002000;1.010000;0.0;0.0;0.0;0;0;30.0;24.04;1000000;0;-5.824999809;-35.227500915;40.000;0.00;0.00;0.00;0.00;0.00;0.00;0.00;0.000;0.000;0.00;0.00;0.000;0.000;0.000;0.000;19;0.0000;0.000;0.0000;0.000;0.0000;0.000;0.0000;0.000;0.0000;0.000;0.0000;0.000;0.0000;0.000;0.0000;0.000;0.000000000;0.000000000;0.0000000;0.00;0.00;0.00;14260;0;110;1;0;0;100;0.00;0;0;0;0
;359.28;-0.10;0.67;0.0200;0.0600;0.0400;-0.011500;-0.002250;1.010500;0.0;0.0;0.0;0;0;29.6;24.19;1000000;0;-5.824999809;-35.227500915;40.000;0.00;0.00;0.00;0.00;0.00;0.00;0.00;0.000;0.000;0.00;0.00;0.000;0.000;0.000;0.000;20;0.0000;0.000;0.0000;0.000;0.0000;0.000;0.0000;0.000;0.0000;0.000;0.0000;0.000;0.0000;0.000;0.0000;0.000;0.000000000;0.000000000;0.0000000;0.00;0.00;0.00;14280;0;110;1;0;0;100;0.00;0;0;0;0
;359.28;-0.10;0.67;0.0400;-0.0400;0.0400;-0.012000;-0.001500;1.010750;0.0;0.0;0.0;0;0;29.9;23.99;1000000;0;-5.824999809;-35.227500915;40.000;0.00;0.00;0.00;0.00;0.00;0.00;0.00;0.000;0.000;0.00;0.00;0.000;0.000;0.000;0.000;21;0.0000;0.000;0.0000;0.000;0.0000;0.000;0.0000;0.000;0.0000;0.000;0.0000;0.000;0.0000;0.000;0.0000;0.000;0.000000000;0.000000000;0.0000000;0.00;0.00;0.00;14300;0;110;1;0;0;100;0.00;0;0;0;0
;359.28;-0.10;0.67;0.0400;-0.0400;0.0400;-0.012500;-0.002250;1.010750;0.0;0.0;0.0;0;0;30.0;24.01;1000000;0;-5.824999809;-35.227500915;40.000;0.00;0.00;0.00;0.00;0.00;0.00;0.00;0.000;0.000;0.00;0.00;0.000;0.000;0.000;0.000;22;0.0000;0.000;0.0000;0.000;0.0000;0.000;0.0000;0.000;0.0000;0.000;0.0000;0.000;0.0000;0.000;0.0000;0.000;0.000000000;0.000000000;0.0000000;0.00;0.00;0.00;14320;0;110;1;0;0;100;0.00;0;0;0;0
;359.28;-0.10;0.68;0.0600;0.0400;0.0600;-0.012250;-0.002250;1.010750;0.0;0.0;0.0;0;0;30.0;23.96;1000000;0;-5.824999809;-35.227500915;40.000;0.00;0.00;0.00;0.00;0.00;0.00;0.00;0.000;0.000;0.00;0.00;0.000;0.000;0.000;0.000;23;0.0000;0.000;0.0000;0.000;0.0000;0.000;0.0000;0.000;0.0000;0.000;0.0000;0.000;0.0000;0.000;0.0000;0.000;0.000000000;0.000000000;0.0000000;0.00;0.00;0.00;14340;0;110;1;0;0;100;0.00;0;0;0;0
;359.28;-0.10;0.68;0.0400;-0.0200;0.0200;-0.012750;-0.002500;1.011000;0.0;0.0;0.0;0;0;30.0;24.08;1000000;0;-5.824999809;-35.227500915;40.000;0.00;0.00;0.00;0.00;0.00;0.00;0.00;0.000;0.000;0.00;0.00;0.000;0.000;0.000;0.000;24;0.0000;0.000;0.0000;0.000;0.0000;0.000;0.0000;0.000;0.0000;0.000;0.0000;0.000;0.0000;0.000;0.0000;0.000;0.000000000;0.000000000;0.0000000;0.00;0.00;0.00;14360;0;110;1;0;0;100;0.00;0;0;0;0
;359.28;-0.11;0.67;0.0600;-0.0600;0.0200;-0.011750;-0.002500;1.010250;0.0;0.0;0.0;0;0;30.0;24.08;1000000;0;-5.824999809;-35.227500915;40.000;0.00;0.00;0.00;0.00;0.00;0.00;0.00;0.000;0.000;0.00;0.00;0.000;0.000;0.000;0.000;25;0.0000;0.000;0.0000;0.000;0.0000;0.000;0.0000;0.000;0.0000;0.000;0.0000;0.000;0.0000;0.000;0.0000;0.000;0.000000000;0.000000000;0.0000000;0.00;0.00;0.00;14380;0;110;1;0;0;100;0.00;0;0;0;0
;359.28;-0.11;0.67;0.0400;-0.1000;0.0400;-0.012250;-0.002000;1.011000;0.0;0.0;0.0;0;0;30.0;24.07;1000000;0;-5.824999809;-35.227500915;40.000;0.00;0.00;0.00;0.00;0.00;0.00;0.00;0.000;0.000;0.00;0.00;0.000;0.000;0.000;0.000;26;0.0000;0.000;0.0000;0.000;0.0000;0.000;0.0000;0.000;0.0000;0.000;0.0000;0.000;0.0000;0.000;0.0000;0.000;0.000000000;0.000000000;0.0000000;0.00;0.00;0.00;14400;0;110;1;0;0;100;0.00;0;0;0;0
;359.27;-0.11;0.68;0.0200;-0.0200;0.0600;-0.012250;-0.002000;1.010750;0.0;0.0;0.0;0;0;30.0;24.04;1000000;0;-5.824999809;-35.227500915;40.000;0.00;0.00;0.00;0.00;0.00;0.00;0.00;0.000;0.000;0.00;0.00;0.000;0.000;0.000;0.000;27;0.0000;0.000;0.0000;0.000;0.0000;0.000;0.0000;0.000;0.0000;0.000;0.0000;0.000;0.0000;0.000;0.0000;0.000;0.000000000;0.000000000;0.0000000;0.00;0.00;0.00;14420;0;110;1;0;0;100;0.00;0;0;0;0
;359.27;-0.11;0.68;0.0200;-0.0600;0.0400;-0.012500;-0.002000;1.010500;0.0;0.0;0.0;0;0;29.9;24.03;1000000;0;-5.824999809;-35.227500915;40.000;0.00;0.00;0.00;0.00;0.00;0.00;0.00;0.000;0.000;0.00;0.00;0.000;0.000;0.000;0.000;28;0.0000;0.000;0.0000;0.000;0.0000;0.000;0.0000;0.000;0.0000;0.000;0.0000;0.000;0.0000;0.000;0.0000;0.000;0.000000000;0.000000000;0.0000000;0.00;0.00;0.00;14440;0;110;1;0;0;100;0.00;0;0;0;0
;359.27;-0.11;0.68;0.0600;0.0200;0.0600;-0.012500;-0.002250;1.010500;0.0;0.0;0.0;0;0;30.0;24.06;1000000;0;-5.824999809;-35.227500915;40.000;0.00;0.00;0.00;0.00;0.00;0.00;0.00;0.000;0.000;0.00;0.00;0.000;0.000;0.000;0.000;29;0.0000;0.000;0.0000;0.000;0.0000;0.000;0.0000;0.000;0.0000;0.000;0.0000;0.000;0.0000;0.000;0.0000;0.000;0.000000000;0.000000000;0.0000000;0.00;0.00;0.00;14460;0;110;1;0;0;100;0.00;0;0;0;0
;359.27;-0.11;0.68;0.0600;0.0400;0.0800;-0.012250;-0.002000;1.010500;0.0;0.0;0.0;0;0;30.0;24.15;1000000;0;-5.824999809;-35.227500915;40.000;0.00;0.00;0.00;0.00;0.00;0.00;0.00;0.000;0.000;0.00;0.00;0.000;0.000;0.000;0.000;30;0.0000;0.000;0.0000;0.000;0.0000;0.000;0.0000;0.000;0.0000;0.000;0.0000;0.000;0.0000;0.000;0.0000;0.000;0.000000000;0.000000000;0.0000000;0.00;0.00;0.00;14480;0;110;1;0;0;100;0.00;0;0;0;0
;359.27;-0.11;0.68;0.0600;0.0400;0.1000;-0.012250;-0.002250;1.010000;0.0;0.0;0.0;0;0;30.0;24.03;1000000;0;-5.824999809;-35.227500915;40.000;0.00;0.00;0.00;0.00;0.00;0.00;0.00;0.000;0.000;0.00;0.00;0.000;0.000;0.000;0.000;31;0.0000;0.000;0.0000;0.000;0.0000;0.000;0.0000;0.000;0.0000;0.000;0.0000;0.000;0.0000;0.000;0.0000;0.000;0.000000000;0.000000000;0.0000000;0.00;0.00;0.00;14500;0;110;1;0;0;100;0.00;0;0;0;0
;359.27;-0.10;0.68;0.0600;-0.0200;0.0800;-0.012500;-0.002000;1.010000;0.0;0.0;0.0;0;0;30.1;24.03;1000000;0;-5.824999809;-35.227500915;40.000;0.00;0.00;0.00;0.00;0.00;0.00;0.00;0.000;0.000;0.00;0.00;0.000;0.000;0.000;0.000;0;0.0000;0.000;0.0000;0.000;0.0000;0.000;0.0000;0.000;0.0000;0.000;0.0000;0.000;0.0000;0.000;0.0000;0.000;0.000000000;0.000000000;0.0000000;0.00;0.00;0.00;14520;0;110;1;0;0;100;0.00;0;0;0;0
;359.27;-0.10;0.68;0.0400;0.0400;0.0600;-0.012500;-0.001500;1.010250;0.0;0.0;0.0;0;0;30.0;24.03;1000000;0;-5.824999809;-35.227500915;40.000;0.00;0.00;0.00;0.00;0.00;0.00;0.00;0.000;0.000;0.00;0.00;0.000;0.000;0.000;0.000;1;0.0000;0.000;0.0000;0.000;0.0000;0.000;0.0000;0.000;0.0000;0.000;0.0000;0.000;0.0000;0.000;0.0000;0.000;0.000000000;0.000000000;0.0000000;0.00;0.00;0.00;14540;0;110;1;0;0;100;0.00;0;0;0;0
;359.27;-0.10;0.69;0.0800;0.0400;0.0200;-0.012250;-0.002250;1.010500;0.0;0.0;0.0;0;0;29.6;24.10;1000000;0;-5.824999809;-35.227500915;40.000;0.00;0.00;0.00;0.00;0.00;0.00;0.00;0.000;0.000;0.00;0.00;0.000;0.000;0.000;0.000;2;0.0000;0.000;0.0000;0.000;0.0000;0.000;0.0000;0.000;0.0000;0.000;0.0000;0.000;0.0000;0.000;0.0000;0.000;0.000000000;0.000000000;0.0000000;0.00;0.00;0.00;14560;0;110;1;0;0;100;0.00;0;0;0;0
;359.26;-0.10;0.68;0.0600;0.0000;0.0400;-0.012000;-0.002000;1.010500;0.0;0.0;0.0;0;0;29.9;23.95;1000000;0;-5.824999809;-35.227500915;40.000;0.00;0.00;0.00;0.00;0.00;0.00;0.00;0.000;0.000;0.00;0.00;0.000;0.000;0.000;0.000;3;0.0000;0.000;0.0000;0.000;0.0000;0.000;0.0000;0.000;0.0000;0.000;0.0000;0.000;0.0000;0.000;0.0000;0.000;0.000000000;0.000000000;0.0000000;0.00;0.00;0.00;14580;0;110;1;0;0;100;0.00;0;0;0;0
;359.26;-0.10;0.68;0.0200;-0.0400;0.0600;-0.012250;-0.001750;1.010000;0.0;0.0;0.0;0;0;30.1;24.02;1000000;0;-5.824999809;-35.227500915;40.000;0.00;0.00;0.00;0.00;0.00;0.00;0.00;0.000;0.000;0.00;0.00;0.000;0.000;0.000;0.000;4;0.0000;0.000;0.0000;0.000;0.0000;0.000;0.0000;0.000;0.0000;0.000;0.0000;0.000;0.0000;0.000;0.0000;0.000;0.000000000;0.000000000;0.0000000;0.00;0.00;0.00;14600;0;110;1;0;0;100;0.00;0;0;0;0
;359.26;-0.10;0.68;0.0600;-0.0200;0.0400;-0.012250;-0.001750;1.010000;0.0;0.0;0.0;0;0;29.7;24.07;1000000;0;-5.824999809;-35.227500915;40.000;0.00;0.00;0.00;0.00;0.00;0.00;0.00;0.000;0.000;0.00;0.00;0.000;0.000;0.000;0.000;5;0.0000;0.000;0.0000;0.000;0.0000;0.000;0.0000;0.000;0.0000;0.000;0.0000;0.000;0.0000;0.000;0.0000;0.000;0.000000000;0.000000000;0.0000000;0.00;0.00;0.00;14620;0;110;1;0;0;100;0.00;0;0;0;0
;359.26;-0.10;0.68;0.0400;-0.0400;0.0200;-0.012250;-0.002250;1.010750;0.0;0.0;0.0;0;0;30.0;24.06;1000000;0;-5.824999809;-35.227500915;40.000;0.00;0.00;0.00;0.00;0.00;0.00;0.00;0.000;0.000;0.00;0.00;0.000;0.000;0.000;0.000;6;0.0000;0.000;0.0000;0.000;0.0000;0.000;0.0000;0.000;0.0000;0.000;0.0000;0.000;0.0000;0.000;0.0000;0.000;0.000000000;0.000000000;0.0000000;0.00;0.00;0.00;14640;0;110;1;0;0;100;0.00;0;0;0;0
;359.26;-0.10;0.68;0.0800;0.0000;0.0200;-0.011250;-0.002000;1.009750;0.0;0.0;0.0;0;0;30.1;24.06;1000000;0;-5.824999809;-35.227500915;40.000;0.00;0.00;0.00;0.00;0.00;0.00;0.00;0.000;0.000;0.00;0.00;0.000;0.000;0.000;0.000;7;0.0000;0.000;0.0000;0.000;0.0000;0.000;0.0000;0.000;0.0000;0.000;0.0000;0.000;0.0000;0.000;0.0000;0.000;0.000000000;0.000000000;0.0000000;0.00;0.00;0.00;14660;0;110;1;0;0;100;0.00;0;0;0;0
;359.26;-0.10;0.68;0.0800;-0.0400;0.0600;-0.011750;-0.002750;1.010250;0.0;0.0;0.0;0;0;30.1;24.04;1000000;0;-5.824999809;-35.227500915;40.000;0.00;0.00;0.00;0.00;0.00;0.00;0.00;0.000;0.000;0.00;0.00;0.000;0.000;0.000;0.000;8;0.0000;0.000;0.0000;0.000;0.0000;0.000;0.0000;0.000;0.0000;0.000;0.0000;0.000;0.0000;0.000;0.0000;0.000;0.000000000;0.000000000;0.0000000;0.00;0.00;0.00;14680;0;110;1;0;0;100;0.00;0;0;0;0
;359.26;-0.10;0.68;0.0200;-0.0600;0.0400;-0.012500;-0.001750;1.010000;0.0;0.0;0.0;0;0;30.0;24.10;1000000;0;-5.824999809;-35.227500915;40.000;0.00;0.00;0.00;0.00;0.00;0.00;0.00;0.000;0.000;0.00;0.00;0.000;0.000;0.000;0.000;9;0.0000;0.000;0.0000;0.000;0.0000;0.000;0.0000;0.000;0.0000;0.000;0.0000;0.000;0.0000;0.000;0.0000;0.000;0.000000000;0.000000000;0.0000000;0.00;0.00;0.00;14700;0;110;1;0;0;100;0.00;0;0;0;0
;359.26;-0.09;0.68;0.0800;-0.0200;0.0600;-0.012500;-0.001500;1.010500;0.0;0.0;0.0;0;0;30.4;24.01;1000000;0;-5.824999809;-35.227500915;40.000;0.00;0.00;0.00;0.00;0.00;0.00;0.00;0.000;0.000;0.00;0.00;0.000;0.000;0.000;0.000;10;0.0000;0.000;0.0000;0.000;0.0000;0.000;0.0000;0.000;0.0000;0.000;0.0000;0.000;0.0000;0.000;0.0000;0.000;0.000000000;0.000000000;0.0000000;0.00;0.00;0.00;14720;0;110;1;0;0;100;0.00;0;0;0;0
;359.26;-0.09;0.68;0.0600;0.0000;0.1000;-0.013000;-0.002250;1.010750;0.0;0.0;0.0;0;0;29.9;24.05;1000000;0;-5.824999809;-35.227500915;40.000;0.00;0.00;0.00;0.00;0.00;0.00;0.00;0.000;0.000;0.00;0.00;0.000;0.000;0.000;0.000;11;0.0000;0.000;0.0000;0.000;0.0000;0.000;0.0000;0.000;0.0000;0.000;0.0000;0.000;0.0000;0.000;0.0000;0.000;0.000000000;0.000000000;0.0000000;0.00;0.00;0.00;14740;0;110;1;0;0;100;0.00;0;0;0;0
;359.26;-0.09;0.68;0.0400;0.0200;0.0400;-0.012000;-0.002250;1.010500;0.0;0.0;0.0;0;0;29.9;24.04;1000000;0;-5.824999809;-35.227500915;40.000;0.00;0.00;0.00;0.00;0.00;0.00;0.00;0.000;0.000;0.00;0.00;0.000;0.000;0.000;0.000;12;0.0000;0.000;0.0000;0.000;0.0000;0.000;0.0000;0.000;0.0000;0.000;0.0000;0.000;0.0000;0.000;0.0000;0.000;0.000000000;0.000000000;0.0000000;0.00;0.00;0.00;14760;0;110;1;0;0;100;0.00;0;0;0;0
;359.25;-0.10;0.68;0.0400;-0.0400;0.0600;-0.011500;-0.002500;1.010000;0.0;0.0;0.0;0;0;29.7;23.99;1000000;0;-5.824999809;-35.227500915;40.000;0.00;0.00;0.00;0.00;0.00;0.00;0.00;0.000;0.000;0.00;0.00;0.000;0.000;0.000;0.000;13;0.0000;0.000;0.0000;0.000;0.0000;0.000;0.0000;0.000;0.0000;0.000;0.0000;0.000;0.0000;0.000;0.0000;0.000;0.000000000;0.000000000;0.0000000;0.00;0.00;0.00;14780;0;110;1;0;0;100;0.00;0;0;0;0
;359.25;-0.10;0.68;0.0600;-0.0200;0.0200;-0.011500;-0.002000;1.010250;0.0;0.0;0.0;0;0;30.0;23.96;1000000;0;-5.824999809;-35.227500915;40.000;0.00;0.00;0.00;0.00;0.00;0.00;0.00;0.000;0.000;0.00;0.00;0.000;0.000;0.000;0.000;14;0.0000;0.000;0.0000;0.000;0.0000;0.000;0.0000;0.000;0.0000;0.000;0.0000;0.000;0.0000;0.000;0.0000;0.000;0.000000000;0.000000000;0.0000000;0.00;0.00;0.00;14800;0;110;1;0;0;100;0.00;0;0;0;0
;359.25;-0.10;0.67;0.0600;-0.0800;0.0400;-0.011500;-0.002000;1.010000;0.0;0.0;0.0;0;0;30.0;23.89;1000000;0;-5.824999809;-35.227500915;40.000;0.00;0.00;0.00;0.00;0.00;0.00;0.00;0.000;0.000;0.00;0.00;0.000;0.000;0.000;0.000;15;0.0000;0.000;0.0000;0.000;0.0000;0.000;0.0000;0.000;0.0000;0.000;0.0000;0.000;0.0000;0.000;0.0000;0.000;0.000000000;0.000000000;0.0000000;0.00;0.00;0.00;14820;0;110;1;0;0;100;0.00;0;0;0;0
;359.25;-0.09;0.67;0.1000;-0.0200;0.0200;-0.012250;-0.001500;1.010500;0.0;0.0;0.0;0;0;30.1;24.15;1000000;0;-5.824999809;-35.227500915;40.000;0.00;0.00;0.00;0.00;0.00;0.00;0.00;0.000;0.000;0.00;0.00;0.000;0.000;0.000;0.000;16;0.0000;0.000;0.0000;0.000;0.0000;0.000;0.0000;0.000;0.0000;0.000;0.0000;0.000;0.0000;0.000;0.0000;0.000;0.000000000;0.000000000;0.0000000;0.00;0.00;0.00;14840;0;110;1;0;0;100;0.00;0;0;0;0
;359.25;-0.09;0.68;0.0000;0.0000;0.0800;-0.012750;-0.002000;1.010750;0.0;0.0;0.0;0;0;30.1;23.96;1000000;0;-5.824999809;-35.227500915;40.000;0.00;0.00;0.00;0.00;0.00;0.00;0.00;0.000;0.000;0.00;0.00;0.000;0.000;0.000;0.000;17;0.0000;0.000;0.0000;0.000;0.0000;0.000;0.0000;0.000;0.0000;0.000;0.0000;0.000;0.0000;0.000;0.0000;0.000;0.000000000;0.000000000;0.0000000;0.00;0.00;0.00;14860;0;110;1;0;0;100;0.00;0;0;0;0
;359.25;-0.09;0.68;0.0200;-0.0600;0.0200;-0.012250;-0.001750;1.010500;0.0;0.0;0.0;0;0;30.0;23.93;1000000;0;-5.824999809;-35.227500915;40.000;0.00;0.00;0.00;0.00;0.00;0.00;0.00;0.000;0.000;0.00;0.00;0.000;0.000;0.000;0.000;18;0.0000;0.000;0.0000;0.000;0.0000;0.000;0.0000;0.000;0.0000;0.000;0.0000;0.000;0.0000;0.000;0.0000;0.000;0.000000000;0.000000000;0.0000000;0.00;0.00;0.00;14880;0;110;1;0;0;100;0.00;0;0;0;0
;359.25;-0.09;0.67;0.0600;0.0200;0.0600;-0.011750;-0.002000;1.011250;0.0;0.0;0.0;0;0;29.9;23.89;1000000;0;-5.824999809;-35.227500915;40.000;0.00;0.00;0.00;0.00;0.00;0.00;0.00;0.000;0.000;0.00;0.00;0.000;0.000;0.000;0.000;19;0.0000;0.000;0.0000;0.000;0.0000;0.000;0.0000;0.000;0.0000;0.000;0.0000;0.000;0.0000;0.000;0.0000;0.000;0.000000000;0.000000000;0.0000000;0.00;0.00;0.00;14900;0;110;1;0;0;100;0.00;0;0;0;0
;359.25;-0.09;0.67;0.0400;0.0000;0.0600;-0.012000;-0.003000;1.010250;0.0;0.0;0.0;0;0;29.9;24.02;1000000;0;-5.824999809;-35.227500915;40.000;0.00;0.00;0.00;0.00;0.00;0.00;0.00;0.000;0.000;0.00;0.00;0.000;0.000;0.000;0.000;20;0.0000;0.000;0.0000;0.000;0.0000;0.000;0.0000;0.000;0.0000;0.000;0.0000;0.000;0.0000;0.000;0.0000;0.000;0.000000000;0.000000000;0.0000000;0.00;0.00;0.00;14920;0;110;1;0;0;100;0.00;0;0;0;0
;359.25;-0.09;0.67;0.0600;-0.1200;0.0600;-0.011750;-0.002500;1.011000;0.0;0.0;0.0;0;0;30.0;23.98;1000000;0;-5.824999809;-35.227500915;40.000;0.00;0.00;0.00;0.00;0.00;0.00;0.00;0.000;0.000;0.00;0.00;0.000;0.000;0.000;0.000;21;0.0000;0.000;0.0000;0.000;0.0000;0.000;0.0000;0.000;0.0000;0.000;0.0000;0.000;0.0000;0.000;0.0000;0.000;0.000000000;0.000000000;0.0000000;0.00;0.00;0.00;14940;0;110;1;0;0;100;0.00;0;0;0;0
;359.25;-0.10;0.67;0.0200;-0.0400;0.0400;-0.012500;-0.002750;1.010000;0.0;0.0;0.0;0;0;30.0;24.01;1000000;0;-5.824999809;-35.227500915;40.000;0.00;0.00;0.00;0.00;0.00;0.00;0.00;0.000;0.000;0.00;0.00;0.000;0.000;0.000;0.000;22;0.0000;0.000;0.0000;0.000;0.0000;0.000;0.0000;0.000;0.0000;0.000;0.0000;0.000;0.0000;0.000;0.0000;0.000;0.000000000;0.000000000;0.0000000;0.00;0.00;0.00;14960;0;110;1;0;0;100;0.00;0;0;0;0
;359.25;-0.10;0.67;0.0200;0.0000;0.0600;-0.012250;-0.002750;1.010750;0.0;0.0;0.0;0;0;30.4;23.96;1000000;0;-5.824999809;-35.227500915;40.000;0.00;0.00;0.00;0.00;0.00;0.00;0.00;0.000;0.000;0.00;0.00;0.000;0.000;0.000;0.000;23;0.0000;0.000;0.0000;0.000;0.0000;0.000;0.0000;0.000;0.0000;0.000;0.0000;0.000;0.0000;0.000;0.0000;0.000;0.000000000;0.000000000;0.0000000;0.00;0.00;0.00;14980;0;110;1;0;0;100;0.00;0;0;0;0
;359.25;-0.10;0.67;0.1000;-0.0600;0.0000;-0.012000;-0.002250;1.010750;0.0;0.0;0.0;0;0;30.1;23.91;1000000;0;-5.824999809;-35.227500915;40.000;0.00;0.00;0.00;0.00;0.00;0.00;0.00;0.000;0.000;0.00;0.00;0.000;0.000;0.000;0.000;24;0.0000;0.000;0.0000;0.000;0.0000;0.000;0.0000;0.000;0.0000;0.000;0.0000;0.000;0.0000;0.000;0.0000;0.000;0.000000000;0.000000000;0.0000000;0.00;0.00;0.00;15000;0;110;1;0;0;100;0.00;0;0;0;64
;359.25;-0.10;0.67;0.0200;-0.0400;0.0400;-0.012000;-0.002750;1.010000;0.0;0.0;0.0;0;0;29.9;24.15;1000000;0;-5.824999809;-35.227500915;40.000;0.00;0.00;0.00;0.00;0.00;0.00;0.00;0.000;0.000;0.00;0.00;0.000;0.000;0.000;0.000;25;0.0000;0.000;0.0000;0.000;0.0000;0.000;0.0000;0.000;0.0000;0.000;0.0000;0.000;0.0000;0.000;0.0000;0.000;0.000000000;0.000000000;0.0000000;0.00;0.00;0.00;15020;0;110;1;0;0;100;0.00;0;0;0;0
;359.24;-0.10;0.67;0.0200;0.0000;0.0200;-0.011750;-0.002250;1.010500;0.0;0.0;0.0;0;0;30.0;23.98;1000000;0;-5.824999809;-35.227500915;40.000;0.00;0.00;0.00;0.00;0.00;0.00;0.00;0.000;0.000;0.00;0.00;0.000;0.000;0.000;0.000;26;0.0000;0.000;0.0000;0.000;0.0000;0.000;0.0000;0.000;0.0000;0.000;0.0000;0.000;0.0000;0.000;0.0000;0.000;0.000000000;0.000000000;0.0000000;0.00;0.00;0.00;15040;0;110;1;0;0;100;0.00;0;0;0;0
;359.24;-0.10;0.67;0.0800;-0.0600;0.0000;-0.012000;-0.002000;1.010750;0.0;0.0;0.0;0;0;30.0;23.96;1000000;0;-5.824999809;-35.227500915;40.000;0.00;0.00;0.00;0.00;0.00;0.00;0.00;0.000;0.000;0.00;0.00;0.000;0.000;0.000;0.000;27;0.0000;0.000;0.0000;0.000;0.0000;0.000;0.0000;0.000;0.0000;0.000;0.0000;0.000;0.0000;0.000;0.0000;0.000;0.000000000;0.000000000;0.0000000;0.00;0.00;0.00;15060;0;110;1;0;0;100;0.00;0;0;0;0
;359.24;-0.10;0.67;0.0600;0.0200;0.1200;-0.012500;-0.001750;1.011000;0.0;0.0;0.0;0;0;30.0;23.89;1000000;0;-5.824999809;-35.227500915;40.000;0.00;0.00;0.00;0.00;0.00;0.00;0.00;0.000;0.000;0.00;0.00;0.000;0.000;0.000;0.000;28;0.0000;0.000;0.0000;0.000;0.0000;0.000;0.0000;0.000;0.0000;0.000;0.0000;0.000;0.0000;0.000;0.0000;0.000;0.000000000;0.000000000;0.0000000;0.00;0.00;0.00;15080;0;110;1;0;0;100;0.00;0;0;0;0
;359.24;-0.09;0.68;0.0200;0.0400;0.0200;-0.012750;-0.001500;1.011000;0.0;0.0;0.0;0;0;29.9;23.94;1000000;0;-5.824999809;-35.227500915;40.000;0.00;0.00;0.00;0.00;0.00;0.00;0.00;0.000;0.000;0.00;0.00;0.000;0.000;0.000;0.000;29;0.0000;0.000;0.0000;0.000;0.0000;0.000;0.0000;0.000;0.0000;0.000;0.0000;0.000;0.0000;0.000;0.0000;0.000;0.000000000;0.000000000;0.0000000;0.00;0.00;0.00;15100;0;110;1;0;0;100;0.00;0;0;0;0
;359.24;-0.09;0.68;0.0400;0.0000;0.0400;-0.012000;-0.001500;1.010250;0.0;0.0;0.0;0;0;30.0;23.86;1000000;0;-5.824999809;-35.227500915;40.000;0.00;0.00;0.00;0.00;0.00;0.00;0.00;0.000;0.000;0.00;0.00;0.000;0.000;0.000;0.000;30;0.0000;0.000;0.0000;0.000;0.0000;0.000;0.0000;0.000;0.0000;0.000;0.0000;0.000;0.0000;0.000;0.0000;0.000;0.000000000;0.000000000;0.0000000;0.00;0.00;0.00;15120;0;110;1;0;0;100;0.00;0;0;0;0
;359.24;-0.09;0.68;0.0200;0.0200;0.0400;-0.012000;-0.002250;1.011250;0.0;0.0;0.0;0;0;29.9;23.91;1000000;0;-5.824999809;-35.227500915;40.000;0.00;0.00;0.00;0.00;0.00;0.00;0.00;0.000;0.000;0.00;0.00;0.000;0.000;0.000;0.000;31;0.0000;0.000;0.0000;0.000;0.0000;0.000;0.0000;0.000;0.0000;0.000;0.0000;0.000;0.0000;0.000;0.0000;0.000;0.000000000;0.000000000;0.0000000;0.00;0.00;0.00;15140;0;110;1;0;0;100;0.00;0;0;0;0
;359.24;-0.10;0.67;0.0200;-0.0200;0.0600;-0.011500;-0.002250;1.010500;0.0;0.0;0.0;0;0;29.6;23.98;1000000;0;-5.824999809;-35.227500915;40.000;0.00;0.00;0.00;0.00;0.00;0.00;0.00;0.000;0.000;0.00;0.00;0.000;0.000;0.000;0.000;0;0.0000;0.000;0.0000;0.000;0.0000;0.000;0.0000;0.000;0.0000;0.000;0.0000;0.000;0.0000;0.000;0.0000;0.000;0.000000000;0.000000000;0.0000000;0.00;0.00;0.00;15160;0;110;1;0;0;100;0.00;0;0;0;0
;359.24;-0.10;0.67;0.0600;-0.0200;0.0400;-0.012250;-0.002000;1.010500;0.0;0.0;0.0;0;0;30.1;23.98;1000000;0;-5.824999809;-35.227500915;40.000;0.00;0.00;0.00;0.00;0.00;0.00;0.00;0.000;0.000;0.00;0.00;0.000;0.000;0.000;0.000;1;0.0000;0.000;0.0000;0.000;0.0000;0.000;0.0000;0.000;0.0000;0.000;0.0000;0.000;0.0000;0.000;0.0000;0.000;0.000000000;0.000000000;0.0000000;0.00;0.00;0.00;15180;0;110;1;0;0;100;0.00;0;0;0;0
;359.24;-0.10;0.68;0.0200;-0.0200;0.0200;-0.012750;-0.002000;1.010500;0.0;0.0;0.0;0;0;30.0;23.90;1000000;0;-5.824999809;-35.227500915;40.000;0.00;0.00;0.00;0.00;0.00;0.00;0.00;0.000;0.000;0.00;0.00;0.000;0.000;0.000;0.000;2;0.0000;0.000;0.0000;0.000;0.0000;0.000;0.0000;0.000;0.0000;0.000;0.0000;0.000;0.0000;0.000;0.0000;0.000;0.000000000;0.000000000;0.0000000;0.00;0.00;0.00;15200;0;110;1;0;0;100;0.00;0;0;0;0
;359.24;-0.10;0.68;0.0800;0.0400;0.0400;-0.012500;-0.002000;1.010250;0.0;0.0;0.0;0;0;30.0;23.91;1000000;0;-5.824999809;-35.227500915;40.000;0.00;0.00;0.00;0.00;0.00;0.00;0.00;0.000;0.000;0.00;0.00;0.000;0.000;0.000;0.000;3;0.0000;0.000;0.0000;0.000;0.0000;0.000;0.0000;0.000;0.0000;0.000;0.0000;0.000;0.0000;0.000;0.0000;0.000;0.000000000;0.000000000;0.0000000;0.00;0.00;0.00;15220;0;110;1;0;0;100;0.00;0;0;0;0
;359.24;-0.10;0.68;0.0800;0.0000;0.0200;-0.012000;-0.002250;1.010750;0.0;0.0;0.0;0;0;30.0;23.98;1000000;0;-5.824999809;-35.227500915;40.000;0.00;0.00;0.00;0.00;0.00;0.00;0.00;0.000;0.000;0.00;0.00;0.000;0.000;0.000;0.000;4;0.0000;0.000;0.0000;0.000;0.0000;0.000;0.0000;0.000;0.0000;0.000;0.0000;0.000;0.0000;0.000;0.0000;0.000;0.000000000;0.000000000;0.0000000;0.00;0.00;0.00;15240;0;110;1;0;0;100;0.00;0;0;0;0
;359.24;-0.10;0.68;0.0200;0.0000;0.0400;-0.012000;-0.002250;1.010500;0.0;0.0;0.0;0;0;29.9;24.09;1000000;0;-5.824999809;-35.227500915;40.000;0.00;0.00;0.00;0.00;0.00;0.00;0.00;0.000;0.000;0.00;0.00;0.000;0.000;0.000;0.000;5;0.0000;0.000;0.0000;0.000;0.0000;0.000;0.0000;0.000;0.0000;0.000;0.0000;0.000;0.0000;0.000;0.0000;0.000;0.000000000;0.000000000;0.0000000;0.00;0.00;0.00;15260;0;110;1;0;0;100;0.00;0;0;0;0
;359.24;-0.10;0.68;0.0600;0.0000;0.0400;-0.011750;-0.003250;1.010250;0.0;0.0;0.0;0;0;29.9;24.06;1000000;0;-5.824999809;-35.227500915;40.000;0.00;0.00;0.00;0.00;0.00;0.00;0.00;0.000;0.000;0.00;0.00;0.000;0.000;0.000;0.000;6;0.0000;0.000;0.0000;0.000;0.0000;0.000;0.0000;0.000;0.0000;0.000;0.0000;0.000;0.0000;0.000;0.0000;0.000;0.000000000;0.000000000;0.0000000;0.00;0.00;0.00;15280;0;110;1;0;0;100;0.00;0;0;0;0
;359.23;-0.10;0.68;0.0200;0.0200;0.0600;-0.012000;-0.002750;1.010500;0.0;0.0;0.0;0;0;29.9;24.14;1000000;0;-5.824999809;-35.227500915;40.000;0.00;0.00;0.00;0.00;0.00;0.00;0.00;0.000;0.000;0.00;0.00;0.000;0.000;0.000;0.000;7;0.0000;0.000;0.0000;0.000;0.0000;0.000;0.0000;0.000;0.0000;0.000;0.0000;0.000;0.0000;0.000;0.0000;0.000;0.000000000;0.000000000;0.0000000;0.00;0.00;0.00;15300;0;110;1;0;0;100;0.00;0;0;0;0
;359.23;-0.10;0.68;0.0200;-0.0200;0.0800;-0.012000;-0.002500;1.010750;0.0;0.0;0.0;0;0;30.0;24.09;1000000;0;-5.824999809;-35.227500915;40.000;0.00;0.00;0.00;0.00;0.00;0.00;0.00;0.000;0.000;0.00;0.00;0.000;0.000;0.000;0.000;8;0.0000;0.000;0.0000;0.000;0.0000;0.000;0.0000;0.000;0.0000;0.000;0.0000;0.000;0.0000;0.000;0.0000;0.000;0.000000000;0.000000000;0.0000000;0.00;0.00;0.00;15320;0;110;1;0;0;100;0.00;0;0;0;0
;359.23;-0.10;0.68;0.0000;-0.0200;0.0600;-0.013000;-0.002000;1.010250;0.0;0.0;0.0;0;0;29.7;24.06;1000000;0;-5.824999809;-35.227500915;40.000;0.00;0.00;0.00;0.00;0.00;0.00;0.00;0.000;0.000;0.00;0.00;0.000;0.000;0.000;0.000;9;0.0000;0.000;0.0000;0.000;0.0000;0.000;0.0000;0.000;0.0000;0.000;0.0000;0.000;0.0000;0.000;0.0000;0.000;0.000000000;0.000000000;0.0000000;0.00;0.00;0.00;15340;0;110;1;0;0;100;0.00;0;0;0;0
;359.23;-0.10;0.68;0.0600;-0.0600;0.0600;-0.012500;-0.002000;1.011000;0.0;0.0;0.0;0;0;30.1;24.12;1000000;0;-5.824999809;-35.227500915;40.000;0.00;0.00;0.00;0.00;0.00;0.00;0.00;0.000;0.000;0.00;0.00;0.000;0.000;0.000;0.000;10;0.0000;0.000;0.0000;0.000;0.0000;0.000;0.0000;0.000;0.0000;0.000;0.0000;0.000;0.0000;0.000;0.0000;0.000;0.000000000;0.000000000;0.0000000;0.00;0.00;0.00;15360;0;110;1;0;0;100;0.00;0;0;0;0
;359.23;-0.10;0.68;0.0600;-0.0400;0.0400;-0.012500;-0.002500;1.010750;0.0;0.0;0.0;0;0;29.9;24.13;1000000;0;-5.824999809;-35.227500915;40.000;0.00;0.00;0.00;0.00;0.00;0.00;0.00;0.000;0.000;0.00;0.00;0.000;0.000;0.000;0.000;11;0.0000;0.000;0.0000;0.000;0.0000;0.000;0.0000;0.000;0.0000;0.000;0.0000;0.000;0.0000;0.000;0.0000;0.000;0.000000000;0.000000000;0.0000000;0.00;0.00;0.00;15380;0;110;1;0;0;100;0.00;0;0;0;0
;359.23;-0.10;0.68;0.0400;0.0200;0.0800;-0.011750;-0.003000;1.010500;0.0;0.0;0.0;0;0;30.0;24.08;1000000;0;-5.824999809;-35.227500915;40.000;0.00;0.00;0.00;0.00;0.00;0.00;0.00;0.000;0.000;0.00;0.00;0.000;0.000;0.000;0.000;12;0.0000;0.000;0.0000;0.000;0.0000;0.000;0.0000;0.000;0.0000;0.000;0.0000;0.000;0.0000;0.000;0.0000;0.000;0.000000000;0.000000000;0.0000000;0.00;0.00;0.00;15400;0;110;1;0;0;100;0.00;0;0;0;0
;359.23;-0.10;0.68;0.0600;0.0600;0.0400;-0.011500;-0.002250;1.010500;0.0;0.0;0.0;0;0;30.1;24.11;1000000;0;-5.824999809;-35.227500915;40.000;0.00;0.00;0.00;0.00;0.00;0.00;0.00;0.000;0.000;0.00;0.00;0.000;0.000;0.000;0.000;13;0.0000;0.000;0.0000;0.000;0.0000;0.000;0.0000;0.000;0.0000;0.000;0.0000;0.000;0.0000;0.000;0.0000;0.000;0.000000000;0.000000000;0.0000000;0.00;0.00;0.00;15420;0;110;1;0;0;100;0.00;0;0;0;0
;359.23;-0.10;0.68;0.0200;-0.0400;0.0400;-0.012000;-0.002250;1.010500;0.0;0.0;0.0;0;0;29.9;24.12;1000000;0;-5.824999809;-35.227500915;40.000;0.00;0.00;0.00;0.00;0.00;0.00;0.00;0.000;0.000;0.00;0.00;0.000;0.000;0.000;0.000;14;0.0000;0.000;0.0000;0.000;0.0000;0.000;0.0000;0.000;0.0000;0.000;0.0000;0.000;0.0000;0.000;0.0000;0.000;0.000000000;0.000000000;0.0000000;0.00;0.00;0.00;15440;0;110;1;0;0;100;0.00;0;0;0;0
;359.23;-0.10;0.68;0.0400;-0.0600;0.0200;-0.012750;-0.002250;1.010750;0.0;0.0;0.0;0;0;30.1;24.00;1000000;0;-5.824999809;-35.227500915;40.000;0.00;0.00;0.00;0.00;0.00;0.00;0.00;0.000;0.000;0.00;0.00;0.000;0.000;0.000;0.000;15;0.0000;0.000;0.0000;0.000;0.0000;0.000;0.0000;0.000;0.0000;0.000;0.0000;0.000;0.0000;0.000;0.0000;0.000;0.000000000;0.000000000;0.0000000;0.00;0.00;0.00;15460;0;110;1;0;0;100;0.00;0;0;0;0
;359.23;-0.10;0.68;0.0600;-0.0200;-0.0200;-0.012000;-0.002000;1.010750;0.0;0.0;0.0;0;0;30.0;24.10;1000000;0;-5.824999809;-35.227500915;40.000;0.00;0.00;0.00;0.00;0.00;0.00;0.00;0.000;0.000;0.00;0.00;0.000;0.000;0.000;0.000;16;0.0000;0.000;0.0000;0.000;0.0000;0.000;0.0000;0.000;0.0000;0.000;0.0000;0.000;0.0000;0.000;0.0000;0.000;0.000000000;0.000000000;0.0000000;0.00;0.00;0.00;15480;0;110;1;0;0;100;0.00;0;0;0;0
;359.22;-0.10;0.68;0.0200;-0.0400;0.0600;-0.012500;-0.002000;1.010500;0.0;0.0;0.0;0;0;30.1;24.06;1000000;0;-5.824999809;-35.227500915;40.000;0.00;0.00;0.00;0.00;0.00;0.00;0.00;0.000;0.000;0.00;0.00;0.000;0.000;0.000;0.000;17;0.0000;0.000;0.0000;0.000;0.0000;0.000;0.0000;0.000;0.0000;0.000;0.0000;0.000;0.0000;0.000;0.0000;0.000;0.000000000;0.000000000;0.0000000;0.00;0.00;0.00;15500;0;110;1;0;0;100;0.00;0;0;0;0
;359.22;-0.10;0.68;0.0600;-0.0400;0.0200;-0.011750;-0.002000;1.010250;0.0;0.0;0.0;0;0;30.0;24.16;1000000;0;-5.824999809;-35.227500915;40.000;0.00;0.00;0.00;0.00;0.00;0.00;0.00;0.000;0.000;0.00;0.00;0.000;0.000;0.000;0.000;18;0.0000;0.000;0.0000;0.000;0.0000;0.000;0.0000;0.000;0.0000;0.000;0.0000;0.000;0.0000;0.000;0.0000;0.000;0.000000000;0.000000000;0.0000000;0.00;0.00;0.00;15520;0;110;1;0;0;100;0.00;0;0;0;0
;359.22;-0.10;0.68;0.0600;0.0000;0.0600;-0.012000;-0.002500;1.010500;0.0;0.0;0.0;0;0;29.6;24.19;1000000;0;-5.824999809;-35.227500915;40.000;0.00;0.00;0.00;0.00;0.00;0.00;0.00;0.000;0.000;0.00;0.00;0.000;0.000;0.000;0.000;19;0.0000;0.000;0.0000;0.000;0.0000;0.000;0.0000;0.000;0.0000;0.000;0.0000;0.000;0.0000;0.000;0.0000;0.000;0.000000000;0.000000000;0.0000000;0.00;0.00;0.00;15540;0;110;1;0;0;100;0.00;0;0;0;0
;359.22;-0.10;0.68;0.0200;-0.0400;-0.0200;-0.012500;-0.002750;1.011000;0.0;0.0;0.0;0;0;29.9;24.18;1000000;0;-5.824999809;-35.227500915;40.000;0.00;0.00;0.00;0.00;0.00;0.00;0.00;0.000;0.000;0.00;0.00;0.000;0.000;0.000;0.000;20;0.0000;0.000;0.0000;0.000;0.0000;0.000;0.0000;0.000;0.0000;0.000;0.0000;0.000;0.0000;0.000;0.0000;0.000;0.000000000;0.000000000;0.0000000;0.00;0.00;0.00;15560;0;110;1;0;0;100;0.00;0;0;0;0
;359.22;-0.10;0.68;0.0600;-0.0200;0.0600;-0.012750;-0.001750;1.009750;0.0;0.0;0.0;0;0;30.1;24.09;1000000;0;-5.824999809;-35.227500915;40.000;0.00;0.00;0.00;0.00;0.00;0.00;0.00;0.000;0.000;0.00;0.00;0.000;0.000;0.000;0.000;21;0.0000;0.000;0.0000;0.000;0.0000;0.000;0.0000;0.000;0.0000;0.000;0.0000;0.000;0.0000;0.000;0.0000;0.000;0.000000000;0.000000000;0.0000000;0.00;0.00;0.00;15580;0;110;1;0;0;100;0.00;0;0;0;0
;359.22;-0.10;0.68;0.0600;-0.0200;0.0600;-0.012500;-0.002250;1.010250;0.0;0.0;0.0;0;0;29.9;24.19;1000000;0;-5.824999809;-35.227500915;40.000;0.00;0.00;0.00;0.00;0.00;0.00;0.00;0.000;0.000;0.00;0.00;0.000;0.000;0.000;0.000;22;0.0000;0.000;0.0000;0.000;0.0000;0.000;0.0000;0.000;0.0000;0.000;0.0000;0.000;0.0000;0.000;0.0000;0.000;0.000000000;0.000000000;0.0000000;0.00;0.00;0.00;15600;0;110;1;0;0;100;0.00;0;0;0;0
;359.22;-0.10;0.68;0.0600;0.0000;0.0600;-0.012250;-0.002500;1.010250;0.0;0.0;0.0;0;0;30.0;24.03;1000000;0;-5.824999809;-35.227500915;40.000;0.00;0.00;0.00;0.00;0.00;0.00;0.00;0.000;0.000;0.00;0.00;0.000;0.000;0.000;0.000;23;0.0000;0.000;0.0000;0.000;0.0000;0.000;0.0000;0.000;0.0000;0.000;0.0000;0.000;0.0000;0.000;0.0000;0.000;0.000000000;0.000000000;0.0000000;0.00;0.00;0.00;15620;0;110;1;0;0;100;0.00;0;0;0;0
;359.22;-0.10;0.68;0.0200;-0.0200;0.0600;-0.011750;-0.002500;1.010250;0.0;0.0;0.0;0;0;30.0;24.16;1000000;0;-5.824999809;-35.227500915;40.000;0.00;0.00;0.00;0.00;0.00;0.00;0.00;0.000;0.000;0.00;0.00;0.000;0.000;0.000;0.000;24;0.0000;0.000;0.0000;0.000;0.0000;0.000;0.0000;0.000;0.0000;0.000;0.0000;0.000;0.0000;0.000;0.0000;0.000;0.000000000;0.000000000;0.0000000;0.00;0.00;0.00;15640;0;110;1;0;0;100;0.00;0;0;0;0
;359.22;-0.11;0.68;0.0600;-0.0600;0.0400;-0.012750;-0.002500;1.010250;0.0;0.0;0.0;0;0;30.0;24.06;1000000;0;-5.824999809;-35.227500915;40.000;0.00;0.00;0.00;0.00;0.00;0.00;0.00;0.000;0.000;0.00;0.00;0.000;0.000;0.000;0.000;25;0.0000;0.000;0.0000;0.000;0.0000;0.000;0.0000;0.000;0.0000;0.000;0.0000;0.000;0.0000;0.000;0.0000;0.000;0.000000000;0.000000000;0.0000000;0.00;0.00;0.00;15660;0;110;1;0;0;100;0.00;0;0;0;0
;359.22;-0.11;0.68;0.0400;-0.0400;-0.0200;-0.013250;-0.002250;1.010750;0.0;0.0;0.0;0;0;29.9;24.13;1000000;0;-5.824999809;-35.227500915;40.000;0.00;0.00;0.00;0.00;0.00;0.00;0.00;0.000;0.000;0.00;0.00;0.000;0.000;0.000;0.000;26;0.0000;0.000;0.0000;0.000;0.0000;0.000;0.0000;0.000;0.0000;0.000;0.0000;0.000;0.0000;0.000;0.0000;0.000;0.000000000;0.000000000;0.0000000;0.00;0.00;0.00;15680;0;110;1;0;0;100;0.00;0;0;0;0
;359.22;-0.11;0.68;0.0400;-0.0400;0.0400;-0.013000;-0.002250;1.010500;0.0;0.0;0.0;0;0;29.9;23.97;1000000;0;-5.824999809;-35.227500915;40.000;0.00;0.00;0.00;0.00;0.00;0.00;0.00;0.000;0.000;0.00;0.00;0.000;0.000;0.000;0.000;27;0.0000;0.000;0.0000;0.000;0.0000;0.000;0.0000;0.000;0.0000;0.000;0.0000;0.000;0.0000;0.000;0.0000;0.000;0.000000000;0.000000000;0.0000000;0.00;0.00;0.00;15700;0;110;1;0;0;100;0.00;0;0;0;0
;359.22;-0.11;0.68;0.0400;0.0000;0.0600;-0.012500;-0.002000;1.010500;0.0;0.0;0.0;0;0;30.0;23.93;1000000;0;-5.824999809;-35.227500915;40.000;0.00;0.00;0.00;0.00;0.00;0.00;0.00;0.000;0.000;0.00;0.00;0.000;0.000;0.000;0.000;28;0.0000;0.000;0.0000;0.000;0.0000;0.000;0.0000;0.000;0.0000;0.000;0.0000;0.000;0.0000;0.000;0.0000;0.000;0.000000000;0.000000000;0.0000000;0.00;0.00;0.00;15720;0;110;1;0;0;100;0.00;0;0;0;0
;359.22;-0.11;0.68;0.0400;-0.0600;0.0600;-0.011000;-0.002500;1.010000;0.0;0.0;0.0;0;0;30.0;23.94;1000000;0;-5.824999809;-35.227500915;40.000;0.00;0.00;0.00;0.00;0.00;0.00;0.00;0.000;0.000;0.00;0.00;0.000;0.000;0.000;0.000;29;0.0000;0.000;0.0000;0.000;0.0000;0.000;0.0000;0.000;0.0000;0.000;0.0000;0.000;0.0000;0.000;0.0000;0.000;0.000000000;0.000000000;0.0000000;0.00;0.00;0.00;15740;0;110;1;0;0;100;0.00;0;0;0;0
;359.21;-0.11;0.68;0.0400;0.0000;0.0600;-0.012250;-0.002000;1.010250;0.0;0.0;0.0;0;0;30.4;23.97;1000000;0;-5.824999809;-35.227500915;40.000;0.00;0.00;0.00;0.00;0.00;0.00;0.00;0.000;0.000;0.00;0.00;0.000;0.000;0.000;0.000;30;0.0000;0.000;0.0000;0.000;0.0000;0.000;0.0000;0.000;0.0000;0.000;0.0000;0.000;0.0000;0.000;0.0000;0.000;0.000000000;0.000000000;0.0000000;0.00;0.00;0.00;15760;0;110;1;0;0;100;0.00;0;0;0;0
;359.21;-0.11;0.68;0.0600;-0.0800;0.0800;-0.013500;-0.002500;1.010500;0.0;0.0;0.0;0;0;30.1;23.91;1000000;0;-5.824999809;-35.227500915;40.000;0.00;0.00;0.00;0.00;0.00;0.00;0.00;0.000;0.000;0.00;0.00;0.000;0.000;0.000;0.000;31;0.0000;0.000;0.0000;0.000;0.0000;0.000;0.0000;0.000;0.0000;0.000;0.0000;0.000;0.0000;0.000;0.0000;0.000;0.000000000;0.000000000;0.0000000;0.00;0.00;0.00;15780;0;110;1;0;0;100;0.00;0;0;0;0
;359.21;-0.11;0.68;0.0200;-0.0800;0.0600;-0.012750;-0.001750;1.011250;0.0;0.0;0.0;0;0;30.1;23.94;1000000;0;-5.824999809;-35.227500915;40.000;0.00;0.00;0.00;0.00;0.00;0.00;0.00;0.000;0.000;0.00;0.00;0.000;0.000;0.000;0.000;0;0.0000;0.000;0.0000;0.000;0.0000;0.000;0.0000;0.000;0.0000;0.000;0.0000;0.000;0.0000;0.000;0.0000;0.000;0.000000000;0.000000000;0.0000000;0.00;0.00;0.00;15800;0;110;1;0;0;100;0.00;0;0;0;0
;359.21;-0.11;0.68;0.0400;-0.1000;0.0600;-0.012000;-0.002250;1.010500;0.0;0.0;0.0;0;0;29.6;24.05;1000000;0;-5.824999809;-35.227500915;40.000;0.00;0.00;0.00;0.00;0.00;0.00;0.00;0.000;0.000;0.00;0.00;0.000;0.000;0.000;0.000;1;0.0000;0.000;0.0000;0.000;0.0000;0.000;0.0000;0.000;0.0000;0.000;0.0000;0.000;0.0000;0.000;0.0000;0.000;0.000000000;0.000000000;0.0000000;0.00;0.00;0.00;15820;0;110;1;0;0;100;0.00;0;0;0;0
;359.21;-0.11;0.67;0.0200;-0.0400;0.0200;-0.010750;-0.002250;1.010250;0.0;0.0;0.0;0;0;30.1;24.06;1000000;0;-5.824999809;-35.227500915;40.000;0.00;0.00;0.00;0.00;0.00;0.00;0.00;0.000;0.000;0.00;0.00;0.000;0.000;0.000;0.000;2;0.0000;0.000;0.0000;0.000;0.0000;0.000;0.0000;0.000;0.0000;0.000;0.0000;0.000;0.0000;0.000;0.0000;0.000;0.000000000;0.000000000;0.0000000;0.00;0.00;0.00;15840;0;110;1;0;0;100;0.00;0;0;0;0
;359.21;-0.11;0.67;0.0800;-0.0200;0.0600;-0.011000;-0.002250;1.010750;0.0;0.0;0.0;0;0;30.0;23.97;1000000;0;-5.824999809;-35.227500915;40.000;0.00;0.00;0.00;0.00;0.00;0.00;0.00;0.000;0.000;0.00;0.00;0.000;0.000;0.000;0.000;3;0.0000;0.000;0.0000;0.000;0.0000;0.000;0.0000;0.000;0.0000;0.000;0.0000;0.000;0.0000;0.000;0.0000;0.000;0.000000000;0.000000000;0.0000000;0.00;0.00;0.00;15860;0;110;1;0;0;100;0.00;0;0;0;0
;359.21;-0.11;0.67;0.0800;0.0200;0.0400;-0.012500;-0.002750;1.010500;0.0;0.0;0.0;0;0;29.6;23.94;1000000;0;-5.824999809;-35.227500915;40.000;0.00;0.00;0.00;0.00;0.00;0.00;0.00;0.000;0.000;0.00;0.00;0.000;0.000;0.000;0.000;4;0.0000;0.000;0.0000;0.000;0.0000;0.000;0.0000;0.000;0.0000;0.000;0.0000;0.000;0.0000;0.000;0.0000;0.000;0.000000000;0.000000000;0.0000000;0.00;0.00;0.00;15880;0;110;1;0;0;100;0.00;0;0;0;0
;359.21;-0.11;0.68;0.0400;-0.0400;0.0400;-0.013500;-0.002750;1.011000;0.0;0.0;0.0;0;0;30.1;23.99;1000000;0;-5.824999809;-35.227500915;40.000;0.00;0.00;0.00;0.00;0.00;0.00;0.00;0.000;0.000;0.00;0.00;0.000;0.000;0.000;0.000;5;0.0000;0.000;0.0000;0.000;0.0000;0.000;0.0000;0.000;0.0000;0.000;0.0000;0.000;0.0000;0.000;0.0000;0.000;0.000000000;0.000000000;0.0000000;0.00;0.00;0.00;15900;0;110;1;0;0;100;0.00;0;0;0;0
;359.21;-0.11;0.68;0.0600;-0.0200;0.0200;-0.013250;-0.002500;1.010500;0.0;0.0;0.0;0;0;30.2;24.02;1000000;0;-5.824999809;-35.227500915;40.000;0.00;0.00;0.00;0.00;0.00;0.00;0.00;0.000;0.000;0.00;0.00;0.000;0.000;0.000;0.000;6;0.0000;0.000;0.0000;0.000;0.0000;0.000;0.0000;0.000;0.0000;0.000;0.0000;0.000;0.0000;0.000;0.0000;0.000;0.000000000;0.000000000;0.0000000;0.00;0.00;0.00;15920;0;110;1;0;0;100;0.00;0;0;0;0
;359.21;-0.11;0.68;0.0600;0.0200;0.0600;-0.011250;-0.002750;1.010500;0.0;0.0;0.0;0;0;29.5;24.04;1000000;0;-5.824999809;-35.227500915;40.000;0.00;0.00;0.00;0.00;0.00;0.00;0.00;0.000;0.000;0.00;0.00;0.000;0.000;0.000;0.000;7;0.0000;0.000;0.0000;0.000;0.0000;0.000;0.0000;0.000;0.0000;0.000;0.0000;0.000;0.0000;0.000;0.0000;0.000;0.000000000;0.000000000;0.0000000;0.00;0.00;0.00;15940;0;110;1;0;0;100;0.00;0;0;0;0
;359.20;-0.11;0.67;0.0200;-0.0800;0.0400;-0.011000;-0.002500;1.010750;0.0;0.0;0.0;0;0;30.0;23.93;1000000;0;-5.824999809;-35.227500915;40.000;0.00;0.00;0.00;0.00;0.00;0.00;0.00;0.000;0.000;0.00;0.00;0.000;0.000;0.000;0.000;8;0.0000;0.000;0.0000;0.000;0.0000;0.000;0.0000;0.000;0.0000;0.000;0.0000;0.000;0.0000;0.000;0.0000;0.000;0.000000000;0.000000000;0.0000000;0.00;0.00;0.00;15960;0;110;1;0;0;100;0.00;0;0;0;0
;359.20;-0.11;0.67;0.0400;-0.0800;0.0400;-0.011250;-0.002000;1.010500;0.0;0.0;0.0;0;0;30.3;23.99;1000000;0;-5.824999809;-35.227500915;40.000;0.00;0.00;0.00;0.00;0.00;0.00;0.00;0.000;0.000;0.00;0.00;0.000;0.000;0.000;0.000;9;0.0000;0.000;0.0000;0.000;0.0000;0.000;0.0000;0.000;0.0000;0.000;0.0000;0.000;0.0000;0.000;0.0000;0.000;0.000000000;0.000000000;0.0000000;0.00;0.00;0.00;15980;0;110;1;0;0;100;0.00;0;0;0;0
;359.20;-0.11;0.67;0.1000;0.0200;0.0000;-0.013250;-0.001500;1.010250;0.0;0.0;0.0;0;0;30.0;23.97;1000000;0;-5.824999809;-35.227500915;40.000;0.00;0.00;0.00;0.00;0.00;0.00;0.00;0.000;0.000;0.00;0.00;0.000;0.000;0.000;0.000;10;0.0000;0.000;0.0000;0.000;0.0000;0.000;0.0000;0.000;0.0000;0.000;0.0000;0.000;0.0000;0.000;0.0000;0.000;0.000000000;0.000000000;0.0000000;0.00;0.00;0.00;16000;0;110;1;0;0;100;0.00;0;0;0;64
;359.20;-0.11;0.67;0.0800;-0.0200;0.0400;-0.013250;-0.002250;1.010750;0.0;0.0;0.0;0;0;30.0;24.04;1000000;0;-5.824999809;-35.227500915;40.000;0.00;0.00;0.00;0.00;0.00;0.00;0.00;0.000;0.000;0.00;0.00;0.000;0.000;0.000;0.000;11;0.0000;0.000;0.0000;0.000;0.0000;0.000;0.0000;0.000;0.0000;0.000;0.0000;0.000;0.0000;0.000;0.0000;0.000;0.000000000;0.000000000;0.0000000;0.00;0.00;0.00;16020;0;110;1;0;0;100;0.00;0;0;0;0
;359.20;-0.11;0.68;0.0400;-0.0200;0.0400;-0.012250;-0.002500;1.010750;0.0;0.0;0.0;0;0;29.6;23.98;1000000;0;-5.824999809;-35.227500915;40.000;0.00;0.00;0.00;0.00;0.00;0.00;0.00;0.000;0.000;0.00;0.00;0.000;0.000;0.000;0.000;12;0.0000;0.000;0.0000;0.000;0.0000;0.000;0.0000;0.000;0.0000;0.000;0.0000;0.000;0.0000;0.000;0.0000;0.000;0.000000000;0.000000000;0.0000000;0.00;0.00;0.00;16040;0;110;1;0;0;100;0.00;0;0;0;0
;359.20;-0.11;0.67;0.0400;0.0200;0.0200;-0.011000;-0.002250;1.010000;0.0;0.0;0.0;0;0;29.9;23.89;1000000;0;-5.824999809;-35.227500915;40.000;0.00;0.00;0.00;0.00;0.00;0.00;0.00;0.000;0.000;0.00;0.00;0.000;0.000;0.000;0.000;13;0.0000;0.000;0.0000;0.000;0.0000;0.000;0.0000;0.000;0.0000;0.000;0.0000;0.000;0.0000;0.000;0.0000;0.000;0.000000000;0.000000000;0.0000000;0.00;0.00;0.00;16060;0;110;1;0;0;100;0.00;0;0;0;0
;359.20;-0.11;0.67;0.0200;-0.0600;0.0800;-0.011000;-0.002250;1.010500;0.0;0.0;0.0;0;0;29.7;23.97;1000000;0;-5.824999809;-35.227500915;40.000;0.00;0.00;0.00;0.00;0.00;0.00;0.00;0.000;0.000;0.00;0.00;0.000;0.000;0.000;0.000;14;0.0000;0.000;0.0000;0.000;0.0000;0.000;0.0000;0.000;0.0000;0.000;0.0000;0.000;0.0000;0.000;0.0000;0.000;0.000000000;0.000000000;0.0000000;0.00;0.00;0.00;16080;0;110;1;0;0;100;0.00;0;0;0;0
;359.20;-0.11;0.67;0.0400;-0.1000;0.0400;-0.012000;-0.002500;1.010250;0.0;0.0;0.0;0;0;30.2;23.87;1000000;0;-5.824999809;-35.227500915;40.000;0.00;0.00;0.00;0.00;0.00;0.00;0.00;0.000;0.000;0.00;0.00;0.000;0.000;0.000;0.000;15;0.0000;0.000;0.0000;0.000;0.0000;0.000;0.0000;0.000;0.0000;0.000;0.0000;0.000;0.0000;0.000;0.0000;0.000;0.000000000;0.000000000;0.0000000;0.00;0.00;0.00;16100;0;110;1;0;0;100;0.00;0;0;0;0
;359.20;-0.11;0.67;0.0600;-0.1000;-0.0200;-0.013250;-0.002000;1.010500;0.0;0.0;0.0;0;0;30.1;23.91;1000000;0;-5.824999809;-35.227500915;40.000;0.00;0.00;0.00;0.00;0.00;0.00;0.00;0.000;0.000;0.00;0.00;0.000;0.000;0.000;0.000;16;0.0000;0.000;0.0000;0.000;0.0000;0.000;0.0000;0.000;0.0000;0.000;0.0000;0.000;0.0000;0.000;0.0000;0.000;0.000000000;0.000000000;0.0000000;0.00;0.00;0.00;16120;0;110;1;0;0;100;0.00;0;0;0;0
;359.20;-0.11;0.67;0.0800;-0.0600;0.0200;-0.013250;-0.001500;1.010250;0.0;0.0;0.0;0;0;29.3;23.92;1000000;0;-5.824999809;-35.227500915;40.000;0.00;0.00;0.00;0.00;0.00;0.00;0.00;0.000;0.000;0.00;0.00;0.000;0.000;0.000;0.000;17;0.0000;0.000;0.0000;0.000;0.0000;0.000;0.0000;0.000;0.0000;0.000;0.0000;0.000;0.0000;0.000;0.0000;0.000;0.000000000;0.000000000;0.0000000;0.00;0.00;0.00;16140;0;110;1;0;0;100;0.00;0;0;0;0
;359.20;-0.11;0.67;0.0400;-0.0200;0.1000;-0.012500;-0.002250;1.010500;0.0;0.0;0.0;0;0;30.1;23.97;1000000;0;-5.824999809;-35.227500915;40.000;0.00;0.00;0.00;0.00;0.00;0.00;0.00;0.000;0.000;0.00;0.00;0.000;0.000;0.000;0.000;18;0.0000;0.000;0.0000;0.000;0.0000;0.000;0.0000;0.000;0.0000;0.000;0.0000;0.000;0.0000;0.000;0.0000;0.000;0.000000000;0.000000000;0.0000000;0.00;0.00;0.00;16160;0;110;1;0;0;100;0.00;0;0;0;0
;359.20;-0.11;0.67;0.0400;-0.1200;0.0600;-0.012000;-0.001500;1.010750;0.0;0.0;0.0;0;0;30.0;23.94;1000000;0;-5.824999809;-35.227500915;40.000;0.00;0.00;0.00;0.00;0.00;0.00;0.00;0.000;0.000;0.00;0.00;0.000;0.000;0.000;0.000;19;0.0000;0.000;0.0000;0.000;0.0000;0.000;0.0000;0.000;0.0000;0.000;0.0000;0.000;0.0000;0.000;0.0000;0.000;0.000000000;0.000000000;0.0000000;0.00;0.00;0.00;16180;0;110;1;0;0;100;0.00;0;0;0;0
;359.19;-0.11;0.67;0.0400;0.0400;0.1000;-0.011250;-0.002000;1.010750;0.0;0.0;0.0;0;0;29.7;23.96;1000000;0;-5.824999809;-35.227500915;40.000;0.00;0.00;0.00;0.00;0.00;0.00;0.00;0.000;0.000;0.00;0.00;0.000;0.000;0.000;0.000;20;0.0000;0.000;0.0000;0.000;0.0000;0.000;0.0000;0.000;0.0000;0.000;0.0000;0.000;0.0000;0.000;0.0000;0.000;0.000000000;0.000000000;0.0000000;0.00;0.00;0.00;16200;0;110;1;0;0;100;0.00;0;0;0;0
;359.19;-0.11;0.67;0.0400;-0.0600;0.0600;-0.012750;-0.002500;1.010500;0.0;0.0;0.0;0;0;30.4;23.97;1000000;0;-5.824999809;-35.227500915;40.000;0.00;0.00;0.00;0.00;0.00;0.00;0.00;0.000;0.000;0.00;0.00;0.000;0.000;0.000;0.000;21;0.0000;0.000;0.0000;0.000;0.0000;0.000;0.0000;0.000;0.0000;0.000;0.0000;0.000;0.0000;0.000;0.0000;0.000;0.000000000;0.000000000;0.0000000;0.00;0.00;0.00;16220;0;110;1;0;0;100;0.00;0;0;0;0
;359.19;-0.11;0.66;0.0800;-0.0800;0.0200;-0.011750;-0.002250;1.011000;0.0;0.0;0.0;0;0;30.0;24.00;1000000;0;-5.824999809;-35.227500915;40.000;0.00;0.00;0.00;0.00;0.00;0.00;0.00;0.000;0.000;0.00;0.00;0.000;0.000;0.000;0.000;22;0.0000;0.000;0.0000;0.000;0.0000;0.000;0.0000;0.000;0.0000;0.000;0.0000;0.000;0.0000;0.000;0.0000;0.000;0.000000000;0.000000000;0.0000000;0.00;0.00;0.00;16240;0;110;1;0;0;100;0.00;0;0;0;0
;359.19;-0.11;0.67;0.0800;-0.0200;0.0600;-0.012500;-0.003000;1.011250;0.0;0.0;0.0;0;0;29.7;24.08;1000000;0;-5.824999809;-35.227500915;40.000;0.00;0.00;0.00;0.00;0.00;0.00;0.00;0.000;0.000;0.00;0.00;0.000;0.000;0.000;0.000;23;0.0000;0.000;0.0000;0.000;0.0000;0.000;0.0000;0.000;0.0000;0.000;0.0000;0.000;0.0000;0.000;0.0000;0.000;0.000000000;0.000000000;0.0000000;0.00;0.00;0.00;16260;0;110;1;0;0;100;0.00;0;0;0;0
;359.19;-0.11;0.67;0.1000;-0.0200;0.0400;-0.012000;-0.002750;1.010250;0.0;0.0;0.0;0;0;30.0;24.11;1000000;0;-5.824999809;-35.227500915;40.000;0.00;0.00;0.00;0.00;0.00;0.00;0.00;0.000;0.000;0.00;0.00;0.000;0.000;0.000;0.000;24;0.0000;0.000;0.0000;0.000;0.0000;0.000;0.0000;0.000;0.0000;0.000;0.0000;0.000;0.0000;0.000;0.0000;0.000;0.000000000;0.000000000;0.0000000;0.00;0.00;0.00;16280;0;110;1;0;0;100;0.00;0;0;0;0
;359.19;-0.11;0.67;0.0400;-0.0400;0.0400;-0.011750;-0.002250;1.010750;0.0;0.0;0.0;0;0;30.0;24.12;1000000;0;-5.824999809;-35.227500915;40.000;0.00;0.00;0.00;0.00;0.00;0.00;0.00;0.000;0.000;0.00;0.00;0.000;0.000;0.000;0.000;25;0.0000;0.000;0.0000;0.000;0.0000;0.000;0.0000;0.000;0.0000;0.000;0.0000;0.000;0.0000;0.000;0.0000;0.000;0.000000000;0.000000000;0.0000000;0.00;0.00;0.00;16300;0;110;1;0;0;100;0.00;0;0;0;0
;359.19;-0.11;0.67;0.0200;-0.0200;0.0600;-0.012250;-0.002500;1.010250;0.0;0.0;0.0;0;0;29.7;23.91;1000000;0;-5.824999809;-35.227500915;40.000;0.00;0.00;0.00;0.00;0.00;0.00;0.00;0.000;0.000;0.00;0.00;0.000;0.000;0.000;0.000;26;0.0000;0.000;0.0000;0.000;0.0000;0.000;0.0000;0.000;0.0000;0.000;0.0000;0.000;0.0000;0.000;0.0000;0.000;0.000000000;0.000000000;0.0000000;0.00;0.00;0.00;16320;0;110;1;0;0;100;0.00;0;0;0;0
;359.19;-0.11;0.67;0.0400;-0.0400;0.0400;-0.012000;-0.002250;1.010250;0.0;0.0;0.0;0;0;30.2;24.00;1000000;0;-5.824999809;-35.227500915;40.000;0.00;0.00;0.00;0.00;0.00;0.00;0.00;0.000;0.000;0.00;0.00;0.000;0.000;0.000;0.000;27;0.0000;0.000;0.0000;0.000;0.0000;0.000;0.0000;0.000;0.0000;0.000;0.0000;0.000;0.0000;0.000;0.0000;0.000;0.000000000;0.000000000;0.0000000;0.00;0.00;0.00;16340;0;110;1;0;0;100;0.00;0;0;0;0
;359.19;-0.11;0.67;0.0600;-0.0200;0.0600;-0.012500;-0.002250;1.011000;0.0;0.0;0.0;0;0;29.9;24.01;1000000;0;-5.824999809;-35.227500915;40.000;0.00;0.00;0.00;0.00;0.00;0.00;0.00;0.000;0.000;0.00;0.00;0.000;0.000;0.000;0.000;28;0.0000;0.000;0.0000;0.000;0.0000;0.000;0.0000;0.000;0.0000;0.000;0.0000;0.000;0.0000;0.000;0.0000;0.000;0.000000000;0.000000000;0.0000000;0.00;0.00;0.00;16360;0;110;1;0;0;100;0.00;0;0;0;0
;359.19;-0.11;0.67;0.0200;0.0200;0.0600;-0.011500;-0.002250;1.010500;0.0;0.0;0.0;0;0;30.1;24.00;1000000;0;-5.824999809;-35.227500915;40.000;0.00;0.00;0.00;0.00;0.00;0.00;0.00;0.000;0.000;0.00;0.00;0.000;0.000;0.000;0.000;29;0.0000;0.000;0.0000;0.000;0.0000;0.000;0.0000;0.000;0.0000;0.000;0.0000;0.000;0.0000;0.000;0.0000;0.000;0.000000000;0.000000000;0.0000000;0.00;0.00;0.00;16380;0;110;1;0;0;100;0.00;0;0;0;0
;359.19;-0.11;0.67;0.0400;0.0000;0.0000;-0.011500;-0.002000;1.010250;0.0;0.0;0.0;0;0;30.1;23.96;1000000;0;-5.824999809;-35.227500915;40.000;0.00;0.00;0.00;0.00;0.00;0.00;0.00;0.000;0.000;0.00;0.00;0.000;0.000;0.000;0.000;30;0.0000;0.000;0.0000;0.000;0.0000;0.000;0.0000;0.000;0.0000;0.000;0.0000;0.000;0.0000;0.000;0.0000;0.000;0.000000000;0.000000000;0.0000000;0.00;0.00;0.00;16400;0;110;1;0;0;100;0.00;0;0;0;0
;359.18;-0.11;0.67;0.0400;-0.1000;0.0600;-0.012750;-0.002250;1.011000;0.0;0.0;0.0;0;0;29.9;24.00;1000000;0;-5.824999809;-35.227500915;40.000;0.00;0.00;0.00;0.00;0.00;0.00;0.00;0.000;0.000;0.00;0.00;0.000;0.000;0.000;0.000;31;0.0000;0.000;0.0000;0.000;0.0000;0.000;0.0000;0.000;0.0000;0.000;0.0000;0.000;0.0000;0.000;0.0000;0.000;0.000000000;0.000000000;0.0000000;0.00;0.00;0.00;16420;0;110;1;0;0;100;0.00;0;0;0;0
;359.18;-0.11;0.67;0.1200;0.0400;0.0200;-0.013250;-0.002500;1.010250;0.0;0.0;0.0;0;0;30.0;24.01;1000000;0;-5.824999809;-35.227500915;40.000;0.00;0.00;0.00;0.00;0.00;0.00;0.00;0.000;0.000;0.00;0.00;0.000;0.000;0.000;0.000;0;0.0000;0.000;0.0000;0.000;0.0000;0.000;0.0000;0.000;0.0000;0.000;0.0000;0.000;0.0000;0.000;0.0000;0.000;0.000000000;0.000000000;0.0000000;0.00;0.00;0.00;16440;0;110;1;0;0;100;0.00;0;0;0;0
;359.18;-0.11;0.67;0.0400;-0.0800;0.0400;-0.012250;-0.001750;1.010250;0.0;0.0;0.0;0;0;29.9;24.15;1000000;0;-5.824999809;-35.227500915;40.000;0.00;0.00;0.00;0.00;0.00;0.00;0.00;0.000;0.000;0.00;0.00;0.000;0.000;0.000;0.000;1;0.0000;0.000;0.0000;0.000;0.0000;0.000;0.0000;0.000;0.0000;0.000;0.0000;0.000;0.0000;0.000;0.0000;0.000;0.000000000;0.000000000;0.0000000;0.00;0.00;0.00;16460;0;110;1;0;0;100;0.00;0;0;0;0
;359.18;-0.11;0.67;0.0800;-0.0400;0.0600;-0.012000;-0.001750;1.010000;0.0;0.0;0.0;0;0;30.0;24.05;1000000;0;-5.824999809;-35.227500915;40.000;0.00;0.00;0.00;0.00;0.00;0.00;0.00;0.000;0.000;0.00;0.00;0.000;0.000;0.000;0.000;2;0.0000;0.000;0.0000;0.000;0.0000;0.000;0.0000;0.000;0.0000;0.000;0.0000;0.000;0.0000;0.000;0.0000;0.000;0.000000000;0.000000000;0.0000000;0.00;0.00;0.00;16480;0;110;1;0;0;100;0.00;0;0;0;0
;359.18;-0.11;0.67;0.0600;-0.0600;0.0600;-0.011250;-0.002500;1.010500;0.0;0.0;0.0;0;0;30.1;24.07;1000000;0;-5.824999809;-35.227500915;40.000;0.00;0.00;0.00;0.00;0.00;0.00;0.00;0.000;0.000;0.00;0.00;0.000;0.000;0.000;0.000;3;0.0000;0.000;0.0000;0.000;0.0000;0.000;0.0000;0.000;0.0000;0.000;0.0000;0.000;0.0000;0.000;0.0000;0.000;0.000000000;0.000000000;0.0000000;0.00;0.00;0.00;16500;0;110;1;0;0;100;0.00;0;0;0;0
;359.18;-0.11;0.67;0.0600;0.0000;0.0400;-0.011500;-0.002750;1.011000;0.0;0.0;0.0;0;0;29.9;24.05;1000000;0;-5.824999809;-35.227500915;40.000;0.00;0.00;0.00;0.00;0.00;0.00;0.00;0.000;0.000;0.00;0.00;0.000;0.000;0.000;0.000;4;0.0000;0.000;0.0000;0.000;0.0000;0.000;0.0000;0.000;0.0000;0.000;0.0000;0.000;0.0000;0.000;0.0000;0.000;0.000000000;0.000000000;0.0000000;0.00;0.00;0.00;16520;0;110;1;0;0;100;0.00;0;0;0;0
;359.18;-0.11;0.67;0.0200;-0.0800;0.0200;-0.013250;-0.002750;1.010750;0.0;0.0;0.0;0;0;30.0;24.07;1000000;0;-5.824999809;-35.227500915;40.000;0.00;0.00;0.00;0.00;0.00;0.00;0.00;0.000;0.000;0.00;0.00;0.000;0.000;0.000;0.000;5;0.0000;0.000;0.0000;0.000;0.0000;0.000;0.0000;0.000;0.0000;0.000;0.0000;0.000;0.0000;0.000;0.0000;0.000;0.000000000;0.000000000;0.0000000;0.00;0.00;0.00;16540;0;110;1;0;0;100;0.00;0;0;0;0
;359.18;-0.11;0.67;0.0200;-0.0400;0.0400;-0.012750;-0.001750;1.010250;0.0;0.0;0.0;0;0;29.6;23.96;1000000;0;-5.824999809;-35.227500915;40.000;0.00;0.00;0.00;0.00;0.00;0.00;0.00;0.000;0.000;0.00;0.00;0.000;0.000;0.000;0.000;6;0.0000;0.000;0.0000;0.000;0.0000;0.000;0.0000;0.000;0.0000;0.000;0.0000;0.000;0.0000;0.000;0.0000;0.000;0.000000000;0.000000000;0.0000000;0.00;0.00;0.00;16560;0;110;1;0;0;100;0.00;0;0;0;0
;359.18;-0.11;0.67;0.0200;-0.0600;0.0800;-0.012250;-0.002250;1.010750;0.0;0.0;0.0;0;0;30.0;23.96;1000000;0;-5.824999809;-35.227500915;40.000;0.00;0.00;0.00;0.00;0.00;0.00;0.00;0.000;0.000;0.00;0.00;0.000;0.000;0.000;0.000;7;0.0000;0.000;0.0000;0.000;0.0000;0.000;0.0000;0.000;0.0000;0.000;0.0000;0.000;0.0000;0.000;0.0000;0.000;0.000000000;0.000000000;0.0000000;0.00;0.00;0.00;16580;0;110;1;0;0;100;0.00;0;0;0;0
;359.18;-0.10;0.67;0.0600;-0.0400;0.0400;-0.011000;-0.002000;1.010250;0.0;0.0;0.0;0;0;29.9;24.05;1000000;0;-5.824999809;-35.227500915;40.000;0.00;0.00;0.00;0.00;0.00;0.00;0.00;0.000;0.000;0.00;0.00;0.000;0.000;0.000;0.000;8;0.0000;0.000;0.0000;0.000;0.0000;0.000;0.0000;0.000;0.0000;0.000;0.0000;0.000;0.0000;0.000;0.0000;0.000;0.000000000;0.000000000;0.0000000;0.00;0.00;0.00;16600;0;110;1;0;0;100;0.00;0;0;0;0
;359.18;-0.10;0.66;0.1000;-0.0400;0.0600;-0.010750;-0.002250;1.011000;0.0;0.0;0.0;0;0;30.0;24.06;1000000;0;-5.824999809;-35.227500915;40.000;0.00;0.00;0.00;0.00;0.00;0.00;0.00;0.000;0.000;0.00;0.00;0.000;0.000;0.000;0.000;9;0.0000;0.000;0.0000;0.000;0.0000;0.000;0.0000;0.000;0.0000;0.000;0.0000;0.000;0.0000;0.000;0.0000;0.000;0.000000000;0.000000000;0.0000000;0.00;0.00;0.00;16620;0;110;1;0;0;100;0.00;0;0;0;0
;359.18;-0.10;0.66;0.0800;-0.1200;0.0000;-0.011750;-0.002000;1.010750;0.0;0.0;0.0;0;0;30.1;24.01;1000000;0;-5.824999809;-35.227500915;40.000;0.00;0.00;0.00;0.00;0.00;0.00;0.00;0.000;0.000;0.00;0.00;0.000;0.000;0.000;0.000;10;0.0000;0.000;0.0000;0.000;0.0000;0.000;0.0000;0.000;0.0000;0.000;0.0000;0.000;0.0000;0.000;0.0000;0.000;0.000000000;0.000000000;0.0000000;0.00;0.00;0.00;16640;0;110;1;0;0;100;0.00;0;0;0;0
;359.17;-0.10;0.66;0.0400;0.0000;0.0400;-0.013500;-0.002250;1.010500;0.0;0.0;0.0;0;0;30.0;24.04;1000000;0;-5.824999809;-35.227500915;40.000;0.00;0.00;0.00;0.00;0.00;0.00;0.00;0.000;0.000;0.00;0.00;0.000;0.000;0.000;0.000;11;0.0000;0.000;0.0000;0.000;0.0000;0.000;0.0000;0.000;0.0000;0.000;0.0000;0.000;0.0000;0.000;0.0000;0.000;0.000000000;0.000000000;0.0000000;0.00;0.00;0.00;16660;0;110;1;0;0;100;0.00;0;0;0;0
;359.17;-0.11;0.67;0.0400;0.0200;0.0200;-0.013000;-0.002250;1.010500;0.0;0.0;0.0;0;0;30.3;24.07;1000000;0;-5.824999809;-35.227500915;40.000;0.00;0.00;0.00;0.00;0.00;0.00;0.00;0.000;0.000;0.00;0.00;0.000;0.000;0.000;0.000;12;0.0000;0.000;0.0000;0.000;0.0000;0.000;0.0000;0.000;0.0000;0.000;0.0000;0.000;0.0000;0.000;0.0000;0.000;0.000000000;0.000000000;0.0000000;0.00;0.00;0.00;16680;0;110;1;0;0;100;0.00;0;0;0;0
;359.17;-0.11;0.66;0.0200;-0.0400;0.0400;-0.011500;-0.003000;1.010000;0.0;0.0;0.0;0;0;30.0;23.94;1000000;0;-5.824999809;-35.227500915;40.000;0.00;0.00;0.00;0.00;0.00;0.00;0.00;0.000;0.000;0.00;0.00;0.000;0.000;0.000;0.000;13;0.0000;0.000;0.0000;0.000;0.0000;0.000;0.0000;0.000;0.0000;0.000;0.0000;0.000;0.0000;0.000;0.0000;0.000;0.000000000;0.000000000;0.0000000;0.00;0.00;0.00;16700;0;110;1;0;0;100;0.00;0;0;0;0
;359.17;-0.11;0.66;0.0600;0.0200;-0.0200;-0.012250;-0.002500;1.010750;0.0;0.0;0.0;0;0;30.1;23.93;1000000;0;-5.824999809;-35.227500915;40.000;0.00;0.00;0.00;0.00;0.00;0.00;0.00;0.000;0.000;0.00;0.00;0.000;0.000;0.000;0.000;14;0.0000;0.000;0.0000;0.000;0.0000;0.000;0.0000;0.000;0.0000;0.000;0.0000;0.000;0.0000;0.000;0.0000;0.000;0.000000000;0.000000000;0.0000000;0.00;0.00;0.00;16720;0;110;1;0;0;100;0.00;0;0;0;0
;359.17;-0.11;0.67;0.0400;-0.0200;0.0600;-0.012500;-0.002750;1.010250;0.0;0.0;0.0;0;0;29.7;24.11;1000000;0;-5.824999809;-35.227500915;40.000;0.00;0.00;0.00;0.00;0.00;0.00;0.00;0.000;0.000;0.00;0.00;0.000;0.000;0.000;0.000;15;0.0000;0.000;0.0000;0.000;0.0000;0.000;0.0000;0.000;0.0000;0.000;0.0000;0.000;0.0000;0.000;0.0000;0.000;0.000000000;0.000000000;0.0000000;0.00;0.00;0.00;16740;0;110;1;0;0;100;0.00;0;0;0;0
;359.17;-0.11;0.67;0.0400;-0.0600;0.0600;-0.012500;-0.001750;1.010750;0.0;0.0;0.0;0;0;29.6;23.95;1000000;0;-5.824999809;-35.227500915;40.000;0.00;0.00;0.00;0.00;0.00;0.00;0.00;0.000;0.000;0.00;0.00;0.000;0.000;0.000;0.000;16;0.0000;0.000;0.0000;0.000;0.0000;0.000;0.0000;0.000;0.0000;0.000;0.0000;0.000;0.0000;0.000;0.0000;0.000;0.000000000;0.000000000;0.0000000;0.00;0.00;0.00;16760;0;110;1;0;0;100;0.00;0;0;0;0
;359.17;-0.11;0.67;0.0600;-0.1000;0.0400;-0.012500;-0.002250;1.010500;0.0;0.0;0.0;0;0;29.9;24.06;1000000;0;-5.824999809;-35.227500915;40.000;0.00;0.00;0.00;0.00;0.00;0.00;0.00;0.000;0.000;0.00;0.00;0.000;0.000;0.000;0.000;17;0.0000;0.000;0.0000;0.000;0.0000;0.000;0.0000;0.000;0.0000;0.000;0.0000;0.000;0.0000;0.000;0.0000;0.000;0.000000000;0.000000000;0.0000000;0.00;0.00;0.00;16780;0;110;1;0;0;100;0.00;0;0;0;0
;359.17;-0.11;0.67;0.0400;0.0000;0.0400;-0.012500;-0.002750;1.010000;0.0;0.0;0.0;0;0;29.9;24.05;1000000;0;-5.824999809;-35.227500915;40.000;0.00;0.00;0.00;0.00;0.00;0.00;0.00;0.000;0.000;0.00;0.00;0.000;0.000;0.000;0.000;18;0.0000;0.000;0.0000;0.000;0.0000;0.000;0.0000;0.000;0.0000;0.000;0.0000;0.000;0.0000;0.000;0.0000;0.000;0.000000000;0.000000000;0.0000000;0.00;0.00;0.00;16800;0;110;1;0;0;100;0.00;0;0;0;0
;359.17;-0.11;0.67;0.0400;-0.0400;0.0200;-0.012250;-0.002750;1.010500;0.0;0.0;0.0;0;0;30.0;24.06;1000000;0;-5.824999809;-35.227500915;40.000;0.00;0.00;0.00;0.00;0.00;0.00;0.00;0.000;0.000;0.00;0.00;0.000;0.000;0.000;0.000;19;0.0000;0.000;0.0000;0.000;0.0000;0.000;0.0000;0.000;0.0000;0.000;0.0000;0.000;0.0000;0.000;0.0000;0.000;0.000000000;0.000000000;0.0000000;0.00;0.00;0.00;16820;0;110;1;0;0;100;0.00;0;0;0;0
;359.17;-0.11;0.67;0.0400;-0.0200;0.0400;-0.012500;-0.001750;1.010500;0.0;0.0;0.0;0;0;30.0;24.07;1000000;0;-5.824999809;-35.227500915;40.000;0.00;0.00;0.00;0.00;0.00;0.00;0.00;0.000;0.000;0.00;0.00;0.000;0.000;0.000;0.000;20;0.0000;0.000;0.0000;0.000;0.0000;0.000;0.0000;0.000;0.0000;0.000;0.0000;0.000;0.0000;0.000;0.0000;0.000;0.000000000;0.000000000;0.0000000;0.00;0.00;0.00;16840;0;110;1;0;0;100;0.00;0;0;0;0
;359.17;-0.11;0.67;0.0200;-0.1000;0.0000;-0.012500;-0.002000;1.011250;0.0;0.0;0.0;0;0;30.0;24.04;1000000;0;-5.824999809;-35.227500915;40.000;0.00;0.00;0.00;0.00;0.00;0.00;0.00;0.000;0.000;0.00;0.00;0.000;0.000;0.000;0.000;21;0.0000;0.000;0.0000;0.000;0.0000;0.000;0.0000;0.000;0.0000;0.000;0.0000;0.000;0.0000;0.000;0.0000;0.000;0.000000000;0.000000000;0.0000000;0.00;0.00;0.00;16860;0;110;1;0;0;100;0.00;0;0;0;0
;359.17;-0.11;0.67;0.0400;-0.0200;0.0600;-0.012250;-0.001500;1.010000;0.0;0.0;0.0;0;0;29.6;24.03;1000000;0;-5.824999809;-35.227500915;40.000;0.00;0.00;0.00;0.00;0.00;0.00;0.00;0.000;0.000;0.00;0.00;0.000;0.000;0.000;0.000;22;0.0000;0.000;0.0000;0.000;0.0000;0.000;0.0000;0.000;0.0000;0.000;0.0000;0.000;0.0000;0.000;0.0000;0.000;0.000000000;0.000000000;0.0000000;0.00;0.00;0.00;16880;0;110;1;0;0;100;0.00;0;0;0;0
;359.17;-0.11;0.67;0.0400;0.0000;0.0400;-0.011750;-0.002750;1.010000;0.0;0.0;0.0;0;0;30.0;23.89;1000000;0;-5.824999809;-35.227500915;40.000;0.00;0.00;0.00;0.00;0.00;0.00;0.00;0.000;0.000;0.00;0.00;0.000;0.000;0.000;0.000;23;0.0000;0.000;0.0000;0.000;0.0000;0.000;0.0000;0.000;0.0000;0.000;0.0000;0.000;0.0000;0.000;0.0000;0.000;0.000000000;0.000000000;0.0000000;0.00;0.00;0.00;16900;0;110;1;0;0;100;0.00;0;0;0;0
;359.17;-0.11;0.67;0.0600;-0.1200;0.0200;-0.012250;-0.002750;1.010500;0.0;0.0;0.0;0;0;30.0;23.92;1000000;0;-5.824999809;-35.227500915;40.000;0.00;0.00;0.00;0.00;0.00;0.00;0.00;0.000;0.000;0.00;0.00;0.000;0.000;0.000;0.000;24;0.0000;0.000;0.0000;0.000;0.0000;0.000;0.0000;0.000;0.0000;0.000;0.0000;0.000;0.0000;0.000;0.0000;0.000;0.000000000;0.000000000;0.0000000;0.00;0.00;0.00;16920;0;110;1;0;0;100;0.00;0;0;0;0
;359.17;-0.11;0.67;0.0400;-0.0600;0.0200;-0.012000;-0.002250;1.010750;0.0;0.0;0.0;0;0;29.7;24.00;1000000;0;-5.824999809;-35.227500915;40.000;0.00;0.00;0.00;0.00;0.00;0.00;0.00;0.000;0.000;0.00;0.00;0.000;0.000;0.000;0.000;25;0.0000;0.000;0.0000;0.000;0.0000;0.000;0.0000;0.000;0.0000;0.000;0.0000;0.000;0.0000;0.000;0.0000;0.000;0.000000000;0.000000000;0.0000000;0.00;0.00;0.00;16940;0;110;1;0;0;100;0.00;0;0;0;0
;359.17;-0.11;0.67;0.0400;-0.0600;0.0200;-0.012250;-0.001750;1.010500;0.0;0.0;0.0;0;0;30.1;23.86;1000000;0;-5.824999809;-35.227500915;40.000;0.00;0.00;0.00;0.00;0.00;0.00;0.00;0.000;0.000;0.00;0.00;0.000;0.000;0.000;0.000;26;0.0000;0.000;0.0000;0.000;0.0000;0.000;0.0000;0.000;0.0000;0.000;0.0000;0.000;0.0000;0.000;0.0000;0.000;0.000000000;0.000000000;0.0000000;0.00;0.00;0.00;16960;0;110;1;0;0;100;0.00;0;0;0;0
;359.16;-0.11;0.67;0.0400;0.0200;0.0600;-0.013250;-0.002000;1.010500;0.0;0.0;0.0;0;0;30.0;23.94;1000000;0;-5.824999809;-35.227500915;40.000;0.00;0.00;0.00;0.00;0.00;0.00;0.00;0.000;0.000;0.00;0.00;0.000;0.000;0.000;0.000;27;0.0000;0.000;0.0000;0.000;0.0000;0.000;0.0000;0.000;0.0000;0.000;0.0000;0.000;0.0000;0.000;0.0000;0.000;0.000000000;0.000000000;0.0000000;0.00;0.00;0.00;16980;0;110;1;0;0;100;0.00;0;0;0;0
;359.16;-0.11;0.68;0.0600;0.0400;0.0400;-0.012750;-0.001750;1.010000;0.0;0.0;0.0;0;0;30.0;24.06;1000000;0;-5.824999809;-35.227500915;40.000;0.00;0.00;0.00;0.00;0.00;0.00;0.00;0.000;0.000;0.00;0.00;0.000;0.000;0.000;0.000;28;0.0000;0.000;0.0000;0.000;0.0000;0.000;0.0000;0.000;0.0000;0.000;0.0000;0.000;0.0000;0.000;0.0000;0.000;0.000000000;0.000000000;0.0000000;0.00;0.00;0.00;17000;0;110;1;0;0;100;0.00;0;0;0;64
;359.16;-0.11;0.67;0.0000;-0.0800;0.0600;-0.012000;-0.002250;1.010500;0.0;0.0;0.0;0;0;30.0;24.04;1000000;0;-5.824999809;-35.227500915;40.000;0.00;0.00;0.00;0.00;0.00;0.00;0.00;0.000;0.000;0.00;0.00;0.000;0.000;0.000;0.000;29;0.0000;0.000;0.0000;0.000;0.0000;0.000;0.0000;0.000;0.0000;0.000;0.0000;0.000;0.0000;0.000;0.0000;0.000;0.000000000;0.000000000;0.0000000;0.00;0.00;0.00;17020;0;110;1;0;0;100;0.00;0;0;0;0
;359.16;-0.11;0.67;0.0200;-0.0200;0.0600;-0.012000;-0.002000;1.010250;0.0;0.0;0.0;0;0;30.0;23.98;1000000;0;-5.824999809;-35.227500915;40.000;0.00;0.00;0.00;0.00;0.00;0.00;0.00;0.000;0.000;0.00;0.00;0.000;0.000;0.000;0.000;30;0.0000;0.000;0.0000;0.000;0.0000;0.000;0.0000;0.000;0.0000;0.000;0.0000;0.000;0.0000;0.000;0.0000;0.000;0.000000000;0.000000000;0.0000000;0.00;0.00;0.00;17040;0;110;1;0;0;100;0.00;0;0;0;0
;359.16;-0.11;0.67;0.0400;-0.0200;0.0600;-0.013000;-0.002000;1.010750;0.0;0.0;0.0;0;0;30.0;24.19;1000000;0;-5.824999809;-35.227500915;40.000;0.00;0.00;0.00;0.00;0.00;0.00;0.00;0.000;0.000;0.00;0.00;0.000;0.000;0.000;0.000;31;0.0000;0.000;0.0000;0.000;0.0000;0.000;0.0000;0.000;0.0000;0.000;0.0000;0.000;0.0000;0.000;0.0000;0.000;0.000000000;0.000000000;0.0000000;0.00;0.00;0.00;17060;0;110;1;0;0;100;0.00;0;0;0;0
;359.16;-0.10;0.68;0.0400;0.0000;0.0600;-0.012750;-0.002000;1.011000;0.0;0.0;0.0;0;0;29.6;24.03;1000000;0;-5.824999809;-35.227500915;40.000;0.00;0.00;0.00;0.00;0.00;0.00;0.00;0.000;0.000;0.00;0.00;0.000;0.000;0.000;0.000;0;0.0000;0.000;0.0000;0.000;0.0000;0.000;0.0000;0.000;0.0000;0.000;0.0000;0.000;0.0000;0.000;0.0000;0.000;0.000000000;0.000000000;0.0000000;0.00;0.00;0.00;17080;0;110;1;0;0;100;0.00;0;0;0;0
;359.16;-0.10;0.67;0.0600;-0.1000;0.0600;-0.012500;-0.002250;1.010250;0.0;0.0;0.0;0;0;30.0;24.06;1000000;0;-5.824999809;-35.227500915;40.000;0.00;0.00;0.00;0.00;0.00;0.00;0.00;0.000;0.000;0.00;0.00;0.000;0.000;0.000;0.000;1;0.0000;0.000;0.0000;0.000;0.0000;0.000;0.0000;0.000;0.0000;0.000;0.0000;0.000;0.0000;0.000;0.0000;0.000;0.000000000;0.000000000;0.0000000;0.00;0.00;0.00;17100;0;110;1;0;0;100;0.00;0;0;0;0
;359.16;-0.10;0.67;0.0800;-0.0600;0.0200;-0.012000;-0.001500;1.010750;0.0;0.0;0.0;0;0;29.7;24.06;1000000;0;-5.824999809;-35.227500915;40.000;0.00;0.00;0.00;0.00;0.00;0.00;0.00;0.000;0.000;0.00;0.00;0.000;0.000;0.000;0.000;2;0.0000;0.000;0.0000;0.000;0.0000;0.000;0.0000;0.000;0.0000;0.000;0.0000;0.000;0.0000;0.000;0.0000;0.000;0.000000000;0.000000000;0.0000000;0.00;0.00;0.00;17120;0;110;1;0;0;100;0.00;0;0;0;0
;359.16;-0.10;0.67;0.0600;-0.0600;0.0800;-0.011500;-0.002250;1.010500;0.0;0.0;0.0;0;0;30.0;23.88;1000000;0;-5.824999809;-35.227500915;40.000;0.00;0.00;0.00;0.00;0.00;0.00;0.00;0.000;0.000;0.00;0.00;0.000;0.000;0.000;0.000;3;0.0000;0.000;0.0000;0.000;0.0000;0.000;0.0000;0.000;0.0000;0.000;0.0000;0.000;0.0000;0.000;0.0000;0.000;0.000000000;0.000000000;0.0000000;0.00;0.00;0.00;17140;0;110;1;0;0;100;0.00;0;0;0;0
;359.15;-0.10;0.67;0.0200;-0.0800;0.0600;-0.012000;-0.002000;1.010500;0.0;0.0;0.0;0;0;30.0;23.96;1000000;0;-5.824999809;-35.227500915;40.000;0.00;0.00;0.00;0.00;0.00;0.00;0.00;0.000;0.000;0.00;0.00;0.000;0.000;0.000;0.000;4;0.0000;0.000;0.0000;0.000;0.0000;0.000;0.0000;0.000;0.0000;0.000;0.0000;0.000;0.0000;0.000;0.0000;0.000;0.000000000;0.000000000;0.0000000;0.00;0.00;0.00;17160;0;110;1;0;0;100;0.00;0;0;0;0
;359.15;-0.10;0.67;0.0600;-0.0400;0.0400;-0.012500;-0.001750;1.010500;0.0;0.0;0.0;0;0;30.0;24.05;1000000;0;-5.824999809;-35.227500915;40.000;0.00;0.00;0.00;0.00;0.00;0.00;0.00;0.000;0.000;0.00;0.00;0.000;0.000;0.000;0.000;5;0.0000;0.000;0.0000;0.000;0.0000;0.000;0.0000;0.000;0.0000;0.000;0.0000;0.000;0.0000;0.000;0.0000;0.000;0.000000000;0.000000000;0.0000000;0.00;0.00;0.00;17180;0;110;1;0;0;100;0.00;0;0;0;0
;359.15;-0.10;0.67;0.0800;-0.0800;0.0400;-0.011500;-0.002000;1.010000;0.0;0.0;0.0;0;0;30.0;24.01;1000000;0;-5.824999809;-35.227500915;40.000;0.00;0.00;0.00;0.00;0.00;0.00;0.00;0.000;0.000;0.00;0.00;0.000;0.000;0.000;0.000;6;0.0000;0.000;0.0000;0.000;0.0000;0.000;0.0000;0.000;0.0000;0.000;0.0000;0.000;0.0000;0.000;0.0000;0.000;0.000000000;0.000000000;0.0000000;0.00;0.00;0.00;17200;0;110;1;0;0;100;0.00;0;0;0;0
;359.15;-0.10;0.67;0.0200;-0.0200;0.0600;-0.012250;-0.002000;1.011000;0.0;0.0;0.0;0;0;29.7;23.95;1000000;0;-5.824999809;-35.227500915;40.000;0.00;0.00;0.00;0.00;0.00;0.00;0.00;0.000;0.000;0.00;0.00;0.000;0.000;0.000;0.000;7;0.0000;0.000;0.0000;0.000;0.0000;0.000;0.0000;0.000;0.0000;0.000;0.0000;0.000;0.0000;0.000;0.0000;0.000;0.000000000;0.000000000;0.0000000;0.00;0.00;0.00;17220;0;110;1;0;0;100;0.00;0;0;0;0
;359.15;-0.10;0.67;0.0400;0.0600;0.0800;-0.012250;-0.002250;1.010250;0.0;0.0;0.0;0;0;30.0;23.97;1000000;0;-5.824999809;-35.227500915;40.000;0.00;0.00;0.00;0.00;0.00;0.00;0.00;0.000;0.000;0.00;0.00;0.000;0.000;0.000;0.000;8;0.0000;0.000;0.0000;0.000;0.0000;0.000;0.0000;0.000;0.0000;0.000;0.0000;0.000;0.0000;0.000;0.0000;0.000;0.000000000;0.000000000;0.0000000;0.00;0.00;0.00;17240;0;110;1;0;0;100;0.00;0;0;0;0
;359.15;-0.10;0.67;0.0400;0.0200;0.0200;-0.012250;-0.003000;1.010500;0.0;0.0;0.0;0;0;30.0;24.06;1000000;0;-5.824999809;-35.227500915;40.000;0.00;0.00;0.00;0.00;0.00;0.00;0.00;0.000;0.000;0.00;0.00;0.000;0.000;0.000;0.000;9;0.0000;0.000;0.0000;0.000;0.0000;0.000;0.0000;0.000;0.0000;0.000;0.0000;0.000;0.0000;0.000;0.0000;0.000;0.000000000;0.000000000;0.0000000;0.00;0.00;0.00;17260;0;110;1;0;0;100;0.00;0;0;0;0
;359.15;-0.10;0.67;0.0400;-0.1000;0.0600;-0.012750;-0.002250;1.010750;0.0;0.0;0.0;0;0;29.6;24.05;1000000;0;-5.824999809;-35.227500915;40.000;0.00;0.00;0.00;0.00;0.00;0.00;0.00;0.000;0.000;0.00;0.00;0.000;0.000;0.000;0.000;10;0.0000;0.000;0.0000;0.000;0.0000;0.000;0.0000;0.000;0.0000;0.000;0.0000;0.000;0.0000;0.000;0.0000;0.000;0.000000000;0.000000000;0.0000000;0.00;0.00;0.00;17280;0;110;1;0;0;100;0.00;0;0;0;0
;359.15;-0.10;0.67;0.0800;-0.0600;0.0400;-0.012000;-0.002500;1.010000;0.0;0.0;0.0;0;0;30.2;23.92;1000000;0;-5.824999809;-35.227500915;40.000;0.00;0.00;0.00;0.00;0.00;0.00;0.00;0.000;0.000;0.00;0.00;0.000;0.000;0.000;0.000;11;0.0000;0.000;0.0000;0.000;0.0000;0.000;0.0000;0.000;0.0000;0.000;0.0000;0.000;0.0000;0.000;0.0000;0.000;0.000000000;0.000000000;0.0000000;0.00;0.00;0.00;17300;0;110;1;0;0;100;0.00;0;0;0;0
;359.15;-0.10;0.67;0.0600;-0.0800;0.0200;-0.012000;-0.002250;1.010250;0.0;0.0;0.0;0;0;30.0;23.96;1000000;0;-5.824999809;-35.227500915;40.000;0.00;0.00;0.00;0.00;0.00;0.00;0.00;0.000;0.000;0.00;0.00;0.000;0.000;0.000;0.000;12;0.0000;0.000;0.0000;0.000;0.0000;0.000;0.0000;0.000;0.0000;0.000;0.0000;0.000;0.0000;0.000;0.0000;0.000;0.000000000;0.000000000;0.0000000;0.00;0.00;0.00;17320;0;110;1;0;0;100;0.00;0;0;0;0
;359.15;-0.10;0.67;0.0600;-0.0600;0.0600;-0.012500;-0.002500;1.010500;0.0;0.0;0.0;0;0;30.0;23.98;1000000;0;-5.824999809;-35.227500915;40.000;0.00;0.00;0.00;0.00;0.00;0.00;0.00;0.000;0.000;0.00;0.00;0.000;0.000;0.000;0.000;13;0.0000;0.000;0.0000;0.000;0.0000;0.000;0.0000;0.000;0.0000;0.000;0.0000;0.000;0.0000;0.000;0.0000;0.000;0.000000000;0.000000000;0.0000000;0.00;0.00;0.00;17340;0;110;1;0;0;100;0.00;0;0;0;0
;359.15;-0.10;0.67;0.0400;0.0600;0.0600;-0.012000;-0.002000;1.010750;0.0;0.0;0.0;0;0;30.0;24.03;1000000;0;-5.824999809;-35.227500915;40.000;0.00;0.00;0.00;0.00;0.00;0.00;0.00;0.000;0.000;0.00;0.00;0.000;0.000;0.000;0.000;14;0.0000;0.000;0.0000;0.000;0.0000;0.000;0.0000;0.000;0.0000;0.000;0.0000;0.000;0.0000;0.000;0.0000;0.000;0.000000000;0.000000000;0.0000000;0.00;0.00;0.00;17360;0;110;1;0;0;100;0.00;0;0;0;0
;359.14;-0.10;0.67;0.0400;0.0000;0.0400;-0.012250;-0.002250;1.010500;0.0;0.0;0.0;0;0;30.1;23.91;1000000;0;-5.824999809;-35.227500915;40.000;0.00;0.00;0.00;0.00;0.00;0.00;0.00;0.000;0.000;0.00;0.00;0.000;0.000;0.000;0.000;15;0.0000;0.000;0.0000;0.000;0.0000;0.000;0.0000;0.000;0.0000;0.000;0.0000;0.000;0.0000;0.000;0.0000;0.000;0.000000000;0.000000000;0.0000000;0.00;0.00;0.00;17380;0;110;1;0;0;100;0.00;0;0;0;0
;359.14;-0.10;0.67;0.1000;-0.0200;0.0600;-0.013000;-0.002250;1.010250;0.0;0.0;0.0;0;0;29.9;24.00;1000000;0;-5.824999809;-35.227500915;40.000;0.00;0.00;0.00;0.00;0.00;0.00;0.00;0.000;0.000;0.00;0.00;0.000;0.000;0.000;0.000;16;0.0000;0.000;0.0000;0.000;0.0000;0.000;0.0000;0.000;0.0000;0.000;0.0000;0.000;0.0000;0.000;0.0000;0.000;0.000000000;0.000000000;0.0000000;0.00;0.00;0.00;17400;0;110;1;0;0;100;0.00;0;0;0;0
;359.14;-0.10;0.67;0.0000;-0.0600;0.0400;-0.012500;-0.001500;1.010750;0.0;0.0;0.0;0;0;30.0;23.98;1000000;0;-5.824999809;-35.227500915;40.000;0.00;0.00;0.00;0.00;0.00;0.00;0.00;0.000;0.000;0.00;0.00;0.000;0.000;0.000;0.000;17;0.0000;0.000;0.0000;0.000;0.0000;0.000;0.0000;0.000;0.0000;0.000;0.0000;0.000;0.0000;0.000;0.0000;0.000;0.000000000;0.000000000;0.0000000;0.00;0.00;0.00;17420;0;110;1;0;0;100;0.00;0;0;0;0
;359.14;-0.10;0.67;0.0400;-0.0400;0.0200;-0.012500;-0.002500;1.011000;0.0;0.0;0.0;0;0;30.0;23.87;1000000;0;-5.824999809;-35.227500915;40.000;0.00;0.00;0.00;0.00;0.00;0.00;0.00;0.000;0.000;0.00;0.00;0.000;0.000;0.000;0.000;18;0.0000;0.000;0.0000;0.000;0.0000;0.000;0.0000;0.000;0.0000;0.000;0.0000;0.000;0.0000;0.000;0.0000;0.000;0.000000000;0.000000000;0.0000000;0.00;0.00;0.00;17440;0;110;1;0;0;100;0.00;0;0;0;0
;359.14;-0.10;0.68;0.1000;-0.0200;0.0200;-0.013250;-0.001500;1.010250;0.0;0.0;0.0;0;0;30.0;24.05;1000000;0;-5.824999809;-35.227500915;40.000;0.00;0.00;0.00;0.00;0.00;0.00;0.00;0.000;0.000;0.00;0.00;0.000;0.000;0.000;0.000;19;0.0000;0.000;0.0000;0.000;0.0000;0.000;0.0000;0.000;0.0000;0.000;0.0000;0.000;0.0000;0.000;0.0000;0.000;0.000000000;0.000000000;0.0000000;0.00;0.00;0.00;17460;0;110;1;0;0;100;0.00;0;0;0;0
;359.14;-0.10;0.68;0.0200;-0.0600;0.0600;-0.012500;-0.002500;1.011000;0.0;0.0;0.0;0;0;30.1;24.15;1000000;0;-5.824999809;-35.227500915;40.000;0.00;0.00;0.00;0.00;0.00;0.00;0.00;0.000;0.000;0.00;0.00;0.000;0.000;0.000;0.000;20;0.0000;0.000;0.0000;0.000;0.0000;0.000;0.0000;0.000;0.0000;0.000;0.0000;0.000;0.0000;0.000;0.0000;0.000;0.000000000;0.000000000;0.0000000;0.00;0.00;0.00;17480;0;110;1;0;0;100;0.00;0;0;0;0
;359.14;-0.10;0.68;0.0400;-0.0400;0.0400;-0.012750;-0.002000;1.010750;0.0;0.0;0.0;0;0;30.0;23.99;1000000;0;-5.824999809;-35.227500915;40.000;0.00;0.00;0.00;0.00;0.00;0.00;0.00;0.000;0.000;0.00;0.00;0.000;0.000;0.000;0.000;21;0.0000;0.000;0.0000;0.000;0.0000;0.000;0.0000;0.000;0.0000;0.000;0.0000;0.000;0.0000;0.000;0.0000;0.000;0.000000000;0.000000000;0.0000000;0.00;0.00;0.00;17500;0;110;1;0;0;100;0.00;0;0;0;0
;359.14;-0.10;0.68;0.0600;-0.0200;0.0200;-0.012500;-0.002500;1.010000;0.0;0.0;0.0;0;0;30.1;23.99;1000000;0;-5.824999809;-35.227500915;40.000;0.00;0.00;0.00;0.00;0.00;0.00;0.00;0.000;0.000;0.00;0.00;0.000;0.000;0.000;0.000;22;0.0000;0.000;0.0000;0.000;0.0000;0.000;0.0000;0.000;0.0000;0.000;0.0000;0.000;0.0000;0.000;0.0000;0.000;0.000000000;0.000000000;0.0000000;0.00;0.00;0.00;17520;0;110;1;0;0;100;0.00;0;0;0;0
;359.14;-0.10;0.68;0.0600;0.0200;0.0400;-0.012250;-0.002250;1.010250;0.0;0.0;0.0;0;0;29.7;23.97;1000000;0;-5.824999809;-35.227500915;40.000;0.00;0.00;0.00;0.00;0.00;0.00;0.00;0.000;0.000;0.00;0.00;0.000;0.000;0.000;0.000;23;0.0000;0.000;0.0000;0.000;0.0000;0.000;0.0000;0.000;0.0000;0.000;0.0000;0.000;0.0000;0.000;0.0000;0.000;0.000000000;0.000000000;0.0000000;0.00;0.00;0.00;17540;0;110;1;0;0;100;0.00;0;0;0;0
;359.14;-0.10;0.68;0.0400;-0.0400;0.0200;-0.011750;-0.002000;1.010500;0.0;0.0;0.0;0;0;30.0;23.92;1000000;0;-5.824999809;-35.227500915;40.000;0.00;0.00;0.00;0.00;0.00;0.00;0.00;0.000;0.000;0.00;0.00;0.000;0.000;0.000;0.000;24;0.0000;0.000;0.0000;0.000;0.0000;0.000;0.0000;0.000;0.0000;0.000;0.0000;0.000;0.0000;0.000;0.0000;0.000;0.000000000;0.000000000;0.0000000;0.00;0.00;0.00;17560;0;110;1;0;0;100;0.00;0;0;0;0
;359.14;-0.10;0.68;0.0600;-0.0400;0.0400;-0.012000;-0.002250;1.010750;0.0;0.0;0.0;0;0;30.0;23.94;1000000;0;-5.824999809;-35.227500915;40.000;0.00;0.00;0.00;0.00;0.00;0.00;0.00;0.000;0.000;0.00;0.00;0.000;0.000;0.000;0.000;25;0.0000;0.000;0.0000;0.000;0.0000;0.000;0.0000;0.000;0.0000;0.000;0.0000;0.000;0.0000;0.000;0.0000;0.000;0.000000000;0.000000000;0.0000000;0.00;0.00;0.00;17580;0;110;1;0;0;100;0.00;0;0;0;0
;359.14;-0.10;0.68;0.0600;-0.0600;0.0800;-0.012750;-0.002500;1.010750;0.0;0.0;0.0;0;0;29.7;24.05;1000000;0;-5.824999809;-35.227500915;40.000;0.00;0.00;0.00;0.00;0.00;0.00;0.00;0.000;0.000;0.00;0.00;0.000;0.000;0.000;0.000;26;0.0000;0.000;0.0000;0.000;0.0000;0.000;0.0000;0.000;0.0000;0.000;0.0000;0.000;0.0000;0.000;0.0000;0.000;0.000000000;0.000000000;0.0000000;0.00;0.00;0.00;17600;0;110;1;0;0;100;0.00;0;0;0;0
;359.14;-0.10;0.68;0.0600;-0.0400;0.0200;-0.012500;-0.002250;1.011000;0.0;0.0;0.0;0;0;29.6;23.97;1000000;0;-5.824999809;-35.227500915;40.000;0.00;0.00;0.00;0.00;0.00;0.00;0.00;0.000;0.000;0.00;0.00;0.000;0.000;0.000;0.000;27;0.0000;0.000;0.0000;0.000;0.0000;0.000;0.0000;0.000;0.0000;0.000;0.0000;0.000;0.0000;0.000;0.0000;0.000;0.000000000;0.000000000;0.0000000;0.00;0.00;0.00;17620;0;110;1;0;0;100;0.00;0;0;0;0
;359.13;-0.10;0.68;0.0400;-0.0400;0.0600;-0.011750;-0.002750;1.010750;0.0;0.0;0.0;0;0;30.0;24.00;1000000;0;-5.824999809;-35.227500915;40.000;0.00;0.00;0.00;0.00;0.00;0.00;0.00;0.000;0.000;0.00;0.00;0.000;0.000;0.000;0.000;28;0.0000;0.000;0.0000;0.000;0.0000;0.000;0.0000;0.000;0.0000;0.000;0.0000;0.000;0.0000;0.000;0.0000;0.000;0.000000000;0.000000000;0.0000000;0.00;0.00;0.00;17640;0;110;1;0;0;100;0.00;0;0;0;0
;359.13;-0.10;0.68;0.0200;0.0000;0.0200;-0.013000;-0.002000;1.010750;0.0;0.0;0.0;0;0;30.2;23.92;1000000;0;-5.824999809;-35.227500915;40.000;0.00;0.00;0.00;0.00;0.00;0.00;0.00;0.000;0.000;0.00;0.00;0.000;0.000;0.000;0.000;29;0.0000;0.000;0.0000;0.000;0.0000;0.000;0.0000;0.000;0.0000;0.000;0.0000;0.000;0.0000;0.000;0.0000;0.000;0.000000000;0.000000000;0.0000000;0.00;0.00;0.00;17660;0;110;1;0;0;100;0.00;0;0;0;0
;359.13;-0.10;0.68;0.0400;0.0000;0.0000;-0.012250;-0.001500;1.010500;0.0;0.0;0.0;0;0;29.6;23.98;1000000;0;-5.824999809;-35.227500915;40.000;0.00;0.00;0.00;0.00;0.00;0.00;0.00;0.000;0.000;0.00;0.00;0.000;0.000;0.000;0.000;30;0.0000;0.000;0.0000;0.000;0.0000;0.000;0.0000;0.000;0.0000;0.000;0.0000;0.000;0.0000;0.000;0.0000;0.000;0.000000000;0.000000000;0.0000000;0.00;0.00;0.00;17680;0;110;1;0;0;100;0.00;0;0;0;0
;359.13;-0.10;0.68;0.0200;-0.0800;0.0600;-0.012000;-0.002750;1.010500;0.0;0.0;0.0;0;0;30.0;23.98;1000000;0;-5.824999809;-35.227500915;40.000;0.00;0.00;0.00;0.00;0.00;0.00;0.00;0.000;0.000;0.00;0.00;0.000;0.000;0.000;0.000;31;0.0000;0.000;0.0000;0.000;0.0000;0.000;0.0000;0.000;0.0000;0.000;0.0000;0.000;0.0000;0.000;0.0000;0.000;0.000000000;0.000000000;0.0000000;0.00;0.00;0.00;17700;0;110;1;0;0;100;0.00;0;0;0;0
;359.13;-0.10;0.68;0.0400;0.0400;0.1000;-0.012500;-0.002000;1.011000;0.0;0.0;0.0;0;0;29.6;24.11;1000000;0;-5.824999809;-35.227500915;40.000;0.00;0.00;0.00;0.00;0.00;0.00;0.00;0.000;0.000;0.00;0.00;0.000;0.000;0.000;0.000;0;0.0000;0.000;0.0000;0.000;0.0000;0.000;0.0000;0.000;0.0000;0.000;0.0000;0.000;0.0000;0.000;0.0000;0.000;0.000000000;0.000000000;0.0000000;0.00;0.00;0.00;17720;0;110;1;0;0;100;0.00;0;0;0;0
;359.13;-0.10;0.68;0.0200;0.0600;0.0400;-0.012250;-0.002750;1.010500;0.0;0.0;0.0;0;0;30.0;24.05;1000000;0;-5.824999809;-35.227500915;40.000;0.00;0.00;0.00;0.00;0.00;0.00;0.00;0.000;0.000;0.00;0.00;0.000;0.000;0.000;0.000;1;0.0000;0.000;0.0000;0.000;0.0000;0.000;0.0000;0.000;0.0000;0.000;0.0000;0.000;0.0000;0.000;0.0000;0.000;0.000000000;0.000000000;0.0000000;0.00;0.00;0.00;17740;0;110;1;0;0;100;0.00;0;0;0;0
;359.13;-0.10;0.68;0.0800;-0.0400;0.0800;-0.012250;-0.002500;1.011000;0.0;0.0;0.0;0;0;29.6;23.91;1000000;0;-5.824999809;-35.227500915;40.000;0.00;0.00;0.00;0.00;0.00;0.00;0.00;0.000;0.000;0.00;0.00;0.000;0.000;0.000;0.000;2;0.0000;0.000;0.0000;0.000;0.0000;0.000;0.0000;0.000;0.0000;0.000;0.0000;0.000;0.0000;0.000;0.0000;0.000;0.000000000;0.000000000;0.0000000;0.00;0.00;0.00;17760;0;110;1;0;0;100;0.00;0;0;0;0
;359.13;-0.11;0.68;0.0600;0.0200;0.0400;-0.012250;-0.002500;1.010500;0.0;0.0;0.0;0;0;29.7;24.15;1000000;0;-5.824999809;-35.227500915;40.000;0.00;0.00;0.00;0.00;0.00;0.00;0.00;0.000;0.000;0.00;0.00;0.000;0.000;0.000;0.000;3;0.0000;0.000;0.0000;0.000;0.0000;0.000;0.0000;0.000;0.0000;0.000;0.0000;0.000;0.0000;0.000;0.0000;0.000;0.000000000;0.000000000;0.0000000;0.00;0.00;0.00;17780;0;110;1;0;0;100;0.00;0;0;0;0
;359.13;-0.11;0.68;0.0600;-0.0400;0.0800;-0.012250;-0.002500;1.010500;0.0;0.0;0.0;0;0;29.6;24.06;1000000;0;-5.824999809;-35.227500915;40.000;0.00;0.00;0.00;0.00;0.00;0.00;0.00;0.000;0.000;0.00;0.00;0.000;0.000;0.000;0.000;4;0.0000;0.000;0.0000;0.000;0.0000;0.000;0.0000;0.000;0.0000;0.000;0.0000;0.000;0.0000;0.000;0.0000;0.000;0.000000000;0.000000000;0.0000000;0.00;0.00;0.00;17800;0;110;1;0;0;100;0.00;0;0;0;0
;359.12;-0.11;0.69;0.0400;0.0200;0.0400;-0.012500;-0.002000;1.010750;0.0;0.0;0.0;0;0;30.2;24.00;1000000;0;-5.824999809;-35.227500915;40.000;0.00;0.00;0.00;0.00;0.00;0.00;0.00;0.000;0.000;0.00;0.00;0.000;0.000;0.000;0.000;5;0.0000;0.000;0.0000;0.000;0.0000;0.000;0.0000;0.000;0.0000;0.000;0.0000;0.000;0.0000;0.000;0.0000;0.000;0.000000000;0.000000000;0.0000000;0.00;0.00;0.00;17820;0;110;1;0;0;100;0.00;0;0;0;0
;359.12;-0.10;0.69;0.0600;0.0000;0.0000;-0.012000;-0.002000;1.010250;0.0;0.0;0.0;0;0;30.0;24.12;1000000;0;-5.824999809;-35.227500915;40.000;0.00;0.00;0.00;0.00;0.00;0.00;0.00;0.000;0.000;0.00;0.00;0.000;0.000;0.000;0.000;6;0.0000;0.000;0.0000;0.000;0.0000;0.000;0.0000;0.000;0.0000;0.000;0.0000;0.000;0.0000;0.000;0.0000;0.000;0.000000000;0.000000000;0.0000000;0.00;0.00;0.00;17840;0;110;1;0;0;100;0.00;0;0;0;0
;359.12;-0.11;0.68;0.0800;-0.0400;0.0600;-0.012250;-0.002750;1.010250;0.0;0.0;0.0;0;0;30.0;24.10;1000000;0;-5.824999809;-35.227500915;40.000;0.00;0.00;0.00;0.00;0.00;0.00;0.00;0.000;0.000;0.00;0.00;0.000;0.000;0.000;0.000;7;0.0000;0.000;0.0000;0.000;0.0000;0.000;0.0000;0.000;0.0000;0.000;0.0000;0.000;0.0000;0.000;0.0000;0.000;0.000000000;0.000000000;0.0000000;0.00;0.00;0.00;17860;0;110;1;0;0;100;0.00;0;0;0;0
;359.12;-0.11;0.68;0.0400;-0.0600;0.0400;-0.012500;-0.002500;1.010750;0.0;0.0;0.0;0;0;30.0;23.98;1000000;0;-5.824999809;-35.227500915;40.000;0.00;0.00;0.00;0.00;0.00;0.00;0.00;0.000;0.000;0.00;0.00;0.000;0.000;0.000;0.000;8;0.0000;0.000;0.0000;0.000;0.0000;0.000;0.0000;0.000;0.0000;0.000;0.0000;0.000;0.0000;0.000;0.0000;0.000;0.000000000;0.000000000;0.0000000;0.00;0.00;0.00;17880;0;110;1;0;0;100;0.00;0;0;0;0
;359.12;-0.11;0.68;0.0400;-0.0200;0.0800;-0.012000;-0.002250;1.011000;0.0;0.0;0.0;0;0;30.2;24.12;1000000;0;-5.824999809;-35.227500915;40.000;0.00;0.00;0.00;0.00;0.00;0.00;0.00;0.000;0.000;0.00;0.00;0.000;0.000;0.000;0.000;9;0.0000;0.000;0.0000;0.000;0.0000;0.000;0.0000;0.000;0.0000;0.000;0.0000;0.000;0.0000;0.000;0.0000;0.000;0.000000000;0.000000000;0.0000000;0.00;0.00;0.00;17900;0;110;1;0;0;100;0.00;0;0;0;0
;359.12;-0.10;0.69;0.0400;0.0400;0.0800;-0.012750;-0.001250;1.010750;0.0;0.0;0.0;0;0;29.7;23.92;1000000;0;-5.824999809;-35.227500915;40.000;0.00;0.00;0.00;0.00;0.00;0.00;0.00;0.000;0.000;0.00;0.00;0.000;0.000;0.000;0.000;10;0.0000;0.000;0.0000;0.000;0.0000;0.000;0.0000;0.000;0.0000;0.000;0.0000;0.000;0.0000;0.000;0.0000;0.000;0.000000000;0.000000000;0.0000000;0.00;0.00;0.00;17920;0;110;1;0;0;100;0.00;0;0;0;0
;359.12;-0.10;0.69;0.0400;-0.0400;0.0400;-0.012500;-0.001750;1.010500;0.0;0.0;0.0;0;0;29.9;23.92;1000000;0;-5.824999809;-35.227500915;40.000;0.00;0.00;0.00;0.00;0.00;0.00;0.00;0.000;0.000;0.00;0.00;0.000;0.000;0.000;0.000;11;0.0000;0.000;0.0000;0.000;0.0000;0.000;0.0000;0.000;0.0000;0.000;0.0000;0.000;0.0000;0.000;0.0000;0.000;0.000000000;0.000000000;0.0000000;0.00;0.00;0.00;17940;0;110;1;0;0;100;0.00;0;0;0;0
;359.12;-0.10;0.69;0.0600;-0.0200;0.0200;-0.012500;-0.001500;1.010250;0.0;0.0;0.0;0;0;30.0;24.07;1000000;0;-5.824999809;-35.227500915;40.000;0.00;0.00;0.00;0.00;0.00;0.00;0.00;0.000;0.000;0.00;0.00;0.000;0.000;0.000;0.000;12;0.0000;0.000;0.0000;0.000;0.0000;0.000;0.0000;0.000;0.0000;0.000;0.0000;0.000;0.0000;0.000;0.0000;0.000;0.000000000;0.000000000;0.0000000;0.00;0.00;0.00;17960;0;110;1;0;0;100;0.00;0;0;0;0
;359.12;-0.10;0.69;0.0400;-0.1000;0.0400;-0.011750;-0.003000;1.010750;0.0;0.0;0.0;0;0;30.0;24.03;1000000;0;-5.824999809;-35.227500915;40.000;0.00;0.00;0.00;0.00;0.00;0.00;0.00;0.000;0.000;0.00;0.00;0.000;0.000;0.000;0.000;13;0.0000;0.000;0.0000;0.000;0.0000;0.000;0.0000;0.000;0.0000;0.000;0.0000;0.000;0.0000;0.000;0.0000;0.000;0.000000000;0.000000000;0.0000000;0.00;0.00;0.00;17980;0;110;1;0;0;100;0.00;0;0;0;0
;359.12;-0.10;0.68;0.0000;-0.0800;0.0400;-0.012000;-0.002500;1.010250;0.0;0.0;0.0;0;0;29.9;24.19;1000000;0;-5.824999809;-35.227500915;40.000;0.00;0.00;0.00;0.00;0.00;0.00;0.00;0.000;0.000;0.00;0.00;0.000;0.000;0.000;0.000;14;0.0000;0.000;0.0000;0.000;0.0000;0.000;0.0000;0.000;0.0000;0.000;0.0000;0.000;0.0000;0.000;0.0000;0.000;0.000000000;0.000000000;0.0000000;0.00;0.00;0.00;18000;0;110;1;0;0;100;0.00;0;0;0;64
;359.11;-0.10;0.68;0.0400;-0.0200;0.1000;-0.012000;-0.002500;1.010500;0.0;0.0;0.0;0;0;29.9;24.12;1000000;0;-5.824999809;-35.227500915;40.000;0.00;0.00;0.00;0.00;0.00;0.00;0.00;0.000;0.000;0.00;0.00;0.000;0.000;0.000;0.000;15;0.0000;0.000;0.0000;0.000;0.0000;0.000;0.0000;0.000;0.0000;0.000;0.0000;0.000;0.0000;0.000;0.0000;0.000;0.000000000;0.000000000;0.0000000;0.00;0.00;0.00;18020;0;110;1;0;0;100;0.00;0;0;0;0
;359.11;-0.11;0.68;0.0200;-0.0400;0.0000;-0.012750;-0.003250;1.010250;0.0;0.0;0.0;0;0;30.0;23.98;1000000;0;-5.824999809;-35.227500915;40.000;0.00;0.00;0.00;0.00;0.00;0.00;0.00;0.000;0.000;0.00;0.00;0.000;0.000;0.000;0.000;16;0.0000;0.000;0.0000;0.000;0.0000;0.000;0.0000;0.000;0.0000;0.000;0.0000;0.000;0.0000;0.000;0.0000;0.000;0.000000000;0.000000000;0.0000000;0.00;0.00;0.00;18040;0;110;1;0;0;100;0.00;0;0;0;0
;359.11;-0.11;0.68;0.0200;0.0400;0.0800;-0.013000;-0.002000;1.010250;0.0;0.0;0.0;0;0;30.1;23.92;1000000;0;-5.824999809;-35.227500915;40.000;0.00;0.00;0.00;0.00;0.00;0.00;0.00;0.000;0.000;0.00;0.00;0.000;0.000;0.000;0.000;17;0.0000;0.000;0.0000;0.000;0.0000;0.000;0.0000;0.000;0.0000;0.000;0.0000;0.000;0.0000;0.000;0.0000;0.000;0.000000000;0.000000000;0.0000000;0.00;0.00;0.00;18060;0;110;1;0;0;100;0.00;0;0;0;0
;359.11;-0.10;0.68;0.0600;-0.1000;0.0000;-0.012000;-0.002000;1.010750;0.0;0.0;0.0;0;0;29.6;23.99;1000000;0;-5.824999809;-35.227500915;40.000;0.00;0.00;0.00;0.00;0.00;0.00;0.00;0.000;0.000;0.00;0.00;0.000;0.000;0.000;0.000;18;0.0000;0.000;0.0000;0.000;0.0000;0.000;0.0000;0.000;0.0000;0.000;0.0000;0.000;0.0000;0.000;0.0000;0.000;0.000000000;0.000000000;0.0000000;0.00;0.00;0.00;18080;0;110;1;0;0;100;0.00;0;0;0;0
;359.11;-0.10;0.68;0.0400;-0.0400;0.0400;-0.011750;-0.002000;1.009750;0.0;0.0;0.0;0;0;30.0;24.01;1000000;0;-5.824999809;-35.227500915;40.000;0.00;0.00;0.00;0.00;0.00;0.00;0.00;0.000;0.000;0.00;0.00;0.000;0.000;0.000;0.000;19;0.0000;0.000;0.0000;0.000;0.0000;0.000;0.0000;0.000;0.0000;0.000;0.0000;0.000;0.0000;0.000;0.0000;0.000;0.000000000;0.000000000;0.0000000;0.00;0.00;0.00;18100;0;110;1;0;0;100;0.00;0;0;0;0
;359.11;-0.10;0.68;0.0600;0.0200;0.0400;-0.011750;-0.001750;1.010250;0.0;0.0;0.0;0;0;30.0;24.06;1000000;0;-5.824999809;-35.227500915;40.000;0.00;0.00;0.00;0.00;0.00;0.00;0.00;0.000;0.000;0.00;0.00;0.000;0.000;0.000;0.000;20;0.0000;0.000;0.0000;0.000;0.0000;0.000;0.0000;0.000;0.0000;0.000;0.0000;0.000;0.0000;0.000;0.0000;0.000;0.000000000;0.000000000;0.0000000;0.00;0.00;0.00;18120;0;110;1;0;0;100;0.00;0;0;0;0
;359.11;-0.10;0.68;0.0600;0.0600;0.0800;-0.012750;-0.002000;1.010750;0.0;0.0;0.0;0;0;30.0;23.93;1000000;0;-5.824999809;-35.227500915;40.000;0.00;0.00;0.00;0.00;0.00;0.00;0.00;0.000;0.000;0.00;0.00;0.000;0.000;0.000;0.000;21;0.0000;0.000;0.0000;0.000;0.0000;0.000;0.0000;0.000;0.0000;0.000;0.0000;0.000;0.0000;0.000;0.0000;0.000;0.000000000;0.000000000;0.0000000;0.00;0.00;0.00;18140;0;110;1;0;0;100;0.00;0;0;0;0
;359.11;-0.10;0.68;0.0000;0.0200;0.0200;-0.013000;-0.001750;1.010750;0.0;0.0;0.0;0;0;30.0;24.01;1000000;0;-5.824999809;-35.227500915;40.000;0.00;0.00;0.00;0.00;0.00;0.00;0.00;0.000;0.000;0.00;0.00;0.000;0.000;0.000;0.000;22;0.0000;0.000;0.0000;0.000;0.0000;0.000;0.0000;0.000;0.0000;0.000;0.0000;0.000;0.0000;0.000;0.0000;0.000;0.000000000;0.000000000;0.0000000;0.00;0.00;0.00;18160;0;110;1;0;0;100;0.00;0;0;0;0
;359.11;-0.10;0.68;0.0400;-0.0200;0.0400;-0.012500;-0.002500;1.010750;0.0;0.0;0.0;0;0;29.9;23.89;1000000;0;-5.824999809;-35.227500915;40.000;0.00;0.00;0.00;0.00;0.00;0.00;0.00;0.000;0.000;0.00;0.00;0.000;0.000;0.000;0.000;23;0.0000;0.000;0.0000;0.000;0.0000;0.000;0.0000;0.000;0.0000;0.000;0.0000;0.000;0.0000;0.000;0.0000;0.000;0.000000000;0.000000000;0.0000000;0.00;0.00;0.00;18180;0;110;1;0;0;100;0.00;0;0;0;0
;359.11;-0.10;0.68;0.0600;0.0400;0.0200;-0.011750;-0.002000;1.010250;0.0;0.0;0.0;0;0;29.9;24.06;1000000;0;-5.824999809;-35.227500915;40.000;0.00;0.00;0.00;0.00;0.00;0.00;0.00;0.000;0.000;0.00;0.00;0.000;0.000;0.000;0.000;24;0.0000;0.000;0.0000;0.000;0.0000;0.000;0.0000;0.000;0.0000;0.000;0.0000;0.000;0.0000;0.000;0.0000;0.000;0.000000000;0.000000000;0.0000000;0.00;0.00;0.00;18200;0;110;1;0;0;100;0.00;0;0;0;0
;359.11;-0.10;0.68;0.0200;-0.0400;0.0400;-0.011500;-0.002250;1.010500;0.0;0.0;0.0;0;0;30.0;24.08;1000000;0;-5.824999809;-35.227500915;40.000;0.00;0.00;0.00;0.00;0.00;0.00;0.00;0.000;0.000;0.00;0.00;0.000;0.000;0.000;0.000;25;0.0000;0.000;0.0000;0.000;0.0000;0.000;0.0000;0.000;0.0000;0.000;0.0000;0.000;0.0000;0.000;0.0000;0.000;0.000000000;0.000000000;0.0000000;0.00;0.00;0.00;18220;0;110;1;0;0;100;0.00;0;0;0;0
;359.11;-0.10;0.68;0.0200;0.0200;0.0800;-0.012000;-0.002250;1.011000;0.0;0.0;0.0;0;0;30.1;23.97;1000000;0;-5.824999809;-35.227500915;40.000;0.00;0.00;0.00;0.00;0.00;0.00;0.00;0.000;0.000;0.00;0.00;0.000;0.000;0.000;0.000;26;0.0000;0.000;0.0000;0.000;0.0000;0.000;0.0000;0.000;0.0000;0.000;0.0000;0.000;0.0000;0.000;0.0000;0.000;0.000000000;0.000000000;0.0000000;0.00;0.00;0.00;18240;0;110;1;0;0;100;0.00;0;0;0;0
;359.10;-0.10;0.68;0.0400;0.0200;0.0400;-0.012750;-0.002000;1.010750;0.0;0.0;0.0;0;0;30.1;24.01;1000000;0;-5.824999809;-35.227500915;40.000;0.00;0.00;0.00;0.00;0.00;0.00;0.00;0.000;0.000;0.00;0.00;0.000;0.000;0.000;0.000;27;0.0000;0.000;0.0000;0.000;0.0000;0.000;0.0000;0.000;0.0000;0.000;0.0000;0.000;0.0000;0.000;0.0000;0.000;0.000000000;0.000000000;0.0000000;0.00;0.00;0.00;18260;0;110;1;0;0;100;0.00;0;0;0;0
;359.10;-0.10;0.68;0.0600;-0.0800;0.0400;-0.013250;-0.002250;1.010500;0.0;0.0;0.0;0;0;30.2;24.02;1000000;0;-5.824999809;-35.227500915;40.000;0.00;0.00;0.00;0.00;0.00;0.00;0.00;0.000;0.000;0.00;0.00;0.000;0.000;0.000;0.000;28;0.0000;0.000;0.0000;0.000;0.0000;0.000;0.0000;0.000;0.0000;0.000;0.0000;0.000;0.0000;0.000;0.0000;0.000;0.000000000;0.000000000;0.0000000;0.00;0.00;0.00;18280;0;110;1;0;0;100;0.00;0;0;0;0
;359.10;-0.10;0.68;0.0400;-0.0600;0.0600;-0.012500;-0.002250;1.010000;0.0;0.0;0.0;0;0;29.9;24.09;1000000;0;-5.824999809;-35.227500915;40.000;0.00;0.00;0.00;0.00;0.00;0.00;0.00;0.000;0.000;0.00;0.00;0.000;0.000;0.000;0.000;29;0.0000;0.000;0.0000;0.000;0.0000;0.000;0.0000;0.000;0.0000;0.000;0.0000;0.000;0.0000;0.000;0.0000;0.000;0.000000000;0.000000000;0.0000000;0.00;0.00;0.00;18300;0;110;1;0;0;100;0.00;0;0;0;0
;359.10;-0.10;0.68;0.0400;-0.0400;0.0400;-0.011250;-0.002500;1.010500;0.0;0.0;0.0;0;0;30.1;24.01;1000000;0;-5.824999809;-35.227500915;40.000;0.00;0.00;0.00;0.00;0.00;0.00;0.00;0.000;0.000;0.00;0.00;0.000;0.000;0.000;0.000;30;0.0000;0.000;0.0000;0.000;0.0000;0.000;0.0000;0.000;0.0000;0.000;0.0000;0.000;0.0000;0.000;0.0000;0.000;0.000000000;0.000000000;0.0000000;0.00;0.00;0.00;18320;0;110;1;0;0;100;0.00;0;0;0;0
;359.10;-0.10;0.68;0.0800;0.0200;0.0400;-0.011250;-0.002750;1.010750;0.0;0.0;0.0;0;0;30.0;24.06;1000000;0;-5.824999809;-35.227500915;40.000;0.00;0.00;0.00;0.00;0.00;0.00;0.00;0.000;0.000;0.00;0.00;0.000;0.000;0.000;0.000;31;0.0000;0.000;0.0000;0.000;0.0000;0.000;0.0000;0.000;0.0000;0.000;0.0000;0.000;0.0000;0.000;0.0000;0.000;0.000000000;0.000000000;0.0000000;0.00;0.00;0.00;18340;0;110;1;0;0;100;0.00;0;0;0;0
;359.10;-0.10;0.68;0.0600;-0.0400;0.0800;-0.012000;-0.002000;1.010000;0.0;0.0;0.0;0;0;29.7;24.01;1000000;0;-5.824999809;-35.227500915;40.000;0.00;0.00;0.00;0.00;0.00;0.00;0.00;0.000;0.000;0.00;0.00;0.000;0.000;0.000;0.000;0;0.0000;0.000;0.0000;0.000;0.0000;0.000;0.0000;0.000;0.0000;0.000;0.0000;0.000;0.0000;0.000;0.0000;0.000;0.000000000;0.000000000;0.0000000;0.00;0.00;0.00;18360;0;110;1;0;0;100;0.00;0;0;0;0
;359.10;-0.10;0.68;0.0400;0.0000;0.0400;-0.012750;-0.001750;1.010750;0.0;0.0;0.0;0;0;29.4;24.02;1000000;0;-5.824999809;-35.227500915;40.000;0.00;0.00;0.00;0.00;0.00;0.00;0.00;0.000;0.000;0.00;0.00;0.000;0.000;0.000;0.000;1;0.0000;0.000;0.0000;0.000;0.0000;0.000;0.0000;0.000;0.0000;0.000;0.0000;0.000;0.0000;0.000;0.0000;0.000;0.000000000;0.000000000;0.0000000;0.00;0.00;0.00;18380;0;110;1;0;0;100;0.00;0;0;0;0
;359.10;-0.10;0.68;0.1000;0.0400;0.0400;-0.012750;-0.002000;1.010750;0.0;0.0;0.0;0;0;29.9;24.06;1000000;0;-5.824999809;-35.227500915;40.000;0.00;0.00;0.00;0.00;0.00;0.00;0.00;0.000;0.000;0.00;0.00;0.000;0.000;0.000;0.000;2;0.0000;0.000;0.0000;0.000;0.0000;0.000;0.0000;0.000;0.0000;0.000;0.0000;0.000;0.0000;0.000;0.0000;0.000;0.000000000;0.000000000;0.0000000;0.00;0.00;0.00;18400;0;110;1;0;0;100;0.00;0;0;0;0
;359.10;-0.10;0.68;0.0400;0.0000;0.0400;-0.012500;-0.001000;1.010750;0.0;0.0;0.0;0;0;30.0;23.96;1000000;0;-5.824999809;-35.227500915;40.000;0.00;0.00;0.00;0.00;0.00;0.00;0.00;0.000;0.000;0.00;0.00;0.000;0.000;0.000;0.000;3;0.0000;0.000;0.0000;0.000;0.0000;0.000;0.0000;0.000;0.0000;0.000;0.0000;0.000;0.0000;0.000;0.0000;0.000;0.000000000;0.000000000;0.0000000;0.00;0.00;0.00;18420;0;110;1;0;0;100;0.00;0;0;0;0
;359.10;-0.10;0.68;0.0800;-0.0200;0.0600;-0.012250;-0.002500;1.011000;0.0;0.0;0.0;0;0;30.2;24.01;1000000;0;-5.824999809;-35.227500915;40.000;0.00;0.00;0.00;0.00;0.00;0.00;0.00;0.000;0.000;0.00;0.00;0.000;0.000;0.000;0.000;4;0.0000;0.000;0.0000;0.000;0.0000;0.000;0.0000;0.000;0.0000;0.000;0.0000;0.000;0.0000;0.000;0.0000;0.000;0.000000000;0.000000000;0.0000000;0.00;0.00;0.00;18440;0;110;1;0;0;100;0.00;0;0;0;0
;359.09;-0.10;0.68;0.0600;-0.0800;0.0600;-0.011500;-0.002500;1.010750;0.0;0.0;0.0;0;0;30.1;23.95;1000000;0;-5.824999809;-35.227500915;40.000;0.00;0.00;0.00;0.00;0.00;0.00;0.00;0.000;0.000;0.00;0.00;0.000;0.000;0.000;0.000;5;0.0000;0.000;0.0000;0.000;0.0000;0.000;0.0000;0.000;0.0000;0.000;0.0000;0.000;0.0000;0.000;0.0000;0.000;0.000000000;0.000000000;0.0000000;0.00;0.00;0.00;18460;0;110;1;0;0;100;0.00;0;0;0;0
;359.09;-0.10;0.68;0.0400;-0.0200;0.0600;-0.011500;-0.002500;1.010250;0.0;0.0;0.0;0;0;30.0;24.01;1000000;0;-5.824999809;-35.227500915;40.000;0.00;0.00;0.00;0.00;0.00;0.00;0.00;0.000;0.000;0.00;0.00;0.000;0.000;0.000;0.000;6;0.0000;0.000;0.0000;0.000;0.0000;0.000;0.0000;0.000;0.0000;0.000;0.0000;0.000;0.0000;0.000;0.0000;0.000;0.000000000;0.000000000;0.0000000;0.00;0.00;0.00;18480;0;110;1;0;0;100;0.00;0;0;0;0
;;;;;;;;;;;;;;;;;;;;;;;;;;;;;;;;;;;;;;;;;;;;;;;;;;;;;;;;;;;;;;;;;;;;;;;
;;;;;;;;;;;;;;;;;;;;;;;;;;;;;;;;;;;;;;;;;;;;;;;;;;;;;;;;;;;;;;;;;;;;;;;
;;;;;;;;;;;;;;;;;;;;;;;;;;;;;;;;;;;;;;;;;;;;;;;;;;;;;;;;;;;;;;;;;;;;;;;
;;;;;;;;;;;;;;;;;;;;;;;;;;;;;;;;;;;;;;;;;;;;;;;;;;;;;;;;;;;;;;;;;;;;;;;
;;;;;;;;;;;;;;;;;;;;;;;;;;;;;;;;;;;;;;;;;;;;;;;;;;;;;;;;;;;;;;;;;;;;;;;
;;;;;;;;;;;;;;;;;;;;;;;;;;;;;;;;;;;;;;;;;;;;;;;;;;;;;;;;;;;;;;;;;;;;;;;
;;;;;;;;;;;;;;;;;;;;;;;;;;;;;;;;;;;;;;;;;;;;;;;;;;;;;;;;;;;;;;;;;;;;;;;
;;;;;;;;;;;;;;;;;;;;;;;;;;;;;;;;;;;;;;;;;;;;;;;;;;;;;;;;;;;;;;;;;;;;;;;
;;;;;;;;;;;;;;;;;;;;;;;;;;;;;;;;;;;;;;;;;;;;;;;;;;;;;;;;;;;;;;;;;;;;;;;
;;;;;;;;;;;;;;;;;;;;;;;;;;;;;;;;;;;;;;;;;;;;;;;;;;;;;;;;;;;;;;;;;;;;;;;
;;;;;;;;;;;;;;;;;;;;;;;;;;;;;;;;;;;;;;;;;;;;;;;;;;;;;;;;;;;;;;;;;;;;;;;
;;;;;;;;;;;;;;;;;;;;;;;;;;;;;;;;;;;;;;;;;;;;;;;;;;;;;;;;;;;;;;;;;;;;;;;
;;;;;;;;;;;;;;;;;;;;;;;;;;;;;;;;;;;;;;;;;;;;;;;;;;;;;;;;;;;;;;;;;;;;;;;
;;;;;;;;;;;;;;;;;;;;;;;;;;;;;;;;;;;;;;;;;;;;;;;;;;;;;;;;;;;;;;;;;;;;;;;
;;;;;;;;;;;;;;;;;;;;;;;;;;;;;;;;;;;;;;;;;;;;;;;;;;;;;;;;;;;;;;;;;;;;;;;
;;;;;;;;;;;;;;;;;;;;;;;;;;;;;;;;;;;;;;;;;;;;;;;;;;;;;;;;;;;;;;;;;;;;;;;
;;;;;;;;;;;;;;;;;;;;;;;;;;;;;;;;;;;;;;;;;;;;;;;;;;;;;;;;;;;;;;;;;;;;;;;
;;;;;;;;;;;;;;;;;;;;;;;;;;;;;;;;;;;;;;;;;;;;;;;;;;;;;;;;;;;;;;;;;;;;;;;
;;;;;;;;;;;;;;;;;;;;;;;;;;;;;;;;;;;;;;;;;;;;;;;;;;;;;;;;;;;;;;;;;;;;;;;
;;;;;;;;;;;;;;;;;;;;;;;;;;;;;;;;;;;;;;;;;;;;;;;;;;;;;;;;;;;;;;;;;;;;;;;
;;;;;;;;;;;;;;;;;;;;;;;;;;;;;;;;;;;;;;;;;;;;;;;;;;;;;;;;;;;;;;;;;;;;;;;
;;;;;;;;;;;;;;;;;;;;;;;;;;;;;;;;;;;;;;;;;;;;;;;;;;;;;;;;;;;;;;;;;;;;;;;
;;;;;;;;;;;;;;;;;;;;;;;;;;;;;;;;;;;;;;;;;;;;;;;;;;;;;;;;;;;;;;;;;;;;;;;
;;;;;;;;;;;;;;;;;;;;;;;;;;;;;;;;;;;;;;;;;;;;;;;;;;;;;;;;;;;;;;;;;;;;;;;
;;;;;;;;;;;;;;;;;;;;;;;;;;;;;;;;;;;;;;;;;;;;;;;;;;;;;;;;;;;;;;;;;;;;;;;
;;;;;;;;;;;;;;;;;;;;;;;;;;;;;;;;;;;;;;;;;;;;;;;;;;;;;;;;;;;;;;;;;;;;;;;
;;;;;;;;;;;;;;;;;;;;;;;;;;;;;;;;;;;;;;;;;;;;;;;;;;;;;;;;;;;;;;;;;;;;;;;
;;;;;;;;;;;;;;;;;;;;;;;;;;;;;;;;;;;;;;;;;;;;;;;;;;;;;;;;;;;;;;;;;;;;;;;
;;;;;;;;;;;;;;;;;;;;;;;;;;;;;;;;;;;;;;;;;;;;;;;;;;;;;;;;;;;;;;;;;;;;;;;
;;;;;;;;;;;;;;;;;;;;;;;;;;;;;;;;;;;;;;;;;;;;;;;;;;;;;;;;;;;;;;;;;;;;;;;
;;;;;;;;;;;;;;;;;;;;;;;;;;;;;;;;;;;;;;;;;;;;;;;;;;;;;;;;;;;;;;;;;;;;;;;
;;;;;;;;;;;;;;;;;;;;;;;;;;;;;;;;;;;;;;;;;;;;;;;;;;;;;;;;;;;;;;;;;;;;;;;
;;;;;;;;;;;;;;;;;;;;;;;;;;;;;;;;;;;;;;;;;;;;;;;;;;;;;;;;;;;;;;;;;;;;;;;
;;;;;;;;;;;;;;;;;;;;;;;;;;;;;;;;;;;;;;;;;;;;;;;;;;;;;;;;;;;;;;;;;;;;;;;
;;;;;;;;;;;;;;;;;;;;;;;;;;;;;;;;;;;;;;;;;;;;;;;;;;;;;;;;;;;;;;;;;;;;;;;
;;;;;;;;;;;;;;;;;;;;;;;;;;;;;;;;;;;;;;;;;;;;;;;;;;;;;;;;;;;;;;;;;;;;;;;
;;;;;;;;;;;;;;;;;;;;;;;;;;;;;;;;;;;;;;;;;;;;;;;;;;;;;;;;;;;;;;;;;;;;;;;
;;;;;;;;;;;;;;;;;;;;;;;;;;;;;;;;;;;;;;;;;;;;;;;;;;;;;;;;;;;;;;;;;;;;;;;
;;;;;;;;;;;;;;;;;;;;;;;;;;;;;;;;;;;;;;;;;;;;;;;;;;;;;;;;;;;;;;;;;;;;;;;
;;;;;;;;;;;;;;;;;;;;;;;;;;;;;;;;;;;;;;;;;;;;;;;;;;;;;;;;;;;;;;;;;;;;;;;
;;;;;;;;;;;;;;;;;;;;;;;;;;;;;;;;;;;;;;;;;;;;;;;;;;;;;;;;;;;;;;;;;;;;;;;
;;;;;;;;;;;;;;;;;;;;;;;;;;;;;;;;;;;;;;;;;;;;;;;;;;;;;;;;;;;;;;;;;;;;;;;
;;;;;;;;;;;;;;;;;;;;;;;;;;;;;;;;;;;;;;;;;;;;;;;;;;;;;;;;;;;;;;;;;;;;;;;
;;;;;;;;;;;;;;;;;;;;;;;;;;;;;;;;;;;;;;;;;;;;;;;;;;;;;;;;;;;;;;;;;;;;;;;
;;;;;;;;;;;;;;;;;;;;;;;;;;;;;;;;;;;;;;;;;;;;;;;;;;;;;;;;;;;;;;;;;;;;;;;
;;;;;;;;;;;;;;;;;;;;;;;;;;;;;;;;;;;;;;;;;;;;;;;;;;;;;;;;;;;;;;;;;;;;;;;
;;;;;;;;;;;;;;;;;;;;;;;;;;;;;;;;;;;;;;;;;;;;;;;;;;;;;;;;;;;;;;;;;;;;;;;
;;;;;;;;;;;;;;;;;;;;;;;;;;;;;;;;;;;;;;;;;;;;;;;;;;;;;;;;;;;;;;;;;;;;;;;
;;;;;;;;;;;;;;;;;;;;;;;;;;;;;;;;;;;;;;;;;;;;;;;;;;;;;;;;;;;;;;;;;;;;;;;
;;;;;;;;;;;;;;;;;;;;;;;;;;;;;;;;;;;;;;;;;;;;;;;;;;;;;;;;;;;;;;;;;;;;;;;
;;;;;;;;;;;;;;;;;;;;;;;;;;;;;;;;;;;;;;;;;;;;;;;;;;;;;;;;;;;;;;;;;;;;;;;
;;;;;;;;;;;;;;;;;;;;;;;;;;;;;;;;;;;;;;;;;;;;;;;;;;;;;;;;;;;;;;;;;;;;;;;
;;;;;;;;;;;;;;;;;;;;;;;;;;;;;;;;;;;;;;;;;;;;;;;;;;;;;;;;;;;;;;;;;;;;;;;
;;;;;;;;;;;;;;;;;;;;;;;;;;;;;;;;;;;;;;;;;;;;;;;;;;;;;;;;;;;;;;;;;;;;;;;
;;;;;;;;;;;;;;;;;;;;;;;;;;;;;;;;;;;;;;;;;;;;;;;;;;;;;;;;;;;;;;;;;;;;;;;
;;;;;;;;;;;;;;;;;;;;;;;;;;;;;;;;;;;;;;;;;;;;;;;;;;;;;;;;;;;;;;;;;;;;;;;
;;;;;;;;;;;;;;;;;;;;;;;;;;;;;;;;;;;;;;;;;;;;;;;;;;;;;;;;;;;;;;;;;;;;;;;
;;;;;;;;;;;;;;;;;;;;;;;;;;;;;;;;;;;;;;;;;;;;;;;;;;;;;;;;;;;;;;;;;;;;;;;
;;;;;;;;;;;;;;;;;;;;;;;;;;;;;;;;;;;;;;;;;;;;;;;;;;;;;;;;;;;;;;;;;;;;;;;
;;;;;;;;;;;;;;;;;;;;;;;;;;;;;;;;;;;;;;;;;;;;;;;;;;;;;;;;;;;;;;;;;;;;;;;
;;;;;;;;;;;;;;;;;;;;;;;;;;;;;;;;;;;;;;;;;;;;;;;;;;;;;;;;;;;;;;;;;;;;;;;
;;;;;;;;;;;;;;;;;;;;;;;;;;;;;;;;;;;;;;;;;;;;;;;;;;;;;;;;;;;;;;;;;;;;;;;
;;;;;;;;;;;;;;;;;;;;;;;;;;;;;;;;;;;;;;;;;;;;;;;;;;;;;;;;;;;;;;;;;;;;;;;
;;;;;;;;;;;;;;;;;;;;;;;;;;;;;;;;;;;;;;;;;;;;;;;;;;;;;;;;;;;;;;;;;;;;;;;
;;;;;;;;;;;;;;;;;;;;;;;;;;;;;;;;;;;;;;;;;;;;;;;;;;;;;;;;;;;;;;;;;;;;;;;
;;;;;;;;;;;;;;;;;;;;;;;;;;;;;;;;;;;;;;;;;;;;;;;;;;;;;;;;;;;;;;;;;;;;;;;
;;;;;;;;;;;;;;;;;;;;;;;;;;;;;;;;;;;;;;;;;;;;;;;;;;;;;;;;;;;;;;;;;;;;;;;
;;;;;;;;;;;;;;;;;;;;;;;;;;;;;;;;;;;;;;;;;;;;;;;;;;;;;;;;;;;;;;;;;;;;;;;
;;;;;;;;;;;;;;;;;;;;;;;;;;;;;;;;;;;;;;;;;;;;;;;;;;;;;;;;;;;;;;;;;;;;;;;
;;;;;;;;;;;;;;;;;;;;;;;;;;;;;;;;;;;;;;;;;;;;;;;;;;;;;;;;;;;;;;;;;;;;;;;
;;;;;;;;;;;;;;;;;;;;;;;;;;;;;;;;;;;;;;;;;;;;;;;;;;;;;;;;;;;;;;;;;;;;;;;
;;;;;;;;;;;;;;;;;;;;;;;;;;;;;;;;;;;;;;;;;;;;;;;;;;;;;;;;;;;;;;;;;;;;;;;
;;;;;;;;;;;;;;;;;;;;;;;;;;;;;;;;;;;;;;;;;;;;;;;;;;;;;;;;;;;;;;;;;;;;;;;
;;;;;;;;;;;;;;;;;;;;;;;;;;;;;;;;;;;;;;;;;;;;;;;;;;;;;;;;;;;;;;;;;;;;;;;
;;;;;;;;;;;;;;;;;;;;;;;;;;;;;;;;;;;;;;;;;;;;;;;;;;;;;;;;;;;;;;;;;;;;;;;
;;;;;;;;;;;;;;;;;;;;;;;;;;;;;;;;;;;;;;;;;;;;;;;;;;;;;;;;;;;;;;;;;;;;;;;
;;;;;;;;;;;;;;;;;;;;;;;;;;;;;;;;;;;;;;;;;;;;;;;;;;;;;;;;;;;;;;;;;;;;;;;
;;;;;;;;;;;;;;;;;;;;;;;;;;;;;;;;;;;;;;;;;;;;;;;;;;;;;;;;;;;;;;;;;;;;;;;
;;;;;;;;;;;;;;;;;;;;;;;;;;;;;;;;;;;;;;;;;;;;;;;;;;;;;;;;;;;;;;;;;;;;;;;
;;;;;;;;;;;;;;;;;;;;;;;;;;;;;;;;;;;;;;;;;;;;;;;;;;;;;;;;;;;;;;;;;;;;;;;
;;;;;;;;;;;;;;;;;;;;;;;;;;;;;;;;;;;;;;;;;;;;;;;;;;;;;;;;;;;;;;;;;;;;;;;
;;;;;;;;;;;;;;;;;;;;;;;;;;;;;;;;;;;;;;;;;;;;;;;;;;;;;;;;;;;;;;;;;;;;;;;
;;;;;;;;;;;;;;;;;;;;;;;;;;;;;;;;;;;;;;;;;;;;;;;;;;;;;;;;;;;;;;;;;;;;;;;
;;;;;;;;;;;;;;;;;;;;;;;;;;;;;;;;;;;;;;;;;;;;;;;;;;;;;;;;;;;;;;;;;;;;;;;
;;;;;;;;;;;;;;;;;;;;;;;;;;;;;;;;;;;;;;;;;;;;;;;;;;;;;;;;;;;;;;;;;;;;;;;
;;;;;;;;;;;;;;;;;;;;;;;;;;;;;;;;;;;;;;;;;;;;;;;;;;;;;;;;;;;;;;;;;;;;;;;
;;;;;;;;;;;;;;;;;;;;;;;;;;;;;;;;;;;;;;;;;;;;;;;;;;;;;;;;;;;;;;;;;;;;;;;
;;;;;;;;;;;;;;;;;;;;;;;;;;;;;;;;;;;;;;;;;;;;;;;;;;;;;;;;;;;;;;;;;;;;;;;
;;;;;;;;;;;;;;;;;;;;;;;;;;;;;;;;;;;;;;;;;;;;;;;;;;;;;;;;;;;;;;;;;;;;;;;
;;;;;;;;;;;;;;;;;;;;;;;;;;;;;;;;;;;;;;;;;;;;;;;;;;;;;;;;;;;;;;;;;;;;;;;
;;;;;;;;;;;;;;;;;;;;;;;;;;;;;;;;;;;;;;;;;;;;;;;;;;;;;;;;;;;;;;;;;;;;;;;
;;;;;;;;;;;;;;;;;;;;;;;;;;;;;;;;;;;;;;;;;;;;;;;;;;;;;;;;;;;;;;;;;;;;;;;
;;;;;;;;;;;;;;;;;;;;;;;;;;;;;;;;;;;;;;;;;;;;;;;;;;;;;;;;;;;;;;;;;;;;;;;
;;;;;;;;;;;;;;;;;;;;;;;;;;;;;;;;;;;;;;;;;;;;;;;;;;;;;;;;;;;;;;;;;;;;;;;
;;;;;;;;;;;;;;;;;;;;;;;;;;;;;;;;;;;;;;;;;;;;;;;;;;;;;;;;;;;;;;;;;;;;;;;
;;;;;;;;;;;;;;;;;;;;;;;;;;;;;;;;;;;;;;;;;;;;;;;;;;;;;;;;;;;;;;;;;;;;;;;
;;;;;;;;;;;;;;;;;;;;;;;;;;;;;;;;;;;;;;;;;;;;;;;;;;;;;;;;;;;;;;;;;;;;;;;
;;;;;;;;;;;;;;;;;;;;;;;;;;;;;;;;;;;;;;;;;;;;;;;;;;;;;;;;;;;;;;;;;;;;;;;
;;;;;;;;;;;;;;;;;;;;;;;;;;;;;;;;;;;;;;;;;;;;;;;;;;;;;;;;;;;;;;;;;;;;;;;
;;;;;;;;;;;;;;;;;;;;;;;;;;;;;;;;;;;;;;;;;;;;;;;;;;;;;;;;;;;;;;;;;;;;;;;
;;;;;;;;;;;;;;;;;;;;;;;;;;;;;;;;;;;;;;;;;;;;;;;;;;;;;;;;;;;;;;;;;;;;;;;
;;;;;;;;;;;;;;;;;;;;;;;;;;;;;;;;;;;;;;;;;;;;;;;;;;;;;;;;;;;;;;;;;;;;;;;
;;;;;;;;;;;;;;;;;;;;;;;;;;;;;;;;;;;;;;;;;;;;;;;;;;;;;;;;;;;;;;;;;;;;;;;
;;;;;;;;;;;;;;;;;;;;;;;;;;;;;;;;;;;;;;;;;;;;;;;;;;;;;;;;;;;;;;;;;;;;;;;
;;;;;;;;;;;;;;;;;;;;;;;;;;;;;;;;;;;;;;;;;;;;;;;;;;;;;;;;;;;;;;;;;;;;;;;
;;;;;;;;;;;;;;;;;;;;;;;;;;;;;;;;;;;;;;;;;;;;;;;;;;;;;;;;;;;;;;;;;;;;;;;
;;;;;;;;;;;;;;;;;;;;;;;;;;;;;;;;;;;;;;;;;;;;;;;;;;;;;;;;;;;;;;;;;;;;;;;
;;;;;;;;;;;;;;;;;;;;;;;;;;;;;;;;;;;;;;;;;;;;;;;;;;;;;;;;;;;;;;;;;;;;;;;
;;;;;;;;;;;;;;;;;;;;;;;;;;;;;;;;;;;;;;;;;;;;;;;;;;;;;;;;;;;;;;;;;;;;;;;
;;;;;;;;;;;;;;;;;;;;;;;;;;;;;;;;;;;;;;;;;;;;;;;;;;;;;;;;;;;;;;;;;;;;;;;
;;;;;;;;;;;;;;;;;;;;;;;;;;;;;;;;;;;;;;;;;;;;;;;;;;;;;;;;;;;;;;;;;;;;;;;
;;;;;;;;;;;;;;;;;;;;;;;;;;;;;;;;;;;;;;;;;;;;;;;;;;;;;;;;;;;;;;;;;;;;;;;
;;;;;;;;;;;;;;;;;;;;;;;;;;;;;;;;;;;;;;;;;;;;;;;;;;;;;;;;;;;;;;;;;;;;;;;
;;;;;;;;;;;;;;;;;;;;;;;;;;;;;;;;;;;;;;;;;;;;;;;;;;;;;;;;;;;;;;;;;;;;;;;
;;;;;;;;;;;;;;;;;;;;;;;;;;;;;;;;;;;;;;;;;;;;;;;;;;;;;;;;;;;;;;;;;;;;;;;
;;;;;;;;;;;;;;;;;;;;;;;;;;;;;;;;;;;;;;;;;;;;;;;;;;;;;;;;;;;;;;;;;;;;;;;
;;;;;;;;;;;;;;;;;;;;;;;;;;;;;;;;;;;;;;;;;;;;;;;;;;;;;;;;;;;;;;;;;;;;;;;
;;;;;;;;;;;;;;;;;;;;;;;;;;;;;;;;;;;;;;;;;;;;;;;;;;;;;;;;;;;;;;;;;;;;;;;
;;;;;;;;;;;;;;;;;;;;;;;;;;;;;;;;;;;;;;;;;;;;;;;;;;;;;;;;;;;;;;;;;;;;;;;
;;;;;;;;;;;;;;;;;;;;;;;;;;;;;;;;;;;;;;;;;;;;;;;;;;;;;;;;;;;;;;;;;;;;;;;
;;;;;;;;;;;;;;;;;;;;;;;;;;;;;;;;;;;;;;;;;;;;;;;;;;;;;;;;;;;;;;;;;;;;;;;
;;;;;;;;;;;;;;;;;;;;;;;;;;;;;;;;;;;;;;;;;;;;;;;;;;;;;;;;;;;;;;;;;;;;;;;
;;;;;;;;;;;;;;;;;;;;;;;;;;;;;;;;;;;;;;;;;;;;;;;;;;;;;;;;;;;;;;;;;;;;;;;
;;;;;;;;;;;;;;;;;;;;;;;;;;;;;;;;;;;;;;;;;;;;;;;;;;;;;;;;;;;;;;;;;;;;;;;
;;;;;;;;;;;;;;;;;;;;;;;;;;;;;;;;;;;;;;;;;;;;;;;;;;;;;;;;;;;;;;;;;;;;;;;
;;;;;;;;;;;;;;;;;;;;;;;;;;;;;;;;;;;;;;;;;;;;;;;;;;;;;;;;;;;;;;;;;;;;;;;
;;;;;;;;;;;;;;;;;;;;;;;;;;;;;;;;;;;;;;;;;;;;;;;;;;;;;;;;;;;;;;;;;;;;;;;
;;;;;;;;;;;;;;;;;;;;;;;;;;;;;;;;;;;;;;;;;;;;;;;;;;;;;;;;;;;;;;;;;;;;;;;
;;;;;;;;;;;;;;;;;;;;;;;;;;;;;;;;;;;;;;;;;;;;;;;;;;;;;;;;;;;;;;;;;;;;;;;
;;;;;;;;;;;;;;;;;;;;;;;;;;;;;;;;;;;;;;;;;;;;;;;;;;;;;;;;;;;;;;;;;;;;;;;
;;;;;;;;;;;;;;;;;;;;;;;;;;;;;;;;;;;;;;;;;;;;;;;;;;;;;;;;;;;;;;;;;;;;;;;
;;;;;;;;;;;;;;;;;;;;;;;;;;;;;;;;;;;;;;;;;;;;;;;;;;;;;;;;;;;;;;;;;;;;;;;
;;;;;;;;;;;;;;;;;;;;;;;;;;;;;;;;;;;;;;;;;;;;;;;;;;;;;;;;;;;;;;;;;;;;;;;
;;;;;;;;;;;;;;;;;;;;;;;;;;;;;;;;;;;;;;;;;;;;;;;;;;;;;;;;;;;;;;;;;;;;;;;
;;;;;;;;;;;;;;;;;;;;;;;;;;;;;;;;;;;;;;;;;;;;;;;;;;;;;;;;;;;;;;;;;;;;;;;
;;;;;;;;;;;;;;;;;;;;;;;;;;;;;;;;;;;;;;;;;;;;;;;;;;;;;;;;;;;;;;;;;;;;;;;
;;;;;;;;;;;;;;;;;;;;;;;;;;;;;;;;;;;;;;;;;;;;;;;;;;;;;;;;;;;;;;;;;;;;;;;
;;;;;;;;;;;;;;;;;;;;;;;;;;;;;;;;;;;;;;;;;;;;;;;;;;;;;;;;;;;;;;;;;;;;;;;
;;;;;;;;;;;;;;;;;;;;;;;;;;;;;;;;;;;;;;;;;;;;;;;;;;;;;;;;;;;;;;;;;;;;;;;
;;;;;;;;;;;;;;;;;;;;;;;;;;;;;;;;;;;;;;;;;;;;;;;;;;;;;;;;;;;;;;;;;;;;;;;
;;;;;;;;;;;;;;;;;;;;;;;;;;;;;;;;;;;;;;;;;;;;;;;;;;;;;;;;;;;;;;;;;;;;;;;
;;;;;;;;;;;;;;;;;;;;;;;;;;;;;;;;;;;;;;;;;;;;;;;;;;;;;;;;;;;;;;;;;;;;;;;
;;;;;;;;;;;;;;;;;;;;;;;;;;;;;;;;;;;;;;;;;;;;;;;;;;;;;;;;;;;;;;;;;;;;;;;
;;;;;;;;;;;;;;;;;;;;;;;;;;;;;;;;;;;;;;;;;;;;;;;;;;;;;;;;;;;;;;;;;;;;;;;
;;;;;;;;;;;;;;;;;;;;;;;;;;;;;;;;;;;;;;;;;;;;;;;;;;;;;;;;;;;;;;;;;;;;;;;
;;;;;;;;;;;;;;;;;;;;;;;;;;;;;;;;;;;;;;;;;;;;;;;;;;;;;;;;;;;;;;;;;;;;;;;
;;;;;;;;;;;;;;;;;;;;;;;;;;;;;;;;;;;;;;;;;;;;;;;;;;;;;;;;;;;;;;;;;;;;;;;
;;;;;;;;;;;;;;;;;;;;;;;;;;;;;;;;;;;;;;;;;;;;;;;;;;;;;;;;;;;;;;;;;;;;;;;
;;;;;;;;;;;;;;;;;;;;;;;;;;;;;;;;;;;;;;;;;;;;;;;;;;;;;;;;;;;;;;;;;;;;;;;
;;;;;;;;;;;;;;;;;;;;;;;;;;;;;;;;;;;;;;;;;;;;;;;;;;;;;;;;;;;;;;;;;;;;;;;
;;;;;;;;;;;;;;;;;;;;;;;;;;;;;;;;;;;;;;;;;;;;;;;;;;;;;;;;;;;;;;;;;;;;;;;
;;;;;;;;;;;;;;;;;;;;;;;;;;;;;;;;;;;;;;;;;;;;;;;;;;;;;;;;;;;;;;;;;;;;;;;
;;;;;;;;;;;;;;;;;;;;;;;;;;;;;;;;;;;;;;;;;;;;;;;;;;;;;;;;;;;;;;;;;;;;;;;
;;;;;;;;;;;;;;;;;;;;;;;;;;;;;;;;;;;;;;;;;;;;;;;;;;;;;;;;;;;;;;;;;;;;;;;
;;;;;;;;;;;;;;;;;;;;;;;;;;;;;;;;;;;;;;;;;;;;;;;;;;;;;;;;;;;;;;;;;;;;;;;
;;;;;;;;;;;;;;;;;;;;;;;;;;;;;;;;;;;;;;;;;;;;;;;;;;;;;;;;;;;;;;;;;;;;;;;
;;;;;;;;;;;;;;;;;;;;;;;;;;;;;;;;;;;;;;;;;;;;;;;;;;;;;;;;;;;;;;;;;;;;;;;
;;;;;;;;;;;;;;;;;;;;;;;;;;;;;;;;;;;;;;;;;;;;;;;;;;;;;;;;;;;;;;;;;;;;;;;
;;;;;;;;;;;;;;;;;;;;;;;;;;;;;;;;;;;;;;;;;;;;;;;;;;;;;;;;;;;;;;;;;;;;;;;
;;;;;;;;;;;;;;;;;;;;;;;;;;;;;;;;;;;;;;;;;;;;;;;;;;;;;;;;;;;;;;;;;;;;;;;
;;;;;;;;;;;;;;;;;;;;;;;;;;;;;;;;;;;;;;;;;;;;;;;;;;;;;;;;;;;;;;;;;;;;;;;
;;;;;;;;;;;;;;;;;;;;;;;;;;;;;;;;;;;;;;;;;;;;;;;;;;;;;;;;;;;;;;;;;;;;;;;
;;;;;;;;;;;;;;;;;;;;;;;;;;;;;;;;;;;;;;;;;;;;;;;;;;;;;;;;;;;;;;;;;;;;;;;
;;;;;;;;;;;;;;;;;;;;;;;;;;;;;;;;;;;;;;;;;;;;;;;;;;;;;;;;;;;;;;;;;;;;;;;
;;;;;;;;;;;;;;;;;;;;;;;;;;;;;;;;;;;;;;;;;;;;;;;;;;;;;;;;;;;;;;;;;;;;;;;
;;;;;;;;;;;;;;;;;;;;;;;;;;;;;;;;;;;;;;;;;;;;;;;;;;;;;;;;;;;;;;;;;;;;;;;
;;;;;;;;;;;;;;;;;;;;;;;;;;;;;;;;;;;;;;;;;;;;;;;;;;;;;;;;;;;;;;;;;;;;;;;
;;;;;;;;;;;;;;;;;;;;;;;;;;;;;;;;;;;;;;;;;;;;;;;;;;;;;;;;;;;;;;;;;;;;;;;
;;;;;;;;;;;;;;;;;;;;;;;;;;;;;;;;;;;;;;;;;;;;;;;;;;;;;;;;;;;;;;;;;;;;;;;
;;;;;;;;;;;;;;;;;;;;;;;;;;;;;;;;;;;;;;;;;;;;;;;;;;;;;;;;;;;;;;;;;;;;;;;
;;;;;;;;;;;;;;;;;;;;;;;;;;;;;;;;;;;;;;;;;;;;;;;;;;;;;;;;;;;;;;;;;;;;;;;
;;;;;;;;;;;;;;;;;;;;;;;;;;;;;;;;;;;;;;;;;;;;;;;;;;;;;;;;;;;;;;;;;;;;;;;
;;;;;;;;;;;;;;;;;;;;;;;;;;;;;;;;;;;;;;;;;;;;;;;;;;;;;;;;;;;;;;;;;;;;;;;
;;;;;;;;;;;;;;;;;;;;;;;;;;;;;;;;;;;;;;;;;;;;;;;;;;;;;;;;;;;;;;;;;;;;;;;
;;;;;;;;;;;;;;;;;;;;;;;;;;;;;;;;;;;;;;;;;;;;;;;;;;;;;;;;;;;;;;;;;;;;;;;
;;;;;;;;;;;;;;;;;;;;;;;;;;;;;;;;;;;;;;;;;;;;;;;;;;;;;;;;;;;;;;;;;;;;;;;
;;;;;;;;;;;;;;;;;;;;;;;;;;;;;;;;;;;;;;;;;;;;;;;;;;;;;;;;;;;;;;;;;;;;;;;
;;;;;;;;;;;;;;;;;;;;;;;;;;;;;;;;;;;;;;;;;;;;;;;;;;;;;;;;;;;;;;;;;;;;;;;
;;;;;;;;;;;;;;;;;;;;;;;;;;;;;;;;;;;;;;;;;;;;;;;;;;;;;;;;;;;;;;;;;;;;;;;
;;;;;;;;;;;;;;;;;;;;;;;;;;;;;;;;;;;;;;;;;;;;;;;;;;;;;;;;;;;;;;;;;;;;;;;
;;;;;;;;;;;;;;;;;;;;;;;;;;;;;;;;;;;;;;;;;;;;;;;;;;;;;;;;;;;;;;;;;;;;;;;
;;;;;;;;;;;;;;;;;;;;;;;;;;;;;;;;;;;;;;;;;;;;;;;;;;;;;;;;;;;;;;;;;;;;;;;
;;;;;;;;;;;;;;;;;;;;;;;;;;;;;;;;;;;;;;;;;;;;;;;;;;;;;;;;;;;;;;;;;;;;;;;
;;;;;;;;;;;;;;;;;;;;;;;;;;;;;;;;;;;;;;;;;;;;;;;;;;;;;;;;;;;;;;;;;;;;;;;
;;;;;;;;;;;;;;;;;;;;;;;;;;;;;;;;;;;;;;;;;;;;;;;;;;;;;;;;;;;;;;;;;;;;;;;
;;;;;;;;;;;;;;;;;;;;;;;;;;;;;;;;;;;;;;;;;;;;;;;;;;;;;;;;;;;;;;;;;;;;;;;
;;;;;;;;;;;;;;;;;;;;;;;;;;;;;;;;;;;;;;;;;;;;;;;;;;;;;;;;;;;;;;;;;;;;;;;
;;;;;;;;;;;;;;;;;;;;;;;;;;;;;;;;;;;;;;;;;;;;;;;;;;;;;;;;;;;;;;;;;;;;;;;
;;;;;;;;;;;;;;;;;;;;;;;;;;;;;;;;;;;;;;;;;;;;;;;;;;;;;;;;;;;;;;;;;;;;;;;
;;;;;;;;;;;;;;;;;;;;;;;;;;;;;;;;;;;;;;;;;;;;;;;;;;;;;;;;;;;;;;;;;;;;;;;
;;;;;;;;;;;;;;;;;;;;;;;;;;;;;;;;;;;;;;;;;;;;;;;;;;;;;;;;;;;;;;;;;;;;;;;
;;;;;;;;;;;;;;;;;;;;;;;;;;;;;;;;;;;;;;;;;;;;;;;;;;;;;;;;;;;;;;;;;;;;;;;
;;;;;;;;;;;;;;;;;;;;;;;;;;;;;;;;;;;;;;;;;;;;;;;;;;;;;;;;;;;;;;;;;;;;;;;
;;;;;;;;;;;;;;;;;;;;;;;;;;;;;;;;;;;;;;;;;;;;;;;;;;;;;;;;;;;;;;;;;;;;;;;
;;;;;;;;;;;;;;;;;;;;;;;;;;;;;;;;;;;;;;;;;;;;;;;;;;;;;;;;;;;;;;;;;;;;;;;
;;;;;;;;;;;;;;;;;;;;;;;;;;;;;;;;;;;;;;;;;;;;;;;;;;;;;;;;;;;;;;;;;;;;;;;
;;;;;;;;;;;;;;;;;;;;;;;;;;;;;;;;;;;;;;;;;;;;;;;;;;;;;;;;;;;;;;;;;;;;;;;
;;;;;;;;;;;;;;;;;;;;;;;;;;;;;;;;;;;;;;;;;;;;;;;;;;;;;;;;;;;;;;;;;;;;;;;
;;;;;;;;;;;;;;;;;;;;;;;;;;;;;;;;;;;;;;;;;;;;;;;;;;;;;;;;;;;;;;;;;;;;;;;
;;;;;;;;;;;;;;;;;;;;;;;;;;;;;;;;;;;;;;;;;;;;;;;;;;;;;;;;;;;;;;;;;;;;;;;
;;;;;;;;;;;;;;;;;;;;;;;;;;;;;;;;;;;;;;;;;;;;;;;;;;;;;;;;;;;;;;;;;;;;;;;
;;;;;;;;;;;;;;;;;;;;;;;;;;;;;;;;;;;;;;;;;;;;;;;;;;;;;;;;;;;;;;;;;;;;;;;
;;;;;;;;;;;;;;;;;;;;;;;;;;;;;;;;;;;;;;;;;;;;;;;;;;;;;;;;;;;;;;;;;;;;;;;
;;;;;;;;;;;;;;;;;;;;;;;;;;;;;;;;;;;;;;;;;;;;;;;;;;;;;;;;;;;;;;;;;;;;;;;
;;;;;;;;;;;;;;;;;;;;;;;;;;;;;;;;;;;;;;;;;;;;;;;;;;;;;;;;;;;;;;;;;;;;;;;
;;;;;;;;;;;;;;;;;;;;;;;;;;;;;;;;;;;;;;;;;;;;;;;;;;;;;;;;;;;;;;;;;;;;;;;
;;;;;;;;;;;;;;;;;;;;;;;;;;;;;;;;;;;;;;;;;;;;;;;;;;;;;;;;;;;;;;;;;;;;;;;
;;;;;;;;;;;;;;;;;;;;;;;;;;;;;;;;;;;;;;;;;;;;;;;;;;;;;;;;;;;;;;;;;;;;;;;
;;;;;;;;;;;;;;;;;;;;;;;;;;;;;;;;;;;;;;;;;;;;;;;;;;;;;;;;;;;;;;;;;;;;;;;
;;;;;;;;;;;;;;;;;;;;;;;;;;;;;;;;;;;;;;;;;;;;;;;;;;;;;;;;;;;;;;;;;;;;;;;
;;;;;;;;;;;;;;;;;;;;;;;;;;;;;;;;;;;;;;;;;;;;;;;;;;;;;;;;;;;;;;;;;;;;;;;
;;;;;;;;;;;;;;;;;;;;;;;;;;;;;;;;;;;;;;;;;;;;;;;;;;;;;;;;;;;;;;;;;;;;;;;
;;;;;;;;;;;;;;;;;;;;;;;;;;;;;;;;;;;;;;;;;;;;;;;;;;;;;;;;;;;;;;;;;;;;;;;
;;;;;;;;;;;;;;;;;;;;;;;;;;;;;;;;;;;;;;;;;;;;;;;;;;;;;;;;;;;;;;;;;;;;;;;
;;;;;;;;;;;;;;;;;;;;;;;;;;;;;;;;;;;;;;;;;;;;;;;;;;;;;;;;;;;;;;;;;;;;;;;
;;;;;;;;;;;;;;;;;;;;;;;;;;;;;;;;;;;;;;;;;;;;;;;;;;;;;;;;;;;;;;;;;;;;;;;
;;;;;;;;;;;;;;;;;;;;;;;;;;;;;;;;;;;;;;;;;;;;;;;;;;;;;;;;;;;;;;;;;;;;;;;
;;;;;;;;;;;;;;;;;;;;;;;;;;;;;;;;;;;;;;;;;;;;;;;;;;;;;;;;;;;;;;;;;;;;;;;
;;;;;;;;;;;;;;;;;;;;;;;;;;;;;;;;;;;;;;;;;;;;;;;;;;;;;;;;;;;;;;;;;;;;;;;
;;;;;;;;;;;;;;;;;;;;;;;;;;;;;;;;;;;;;;;;;;;;;;;;;;;;;;;;;;;;;;;;;;;;;;;
;;;;;;;;;;;;;;;;;;;;;;;;;;;;;;;;;;;;;;;;;;;;;;;;;;;;;;;;;;;;;;;;;;;;;;;
;;;;;;;;;;;;;;;;;;;;;;;;;;;;;;;;;;;;;;;;;;;;;;;;;;;;;;;;;;;;;;;;;;;;;;;
;;;;;;;;;;;;;;;;;;;;;;;;;;;;;;;;;;;;;;;;;;;;;;;;;;;;;;;;;;;;;;;;;;;;;;;
;;;;;;;;;;;;;;;;;;;;;;;;;;;;;;;;;;;;;;;;;;;;;;;;;;;;;;;;;;;;;;;;;;;;;;;
;;;;;;;;;;;;;;;;;;;;;;;;;;;;;;;;;;;;;;;;;;;;;;;;;;;;;;;;;;;;;;;;;;;;;;;
;;;;;;;;;;;;;;;;;;;;;;;;;;;;;;;;;;;;;;;;;;;;;;;;;;;;;;;;;;;;;;;;;;;;;;;
;;;;;;;;;;;;;;;;;;;;;;;;;;;;;;;;;;;;;;;;;;;;;;;;;;;;;;;;;;;;;;;;;;;;;;;
;;;;;;;;;;;;;;;;;;;;;;;;;;;;;;;;;;;;;;;;;;;;;;;;;;;;;;;;;;;;;;;;;;;;;;;
;;;;;;;;;;;;;;;;;;;;;;;;;;;;;;;;;;;;;;;;;;;;;;;;;;;;;;;;;;;;;;;;;;;;;;;
;;;;;;;;;;;;;;;;;;;;;;;;;;;;;;;;;;;;;;;;;;;;;;;;;;;;;;;;;;;;;;;;;;;;;;;
;;;;;;;;;;;;;;;;;;;;;;;;;;;;;;;;;;;;;;;;;;;;;;;;;;;;;;;;;;;;;;;;;;;;;;;
;;;;;;;;;;;;;;;;;;;;;;;;;;;;;;;;;;;;;;;;;;;;;;;;;;;;;;;;;;;;;;;;;;;;;;;
;;;;;;;;;;;;;;;;;;;;;;;;;;;;;;;;;;;;;;;;;;;;;;;;;;;;;;;;;;;;;;;;;;;;;;;
;;;;;;;;;;;;;;;;;;;;;;;;;;;;;;;;;;;;;;;;;;;;;;;;;;;;;;;;;;;;;;;;;;;;;;;
;;;;;;;;;;;;;;;;;;;;;;;;;;;;;;;;;;;;;;;;;;;;;;;;;;;;;;;;;;;;;;;;;;;;;;;
;;;;;;;;;;;;;;;;;;;;;;;;;;;;;;;;;;;;;;;;;;;;;;;;;;;;;;;;;;;;;;;;;;;;;;;
;;;;;;;;;;;;;;;;;;;;;;;;;;;;;;;;;;;;;;;;;;;;;;;;;;;;;;;;;;;;;;;;;;;;;;;
;;;;;;;;;;;;;;;;;;;;;;;;;;;;;;;;;;;;;;;;;;;;;;;;;;;;;;;;;;;;;;;;;;;;;;;
;;;;;;;;;;;;;;;;;;;;;;;;;;;;;;;;;;;;;;;;;;;;;;;;;;;;;;;;;;;;;;;;;;;;;;;
;;;;;;;;;;;;;;;;;;;;;;;;;;;;;;;;;;;;;;;;;;;;;;;;;;;;;;;;;;;;;;;;;;;;;;;
;;;;;;;;;;;;;;;;;;;;;;;;;;;;;;;;;;;;;;;;;;;;;;;;;;;;;;;;;;;;;;;;;;;;;;;
;;;;;;;;;;;;;;;;;;;;;;;;;;;;;;;;;;;;;;;;;;;;;;;;;;;;;;;;;;;;;;;;;;;;;;;
;;;;;;;;;;;;;;;;;;;;;;;;;;;;;;;;;;;;;;;;;;;;;;;;;;;;;;;;;;;;;;;;;;;;;;;
;;;;;;;;;;;;;;;;;;;;;;;;;;;;;;;;;;;;;;;;;;;;;;;;;;;;;;;;;;;;;;;;;;;;;;;
;;;;;;;;;;;;;;;;;;;;;;;;;;;;;;;;;;;;;;;;;;;;;;;;;;;;;;;;;;;;;;;;;;;;;;;
;;;;;;;;;;;;;;;;;;;;;;;;;;;;;;;;;;;;;;;;;;;;;;;;;;;;;;;;;;;;;;;;;;;;;;;
;;;;;;;;;;;;;;;;;;;;;;;;;;;;;;;;;;;;;;;;;;;;;;;;;;;;;;;;;;;;;;;;;;;;;;;
;;;;;;;;;;;;;;;;;;;;;;;;;;;;;;;;;;;;;;;;;;;;;;;;;;;;;;;;;;;;;;;;;;;;;;;
;;;;;;;;;;;;;;;;;;;;;;;;;;;;;;;;;;;;;;;;;;;;;;;;;;;;;;;;;;;;;;;;;;;;;;;
;;;;;;;;;;;;;;;;;;;;;;;;;;;;;;;;;;;;;;;;;;;;;;;;;;;;;;;;;;;;;;;;;;;;;;;
;;;;;;;;;;;;;;;;;;;;;;;;;;;;;;;;;;;;;;;;;;;;;;;;;;;;;;;;;;;;;;;;;;;;;;;
;;;;;;;;;;;;;;;;;;;;;;;;;;;;;;;;;;;;;;;;;;;;;;;;;;;;;;;;;;;;;;;;;;;;;;;
;;;;;;;;;;;;;;;;;;;;;;;;;;;;;;;;;;;;;;;;;;;;;;;;;;;;;;;;;;;;;;;;;;;;;;;
;;;;;;;;;;;;;;;;;;;;;;;;;;;;;;;;;;;;;;;;;;;;;;;;;;;;;;;;;;;;;;;;;;;;;;;
;;;;;;;;;;;;;;;;;;;;;;;;;;;;;;;;;;;;;;;;;;;;;;;;;;;;;;;;;;;;;;;;;;;;;;;
;;;;;;;;;;;;;;;;;;;;;;;;;;;;;;;;;;;;;;;;;;;;;;;;;;;;;;;;;;;;;;;;;;;;;;;
;;;;;;;;;;;;;;;;;;;;;;;;;;;;;;;;;;;;;;;;;;;;;;;;;;;;;;;;;;;;;;;;;;;;;;;
;;;;;;;;;;;;;;;;;;;;;;;;;;;;;;;;;;;;;;;;;;;;;;;;;;;;;;;;;;;;;;;;;;;;;;;
;;;;;;;;;;;;;;;;;;;;;;;;;;;;;;;;;;;;;;;;;;;;;;;;;;;;;;;;;;;;;;;;;;;;;;;
;;;;;;;;;;;;;;;;;;;;;;;;;;;;;;;;;;;;;;;;;;;;;;;;;;;;;;;;;;;;;;;;;;;;;;;
;;;;;;;;;;;;;;;;;;;;;;;;;;;;;;;;;;;;;;;;;;;;;;;;;;;;;;;;;;;;;;;;;;;;;;;
;;;;;;;;;;;;;;;;;;;;;;;;;;;;;;;;;;;;;;;;;;;;;;;;;;;;;;;;;;;;;;;;;;;;;;;
;;;;;;;;;;;;;;;;;;;;;;;;;;;;;;;;;;;;;;;;;;;;;;;;;;;;;;;;;;;;;;;;;;;;;;;
;;;;;;;;;;;;;;;;;;;;;;;;;;;;;;;;;;;;;;;;;;;;;;;;;;;;;;;;;;;;;;;;;;;;;;;
;;;;;;;;;;;;;;;;;;;;;;;;;;;;;;;;;;;;;;;;;;;;;;;;;;;;;;;;;;;;;;;;;;;;;;;
;;;;;;;;;;;;;;;;;;;;;;;;;;;;;;;;;;;;;;;;;;;;;;;;;;;;;;;;;;;;;;;;;;;;;;;
;;;;;;;;;;;;;;;;;;;;;;;;;;;;;;;;;;;;;;;;;;;;;;;;;;;;;;;;;;;;;;;;;;;;;;;
;;;;;;;;;;;;;;;;;;;;;;;;;;;;;;;;;;;;;;;;;;;;;;;;;;;;;;;;;;;;;;;;;;;;;;;
;;;;;;;;;;;;;;;;;;;;;;;;;;;;;;;;;;;;;;;;;;;;;;;;;;;;;;;;;;;;;;;;;;;;;;;
;;;;;;;;;;;;;;;;;;;;;;;;;;;;;;;;;;;;;;;;;;;;;;;;;;;;;;;;;;;;;;;;;;;;;;;
;;;;;;;;;;;;;;;;;;;;;;;;;;;;;;;;;;;;;;;;;;;;;;;;;;;;;;;;;;;;;;;;;;;;;;;
;;;;;;;;;;;;;;;;;;;;;;;;;;;;;;;;;;;;;;;;;;;;;;;;;;;;;;;;;;;;;;;;;;;;;;;
;;;;;;;;;;;;;;;;;;;;;;;;;;;;;;;;;;;;;;;;;;;;;;;;;;;;;;;;;;;;;;;;;;;;;;;
;;;;;;;;;;;;;;;;;;;;;;;;;;;;;;;;;;;;;;;;;;;;;;;;;;;;;;;;;;;;;;;;;;;;;;;
;;;;;;;;;;;;;;;;;;;;;;;;;;;;;;;;;;;;;;;;;;;;;;;;;;;;;;;;;;;;;;;;;;;;;;;
;;;;;;;;;;;;;;;;;;;;;;;;;;;;;;;;;;;;;;;;;;;;;;;;;;;;;;;;;;;;;;;;;;;;;;;
;;;;;;;;;;;;;;;;;;;;;;;;;;;;;;;;;;;;;;;;;;;;;;;;;;;;;;;;;;;;;;;;;;;;;;;
;;;;;;;;;;;;;;;;;;;;;;;;;;;;;;;;;;;;;;;;;;;;;;;;;;;;;;;;;;;;;;;;;;;;;;;
;;;;;;;;;;;;;;;;;;;;;;;;;;;;;;;;;;;;;;;;;;;;;;;;;;;;;;;;;;;;;;;;;;;;;;;
;;;;;;;;;;;;;;;;;;;;;;;;;;;;;;;;;;;;;;;;;;;;;;;;;;;;;;;;;;;;;;;;;;;;;;;
;;;;;;;;;;;;;;;;;;;;;;;;;;;;;;;;;;;;;;;;;;;;;;;;;;;;;;;;;;;;;;;;;;;;;;;
;;;;;;;;;;;;;;;;;;;;;;;;;;;;;;;;;;;;;;;;;;;;;;;;;;;;;;;;;;;;;;;;;;;;;;;
;;;;;;;;;;;;;;;;;;;;;;;;;;;;;;;;;;;;;;;;;;;;;;;;;;;;;;;;;;;;;;;;;;;;;;;
;;;;;;;;;;;;;;;;;;;;;;;;;;;;;;;;;;;;;;;;;;;;;;;;;;;;;;;;;;;;;;;;;;;;;;;
;;;;;;;;;;;;;;;;;;;;;;;;;;;;;;;;;;;;;;;;;;;;;;;;;;;;;;;;;;;;;;;;;;;;;;;
;;;;;;;;;;;;;;;;;;;;;;;;;;;;;;;;;;;;;;;;;;;;;;;;;;;;;;;;;;;;;;;;;;;;;;;
;;;;;;;;;;;;;;;;;;;;;;;;;;;;;;;;;;;;;;;;;;;;;;;;;;;;;;;;;;;;;;;;;;;;;;;
;;;;;;;;;;;;;;;;;;;;;;;;;;;;;;;;;;;;;;;;;;;;;;;;;;;;;;;;;;;;;;;;;;;;;;;
;;;;;;;;;;;;;;;;;;;;;;;;;;;;;;;;;;;;;;;;;;;;;;;;;;;;;;;;;;;;;;;;;;;;;;;
;;;;;;;;;;;;;;;;;;;;;;;;;;;;;;;;;;;;;;;;;;;;;;;;;;;;;;;;;;;;;;;;;;;;;;;
;;;;;;;;;;;;;;;;;;;;;;;;;;;;;;;;;;;;;;;;;;;;;;;;;;;;;;;;;;;;;;;;;;;;;;;
;;;;;;;;;;;;;;;;;;;;;;;;;;;;;;;;;;;;;;;;;;;;;;;;;;;;;;;;;;;;;;;;;;;;;;;
;;;;;;;;;;;;;;;;;;;;;;;;;;;;;;;;;;;;;;;;;;;;;;;;;;;;;;;;;;;;;;;;;;;;;;;
;;;;;;;;;;;;;;;;;;;;;;;;;;;;;;;;;;;;;;;;;;;;;;;;;;;;;;;;;;;;;;;;;;;;;;;
;;;;;;;;;;;;;;;;;;;;;;;;;;;;;;;;;;;;;;;;;;;;;;;;;;;;;;;;;;;;;;;;;;;;;;;
;;;;;;;;;;;;;;;;;;;;;;;;;;;;;;;;;;;;;;;;;;;;;;;;;;;;;;;;;;;;;;;;;;;;;;;
;;;;;;;;;;;;;;;;;;;;;;;;;;;;;;;;;;;;;;;;;;;;;;;;;;;;;;;;;;;;;;;;;;;;;;;
;;;;;;;;;;;;;;;;;;;;;;;;;;;;;;;;;;;;;;;;;;;;;;;;;;;;;;;;;;;;;;;;;;;;;;;
;;;;;;;;;;;;;;;;;;;;;;;;;;;;;;;;;;;;;;;;;;;;;;;;;;;;;;;;;;;;;;;;;;;;;;;
;;;;;;;;;;;;;;;;;;;;;;;;;;;;;;;;;;;;;;;;;;;;;;;;;;;;;;;;;;;;;;;;;;;;;;;
;;;;;;;;;;;;;;;;;;;;;;;;;;;;;;;;;;;;;;;;;;;;;;;;;;;;;;;;;;;;;;;;;;;;;;;
;;;;;;;;;;;;;;;;;;;;;;;;;;;;;;;;;;;;;;;;;;;;;;;;;;;;;;;;;;;;;;;;;;;;;;;
;;;;;;;;;;;;;;;;;;;;;;;;;;;;;;;;;;;;;;;;;;;;;;;;;;;;;;;;;;;;;;;;;;;;;;;
;;;;;;;;;;;;;;;;;;;;;;;;;;;;;;;;;;;;;;;;;;;;;;;;;;;;;;;;;;;;;;;;;;;;;;;
;;;;;;;;;;;;;;;;;;;;;;;;;;;;;;;;;;;;;;;;;;;;;;;;;;;;;;;;;;;;;;;;;;;;;;;
;;;;;;;;;;;;;;;;;;;;;;;;;;;;;;;;;;;;;;;;;;;;;;;;;;;;;;;;;;;;;;;;;;;;;;;
;;;;;;;;;;;;;;;;;;;;;;;;;;;;;;;;;;;;;;;;;;;;;;;;;;;;;;;;;;;;;;;;;;;;;;;
;;;;;;;;;;;;;;;;;;;;;;;;;;;;;;;;;;;;;;;;;;;;;;;;;;;;;;;;;;;;;;;;;;;;;;;
;;;;;;;;;;;;;;;;;;;;;;;;;;;;;;;;;;;;;;;;;;;;;;;;;;;;;;;;;;;;;;;;;;;;;;;
;;;;;;;;;;;;;;;;;;;;;;;;;;;;;;;;;;;;;;;;;;;;;;;;;;;;;;;;;;;;;;;;;;;;;;;
;;;;;;;;;;;;;;;;;;;;;;;;;;;;;;;;;;;;;;;;;;;;;;;;;;;;;;;;;;;;;;;;;;;;;;;
;;;;;;;;;;;;;;;;;;;;;;;;;;;;;;;;;;;;;;;;;;;;;;;;;;;;;;;;;;;;;;;;;;;;;;;
;;;;;;;;;;;;;;;;;;;;;;;;;;;;;;;;;;;;;;;;;;;;;;;;;;;;;;;;;;;;;;;;;;;;;;;
;;;;;;;;;;;;;;;;;;;;;;;;;;;;;;;;;;;;;;;;;;;;;;;;;;;;;;;;;;;;;;;;;;;;;;;
;;;;;;;;;;;;;;;;;;;;;;;;;;;;;;;;;;;;;;;;;;;;;;;;;;;;;;;;;;;;;;;;;;;;;;;
;;;;;;;;;;;;;;;;;;;;;;;;;;;;;;;;;;;;;;;;;;;;;;;;;;;;;;;;;;;;;;;;;;;;;;;
;;;;;;;;;;;;;;;;;;;;;;;;;;;;;;;;;;;;;;;;;;;;;;;;;;;;;;;;;;;;;;;;;;;;;;;
;;;;;;;;;;;;;;;;;;;;;;;;;;;;;;;;;;;;;;;;;;;;;;;;;;;;;;;;;;;;;;;;;;;;;;;
;;;;;;;;;;;;;;;;;;;;;;;;;;;;;;;;;;;;;;;;;;;;;;;;;;;;;;;;;;;;;;;;;;;;;;;
;;;;;;;;;;;;;;;;;;;;;;;;;;;;;;;;;;;;;;;;;;;;;;;;;;;;;;;;;;;;;;;;;;;;;;;
;;;;;;;;;;;;;;;;;;;;;;;;;;;;;;;;;;;;;;;;;;;;;;;;;;;;;;;;;;;;;;;;;;;;;;;
;;;;;;;;;;;;;;;;;;;;;;;;;;;;;;;;;;;;;;;;;;;;;;;;;;;;;;;;;;;;;;;;;;;;;;;
;;;;;;;;;;;;;;;;;;;;;;;;;;;;;;;;;;;;;;;;;;;;;;;;;;;;;;;;;;;;;;;;;;;;;;;
;;;;;;;;;;;;;;;;;;;;;;;;;;;;;;;;;;;;;;;;;;;;;;;;;;;;;;;;;;;;;;;;;;;;;;;
;;;;;;;;;;;;;;;;;;;;;;;;;;;;;;;;;;;;;;;;;;;;;;;;;;;;;;;;;;;;;;;;;;;;;;;
;;;;;;;;;;;;;;;;;;;;;;;;;;;;;;;;;;;;;;;;;;;;;;;;;;;;;;;;;;;;;;;;;;;;;;;
;;;;;;;;;;;;;;;;;;;;;;;;;;;;;;;;;;;;;;;;;;;;;;;;;;;;;;;;;;;;;;;;;;;;;;;
;;;;;;;;;;;;;;;;;;;;;;;;;;;;;;;;;;;;;;;;;;;;;;;;;;;;;;;;;;;;;;;;;;;;;;;
;;;;;;;;;;;;;;;;;;;;;;;;;;;;;;;;;;;;;;;;;;;;;;;;;;;;;;;;;;;;;;;;;;;;;;;
;;;;;;;;;;;;;;;;;;;;;;;;;;;;;;;;;;;;;;;;;;;;;;;;;;;;;;;;;;;;;;;;;;;;;;;
;;;;;;;;;;;;;;;;;;;;;;;;;;;;;;;;;;;;;;;;;;;;;;;;;;;;;;;;;;;;;;;;;;;;;;;
;;;;;;;;;;;;;;;;;;;;;;;;;;;;;;;;;;;;;;;;;;;;;;;;;;;;;;;;;;;;;;;;;;;;;;;
;;;;;;;;;;;;;;;;;;;;;;;;;;;;;;;;;;;;;;;;;;;;;;;;;;;;;;;;;;;;;;;;;;;;;;;
;;;;;;;;;;;;;;;;;;;;;;;;;;;;;;;;;;;;;;;;;;;;;;;;;;;;;;;;;;;;;;;;;;;;;;;
;;;;;;;;;;;;;;;;;;;;;;;;;;;;;;;;;;;;;;;;;;;;;;;;;;;;;;;;;;;;;;;;;;;;;;;
;;;;;;;;;;;;;;;;;;;;;;;;;;;;;;;;;;;;;;;;;;;;;;;;;;;;;;;;;;;;;;;;;;;;;;;
;;;;;;;;;;;;;;;;;;;;;;;;;;;;;;;;;;;;;;;;;;;;;;;;;;;;;;;;;;;;;;;;;;;;;;;
;;;;;;;;;;;;;;;;;;;;;;;;;;;;;;;;;;;;;;;;;;;;;;;;;;;;;;;;;;;;;;;;;;;;;;;
;;;;;;;;;;;;;;;;;;;;;;;;;;;;;;;;;;;;;;;;;;;;;;;;;;;;;;;;;;;;;;;;;;;;;;;
;;;;;;;;;;;;;;;;;;;;;;;;;;;;;;;;;;;;;;;;;;;;;;;;;;;;;;;;;;;;;;;;;;;;;;;
;;;;;;;;;;;;;;;;;;;;;;;;;;;;;;;;;;;;;;;;;;;;;;;;;;;;;;;;;;;;;;;;;;;;;;;
;;;;;;;;;;;;;;;;;;;;;;;;;;;;;;;;;;;;;;;;;;;;;;;;;;;;;;;;;;;;;;;;;;;;;;;
;;;;;;;;;;;;;;;;;;;;;;;;;;;;;;;;;;;;;;;;;;;;;;;;;;;;;;;;;;;;;;;;;;;;;;;
;;;;;;;;;;;;;;;;;;;;;;;;;;;;;;;;;;;;;;;;;;;;;;;;;;;;;;;;;;;;;;;;;;;;;;;
;;;;;;;;;;;;;;;;;;;;;;;;;;;;;;;;;;;;;;;;;;;;;;;;;;;;;;;;;;;;;;;;;;;;;;;
;;;;;;;;;;;;;;;;;;;;;;;;;;;;;;;;;;;;;;;;;;;;;;;;;;;;;;;;;;;;;;;;;;;;;;;
;;;;;;;;;;;;;;;;;;;;;;;;;;;;;;;;;;;;;;;;;;;;;;;;;;;;;;;;;;;;;;;;;;;;;;;
;;;;;;;;;;;;;;;;;;;;;;;;;;;;;;;;;;;;;;;;;;;;;;;;;;;;;;;;;;;;;;;;;;;;;;;
;;;;;;;;;;;;;;;;;;;;;;;;;;;;;;;;;;;;;;;;;;;;;;;;;;;;;;;;;;;;;;;;;;;;;;;
;;;;;;;;;;;;;;;;;;;;;;;;;;;;;;;;;;;;;;;;;;;;;;;;;;;;;;;;;;;;;;;;;;;;;;;
;;;;;;;;;;;;;;;;;;;;;;;;;;;;;;;;;;;;;;;;;;;;;;;;;;;;;;;;;;;;;;;;;;;;;;;
;;;;;;;;;;;;;;;;;;;;;;;;;;;;;;;;;;;;;;;;;;;;;;;;;;;;;;;;;;;;;;;;;;;;;;;
;;;;;;;;;;;;;;;;;;;;;;;;;;;;;;;;;;;;;;;;;;;;;;;;;;;;;;;;;;;;;;;;;;;;;;;
;;;;;;;;;;;;;;;;;;;;;;;;;;;;;;;;;;;;;;;;;;;;;;;;;;;;;;;;;;;;;;;;;;;;;;;
;;;;;;;;;;;;;;;;;;;;;;;;;;;;;;;;;;;;;;;;;;;;;;;;;;;;;;;;;;;;;;;;;;;;;;;
;;;;;;;;;;;;;;;;;;;;;;;;;;;;;;;;;;;;;;;;;;;;;;;;;;;;;;;;;;;;;;;;;;;;;;;
;;;;;;;;;;;;;;;;;;;;;;;;;;;;;;;;;;;;;;;;;;;;;;;;;;;;;;;;;;;;;;;;;;;;;;;
;;;;;;;;;;;;;;;;;;;;;;;;;;;;;;;;;;;;;;;;;;;;;;;;;;;;;;;;;;;;;;;;;;;;;;;
;;;;;;;;;;;;;;;;;;;;;;;;;;;;;;;;;;;;;;;;;;;;;;;;;;;;;;;;;;;;;;;;;;;;;;;
;;;;;;;;;;;;;;;;;;;;;;;;;;;;;;;;;;;;;;;;;;;;;;;;;;;;;;;;;;;;;;;;;;;;;;;
;;;;;;;;;;;;;;;;;;;;;;;;;;;;;;;;;;;;;;;;;;;;;;;;;;;;;;;;;;;;;;;;;;;;;;;
;;;;;;;;;;;;;;;;;;;;;;;;;;;;;;;;;;;;;;;;;;;;;;;;;;;;;;;;;;;;;;;;;;;;;;;
;;;;;;;;;;;;;;;;;;;;;;;;;;;;;;;;;;;;;;;;;;;;;;;;;;;;;;;;;;;;;;;;;;;;;;;
;;;;;;;;;;;;;;;;;;;;;;;;;;;;;;;;;;;;;;;;;;;;;;;;;;;;;;;;;;;;;;;;;;;;;;;
;;;;;;;;;;;;;;;;;;;;;;;;;;;;;;;;;;;;;;;;;;;;;;;;;;;;;;;;;;;;;;;;;;;;;;;
;;;;;;;;;;;;;;;;;;;;;;;;;;;;;;;;;;;;;;;;;;;;;;;;;;;;;;;;;;;;;;;;;;;;;;;
;;;;;;;;;;;;;;;;;;;;;;;;;;;;;;;;;;;;;;;;;;;;;;;;;;;;;;;;;;;;;;;;;;;;;;;
;;;;;;;;;;;;;;;;;;;;;;;;;;;;;;;;;;;;;;;;;;;;;;;;;;;;;;;;;;;;;;;;;;;;;;;
;;;;;;;;;;;;;;;;;;;;;;;;;;;;;;;;;;;;;;;;;;;;;;;;;;;;;;;;;;;;;;;;;;;;;;;
;;;;;;;;;;;;;;;;;;;;;;;;;;;;;;;;;;;;;;;;;;;;;;;;;;;;;;;;;;;;;;;;;;;;;;;
;;;;;;;;;;;;;;;;;;;;;;;;;;;;;;;;;;;;;;;;;;;;;;;;;;;;;;;;;;;;;;;;;;;;;;;
;;;;;;;;;;;;;;;;;;;;;;;;;;;;;;;;;;;;;;;;;;;;;;;;;;;;;;;;;;;;;;;;;;;;;;;
;;;;;;;;;;;;;;;;;;;;;;;;;;;;;;;;;;;;;;;;;;;;;;;;;;;;;;;;;;;;;;;;;;;;;;;
;;;;;;;;;;;;;;;;;;;;;;;;;;;;;;;;;;;;;;;;;;;;;;;;;;;;;;;;;;;;;;;;;;;;;;;
;;;;;;;;;;;;;;;;;;;;;;;;;;;;;;;;;;;;;;;;;;;;;;;;;;;;;;;;;;;;;;;;;;;;;;;
;;;;;;;;;;;;;;;;;;;;;;;;;;;;;;;;;;;;;;;;;;;;;;;;;;;;;;;;;;;;;;;;;;;;;;;
;;;;;;;;;;;;;;;;;;;;;;;;;;;;;;;;;;;;;;;;;;;;;;;;;;;;;;;;;;;;;;;;;;;;;;;
;;;;;;;;;;;;;;;;;;;;;;;;;;;;;;;;;;;;;;;;;;;;;;;;;;;;;;;;;;;;;;;;;;;;;;;
;;;;;;;;;;;;;;;;;;;;;;;;;;;;;;;;;;;;;;;;;;;;;;;;;;;;;;;;;;;;;;;;;;;;;;;
;;;;;;;;;;;;;;;;;;;;;;;;;;;;;;;;;;;;;;;;;;;;;;;;;;;;;;;;;;;;;;;;;;;;;;;
;;;;;;;;;;;;;;;;;;;;;;;;;;;;;;;;;;;;;;;;;;;;;;;;;;;;;;;;;;;;;;;;;;;;;;;
;;;;;;;;;;;;;;;;;;;;;;;;;;;;;;;;;;;;;;;;;;;;;;;;;;;;;;;;;;;;;;;;;;;;;;;
;;;;;;;;;;;;;;;;;;;;;;;;;;;;;;;;;;;;;;;;;;;;;;;;;;;;;;;;;;;;;;;;;;;;;;;
;;;;;;;;;;;;;;;;;;;;;;;;;;;;;;;;;;;;;;;;;;;;;;;;;;;;;;;;;;;;;;;;;;;;;;;
;;;;;;;;;;;;;;;;;;;;;;;;;;;;;;;;;;;;;;;;;;;;;;;;;;;;;;;;;;;;;;;;;;;;;;;
;;;;;;;;;;;;;;;;;;;;;;;;;;;;;;;;;;;;;;;;;;;;;;;;;;;;;;;;;;;;;;;;;;;;;;;
;;;;;;;;;;;;;;;;;;;;;;;;;;;;;;;;;;;;;;;;;;;;;;;;;;;;;;;;;;;;;;;;;;;;;;;
;;;;;;;;;;;;;;;;;;;;;;;;;;;;;;;;;;;;;;;;;;;;;;;;;;;;;;;;;;;;;;;;;;;;;;;
;;;;;;;;;;;;;;;;;;;;;;;;;;;;;;;;;;;;;;;;;;;;;;;;;;;;;;;;;;;;;;;;;;;;;;;
;;;;;;;;;;;;;;;;;;;;;;;;;;;;;;;;;;;;;;;;;;;;;;;;;;;;;;;;;;;;;;;;;;;;;;;
;;;;;;;;;;;;;;;;;;;;;;;;;;;;;;;;;;;;;;;;;;;;;;;;;;;;;;;;;;;;;;;;;;;;;;;
;;;;;;;;;;;;;;;;;;;;;;;;;;;;;;;;;;;;;;;;;;;;;;;;;;;;;;;;;;;;;;;;;;;;;;;
;;;;;;;;;;;;;;;;;;;;;;;;;;;;;;;;;;;;;;;;;;;;;;;;;;;;;;;;;;;;;;;;;;;;;;;
;;;;;;;;;;;;;;;;;;;;;;;;;;;;;;;;;;;;;;;;;;;;;;;;;;;;;;;;;;;;;;;;;;;;;;;
;;;;;;;;;;;;;;;;;;;;;;;;;;;;;;;;;;;;;;;;;;;;;;;;;;;;;;;;;;;;;;;;;;;;;;;
;;;;;;;;;;;;;;;;;;;;;;;;;;;;;;;;;;;;;;;;;;;;;;;;;;;;;;;;;;;;;;;;;;;;;;;
;;;;;;;;;;;;;;;;;;;;;;;;;;;;;;;;;;;;;;;;;;;;;;;;;;;;;;;;;;;;;;;;;;;;;;;
;;;;;;;;;;;;;;;;;;;;;;;;;;;;;;;;;;;;;;;;;;;;;;;;;;;;;;;;;;;;;;;;;;;;;;;
;;;;;;;;;;;;;;;;;;;;;;;;;;;;;;;;;;;;;;;;;;;;;;;;;;;;;;;;;;;;;;;;;;;;;;;
;;;;;;;;;;;;;;;;;;;;;;;;;;;;;;;;;;;;;;;;;;;;;;;;;;;;;;;;;;;;;;;;;;;;;;;
;;;;;;;;;;;;;;;;;;;;;;;;;;;;;;;;;;;;;;;;;;;;;;;;;;;;;;;;;;;;;;;;;;;;;;;
;;;;;;;;;;;;;;;;;;;;;;;;;;;;;;;;;;;;;;;;;;;;;;;;;;;;;;;;;;;;;;;;;;;;;;;
;;;;;;;;;;;;;;;;;;;;;;;;;;;;;;;;;;;;;;;;;;;;;;;;;;;;;;;;;;;;;;;;;;;;;;;
;;;;;;;;;;;;;;;;;;;;;;;;;;;;;;;;;;;;;;;;;;;;;;;;;;;;;;;;;;;;;;;;;;;;;;;
;;;;;;;;;;;;;;;;;;;;;;;;;;;;;;;;;;;;;;;;;;;;;;;;;;;;;;;;;;;;;;;;;;;;;;;
;;;;;;;;;;;;;;;;;;;;;;;;;;;;;;;;;;;;;;;;;;;;;;;;;;;;;;;;;;;;;;;;;;;;;;;
;;;;;;;;;;;;;;;;;;;;;;;;;;;;;;;;;;;;;;;;;;;;;;;;;;;;;;;;;;;;;;;;;;;;;;;
;;;;;;;;;;;;;;;;;;;;;;;;;;;;;;;;;;;;;;;;;;;;;;;;;;;;;;;;;;;;;;;;;;;;;;;
;;;;;;;;;;;;;;;;;;;;;;;;;;;;;;;;;;;;;;;;;;;;;;;;;;;;;;;;;;;;;;;;;;;;;;;
;;;;;;;;;;;;;;;;;;;;;;;;;;;;;;;;;;;;;;;;;;;;;;;;;;;;;;;;;;;;;;;;;;;;;;;
;;;;;;;;;;;;;;;;;;;;;;;;;;;;;;;;;;;;;;;;;;;;;;;;;;;;;;;;;;;;;;;;;;;;;;;
;;;;;;;;;;;;;;;;;;;;;;;;;;;;;;;;;;;;;;;;;;;;;;;;;;;;;;;;;;;;;;;;;;;;;;;
;;;;;;;;;;;;;;;;;;;;;;;;;;;;;;;;;;;;;;;;;;;;;;;;;;;;;;;;;;;;;;;;;;;;;;;
;;;;;;;;;;;;;;;;;;;;;;;;;;;;;;;;;;;;;;;;;;;;;;;;;;;;;;;;;;;;;;;;;;;;;;;
;;;;;;;;;;;;;;;;;;;;;;;;;;;;;;;;;;;;;;;;;;;;;;;;;;;;;;;;;;;;;;;;;;;;;;;
;;;;;;;;;;;;;;;;;;;;;;;;;;;;;;;;;;;;;;;;;;;;;;;;;;;;;;;;;;;;;;;;;;;;;;;
;;;;;;;;;;;;;;;;;;;;;;;;;;;;;;;;;;;;;;;;;;;;;;;;;;;;;;;;;;;;;;;;;;;;;;;
;;;;;;;;;;;;;;;;;;;;;;;;;;;;;;;;;;;;;;;;;;;;;;;;;;;;;;;;;;;;;;;;;;;;;;;
;;;;;;;;;;;;;;;;;;;;;;;;;;;;;;;;;;;;;;;;;;;;;;;;;;;;;;;;;;;;;;;;;;;;;;;
;;;;;;;;;;;;;;;;;;;;;;;;;;;;;;;;;;;;;;;;;;;;;;;;;;;;;;;;;;;;;;;;;;;;;;;
;;;;;;;;;;;;;;;;;;;;;;;;;;;;;;;;;;;;;;;;;;;;;;;;;;;;;;;;;;;;;;;;;;;;;;;
;;;;;;;;;;;;;;;;;;;;;;;;;;;;;;;;;;;;;;;;;;;;;;;;;;;;;;;;;;;;;;;;;;;;;;;
;;;;;;;;;;;;;;;;;;;;;;;;;;;;;;;;;;;;;;;;;;;;;;;;;;;;;;;;;;;;;;;;;;;;;;;
;;;;;;;;;;;;;;;;;;;;;;;;;;;;;;;;;;;;;;;;;;;;;;;;;;;;;;;;;;;;;;;;;;;;;;;
;;;;;;;;;;;;;;;;;;;;;;;;;;;;;;;;;;;;;;;;;;;;;;;;;;;;;;;;;;;;;;;;;;;;;;;
;;;;;;;;;;;;;;;;;;;;;;;;;;;;;;;;;;;;;;;;;;;;;;;;;;;;;;;;;;;;;;;;;;;;;;;
;;;;;;;;;;;;;;;;;;;;;;;;;;;;;;;;;;;;;;;;;;;;;;;;;;;;;;;;;;;;;;;;;;;;;;;
;;;;;;;;;;;;;;;;;;;;;;;;;;;;;;;;;;;;;;;;;;;;;;;;;;;;;;;;;;;;;;;;;;;;;;;
;;;;;;;;;;;;;;;;;;;;;;;;;;;;;;;;;;;;;;;;;;;;;;;;;;;;;;;;;;;;;;;;;;;;;;;
;;;;;;;;;;;;;;;;;;;;;;;;;;;;;;;;;;;;;;;;;;;;;;;;;;;;;;;;;;;;;;;;;;;;;;;
;;;;;;;;;;;;;;;;;;;;;;;;;;;;;;;;;;;;;;;;;;;;;;;;;;;;;;;;;;;;;;;;;;;;;;;
;;;;;;;;;;;;;;;;;;;;;;;;;;;;;;;;;;;;;;;;;;;;;;;;;;;;;;;;;;;;;;;;;;;;;;;
;;;;;;;;;;;;;;;;;;;;;;;;;;;;;;;;;;;;;;;;;;;;;;;;;;;;;;;;;;;;;;;;;;;;;;;
;;;;;;;;;;;;;;;;;;;;;;;;;;;;;;;;;;;;;;;;;;;;;;;;;;;;;;;;;;;;;;;;;;;;;;;
;;;;;;;;;;;;;;;;;;;;;;;;;;;;;;;;;;;;;;;;;;;;;;;;;;;;;;;;;;;;;;;;;;;;;;;
;;;;;;;;;;;;;;;;;;;;;;;;;;;;;;;;;;;;;;;;;;;;;;;;;;;;;;;;;;;;;;;;;;;;;;;
;;;;;;;;;;;;;;;;;;;;;;;;;;;;;;;;;;;;;;;;;;;;;;;;;;;;;;;;;;;;;;;;;;;;;;;
;;;;;;;;;;;;;;;;;;;;;;;;;;;;;;;;;;;;;;;;;;;;;;;;;;;;;;;;;;;;;;;;;;;;;;;
;;;;;;;;;;;;;;;;;;;;;;;;;;;;;;;;;;;;;;;;;;;;;;;;;;;;;;;;;;;;;;;;;;;;;;;
;;;;;;;;;;;;;;;;;;;;;;;;;;;;;;;;;;;;;;;;;;;;;;;;;;;;;;;;;;;;;;;;;;;;;;;
;;;;;;;;;;;;;;;;;;;;;;;;;;;;;;;;;;;;;;;;;;;;;;;;;;;;;;;;;;;;;;;;;;;;;;;
;;;;;;;;;;;;;;;;;;;;;;;;;;;;;;;;;;;;;;;;;;;;;;;;;;;;;;;;;;;;;;;;;;;;;;;
;;;;;;;;;;;;;;;;;;;;;;;;;;;;;;;;;;;;;;;;;;;;;;;;;;;;;;;;;;;;;;;;;;;;;;;
;;;;;;;;;;;;;;;;;;;;;;;;;;;;;;;;;;;;;;;;;;;;;;;;;;;;;;;;;;;;;;;;;;;;;;;
;;;;;;;;;;;;;;;;;;;;;;;;;;;;;;;;;;;;;;;;;;;;;;;;;;;;;;;;;;;;;;;;;;;;;;;
;;;;;;;;;;;;;;;;;;;;;;;;;;;;;;;;;;;;;;;;;;;;;;;;;;;;;;;;;;;;;;;;;;;;;;;
;;;;;;;;;;;;;;;;;;;;;;;;;;;;;;;;;;;;;;;;;;;;;;;;;;;;;;;;;;;;;;;;;;;;;;;
;;;;;;;;;;;;;;;;;;;;;;;;;;;;;;;;;;;;;;;;;;;;;;;;;;;;;;;;;;;;;;;;;;;;;;;
;;;;;;;;;;;;;;;;;;;;;;;;;;;;;;;;;;;;;;;;;;;;;;;;;;;;;;;;;;;;;;;;;;;;;;;
;;;;;;;;;;;;;;;;;;;;;;;;;;;;;;;;;;;;;;;;;;;;;;;;;;;;;;;;;;;;;;;;;;;;;;;
;;;;;;;;;;;;;;;;;;;;;;;;;;;;;;;;;;;;;;;;;;;;;;;;;;;;;;;;;;;;;;;;;;;;;;;
;;;;;;;;;;;;;;;;;;;;;;;;;;;;;;;;;;;;;;;;;;;;;;;;;;;;;;;;;;;;;;;;;;;;;;;
;;;;;;;;;;;;;;;;;;;;;;;;;;;;;;;;;;;;;;;;;;;;;;;;;;;;;;;;;;;;;;;;;;;;;;;
;;;;;;;;;;;;;;;;;;;;;;;;;;;;;;;;;;;;;;;;;;;;;;;;;;;;;;;;;;;;;;;;;;;;;;;
;;;;;;;;;;;;;;;;;;;;;;;;;;;;;;;;;;;;;;;;;;;;;;;;;;;;;;;;;;;;;;;;;;;;;;;
;;;;;;;;;;;;;;;;;;;;;;;;;;;;;;;;;;;;;;;;;;;;;;;;;;;;;;;;;;;;;;;;;;;;;;;
;;;;;;;;;;;;;;;;;;;;;;;;;;;;;;;;;;;;;;;;;;;;;;;;;;;;;;;;;;;;;;;;;;;;;;;
;;;;;;;;;;;;;;;;;;;;;;;;;;;;;;;;;;;;;;;;;;;;;;;;;;;;;;;;;;;;;;;;;;;;;;;
;;;;;;;;;;;;;;;;;;;;;;;;;;;;;;;;;;;;;;;;;;;;;;;;;;;;;;;;;;;;;;;;;;;;;;;
;;;;;;;;;;;;;;;;;;;;;;;;;;;;;;;;;;;;;;;;;;;;;;;;;;;;;;;;;;;;;;;;;;;;;;;
;;;;;;;;;;;;;;;;;;;;;;;;;;;;;;;;;;;;;;;;;;;;;;;;;;;;;;;;;;;;;;;;;;;;;;;
;;;;;;;;;;;;;;;;;;;;;;;;;;;;;;;;;;;;;;;;;;;;;;;;;;;;;;;;;;;;;;;;;;;;;;;
;;;;;;;;;;;;;;;;;;;;;;;;;;;;;;;;;;;;;;;;;;;;;;;;;;;;;;;;;;;;;;;;;;;;;;;
;;;;;;;;;;;;;;;;;;;;;;;;;;;;;;;;;;;;;;;;;;;;;;;;;;;;;;;;;;;;;;;;;;;;;;;
;;;;;;;;;;;;;;;;;;;;;;;;;;;;;;;;;;;;;;;;;;;;;;;;;;;;;;;;;;;;;;;;;;;;;;;
;;;;;;;;;;;;;;;;;;;;;;;;;;;;;;;;;;;;;;;;;;;;;;;;;;;;;;;;;;;;;;;;;;;;;;;
;;;;;;;;;;;;;;;;;;;;;;;;;;;;;;;;;;;;;;;;;;;;;;;;;;;;;;;;;;;;;;;;;;;;;;;
;;;;;;;;;;;;;;;;;;;;;;;;;;;;;;;;;;;;;;;;;;;;;;;;;;;;;;;;;;;;;;;;;;;;;;;
;;;;;;;;;;;;;;;;;;;;;;;;;;;;;;;;;;;;;;;;;;;;;;;;;;;;;;;;;;;;;;;;;;;;;;;
;;;;;;;;;;;;;;;;;;;;;;;;;;;;;;;;;;;;;;;;;;;;;;;;;;;;;;;;;;;;;;;;;;;;;;;
;;;;;;;;;;;;;;;;;;;;;;;;;;;;;;;;;;;;;;;;;;;;;;;;;;;;;;;;;;;;;;;;;;;;;;;
;;;;;;;;;;;;;;;;;;;;;;;;;;;;;;;;;;;;;;;;;;;;;;;;;;;;;;;;;;;;;;;;;;;;;;;
;;;;;;;;;;;;;;;;;;;;;;;;;;;;;;;;;;;;;;;;;;;;;;;;;;;;;;;;;;;;;;;;;;;;;;;
;;;;;;;;;;;;;;;;;;;;;;;;;;;;;;;;;;;;;;;;;;;;;;;;;;;;;;;;;;;;;;;;;;;;;;;
;;;;;;;;;;;;;;;;;;;;;;;;;;;;;;;;;;;;;;;;;;;;;;;;;;;;;;;;;;;;;;;;;;;;;;;
;;;;;;;;;;;;;;;;;;;;;;;;;;;;;;;;;;;;;;;;;;;;;;;;;;;;;;;;;;;;;;;;;;;;;;;
;;;;;;;;;;;;;;;;;;;;;;;;;;;;;;;;;;;;;;;;;;;;;;;;;;;;;;;;;;;;;;;;;;;;;;;
;;;;;;;;;;;;;;;;;;;;;;;;;;;;;;;;;;;;;;;;;;;;;;;;;;;;;;;;;;;;;;;;;;;;;;;
;;;;;;;;;;;;;;;;;;;;;;;;;;;;;;;;;;;;;;;;;;;;;;;;;;;;;;;;;;;;;;;;;;;;;;;
;;;;;;;;;;;;;;;;;;;;;;;;;;;;;;;;;;;;;;;;;;;;;;;;;;;;;;;;;;;;;;;;;;;;;;;
;;;;;;;;;;;;;;;;;;;;;;;;;;;;;;;;;;;;;;;;;;;;;;;;;;;;;;;;;;;;;;;;;;;;;;;
;;;;;;;;;;;;;;;;;;;;;;;;;;;;;;;;;;;;;;;;;;;;;;;;;;;;;;;;;;;;;;;;;;;;;;;
;;;;;;;;;;;;;;;;;;;;;;;;;;;;;;;;;;;;;;;;;;;;;;;;;;;;;;;;;;;;;;;;;;;;;;;
;;;;;;;;;;;;;;;;;;;;;;;;;;;;;;;;;;;;;;;;;;;;;;;;;;;;;;;;;;;;;;;;;;;;;;;
;;;;;;;;;;;;;;;;;;;;;;;;;;;;;;;;;;;;;;;;;;;;;;;;;;;;;;;;;;;;;;;;;;;;;;;
;;;;;;;;;;;;;;;;;;;;;;;;;;;;;;;;;;;;;;;;;;;;;;;;;;;;;;;;;;;;;;;;;;;;;;;
;;;;;;;;;;;;;;;;;;;;;;;;;;;;;;;;;;;;;;;;;;;;;;;;;;;;;;;;;;;;;;;;;;;;;;;
;;;;;;;;;;;;;;;;;;;;;;;;;;;;;;;;;;;;;;;;;;;;;;;;;;;;;;;;;;;;;;;;;;;;;;;
;;;;;;;;;;;;;;;;;;;;;;;;;;;;;;;;;;;;;;;;;;;;;;;;;;;;;;;;;;;;;;;;;;;;;;;
;;;;;;;;;;;;;;;;;;;;;;;;;;;;;;;;;;;;;;;;;;;;;;;;;;;;;;;;;;;;;;;;;;;;;;;
;;;;;;;;;;;;;;;;;;;;;;;;;;;;;;;;;;;;;;;;;;;;;;;;;;;;;;;;;;;;;;;;;;;;;;;
;;;;;;;;;;;;;;;;;;;;;;;;;;;;;;;;;;;;;;;;;;;;;;;;;;;;;;;;;;;;;;;;;;;;;;;
;;;;;;;;;;;;;;;;;;;;;;;;;;;;;;;;;;;;;;;;;;;;;;;;;;;;;;;;;;;;;;;;;;;;;;;
;;;;;;;;;;;;;;;;;;;;;;;;;;;;;;;;;;;;;;;;;;;;;;;;;;;;;;;;;;;;;;;;;;;;;;;
;;;;;;;;;;;;;;;;;;;;;;;;;;;;;;;;;;;;;;;;;;;;;;;;;;;;;;;;;;;;;;;;;;;;;;;
;;;;;;;;;;;;;;;;;;;;;;;;;;;;;;;;;;;;;;;;;;;;;;;;;;;;;;;;;;;;;;;;;;;;;;;
;;;;;;;;;;;;;;;;;;;;;;;;;;;;;;;;;;;;;;;;;;;;;;;;;;;;;;;;;;;;;;;;;;;;;;;
;;;;;;;;;;;;;;;;;;;;;;;;;;;;;;;;;;;;;;;;;;;;;;;;;;;;;;;;;;;;;;;;;;;;;;;
;;;;;;;;;;;;;;;;;;;;;;;;;;;;;;;;;;;;;;;;;;;;;;;;;;;;;;;;;;;;;;;;;;;;;;;
;;;;;;;;;;;;;;;;;;;;;;;;;;;;;;;;;;;;;;;;;;;;;;;;;;;;;;;;;;;;;;;;;;;;;;;
;;;;;;;;;;;;;;;;;;;;;;;;;;;;;;;;;;;;;;;;;;;;;;;;;;;;;;;;;;;;;;;;;;;;;;;
;;;;;;;;;;;;;;;;;;;;;;;;;;;;;;;;;;;;;;;;;;;;;;;;;;;;;;;;;;;;;;;;;;;;;;;
;;;;;;;;;;;;;;;;;;;;;;;;;;;;;;;;;;;;;;;;;;;;;;;;;;;;;;;;;;;;;;;;;;;;;;;
;;;;;;;;;;;;;;;;;;;;;;;;;;;;;;;;;;;;;;;;;;;;;;;;;;;;;;;;;;;;;;;;;;;;;;;
;;;;;;;;;;;;;;;;;;;;;;;;;;;;;;;;;;;;;;;;;;;;;;;;;;;;;;;;;;;;;;;;;;;;;;;
;;;;;;;;;;;;;;;;;;;;;;;;;;;;;;;;;;;;;;;;;;;;;;;;;;;;;;;;;;;;;;;;;;;;;;;
;;;;;;;;;;;;;;;;;;;;;;;;;;;;;;;;;;;;;;;;;;;;;;;;;;;;;;;;;;;;;;;;;;;;;;;
;;;;;;;;;;;;;;;;;;;;;;;;;;;;;;;;;;;;;;;;;;;;;;;;;;;;;;;;;;;;;;;;;;;;;;;
;;;;;;;;;;;;;;;;;;;;;;;;;;;;;;;;;;;;;;;;;;;;;;;;;;;;;;;;;;;;;;;;;;;;;;;
;;;;;;;;;;;;;;;;;;;;;;;;;;;;;;;;;;;;;;;;;;;;;;;;;;;;;;;;;;;;;;;;;;;;;;;
;;;;;;;;;;;;;;;;;;;;;;;;;;;;;;;;;;;;;;;;;;;;;;;;;;;;;;;;;;;;;;;;;;;;;;;
;;;;;;;;;;;;;;;;;;;;;;;;;;;;;;;;;;;;;;;;;;;;;;;;;;;;;;;;;;;;;;;;;;;;;;;
;;;;;;;;;;;;;;;;;;;;;;;;;;;;;;;;;;;;;;;;;;;;;;;;;;;;;;;;;;;;;;;;;;;;;;;
;;;;;;;;;;;;;;;;;;;;;;;;;;;;;;;;;;;;;;;;;;;;;;;;;;;;;;;;;;;;;;;;;;;;;;;
;;;;;;;;;;;;;;;;;;;;;;;;;;;;;;;;;;;;;;;;;;;;;;;;;;;;;;;;;;;;;;;;;;;;;;;
;;;;;;;;;;;;;;;;;;;;;;;;;;;;;;;;;;;;;;;;;;;;;;;;;;;;;;;;;;;;;;;;;;;;;;;
;;;;;;;;;;;;;;;;;;;;;;;;;;;;;;;;;;;;;;;;;;;;;;;;;;;;;;;;;;;;;;;;;;;;;;;
;;;;;;;;;;;;;;;;;;;;;;;;;;;;;;;;;;;;;;;;;;;;;;;;;;;;;;;;;;;;;;;;;;;;;;;
;;;;;;;;;;;;;;;;;;;;;;;;;;;;;;;;;;;;;;;;;;;;;;;;;;;;;;;;;;;;;;;;;;;;;;;
;;;;;;;;;;;;;;;;;;;;;;;;;;;;;;;;;;;;;;;;;;;;;;;;;;;;;;;;;;;;;;;;;;;;;;;
;;;;;;;;;;;;;;;;;;;;;;;;;;;;;;;;;;;;;;;;;;;;;;;;;;;;;;;;;;;;;;;;;;;;;;;
;;;;;;;;;;;;;;;;;;;;;;;;;;;;;;;;;;;;;;;;;;;;;;;;;;;;;;;;;;;;;;;;;;;;;;;
;;;;;;;;;;;;;;;;;;;;;;;;;;;;;;;;;;;;;;;;;;;;;;;;;;;;;;;;;;;;;;;;;;;;;;;
;;;;;;;;;;;;;;;;;;;;;;;;;;;;;;;;;;;;;;;;;;;;;;;;;;;;;;;;;;;;;;;;;;;;;;;
;;;;;;;;;;;;;;;;;;;;;;;;;;;;;;;;;;;;;;;;;;;;;;;;;;;;;;;;;;;;;;;;;;;;;;;
;;;;;;;;;;;;;;;;;;;;;;;;;;;;;;;;;;;;;;;;;;;;;;;;;;;;;;;;;;;;;;;;;;;;;;;
;;;;;;;;;;;;;;;;;;;;;;;;;;;;;;;;;;;;;;;;;;;;;;;;;;;;;;;;;;;;;;;;;;;;;;;
;;;;;;;;;;;;;;;;;;;;;;;;;;;;;;;;;;;;;;;;;;;;;;;;;;;;;;;;;;;;;;;;;;;;;;;
;;;;;;;;;;;;;;;;;;;;;;;;;;;;;;;;;;;;;;;;;;;;;;;;;;;;;;;;;;;;;;;;;;;;;;;
;;;;;;;;;;;;;;;;;;;;;;;;;;;;;;;;;;;;;;;;;;;;;;;;;;;;;;;;;;;;;;;;;;;;;;;
;;;;;;;;;;;;;;;;;;;;;;;;;;;;;;;;;;;;;;;;;;;;;;;;;;;;;;;;;;;;;;;;;;;;;;;
;;;;;;;;;;;;;;;;;;;;;;;;;;;;;;;;;;;;;;;;;;;;;;;;;;;;;;;;;;;;;;;;;;;;;;;
;;;;;;;;;;;;;;;;;;;;;;;;;;;;;;;;;;;;;;;;;;;;;;;;;;;;;;;;;;;;;;;;;;;;;;;
;;;;;;;;;;;;;;;;;;;;;;;;;;;;;;;;;;;;;;;;;;;;;;;;;;;;;;;;;;;;;;;;;;;;;;;
;;;;;;;;;;;;;;;;;;;;;;;;;;;;;;;;;;;;;;;;;;;;;;;;;;;;;;;;;;;;;;;;;;;;;;;
;;;;;;;;;;;;;;;;;;;;;;;;;;;;;;;;;;;;;;;;;;;;;;;;;;;;;;;;;;;;;;;;;;;;;;;
;;;;;;;;;;;;;;;;;;;;;;;;;;;;;;;;;;;;;;;;;;;;;;;;;;;;;;;;;;;;;;;;;;;;;;;
;;;;;;;;;;;;;;;;;;;;;;;;;;;;;;;;;;;;;;;;;;;;;;;;;;;;;;;;;;;;;;;;;;;;;;;
;;;;;;;;;;;;;;;;;;;;;;;;;;;;;;;;;;;;;;;;;;;;;;;;;;;;;;;;;;;;;;;;;;;;;;;
;;;;;;;;;;;;;;;;;;;;;;;;;;;;;;;;;;;;;;;;;;;;;;;;;;;;;;;;;;;;;;;;;;;;;;;
;;;;;;;;;;;;;;;;;;;;;;;;;;;;;;;;;;;;;;;;;;;;;;;;;;;;;;;;;;;;;;;;;;;;;;;
;;;;;;;;;;;;;;;;;;;;;;;;;;;;;;;;;;;;;;;;;;;;;;;;;;;;;;;;;;;;;;;;;;;;;;;
;;;;;;;;;;;;;;;;;;;;;;;;;;;;;;;;;;;;;;;;;;;;;;;;;;;;;;;;;;;;;;;;;;;;;;;
;;;;;;;;;;;;;;;;;;;;;;;;;;;;;;;;;;;;;;;;;;;;;;;;;;;;;;;;;;;;;;;;;;;;;;;
;;;;;;;;;;;;;;;;;;;;;;;;;;;;;;;;;;;;;;;;;;;;;;;;;;;;;;;;;;;;;;;;;;;;;;;
;;;;;;;;;;;;;;;;;;;;;;;;;;;;;;;;;;;;;;;;;;;;;;;;;;;;;;;;;;;;;;;;;;;;;;;
;;;;;;;;;;;;;;;;;;;;;;;;;;;;;;;;;;;;;;;;;;;;;;;;;;;;;;;;;;;;;;;;;;;;;;;
;;;;;;;;;;;;;;;;;;;;;;;;;;;;;;;;;;;;;;;;;;;;;;;;;;;;;;;;;;;;;;;;;;;;;;;
;;;;;;;;;;;;;;;;;;;;;;;;;;;;;;;;;;;;;;;;;;;;;;;;;;;;;;;;;;;;;;;;;;;;;;;
;;;;;;;;;;;;;;;;;;;;;;;;;;;;;;;;;;;;;;;;;;;;;;;;;;;;;;;;;;;;;;;;;;;;;;;
;;;;;;;;;;;;;;;;;;;;;;;;;;;;;;;;;;;;;;;;;;;;;;;;;;;;;;;;;;;;;;;;;;;;;;;
;;;;;;;;;;;;;;;;;;;;;;;;;;;;;;;;;;;;;;;;;;;;;;;;;;;;;;;;;;;;;;;;;;;;;;;
;;;;;;;;;;;;;;;;;;;;;;;;;;;;;;;;;;;;;;;;;;;;;;;;;;;;;;;;;;;;;;;;;;;;;;;
;;;;;;;;;;;;;;;;;;;;;;;;;;;;;;;;;;;;;;;;;;;;;;;;;;;;;;;;;;;;;;;;;;;;;;;
;;;;;;;;;;;;;;;;;;;;;;;;;;;;;;;;;;;;;;;;;;;;;;;;;;;;;;;;;;;;;;;;;;;;;;;
;;;;;;;;;;;;;;;;;;;;;;;;;;;;;;;;;;;;;;;;;;;;;;;;;;;;;;;;;;;;;;;;;;;;;;;
;;;;;;;;;;;;;;;;;;;;;;;;;;;;;;;;;;;;;;;;;;;;;;;;;;;;;;;;;;;;;;;;;;;;;;;
;;;;;;;;;;;;;;;;;;;;;;;;;;;;;;;;;;;;;;;;;;;;;;;;;;;;;;;;;;;;;;;;;;;;;;;
;;;;;;;;;;;;;;;;;;;;;;;;;;;;;;;;;;;;;;;;;;;;;;;;;;;;;;;;;;;;;;;;;;;;;;;
;;;;;;;;;;;;;;;;;;;;;;;;;;;;;;;;;;;;;;;;;;;;;;;;;;;;;;;;;;;;;;;;;;;;;;;
;;;;;;;;;;;;;;;;;;;;;;;;;;;;;;;;;;;;;;;;;;;;;;;;;;;;;;;;;;;;;;;;;;;;;;;
;;;;;;;;;;;;;;;;;;;;;;;;;;;;;;;;;;;;;;;;;;;;;;;;;;;;;;;;;;;;;;;;;;;;;;;
;;;;;;;;;;;;;;;;;;;;;;;;;;;;;;;;;;;;;;;;;;;;;;;;;;;;;;;;;;;;;;;;;;;;;;;
;;;;;;;;;;;;;;;;;;;;;;;;;;;;;;;;;;;;;;;;;;;;;;;;;;;;;;;;;;;;;;;;;;;;;;;
;;;;;;;;;;;;;;;;;;;;;;;;;;;;;;;;;;;;;;;;;;;;;;;;;;;;;;;;;;;;;;;;;;;;;;;
;;;;;;;;;;;;;;;;;;;;;;;;;;;;;;;;;;;;;;;;;;;;;;;;;;;;;;;;;;;;;;;;;;;;;;;
;;;;;;;;;;;;;;;;;;;;;;;;;;;;;;;;;;;;;;;;;;;;;;;;;;;;;;;;;;;;;;;;;;;;;;;
;;;;;;;;;;;;;;;;;;;;;;;;;;;;;;;;;;;;;;;;;;;;;;;;;;;;;;;;;;;;;;;;;;;;;;;
;;;;;;;;;;;;;;;;;;;;;;;;;;;;;;;;;;;;;;;;;;;;;;;;;;;;;;;;;;;;;;;;;;;;;;;
;;;;;;;;;;;;;;;;;;;;;;;;;;;;;;;;;;;;;;;;;;;;;;;;;;;;;;;;;;;;;;;;;;;;;;;
;;;;;;;;;;;;;;;;;;;;;;;;;;;;;;;;;;;;;;;;;;;;;;;;;;;;;;;;;;;;;;;;;;;;;;;
;;;;;;;;;;;;;;;;;;;;;;;;;;;;;;;;;;;;;;;;;;;;;;;;;;;;;;;;;;;;;;;;;;;;;;;
;;;;;;;;;;;;;;;;;;;;;;;;;;;;;;;;;;;;;;;;;;;;;;;;;;;;;;;;;;;;;;;;;;;;;;;
;;;;;;;;;;;;;;;;;;;;;;;;;;;;;;;;;;;;;;;;;;;;;;;;;;;;;;;;;;;;;;;;;;;;;;;
;;;;;;;;;;;;;;;;;;;;;;;;;;;;;;;;;;;;;;;;;;;;;;;;;;;;;;;;;;;;;;;;;;;;;;;
;;;;;;;;;;;;;;;;;;;;;;;;;;;;;;;;;;;;;;;;;;;;;;;;;;;;;;;;;;;;;;;;;;;;;;;
;;;;;;;;;;;;;;;;;;;;;;;;;;;;;;;;;;;;;;;;;;;;;;;;;;;;;;;;;;;;;;;;;;;;;;;
;;;;;;;;;;;;;;;;;;;;;;;;;;;;;;;;;;;;;;;;;;;;;;;;;;;;;;;;;;;;;;;;;;;;;;;
;;;;;;;;;;;;;;;;;;;;;;;;;;;;;;;;;;;;;;;;;;;;;;;;;;;;;;;;;;;;;;;;;;;;;;;
;;;;;;;;;;;;;;;;;;;;;;;;;;;;;;;;;;;;;;;;;;;;;;;;;;;;;;;;;;;;;;;;;;;;;;;
;;;;;;;;;;;;;;;;;;;;;;;;;;;;;;;;;;;;;;;;;;;;;;;;;;;;;;;;;;;;;;;;;;;;;;;
;;;;;;;;;;;;;;;;;;;;;;;;;;;;;;;;;;;;;;;;;;;;;;;;;;;;;;;;;;;;;;;;;;;;;;;
;;;;;;;;;;;;;;;;;;;;;;;;;;;;;;;;;;;;;;;;;;;;;;;;;;;;;;;;;;;;;;;;;;;;;;;
;;;;;;;;;;;;;;;;;;;;;;;;;;;;;;;;;;;;;;;;;;;;;;;;;;;;;;;;;;;;;;;;;;;;;;;
;;;;;;;;;;;;;;;;;;;;;;;;;;;;;;;;;;;;;;;;;;;;;;;;;;;;;;;;;;;;;;;;;;;;;;;
;;;;;;;;;;;;;;;;;;;;;;;;;;;;;;;;;;;;;;;;;;;;;;;;;;;;;;;;;;;;;;;;;;;;;;;
;;;;;;;;;;;;;;;;;;;;;;;;;;;;;;;;;;;;;;;;;;;;;;;;;;;;;;;;;;;;;;;;;;;;;;;
;;;;;;;;;;;;;;;;;;;;;;;;;;;;;;;;;;;;;;;;;;;;;;;;;;;;;;;;;;;;;;;;;;;;;;;
;;;;;;;;;;;;;;;;;;;;;;;;;;;;;;;;;;;;;;;;;;;;;;;;;;;;;;;;;;;;;;;;;;;;;;;
;;;;;;;;;;;;;;;;;;;;;;;;;;;;;;;;;;;;;;;;;;;;;;;;;;;;;;;;;;;;;;;;;;;;;;;
;;;;;;;;;;;;;;;;;;;;;;;;;;;;;;;;;;;;;;;;;;;;;;;;;;;;;;;;;;;;;;;;;;;;;;;
;;;;;;;;;;;;;;;;;;;;;;;;;;;;;;;;;;;;;;;;;;;;;;;;;;;;;;;;;;;;;;;;;;;;;;;
;;;;;;;;;;;;;;;;;;;;;;;;;;;;;;;;;;;;;;;;;;;;;;;;;;;;;;;;;;;;;;;;;;;;;;;
;;;;;;;;;;;;;;;;;;;;;;;;;;;;;;;;;;;;;;;;;;;;;;;;;;;;;;;;;;;;;;;;;;;;;;;
;;;;;;;;;;;;;;;;;;;;;;;;;;;;;;;;;;;;;;;;;;;;;;;;;;;;;;;;;;;;;;;;;;;;;;;
;;;;;;;;;;;;;;;;;;;;;;;;;;;;;;;;;;;;;;;;;;;;;;;;;;;;;;;;;;;;;;;;;;;;;;;
;;;;;;;;;;;;;;;;;;;;;;;;;;;;;;;;;;;;;;;;;;;;;;;;;;;;;;;;;;;;;;;;;;;;;;;
;;;;;;;;;;;;;;;;;;;;;;;;;;;;;;;;;;;;;;;;;;;;;;;;;;;;;;;;;;;;;;;;;;;;;;;
;;;;;;;;;;;;;;;;;;;;;;;;;;;;;;;;;;;;;;;;;;;;;;;;;;;;;;;;;;;;;;;;;;;;;;;
;;;;;;;;;;;;;;;;;;;;;;;;;;;;;;;;;;;;;;;;;;;;;;;;;;;;;;;;;;;;;;;;;;;;;;;
;;;;;;;;;;;;;;;;;;;;;;;;;;;;;;;;;;;;;;;;;;;;;;;;;;;;;;;;;;;;;;;;;;;;;;;
;;;;;;;;;;;;;;;;;;;;;;;;;;;;;;;;;;;;;;;;;;;;;;;;;;;;;;;;;;;;;;;;;;;;;;;
;;;;;;;;;;;;;;;;;;;;;;;;;;;;;;;;;;;;;;;;;;;;;;;;;;;;;;;;;;;;;;;;;;;;;;;
;;;;;;;;;;;;;;;;;;;;;;;;;;;;;;;;;;;;;;;;;;;;;;;;;;;;;;;;;;;;;;;;;;;;;;;
;;;;;;;;;;;;;;;;;;;;;;;;;;;;;;;;;;;;;;;;;;;;;;;;;;;;;;;;;;;;;;;;;;;;;;;
;;;;;;;;;;;;;;;;;;;;;;;;;;;;;;;;;;;;;;;;;;;;;;;;;;;;;;;;;;;;;;;;;;;;;;;
;;;;;;;;;;;;;;;;;;;;;;;;;;;;;;;;;;;;;;;;;;;;;;;;;;;;;;;;;;;;;;;;;;;;;;;
;;;;;;;;;;;;;;;;;;;;;;;;;;;;;;;;;;;;;;;;;;;;;;;;;;;;;;;;;;;;;;;;;;;;;;;
;;;;;;;;;;;;;;;;;;;;;;;;;;;;;;;;;;;;;;;;;;;;;;;;;;;;;;;;;;;;;;;;;;;;;;;
;;;;;;;;;;;;;;;;;;;;;;;;;;;;;;;;;;;;;;;;;;;;;;;;;;;;;;;;;;;;;;;;;;;;;;;
;;;;;;;;;;;;;;;;;;;;;;;;;;;;;;;;;;;;;;;;;;;;;;;;;;;;;;;;;;;;;;;;;;;;;;;
;;;;;;;;;;;;;;;;;;;;;;;;;;;;;;;;;;;;;;;;;;;;;;;;;;;;;;;;;;;;;;;;;;;;;;;
;;;;;;;;;;;;;;;;;;;;;;;;;;;;;;;;;;;;;;;;;;;;;;;;;;;;;;;;;;;;;;;;;;;;;;;
;;;;;;;;;;;;;;;;;;;;;;;;;;;;;;;;;;;;;;;;;;;;;;;;;;;;;;;;;;;;;;;;;;;;;;;
;;;;;;;;;;;;;;;;;;;;;;;;;;;;;;;;;;;;;;;;;;;;;;;;;;;;;;;;;;;;;;;;;;;;;;;
;;;;;;;;;;;;;;;;;;;;;;;;;;;;;;;;;;;;;;;;;;;;;;;;;;;;;;;;;;;;;;;;;;;;;;;
;;;;;;;;;;;;;;;;;;;;;;;;;;;;;;;;;;;;;;;;;;;;;;;;;;;;;;;;;;;;;;;;;;;;;;;
;;;;;;;;;;;;;;;;;;;;;;;;;;;;;;;;;;;;;;;;;;;;;;;;;;;;;;;;;;;;;;;;;;;;;;;
;;;;;;;;;;;;;;;;;;;;;;;;;;;;;;;;;;;;;;;;;;;;;;;;;;;;;;;;;;;;;;;;;;;;;;;
;;;;;;;;;;;;;;;;;;;;;;;;;;;;;;;;;;;;;;;;;;;;;;;;;;;;;;;;;;;;;;;;;;;;;;;
;;;;;;;;;;;;;;;;;;;;;;;;;;;;;;;;;;;;;;;;;;;;;;;;;;;;;;;;;;;;;;;;;;;;;;;
;;;;;;;;;;;;;;;;;;;;;;;;;;;;;;;;;;;;;;;;;;;;;;;;;;;;;;;;;;;;;;;;;;;;;;;
;;;;;;;;;;;;;;;;;;;;;;;;;;;;;;;;;;;;;;;;;;;;;;;;;;;;;;;;;;;;;;;;;;;;;;;
;;;;;;;;;;;;;;;;;;;;;;;;;;;;;;;;;;;;;;;;;;;;;;;;;;;;;;;;;;;;;;;;;;;;;;;
;;;;;;;;;;;;;;;;;;;;;;;;;;;;;;;;;;;;;;;;;;;;;;;;;;;;;;;;;;;;;;;;;;;;;;;
;;;;;;;;;;;;;;;;;;;;;;;;;;;;;;;;;;;;;;;;;;;;;;;;;;;;;;;;;;;;;;;;;;;;;;;
;;;;;;;;;;;;;;;;;;;;;;;;;;;;;;;;;;;;;;;;;;;;;;;;;;;;;;;;;;;;;;;;;;;;;;;
;;;;;;;;;;;;;;;;;;;;;;;;;;;;;;;;;;;;;;;;;;;;;;;;;;;;;;;;;;;;;;;;;;;;;;;
;;;;;;;;;;;;;;;;;;;;;;;;;;;;;;;;;;;;;;;;;;;;;;;;;;;;;;;;;;;;;;;;;;;;;;;
;;;;;;;;;;;;;;;;;;;;;;;;;;;;;;;;;;;;;;;;;;;;;;;;;;;;;;;;;;;;;;;;;;;;;;;
;;;;;;;;;;;;;;;;;;;;;;;;;;;;;;;;;;;;;;;;;;;;;;;;;;;;;;;;;;;;;;;;;;;;;;;
;;;;;;;;;;;;;;;;;;;;;;;;;;;;;;;;;;;;;;;;;;;;;;;;;;;;;;;;;;;;;;;;;;;;;;;
;;;;;;;;;;;;;;;;;;;;;;;;;;;;;;;;;;;;;;;;;;;;;;;;;;;;;;;;;;;;;;;;;;;;;;;
;;;;;;;;;;;;;;;;;;;;;;;;;;;;;;;;;;;;;;;;;;;;;;;;;;;;;;;;;;;;;;;;;;;;;;;
;;;;;;;;;;;;;;;;;;;;;;;;;;;;;;;;;;;;;;;;;;;;;;;;;;;;;;;;;;;;;;;;;;;;;;;
;;;;;;;;;;;;;;;;;;;;;;;;;;;;;;;;;;;;;;;;;;;;;;;;;;;;;;;;;;;;;;;;;;;;;;;
;;;;;;;;;;;;;;;;;;;;;;;;;;;;;;;;;;;;;;;;;;;;;;;;;;;;;;;;;;;;;;;;;;;;;;;
;;;;;;;;;;;;;;;;;;;;;;;;;;;;;;;;;;;;;;;;;;;;;;;;;;;;;;;;;;;;;;;;;;;;;;;
;;;;;;;;;;;;;;;;;;;;;;;;;;;;;;;;;;;;;;;;;;;;;;;;;;;;;;;;;;;;;;;;;;;;;;;
;;;;;;;;;;;;;;;;;;;;;;;;;;;;;;;;;;;;;;;;;;;;;;;;;;;;;;;;;;;;;;;;;;;;;;;
;;;;;;;;;;;;;;;;;;;;;;;;;;;;;;;;;;;;;;;;;;;;;;;;;;;;;;;;;;;;;;;;;;;;;;;
;;;;;;;;;;;;;;;;;;;;;;;;;;;;;;;;;;;;;;;;;;;;;;;;;;;;;;;;;;;;;;;;;;;;;;;
;;;;;;;;;;;;;;;;;;;;;;;;;;;;;;;;;;;;;;;;;;;;;;;;;;;;;;;;;;;;;;;;;;;;;;;
;;;;;;;;;;;;;;;;;;;;;;;;;;;;;;;;;;;;;;;;;;;;;;;;;;;;;;;;;;;;;;;;;;;;;;;
;;;;;;;;;;;;;;;;;;;;;;;;;;;;;;;;;;;;;;;;;;;;;;;;;;;;;;;;;;;;;;;;;;;;;;;
;;;;;;;;;;;;;;;;;;;;;;;;;;;;;;;;;;;;;;;;;;;;;;;;;;;;;;;;;;;;;;;;;;;;;;;
;;;;;;;;;;;;;;;;;;;;;;;;;;;;;;;;;;;;;;;;;;;;;;;;;;;;;;;;;;;;;;;;;;;;;;;
;;;;;;;;;;;;;;;;;;;;;;;;;;;;;;;;;;;;;;;;;;;;;;;;;;;;;;;;;;;;;;;;;;;;;;;
;;;;;;;;;;;;;;;;;;;;;;;;;;;;;;;;;;;;;;;;;;;;;;;;;;;;;;;;;;;;;;;;;;;;;;;
;;;;;;;;;;;;;;;;;;;;;;;;;;;;;;;;;;;;;;;;;;;;;;;;;;;;;;;;;;;;;;;;;;;;;;;
;;;;;;;;;;;;;;;;;;;;;;;;;;;;;;;;;;;;;;;;;;;;;;;;;;;;;;;;;;;;;;;;;;;;;;;
;;;;;;;;;;;;;;;;;;;;;;;;;;;;;;;;;;;;;;;;;;;;;;;;;;;;;;;;;;;;;;;;;;;;;;;
;;;;;;;;;;;;;;;;;;;;;;;;;;;;;;;;;;;;;;;;;;;;;;;;;;;;;;;;;;;;;;;;;;;;;;;
;;;;;;;;;;;;;;;;;;;;;;;;;;;;;;;;;;;;;;;;;;;;;;;;;;;;;;;;;;;;;;;;;;;;;;;
;;;;;;;;;;;;;;;;;;;;;;;;;;;;;;;;;;;;;;;;;;;;;;;;;;;;;;;;;;;;;;;;;;;;;;;
;;;;;;;;;;;;;;;;;;;;;;;;;;;;;;;;;;;;;;;;;;;;;;;;;;;;;;;;;;;;;;;;;;;;;;;
;;;;;;;;;;;;;;;;;;;;;;;;;;;;;;;;;;;;;;;;;;;;;;;;;;;;;;;;;;;;;;;;;;;;;;;
;;;;;;;;;;;;;;;;;;;;;;;;;;;;;;;;;;;;;;;;;;;;;;;;;;;;;;;;;;;;;;;;;;;;;;;
;;;;;;;;;;;;;;;;;;;;;;;;;;;;;;;;;;;;;;;;;;;;;;;;;;;;;;;;;;;;;;;;;;;;;;;
;;;;;;;;;;;;;;;;;;;;;;;;;;;;;;;;;;;;;;;;;;;;;;;;;;;;;;;;;;;;;;;;;;;;;;;
;;;;;;;;;;;;;;;;;;;;;;;;;;;;;;;;;;;;;;;;;;;;;;;;;;;;;;;;;;;;;;;;;;;;;;;
;;;;;;;;;;;;;;;;;;;;;;;;;;;;;;;;;;;;;;;;;;;;;;;;;;;;;;;;;;;;;;;;;;;;;;;
;;;;;;;;;;;;;;;;;;;;;;;;;;;;;;;;;;;;;;;;;;;;;;;;;;;;;;;;;;;;;;;;;;;;;;;
;;;;;;;;;;;;;;;;;;;;;;;;;;;;;;;;;;;;;;;;;;;;;;;;;;;;;;;;;;;;;;;;;;;;;;;
;;;;;;;;;;;;;;;;;;;;;;;;;;;;;;;;;;;;;;;;;;;;;;;;;;;;;;;;;;;;;;;;;;;;;;;
;;;;;;;;;;;;;;;;;;;;;;;;;;;;;;;;;;;;;;;;;;;;;;;;;;;;;;;;;;;;;;;;;;;;;;;
;;;;;;;;;;;;;;;;;;;;;;;;;;;;;;;;;;;;;;;;;;;;;;;;;;;;;;;;;;;;;;;;;;;;;;;
;;;;;;;;;;;;;;;;;;;;;;;;;;;;;;;;;;;;;;;;;;;;;;;;;;;;;;;;;;;;;;;;;;;;;;;
;;;;;;;;;;;;;;;;;;;;;;;;;;;;;;;;;;;;;;;;;;;;;;;;;;;;;;;;;;;;;;;;;;;;;;;
;;;;;;;;;;;;;;;;;;;;;;;;;;;;;;;;;;;;;;;;;;;;;;;;;;;;;;;;;;;;;;;;;;;;;;;
;;;;;;;;;;;;;;;;;;;;;;;;;;;;;;;;;;;;;;;;;;;;;;;;;;;;;;;;;;;;;;;;;;;;;;;
;;;;;;;;;;;;;;;;;;;;;;;;;;;;;;;;;;;;;;;;;;;;;;;;;;;;;;;;;;;;;;;;;;;;;;;
;;;;;;;;;;;;;;;;;;;;;;;;;;;;;;;;;;;;;;;;;;;;;;;;;;;;;;;;;;;;;;;;;;;;;;;
;;;;;;;;;;;;;;;;;;;;;;;;;;;;;;;;;;;;;;;;;;;;;;;;;;;;;;;;;;;;;;;;;;;;;;;
;;;;;;;;;;;;;;;;;;;;;;;;;;;;;;;;;;;;;;;;;;;;;;;;;;;;;;;;;;;;;;;;;;;;;;;
;;;;;;;;;;;;;;;;;;;;;;;;;;;;;;;;;;;;;;;;;;;;;;;;;;;;;;;;;;;;;;;;;;;;;;;
;;;;;;;;;;;;;;;;;;;;;;;;;;;;;;;;;;;;;;;;;;;;;;;;;;;;;;;;;;;;;;;;;;;;;;;
;;;;;;;;;;;;;;;;;;;;;;;;;;;;;;;;;;;;;;;;;;;;;;;;;;;;;;;;;;;;;;;;;;;;;;;
;;;;;;;;;;;;;;;;;;;;;;;;;;;;;;;;;;;;;;;;;;;;;;;;;;;;;;;;;;;;;;;;;;;;;;;
;;;;;;;;;;;;;;;;;;;;;;;;;;;;;;;;;;;;;;;;;;;;;;;;;;;;;;;;;;;;;;;;;;;;;;;
;;;;;;;;;;;;;;;;;;;;;;;;;;;;;;;;;;;;;;;;;;;;;;;;;;;;;;;;;;;;;;;;;;;;;;;
;;;;;;;;;;;;;;;;;;;;;;;;;;;;;;;;;;;;;;;;;;;;;;;;;;;;;;;;;;;;;;;;;;;;;;;
;;;;;;;;;;;;;;;;;;;;;;;;;;;;;;;;;;;;;;;;;;;;;;;;;;;;;;;;;;;;;;;;;;;;;;;
;;;;;;;;;;;;;;;;;;;;;;;;;;;;;;;;;;;;;;;;;;;;;;;;;;;;;;;;;;;;;;;;;;;;;;;
;;;;;;;;;;;;;;;;;;;;;;;;;;;;;;;;;;;;;;;;;;;;;;;;;;;;;;;;;;;;;;;;;;;;;;;
;;;;;;;;;;;;;;;;;;;;;;;;;;;;;;;;;;;;;;;;;;;;;;;;;;;;;;;;;;;;;;;;;;;;;;;
;;;;;;;;;;;;;;;;;;;;;;;;;;;;;;;;;;;;;;;;;;;;;;;;;;;;;;;;;;;;;;;;;;;;;;;
;;;;;;;;;;;;;;;;;;;;;;;;;;;;;;;;;;;;;;;;;;;;;;;;;;;;;;;;;;;;;;;;;;;;;;;
;;;;;;;;;;;;;;;;;;;;;;;;;;;;;;;;;;;;;;;;;;;;;;;;;;;;;;;;;;;;;;;;;;;;;;;
;;;;;;;;;;;;;;;;;;;;;;;;;;;;;;;;;;;;;;;;;;;;;;;;;;;;;;;;;;;;;;;;;;;;;;;
;;;;;;;;;;;;;;;;;;;;;;;;;;;;;;;;;;;;;;;;;;;;;;;;;;;;;;;;;;;;;;;;;;;;;;;
;;;;;;;;;;;;;;;;;;;;;;;;;;;;;;;;;;;;;;;;;;;;;;;;;;;;;;;;;;;;;;;;;;;;;;;
;;;;;;;;;;;;;;;;;;;;;;;;;;;;;;;;;;;;;;;;;;;;;;;;;;;;;;;;;;;;;;;;;;;;;;;
;;;;;;;;;;;;;;;;;;;;;;;;;;;;;;;;;;;;;;;;;;;;;;;;;;;;;;;;;;;;;;;;;;;;;;;
;;;;;;;;;;;;;;;;;;;;;;;;;;;;;;;;;;;;;;;;;;;;;;;;;;;;;;;;;;;;;;;;;;;;;;;
;;;;;;;;;;;;;;;;;;;;;;;;;;;;;;;;;;;;;;;;;;;;;;;;;;;;;;;;;;;;;;;;;;;;;;;
;;;;;;;;;;;;;;;;;;;;;;;;;;;;;;;;;;;;;;;;;;;;;;;;;;;;;;;;;;;;;;;;;;;;;;;
;;;;;;;;;;;;;;;;;;;;;;;;;;;;;;;;;;;;;;;;;;;;;;;;;;;;;;;;;;;;;;;;;;;;;;;
;;;;;;;;;;;;;;;;;;;;;;;;;;;;;;;;;;;;;;;;;;;;;;;;;;;;;;;;;;;;;;;;;;;;;;;
;;;;;;;;;;;;;;;;;;;;;;;;;;;;;;;;;;;;;;;;;;;;;;;;;;;;;;;;;;;;;;;;;;;;;;;
;;;;;;;;;;;;;;;;;;;;;;;;;;;;;;;;;;;;;;;;;;;;;;;;;;;;;;;;;;;;;;;;;;;;;;;
;;;;;;;;;;;;;;;;;;;;;;;;;;;;;;;;;;;;;;;;;;;;;;;;;;;;;;;;;;;;;;;;;;;;;;;
;;;;;;;;;;;;;;;;;;;;;;;;;;;;;;;;;;;;;;;;;;;;;;;;;;;;;;;;;;;;;;;;;;;;;;;
;;;;;;;;;;;;;;;;;;;;;;;;;;;;;;;;;;;;;;;;;;;;;;;;;;;;;;;;;;;;;;;;;;;;;;;
;;;;;;;;;;;;;;;;;;;;;;;;;;;;;;;;;;;;;;;;;;;;;;;;;;;;;;;;;;;;;;;;;;;;;;;
;;;;;;;;;;;;;;;;;;;;;;;;;;;;;;;;;;;;;;;;;;;;;;;;;;;;;;;;;;;;;;;;;;;;;;;
;;;;;;;;;;;;;;;;;;;;;;;;;;;;;;;;;;;;;;;;;;;;;;;;;;;;;;;;;;;;;;;;;;;;;;;
;;;;;;;;;;;;;;;;;;;;;;;;;;;;;;;;;;;;;;;;;;;;;;;;;;;;;;;;;;;;;;;;;;;;;;;
;;;;;;;;;;;;;;;;;;;;;;;;;;;;;;;;;;;;;;;;;;;;;;;;;;;;;;;;;;;;;;;;;;;;;;;
;;;;;;;;;;;;;;;;;;;;;;;;;;;;;;;;;;;;;;;;;;;;;;;;;;;;;;;;;;;;;;;;;;;;;;;
;;;;;;;;;;;;;;;;;;;;;;;;;;;;;;;;;;;;;;;;;;;;;;;;;;;;;;;;;;;;;;;;;;;;;;;
;;;;;;;;;;;;;;;;;;;;;;;;;;;;;;;;;;;;;;;;;;;;;;;;;;;;;;;;;;;;;;;;;;;;;;;
;;;;;;;;;;;;;;;;;;;;;;;;;;;;;;;;;;;;;;;;;;;;;;;;;;;;;;;;;;;;;;;;;;;;;;;
;;;;;;;;;;;;;;;;;;;;;;;;;;;;;;;;;;;;;;;;;;;;;;;;;;;;;;;;;;;;;;;;;;;;;;;
;;;;;;;;;;;;;;;;;;;;;;;;;;;;;;;;;;;;;;;;;;;;;;;;;;;;;;;;;;;;;;;;;;;;;;;
;;;;;;;;;;;;;;;;;;;;;;;;;;;;;;;;;;;;;;;;;;;;;;;;;;;;;;;;;;;;;;;;;;;;;;;
;;;;;;;;;;;;;;;;;;;;;;;;;;;;;;;;;;;;;;;;;;;;;;;;;;;;;;;;;;;;;;;;;;;;;;;
;;;;;;;;;;;;;;;;;;;;;;;;;;;;;;;;;;;;;;;;;;;;;;;;;;;;;;;;;;;;;;;;;;;;;;;
;;;;;;;;;;;;;;;;;;;;;;;;;;;;;;;;;;;;;;;;;;;;;;;;;;;;;;;;;;;;;;;;;;;;;;;
;;;;;;;;;;;;;;;;;;;;;;;;;;;;;;;;;;;;;;;;;;;;;;;;;;;;;;;;;;;;;;;;;;;;;;;
;;;;;;;;;;;;;;;;;;;;;;;;;;;;;;;;;;;;;;;;;;;;;;;;;;;;;;;;;;;;;;;;;;;;;;;
;;;;;;;;;;;;;;;;;;;;;;;;;;;;;;;;;;;;;;;;;;;;;;;;;;;;;;;;;;;;;;;;;;;;;;;
;;;;;;;;;;;;;;;;;;;;;;;;;;;;;;;;;;;;;;;;;;;;;;;;;;;;;;;;;;;;;;;;;;;;;;;
;;;;;;;;;;;;;;;;;;;;;;;;;;;;;;;;;;;;;;;;;;;;;;;;;;;;;;;;;;;;;;;;;;;;;;;
;;;;;;;;;;;;;;;;;;;;;;;;;;;;;;;;;;;;;;;;;;;;;;;;;;;;;;;;;;;;;;;;;;;;;;;
;;;;;;;;;;;;;;;;;;;;;;;;;;;;;;;;;;;;;;;;;;;;;;;;;;;;;;;;;;;;;;;;;;;;;;;
;;;;;;;;;;;;;;;;;;;;;;;;;;;;;;;;;;;;;;;;;;;;;;;;;;;;;;;;;;;;;;;;;;;;;;;
;;;;;;;;;;;;;;;;;;;;;;;;;;;;;;;;;;;;;;;;;;;;;;;;;;;;;;;;;;;;;;;;;;;;;;;
;;;;;;;;;;;;;;;;;;;;;;;;;;;;;;;;;;;;;;;;;;;;;;;;;;;;;;;;;;;;;;;;;;;;;;;
;;;;;;;;;;;;;;;;;;;;;;;;;;;;;;;;;;;;;;;;;;;;;;;;;;;;;;;;;;;;;;;;;;;;;;;
;;;;;;;;;;;;;;;;;;;;;;;;;;;;;;;;;;;;;;;;;;;;;;;;;;;;;;;;;;;;;;;;;;;;;;;
;;;;;;;;;;;;;;;;;;;;;;;;;;;;;;;;;;;;;;;;;;;;;;;;;;;;;;;;;;;;;;;;;;;;;;;
;;;;;;;;;;;;;;;;;;;;;;;;;;;;;;;;;;;;;;;;;;;;;;;;;;;;;;;;;;;;;;;;;;;;;;;
;;;;;;;;;;;;;;;;;;;;;;;;;;;;;;;;;;;;;;;;;;;;;;;;;;;;;;;;;;;;;;;;;;;;;;;
;;;;;;;;;;;;;;;;;;;;;;;;;;;;;;;;;;;;;;;;;;;;;;;;;;;;;;;;;;;;;;;;;;;;;;;
;;;;;;;;;;;;;;;;;;;;;;;;;;;;;;;;;;;;;;;;;;;;;;;;;;;;;;;;;;;;;;;;;;;;;;;
;;;;;;;;;;;;;;;;;;;;;;;;;;;;;;;;;;;;;;;;;;;;;;;;;;;;;;;;;;;;;;;;;;;;;;;
;;;;;;;;;;;;;;;;;;;;;;;;;;;;;;;;;;;;;;;;;;;;;;;;;;;;;;;;;;;;;;;;;;;;;;;
;;;;;;;;;;;;;;;;;;;;;;;;;;;;;;;;;;;;;;;;;;;;;;;;;;;;;;;;;;;;;;;;;;;;;;;
;;;;;;;;;;;;;;;;;;;;;;;;;;;;;;;;;;;;;;;;;;;;;;;;;;;;;;;;;;;;;;;;;;;;;;;
;;;;;;;;;;;;;;;;;;;;;;;;;;;;;;;;;;;;;;;;;;;;;;;;;;;;;;;;;;;;;;;;;;;;;;;
;;;;;;;;;;;;;;;;;;;;;;;;;;;;;;;;;;;;;;;;;;;;;;;;;;;;;;;;;;;;;;;;;;;;;;;
;;;;;;;;;;;;;;;;;;;;;;;;;;;;;;;;;;;;;;;;;;;;;;;;;;;;;;;;;;;;;;;;;;;;;;;
;;;;;;;;;;;;;;;;;;;;;;;;;;;;;;;;;;;;;;;;;;;;;;;;;;;;;;;;;;;;;;;;;;;;;;;
;;;;;;;;;;;;;;;;;;;;;;;;;;;;;;;;;;;;;;;;;;;;;;;;;;;;;;;;;;;;;;;;;;;;;;;
;;;;;;;;;;;;;;;;;;;;;;;;;;;;;;;;;;;;;;;;;;;;;;;;;;;;;;;;;;;;;;;;;;;;;;;
;;;;;;;;;;;;;;;;;;;;;;;;;;;;;;;;;;;;;;;;;;;;;;;;;;;;;;;;;;;;;;;;;;;;;;;
;;;;;;;;;;;;;;;;;;;;;;;;;;;;;;;;;;;;;;;;;;;;;;;;;;;;;;;;;;;;;;;;;;;;;;;
;;;;;;;;;;;;;;;;;;;;;;;;;;;;;;;;;;;;;;;;;;;;;;;;;;;;;;;;;;;;;;;;;;;;;;;
;;;;;;;;;;;;;;;;;;;;;;;;;;;;;;;;;;;;;;;;;;;;;;;;;;;;;;;;;;;;;;;;;;;;;;;
;;;;;;;;;;;;;;;;;;;;;;;;;;;;;;;;;;;;;;;;;;;;;;;;;;;;;;;;;;;;;;;;;;;;;;;
;;;;;;;;;;;;;;;;;;;;;;;;;;;;;;;;;;;;;;;;;;;;;;;;;;;;;;;;;;;;;;;;;;;;;;;
;;;;;;;;;;;;;;;;;;;;;;;;;;;;;;;;;;;;;;;;;;;;;;;;;;;;;;;;;;;;;;;;;;;;;;;
;;;;;;;;;;;;;;;;;;;;;;;;;;;;;;;;;;;;;;;;;;;;;;;;;;;;;;;;;;;;;;;;;;;;;;;
;;;;;;;;;;;;;;;;;;;;;;;;;;;;;;;;;;;;;;;;;;;;;;;;;;;;;;;;;;;;;;;;;;;;;;;
;;;;;;;;;;;;;;;;;;;;;;;;;;;;;;;;;;;;;;;;;;;;;;;;;;;;;;;;;;;;;;;;;;;;;;;
;;;;;;;;;;;;;;;;;;;;;;;;;;;;;;;;;;;;;;;;;;;;;;;;;;;;;;;;;;;;;;;;;;;;;;;
;;;;;;;;;;;;;;;;;;;;;;;;;;;;;;;;;;;;;;;;;;;;;;;;;;;;;;;;;;;;;;;;;;;;;;;
;;;;;;;;;;;;;;;;;;;;;;;;;;;;;;;;;;;;;;;;;;;;;;;;;;;;;;;;;;;;;;;;;;;;;;;
;;;;;;;;;;;;;;;;;;;;;;;;;;;;;;;;;;;;;;;;;;;;;;;;;;;;;;;;;;;;;;;;;;;;;;;
;;;;;;;;;;;;;;;;;;;;;;;;;;;;;;;;;;;;;;;;;;;;;;;;;;;;;;;;;;;;;;;;;;;;;;;
;;;;;;;;;;;;;;;;;;;;;;;;;;;;;;;;;;;;;;;;;;;;;;;;;;;;;;;;;;;;;;;;;;;;;;;
;;;;;;;;;;;;;;;;;;;;;;;;;;;;;;;;;;;;;;;;;;;;;;;;;;;;;;;;;;;;;;;;;;;;;;;
;;;;;;;;;;;;;;;;;;;;;;;;;;;;;;;;;;;;;;;;;;;;;;;;;;;;;;;;;;;;;;;;;;;;;;;
;;;;;;;;;;;;;;;;;;;;;;;;;;;;;;;;;;;;;;;;;;;;;;;;;;;;;;;;;;;;;;;;;;;;;;;
;;;;;;;;;;;;;;;;;;;;;;;;;;;;;;;;;;;;;;;;;;;;;;;;;;;;;;;;;;;;;;;;;;;;;;;
;;;;;;;;;;;;;;;;;;;;;;;;;;;;;;;;;;;;;;;;;;;;;;;;;;;;;;;;;;;;;;;;;;;;;;;
;;;;;;;;;;;;;;;;;;;;;;;;;;;;;;;;;;;;;;;;;;;;;;;;;;;;;;;;;;;;;;;;;;;;;;;
;;;;;;;;;;;;;;;;;;;;;;;;;;;;;;;;;;;;;;;;;;;;;;;;;;;;;;;;;;;;;;;;;;;;;;;
;;;;;;;;;;;;;;;;;;;;;;;;;;;;;;;;;;;;;;;;;;;;;;;;;;;;;;;;;;;;;;;;;;;;;;;
;;;;;;;;;;;;;;;;;;;;;;;;;;;;;;;;;;;;;;;;;;;;;;;;;;;;;;;;;;;;;;;;;;;;;;;
;;;;;;;;;;;;;;;;;;;;;;;;;;;;;;;;;;;;;;;;;;;;;;;;;;;;;;;;;;;;;;;;;;;;;;;
;;;;;;;;;;;;;;;;;;;;;;;;;;;;;;;;;;;;;;;;;;;;;;;;;;;;;;;;;;;;;;;;;;;;;;;
;;;;;;;;;;;;;;;;;;;;;;;;;;;;;;;;;;;;;;;;;;;;;;;;;;;;;;;;;;;;;;;;;;;;;;;
;;;;;;;;;;;;;;;;;;;;;;;;;;;;;;;;;;;;;;;;;;;;;;;;;;;;;;;;;;;;;;;;;;;;;;;
;;;;;;;;;;;;;;;;;;;;;;;;;;;;;;;;;;;;;;;;;;;;;;;;;;;;;;;;;;;;;;;;;;;;;;;
;;;;;;;;;;;;;;;;;;;;;;;;;;;;;;;;;;;;;;;;;;;;;;;;;;;;;;;;;;;;;;;;;;;;;;;
;;;;;;;;;;;;;;;;;;;;;;;;;;;;;;;;;;;;;;;;;;;;;;;;;;;;;;;;;;;;;;;;;;;;;;;
;;;;;;;;;;;;;;;;;;;;;;;;;;;;;;;;;;;;;;;;;;;;;;;;;;;;;;;;;;;;;;;;;;;;;;;
;;;;;;;;;;;;;;;;;;;;;;;;;;;;;;;;;;;;;;;;;;;;;;;;;;;;;;;;;;;;;;;;;;;;;;;
;;;;;;;;;;;;;;;;;;;;;;;;;;;;;;;;;;;;;;;;;;;;;;;;;;;;;;;;;;;;;;;;;;;;;;;
;;;;;;;;;;;;;;;;;;;;;;;;;;;;;;;;;;;;;;;;;;;;;;;;;;;;;;;;;;;;;;;;;;;;;;;
;;;;;;;;;;;;;;;;;;;;;;;;;;;;;;;;;;;;;;;;;;;;;;;;;;;;;;;;;;;;;;;;;;;;;;;
;;;;;;;;;;;;;;;;;;;;;;;;;;;;;;;;;;;;;;;;;;;;;;;;;;;;;;;;;;;;;;;;;;;;;;;
;;;;;;;;;;;;;;;;;;;;;;;;;;;;;;;;;;;;;;;;;;;;;;;;;;;;;;;;;;;;;;;;;;;;;;;
;;;;;;;;;;;;;;;;;;;;;;;;;;;;;;;;;;;;;;;;;;;;;;;;;;;;;;;;;;;;;;;;;;;;;;;
;;;;;;;;;;;;;;;;;;;;;;;;;;;;;;;;;;;;;;;;;;;;;;;;;;;;;;;;;;;;;;;;;;;;;;;
;;;;;;;;;;;;;;;;;;;;;;;;;;;;;;;;;;;;;;;;;;;;;;;;;;;;;;;;;;;;;;;;;;;;;;;
;;;;;;;;;;;;;;;;;;;;;;;;;;;;;;;;;;;;;;;;;;;;;;;;;;;;;;;;;;;;;;;;;;;;;;;
;;;;;;;;;;;;;;;;;;;;;;;;;;;;;;;;;;;;;;;;;;;;;;;;;;;;;;;;;;;;;;;;;;;;;;;
;;;;;;;;;;;;;;;;;;;;;;;;;;;;;;;;;;;;;;;;;;;;;;;;;;;;;;;;;;;;;;;;;;;;;;;
;;;;;;;;;;;;;;;;;;;;;;;;;;;;;;;;;;;;;;;;;;;;;;;;;;;;;;;;;;;;;;;;;;;;;;;
;;;;;;;;;;;;;;;;;;;;;;;;;;;;;;;;;;;;;;;;;;;;;;;;;;;;;;;;;;;;;;;;;;;;;;;
;;;;;;;;;;;;;;;;;;;;;;;;;;;;;;;;;;;;;;;;;;;;;;;;;;;;;;;;;;;;;;;;;;;;;;;
;;;;;;;;;;;;;;;;;;;;;;;;;;;;;;;;;;;;;;;;;;;;;;;;;;;;;;;;;;;;;;;;;;;;;;;
;;;;;;;;;;;;;;;;;;;;;;;;;;;;;;;;;;;;;;;;;;;;;;;;;;;;;;;;;;;;;;;;;;;;;;;
;;;;;;;;;;;;;;;;;;;;;;;;;;;;;;;;;;;;;;;;;;;;;;;;;;;;;;;;;;;;;;;;;;;;;;;
;;;;;;;;;;;;;;;;;;;;;;;;;;;;;;;;;;;;;;;;;;;;;;;;;;;;;;;;;;;;;;;;;;;;;;;
;;;;;;;;;;;;;;;;;;;;;;;;;;;;;;;;;;;;;;;;;;;;;;;;;;;;;;;;;;;;;;;;;;;;;;;
;;;;;;;;;;;;;;;;;;;;;;;;;;;;;;;;;;;;;;;;;;;;;;;;;;;;;;;;;;;;;;;;;;;;;;;
;;;;;;;;;;;;;;;;;;;;;;;;;;;;;;;;;;;;;;;;;;;;;;;;;;;;;;;;;;;;;;;;;;;;;;;
;;;;;;;;;;;;;;;;;;;;;;;;;;;;;;;;;;;;;;;;;;;;;;;;;;;;;;;;;;;;;;;;;;;;;;;
;;;;;;;;;;;;;;;;;;;;;;;;;;;;;;;;;;;;;;;;;;;;;;;;;;;;;;;;;;;;;;;;;;;;;;;
;;;;;;;;;;;;;;;;;;;;;;;;;;;;;;;;;;;;;;;;;;;;;;;;;;;;;;;;;;;;;;;;;;;;;;;
;;;;;;;;;;;;;;;;;;;;;;;;;;;;;;;;;;;;;;;;;;;;;;;;;;;;;;;;;;;;;;;;;;;;;;;
;;;;;;;;;;;;;;;;;;;;;;;;;;;;;;;;;;;;;;;;;;;;;;;;;;;;;;;;;;;;;;;;;;;;;;;
;;;;;;;;;;;;;;;;;;;;;;;;;;;;;;;;;;;;;;;;;;;;;;;;;;;;;;;;;;;;;;;;;;;;;;;
;;;;;;;;;;;;;;;;;;;;;;;;;;;;;;;;;;;;;;;;;;;;;;;;;;;;;;;;;;;;;;;;;;;;;;;
;;;;;;;;;;;;;;;;;;;;;;;;;;;;;;;;;;;;;;;;;;;;;;;;;;;;;;;;;;;;;;;;;;;;;;;
;;;;;;;;;;;;;;;;;;;;;;;;;;;;;;;;;;;;;;;;;;;;;;;;;;;;;;;;;;;;;;;;;;;;;;;
;;;;;;;;;;;;;;;;;;;;;;;;;;;;;;;;;;;;;;;;;;;;;;;;;;;;;;;;;;;;;;;;;;;;;;;
;;;;;;;;;;;;;;;;;;;;;;;;;;;;;;;;;;;;;;;;;;;;;;;;;;;;;;;;;;;;;;;;;;;;;;;
;;;;;;;;;;;;;;;;;;;;;;;;;;;;;;;;;;;;;;;;;;;;;;;;;;;;;;;;;;;;;;;;;;;;;;;
;;;;;;;;;;;;;;;;;;;;;;;;;;;;;;;;;;;;;;;;;;;;;;;;;;;;;;;;;;;;;;;;;;;;;;;
;;;;;;;;;;;;;;;;;;;;;;;;;;;;;;;;;;;;;;;;;;;;;;;;;;;;;;;;;;;;;;;;;;;;;;;
;;;;;;;;;;;;;;;;;;;;;;;;;;;;;;;;;;;;;;;;;;;;;;;;;;;;;;;;;;;;;;;;;;;;;;;
;;;;;;;;;;;;;;;;;;;;;;;;;;;;;;;;;;;;;;;;;;;;;;;;;;;;;;;;;;;;;;;;;;;;;;;
;;;;;;;;;;;;;;;;;;;;;;;;;;;;;;;;;;;;;;;;;;;;;;;;;;;;;;;;;;;;;;;;;;;;;;;
;;;;;;;;;;;;;;;;;;;;;;;;;;;;;;;;;;;;;;;;;;;;;;;;;;;;;;;;;;;;;;;;;;;;;;;
;;;;;;;;;;;;;;;;;;;;;;;;;;;;;;;;;;;;;;;;;;;;;;;;;;;;;;;;;;;;;;;;;;;;;;;
;;;;;;;;;;;;;;;;;;;;;;;;;;;;;;;;;;;;;;;;;;;;;;;;;;;;;;;;;;;;;;;;;;;;;;;
;;;;;;;;;;;;;;;;;;;;;;;;;;;;;;;;;;;;;;;;;;;;;;;;;;;;;;;;;;;;;;;;;;;;;;;
;;;;;;;;;;;;;;;;;;;;;;;;;;;;;;;;;;;;;;;;;;;;;;;;;;;;;;;;;;;;;;;;;;;;;;;
;;;;;;;;;;;;;;;;;;;;;;;;;;;;;;;;;;;;;;;;;;;;;;;;;;;;;;;;;;;;;;;;;;;;;;;
;;;;;;;;;;;;;;;;;;;;;;;;;;;;;;;;;;;;;;;;;;;;;;;;;;;;;;;;;;;;;;;;;;;;;;;
;;;;;;;;;;;;;;;;;;;;;;;;;;;;;;;;;;;;;;;;;;;;;;;;;;;;;;;;;;;;;;;;;;;;;;;
;;;;;;;;;;;;;;;;;;;;;;;;;;;;;;;;;;;;;;;;;;;;;;;;;;;;;;;;;;;;;;;;;;;;;;;
;;;;;;;;;;;;;;;;;;;;;;;;;;;;;;;;;;;;;;;;;;;;;;;;;;;;;;;;;;;;;;;;;;;;;;;
;;;;;;;;;;;;;;;;;;;;;;;;;;;;;;;;;;;;;;;;;;;;;;;;;;;;;;;;;;;;;;;;;;;;;;;
;;;;;;;;;;;;;;;;;;;;;;;;;;;;;;;;;;;;;;;;;;;;;;;;;;;;;;;;;;;;;;;;;;;;;;;
;;;;;;;;;;;;;;;;;;;;;;;;;;;;;;;;;;;;;;;;;;;;;;;;;;;;;;;;;;;;;;;;;;;;;;;
;;;;;;;;;;;;;;;;;;;;;;;;;;;;;;;;;;;;;;;;;;;;;;;;;;;;;;;;;;;;;;;;;;;;;;;
;;;;;;;;;;;;;;;;;;;;;;;;;;;;;;;;;;;;;;;;;;;;;;;;;;;;;;;;;;;;;;;;;;;;;;;
;;;;;;;;;;;;;;;;;;;;;;;;;;;;;;;;;;;;;;;;;;;;;;;;;;;;;;;;;;;;;;;;;;;;;;;
;;;;;;;;;;;;;;;;;;;;;;;;;;;;;;;;;;;;;;;;;;;;;;;;;;;;;;;;;;;;;;;;;;;;;;;
;;;;;;;;;;;;;;;;;;;;;;;;;;;;;;;;;;;;;;;;;;;;;;;;;;;;;;;;;;;;;;;;;;;;;;;
;;;;;;;;;;;;;;;;;;;;;;;;;;;;;;;;;;;;;;;;;;;;;;;;;;;;;;;;;;;;;;;;;;;;;;;
;;;;;;;;;;;;;;;;;;;;;;;;;;;;;;;;;;;;;;;;;;;;;;;;;;;;;;;;;;;;;;;;;;;;;;;
;;;;;;;;;;;;;;;;;;;;;;;;;;;;;;;;;;;;;;;;;;;;;;;;;;;;;;;;;;;;;;;;;;;;;;;
;;;;;;;;;;;;;;;;;;;;;;;;;;;;;;;;;;;;;;;;;;;;;;;;;;;;;;;;;;;;;;;;;;;;;;;
;;;;;;;;;;;;;;;;;;;;;;;;;;;;;;;;;;;;;;;;;;;;;;;;;;;;;;;;;;;;;;;;;;;;;;;
;;;;;;;;;;;;;;;;;;;;;;;;;;;;;;;;;;;;;;;;;;;;;;;;;;;;;;;;;;;;;;;;;;;;;;;
;;;;;;;;;;;;;;;;;;;;;;;;;;;;;;;;;;;;;;;;;;;;;;;;;;;;;;;;;;;;;;;;;;;;;;;
;;;;;;;;;;;;;;;;;;;;;;;;;;;;;;;;;;;;;;;;;;;;;;;;;;;;;;;;;;;;;;;;;;;;;;;
;;;;;;;;;;;;;;;;;;;;;;;;;;;;;;;;;;;;;;;;;;;;;;;;;;;;;;;;;;;;;;;;;;;;;;;
;;;;;;;;;;;;;;;;;;;;;;;;;;;;;;;;;;;;;;;;;;;;;;;;;;;;;;;;;;;;;;;;;;;;;;;
;;;;;;;;;;;;;;;;;;;;;;;;;;;;;;;;;;;;;;;;;;;;;;;;;;;;;;;;;;;;;;;;;;;;;;;
;;;;;;;;;;;;;;;;;;;;;;;;;;;;;;;;;;;;;;;;;;;;;;;;;;;;;;;;;;;;;;;;;;;;;;;
;;;;;;;;;;;;;;;;;;;;;;;;;;;;;;;;;;;;;;;;;;;;;;;;;;;;;;;;;;;;;;;;;;;;;;;
;;;;;;;;;;;;;;;;;;;;;;;;;;;;;;;;;;;;;;;;;;;;;;;;;;;;;;;;;;;;;;;;;;;;;;;
;;;;;;;;;;;;;;;;;;;;;;;;;;;;;;;;;;;;;;;;;;;;;;;;;;;;;;;;;;;;;;;;;;;;;;;
;;;;;;;;;;;;;;;;;;;;;;;;;;;;;;;;;;;;;;;;;;;;;;;;;;;;;;;;;;;;;;;;;;;;;;;
;;;;;;;;;;;;;;;;;;;;;;;;;;;;;;;;;;;;;;;;;;;;;;;;;;;;;;;;;;;;;;;;;;;;;;;
;;;;;;;;;;;;;;;;;;;;;;;;;;;;;;;;;;;;;;;;;;;;;;;;;;;;;;;;;;;;;;;;;;;;;;;
;;;;;;;;;;;;;;;;;;;;;;;;;;;;;;;;;;;;;;;;;;;;;;;;;;;;;;;;;;;;;;;;;;;;;;;
;;;;;;;;;;;;;;;;;;;;;;;;;;;;;;;;;;;;;;;;;;;;;;;;;;;;;;;;;;;;;;;;;;;;;;;
;;;;;;;;;;;;;;;;;;;;;;;;;;;;;;;;;;;;;;;;;;;;;;;;;;;;;;;;;;;;;;;;;;;;;;;
;;;;;;;;;;;;;;;;;;;;;;;;;;;;;;;;;;;;;;;;;;;;;;;;;;;;;;;;;;;;;;;;;;;;;;;
;;;;;;;;;;;;;;;;;;;;;;;;;;;;;;;;;;;;;;;;;;;;;;;;;;;;;;;;;;;;;;;;;;;;;;;
;;;;;;;;;;;;;;;;;;;;;;;;;;;;;;;;;;;;;;;;;;;;;;;;;;;;;;;;;;;;;;;;;;;;;;;
;;;;;;;;;;;;;;;;;;;;;;;;;;;;;;;;;;;;;;;;;;;;;;;;;;;;;;;;;;;;;;;;;;;;;;;
;;;;;;;;;;;;;;;;;;;;;;;;;;;;;;;;;;;;;;;;;;;;;;;;;;;;;;;;;;;;;;;;;;;;;;;
;;;;;;;;;;;;;;;;;;;;;;;;;;;;;;;;;;;;;;;;;;;;;;;;;;;;;;;;;;;;;;;;;;;;;;;
;;;;;;;;;;;;;;;;;;;;;;;;;;;;;;;;;;;;;;;;;;;;;;;;;;;;;;;;;;;;;;;;;;;;;;;
;;;;;;;;;;;;;;;;;;;;;;;;;;;;;;;;;;;;;;;;;;;;;;;;;;;;;;;;;;;;;;;;;;;;;;;
;;;;;;;;;;;;;;;;;;;;;;;;;;;;;;;;;;;;;;;;;;;;;;;;;;;;;;;;;;;;;;;;;;;;;;;
;;;;;;;;;;;;;;;;;;;;;;;;;;;;;;;;;;;;;;;;;;;;;;;;;;;;;;;;;;;;;;;;;;;;;;;
;;;;;;;;;;;;;;;;;;;;;;;;;;;;;;;;;;;;;;;;;;;;;;;;;;;;;;;;;;;;;;;;;;;;;;;
;;;;;;;;;;;;;;;;;;;;;;;;;;;;;;;;;;;;;;;;;;;;;;;;;;;;;;;;;;;;;;;;;;;;;;;
;;;;;;;;;;;;;;;;;;;;;;;;;;;;;;;;;;;;;;;;;;;;;;;;;;;;;;;;;;;;;;;;;;;;;;;
;;;;;;;;;;;;;;;;;;;;;;;;;;;;;;;;;;;;;;;;;;;;;;;;;;;;;;;;;;;;;;;;;;;;;;;
;;;;;;;;;;;;;;;;;;;;;;;;;;;;;;;;;;;;;;;;;;;;;;;;;;;;;;;;;;;;;;;;;;;;;;;
;;;;;;;;;;;;;;;;;;;;;;;;;;;;;;;;;;;;;;;;;;;;;;;;;;;;;;;;;;;;;;;;;;;;;;;
;;;;;;;;;;;;;;;;;;;;;;;;;;;;;;;;;;;;;;;;;;;;;;;;;;;;;;;;;;;;;;;;;;;;;;;
;;;;;;;;;;;;;;;;;;;;;;;;;;;;;;;;;;;;;;;;;;;;;;;;;;;;;;;;;;;;;;;;;;;;;;;
;;;;;;;;;;;;;;;;;;;;;;;;;;;;;;;;;;;;;;;;;;;;;;;;;;;;;;;;;;;;;;;;;;;;;;;
;;;;;;;;;;;;;;;;;;;;;;;;;;;;;;;;;;;;;;;;;;;;;;;;;;;;;;;;;;;;;;;;;;;;;;;
;;;;;;;;;;;;;;;;;;;;;;;;;;;;;;;;;;;;;;;;;;;;;;;;;;;;;;;;;;;;;;;;;;;;;;;
;;;;;;;;;;;;;;;;;;;;;;;;;;;;;;;;;;;;;;;;;;;;;;;;;;;;;;;;;;;;;;;;;;;;;;;
;;;;;;;;;;;;;;;;;;;;;;;;;;;;;;;;;;;;;;;;;;;;;;;;;;;;;;;;;;;;;;;;;;;;;;;
;;;;;;;;;;;;;;;;;;;;;;;;;;;;;;;;;;;;;;;;;;;;;;;;;;;;;;;;;;;;;;;;;;;;;;;
;;;;;;;;;;;;;;;;;;;;;;;;;;;;;;;;;;;;;;;;;;;;;;;;;;;;;;;;;;;;;;;;;;;;;;;
;;;;;;;;;;;;;;;;;;;;;;;;;;;;;;;;;;;;;;;;;;;;;;;;;;;;;;;;;;;;;;;;;;;;;;;
;;;;;;;;;;;;;;;;;;;;;;;;;;;;;;;;;;;;;;;;;;;;;;;;;;;;;;;;;;;;;;;;;;;;;;;
;;;;;;;;;;;;;;;;;;;;;;;;;;;;;;;;;;;;;;;;;;;;;;;;;;;;;;;;;;;;;;;;;;;;;;;
;;;;;;;;;;;;;;;;;;;;;;;;;;;;;;;;;;;;;;;;;;;;;;;;;;;;;;;;;;;;;;;;;;;;;;;
;;;;;;;;;;;;;;;;;;;;;;;;;;;;;;;;;;;;;;;;;;;;;;;;;;;;;;;;;;;;;;;;;;;;;;;
;;;;;;;;;;;;;;;;;;;;;;;;;;;;;;;;;;;;;;;;;;;;;;;;;;;;;;;;;;;;;;;;;;;;;;;
;;;;;;;;;;;;;;;;;;;;;;;;;;;;;;;;;;;;;;;;;;;;;;;;;;;;;;;;;;;;;;;;;;;;;;;
;;;;;;;;;;;;;;;;;;;;;;;;;;;;;;;;;;;;;;;;;;;;;;;;;;;;;;;;;;;;;;;;;;;;;;;
;;;;;;;;;;;;;;;;;;;;;;;;;;;;;;;;;;;;;;;;;;;;;;;;;;;;;;;;;;;;;;;;;;;;;;;
;;;;;;;;;;;;;;;;;;;;;;;;;;;;;;;;;;;;;;;;;;;;;;;;;;;;;;;;;;;;;;;;;;;;;;;
;;;;;;;;;;;;;;;;;;;;;;;;;;;;;;;;;;;;;;;;;;;;;;;;;;;;;;;;;;;;;;;;;;;;;;;
;;;;;;;;;;;;;;;;;;;;;;;;;;;;;;;;;;;;;;;;;;;;;;;;;;;;;;;;;;;;;;;;;;;;;;;
;;;;;;;;;;;;;;;;;;;;;;;;;;;;;;;;;;;;;;;;;;;;;;;;;;;;;;;;;;;;;;;;;;;;;;;
;;;;;;;;;;;;;;;;;;;;;;;;;;;;;;;;;;;;;;;;;;;;;;;;;;;;;;;;;;;;;;;;;;;;;;;
;;;;;;;;;;;;;;;;;;;;;;;;;;;;;;;;;;;;;;;;;;;;;;;;;;;;;;;;;;;;;;;;;;;;;;;
;;;;;;;;;;;;;;;;;;;;;;;;;;;;;;;;;;;;;;;;;;;;;;;;;;;;;;;;;;;;;;;;;;;;;;;
;;;;;;;;;;;;;;;;;;;;;;;;;;;;;;;;;;;;;;;;;;;;;;;;;;;;;;;;;;;;;;;;;;;;;;;
;;;;;;;;;;;;;;;;;;;;;;;;;;;;;;;;;;;;;;;;;;;;;;;;;;;;;;;;;;;;;;;;;;;;;;;
;;;;;;;;;;;;;;;;;;;;;;;;;;;;;;;;;;;;;;;;;;;;;;;;;;;;;;;;;;;;;;;;;;;;;;;
;;;;;;;;;;;;;;;;;;;;;;;;;;;;;;;;;;;;;;;;;;;;;;;;;;;;;;;;;;;;;;;;;;;;;;;
;;;;;;;;;;;;;;;;;;;;;;;;;;;;;;;;;;;;;;;;;;;;;;;;;;;;;;;;;;;;;;;;;;;;;;;
;;;;;;;;;;;;;;;;;;;;;;;;;;;;;;;;;;;;;;;;;;;;;;;;;;;;;;;;;;;;;;;;;;;;;;;
;;;;;;;;;;;;;;;;;;;;;;;;;;;;;;;;;;;;;;;;;;;;;;;;;;;;;;;;;;;;;;;;;;;;;;;
;;;;;;;;;;;;;;;;;;;;;;;;;;;;;;;;;;;;;;;;;;;;;;;;;;;;;;;;;;;;;;;;;;;;;;;
;;;;;;;;;;;;;;;;;;;;;;;;;;;;;;;;;;;;;;;;;;;;;;;;;;;;;;;;;;;;;;;;;;;;;;;
;;;;;;;;;;;;;;;;;;;;;;;;;;;;;;;;;;;;;;;;;;;;;;;;;;;;;;;;;;;;;;;;;;;;;;;
;;;;;;;;;;;;;;;;;;;;;;;;;;;;;;;;;;;;;;;;;;;;;;;;;;;;;;;;;;;;;;;;;;;;;;;
;;;;;;;;;;;;;;;;;;;;;;;;;;;;;;;;;;;;;;;;;;;;;;;;;;;;;;;;;;;;;;;;;;;;;;;
;;;;;;;;;;;;;;;;;;;;;;;;;;;;;;;;;;;;;;;;;;;;;;;;;;;;;;;;;;;;;;;;;;;;;;;
;;;;;;;;;;;;;;;;;;;;;;;;;;;;;;;;;;;;;;;;;;;;;;;;;;;;;;;;;;;;;;;;;;;;;;;
;;;;;;;;;;;;;;;;;;;;;;;;;;;;;;;;;;;;;;;;;;;;;;;;;;;;;;;;;;;;;;;;;;;;;;;
;;;;;;;;;;;;;;;;;;;;;;;;;;;;;;;;;;;;;;;;;;;;;;;;;;;;;;;;;;;;;;;;;;;;;;;
;;;;;;;;;;;;;;;;;;;;;;;;;;;;;;;;;;;;;;;;;;;;;;;;;;;;;;;;;;;;;;;;;;;;;;;
;;;;;;;;;;;;;;;;;;;;;;;;;;;;;;;;;;;;;;;;;;;;;;;;;;;;;;;;;;;;;;;;;;;;;;;
;;;;;;;;;;;;;;;;;;;;;;;;;;;;;;;;;;;;;;;;;;;;;;;;;;;;;;;;;;;;;;;;;;;;;;;
;;;;;;;;;;;;;;;;;;;;;;;;;;;;;;;;;;;;;;;;;;;;;;;;;;;;;;;;;;;;;;;;;;;;;;;
;;;;;;;;;;;;;;;;;;;;;;;;;;;;;;;;;;;;;;;;;;;;;;;;;;;;;;;;;;;;;;;;;;;;;;;
;;;;;;;;;;;;;;;;;;;;;;;;;;;;;;;;;;;;;;;;;;;;;;;;;;;;;;;;;;;;;;;;;;;;;;;
;;;;;;;;;;;;;;;;;;;;;;;;;;;;;;;;;;;;;;;;;;;;;;;;;;;;;;;;;;;;;;;;;;;;;;;
;;;;;;;;;;;;;;;;;;;;;;;;;;;;;;;;;;;;;;;;;;;;;;;;;;;;;;;;;;;;;;;;;;;;;;;
;;;;;;;;;;;;;;;;;;;;;;;;;;;;;;;;;;;;;;;;;;;;;;;;;;;;;;;;;;;;;;;;;;;;;;;
;;;;;;;;;;;;;;;;;;;;;;;;;;;;;;;;;;;;;;;;;;;;;;;;;;;;;;;;;;;;;;;;;;;;;;;
;;;;;;;;;;;;;;;;;;;;;;;;;;;;;;;;;;;;;;;;;;;;;;;;;;;;;;;;;;;;;;;;;;;;;;;
;;;;;;;;;;;;;;;;;;;;;;;;;;;;;;;;;;;;;;;;;;;;;;;;;;;;;;;;;;;;;;;;;;;;;;;
;;;;;;;;;;;;;;;;;;;;;;;;;;;;;;;;;;;;;;;;;;;;;;;;;;;;;;;;;;;;;;;;;;;;;;;
;;;;;;;;;;;;;;;;;;;;;;;;;;;;;;;;;;;;;;;;;;;;;;;;;;;;;;;;;;;;;;;;;;;;;;;
;;;;;;;;;;;;;;;;;;;;;;;;;;;;;;;;;;;;;;;;;;;;;;;;;;;;;;;;;;;;;;;;;;;;;;;
;;;;;;;;;;;;;;;;;;;;;;;;;;;;;;;;;;;;;;;;;;;;;;;;;;;;;;;;;;;;;;;;;;;;;;;
;;;;;;;;;;;;;;;;;;;;;;;;;;;;;;;;;;;;;;;;;;;;;;;;;;;;;;;;;;;;;;;;;;;;;;;
;;;;;;;;;;;;;;;;;;;;;;;;;;;;;;;;;;;;;;;;;;;;;;;;;;;;;;;;;;;;;;;;;;;;;;;
;;;;;;;;;;;;;;;;;;;;;;;;;;;;;;;;;;;;;;;;;;;;;;;;;;;;;;;;;;;;;;;;;;;;;;;
;;;;;;;;;;;;;;;;;;;;;;;;;;;;;;;;;;;;;;;;;;;;;;;;;;;;;;;;;;;;;;;;;;;;;;;
;;;;;;;;;;;;;;;;;;;;;;;;;;;;;;;;;;;;;;;;;;;;;;;;;;;;;;;;;;;;;;;;;;;;;;;
;;;;;;;;;;;;;;;;;;;;;;;;;;;;;;;;;;;;;;;;;;;;;;;;;;;;;;;;;;;;;;;;;;;;;;;
;;;;;;;;;;;;;;;;;;;;;;;;;;;;;;;;;;;;;;;;;;;;;;;;;;;;;;;;;;;;;;;;;;;;;;;
;;;;;;;;;;;;;;;;;;;;;;;;;;;;;;;;;;;;;;;;;;;;;;;;;;;;;;;;;;;;;;;;;;;;;;;
;;;;;;;;;;;;;;;;;;;;;;;;;;;;;;;;;;;;;;;;;;;;;;;;;;;;;;;;;;;;;;;;;;;;;;;
;;;;;;;;;;;;;;;;;;;;;;;;;;;;;;;;;;;;;;;;;;;;;;;;;;;;;;;;;;;;;;;;;;;;;;;
;;;;;;;;;;;;;;;;;;;;;;;;;;;;;;;;;;;;;;;;;;;;;;;;;;;;;;;;;;;;;;;;;;;;;;;
;;;;;;;;;;;;;;;;;;;;;;;;;;;;;;;;;;;;;;;;;;;;;;;;;;;;;;;;;;;;;;;;;;;;;;;
;;;;;;;;;;;;;;;;;;;;;;;;;;;;;;;;;;;;;;;;;;;;;;;;;;;;;;;;;;;;;;;;;;;;;;;
;;;;;;;;;;;;;;;;;;;;;;;;;;;;;;;;;;;;;;;;;;;;;;;;;;;;;;;;;;;;;;;;;;;;;;;
;;;;;;;;;;;;;;;;;;;;;;;;;;;;;;;;;;;;;;;;;;;;;;;;;;;;;;;;;;;;;;;;;;;;;;;
;;;;;;;;;;;;;;;;;;;;;;;;;;;;;;;;;;;;;;;;;;;;;;;;;;;;;;;;;;;;;;;;;;;;;;;
;;;;;;;;;;;;;;;;;;;;;;;;;;;;;;;;;;;;;;;;;;;;;;;;;;;;;;;;;;;;;;;;;;;;;;;
;;;;;;;;;;;;;;;;;;;;;;;;;;;;;;;;;;;;;;;;;;;;;;;;;;;;;;;;;;;;;;;;;;;;;;;
;;;;;;;;;;;;;;;;;;;;;;;;;;;;;;;;;;;;;;;;;;;;;;;;;;;;;;;;;;;;;;;;;;;;;;;
;;;;;;;;;;;;;;;;;;;;;;;;;;;;;;;;;;;;;;;;;;;;;;;;;;;;;;;;;;;;;;;;;;;;;;;
;;;;;;;;;;;;;;;;;;;;;;;;;;;;;;;;;;;;;;;;;;;;;;;;;;;;;;;;;;;;;;;;;;;;;;;
;;;;;;;;;;;;;;;;;;;;;;;;;;;;;;;;;;;;;;;;;;;;;;;;;;;;;;;;;;;;;;;;;;;;;;;
;;;;;;;;;;;;;;;;;;;;;;;;;;;;;;;;;;;;;;;;;;;;;;;;;;;;;;;;;;;;;;;;;;;;;;;
;;;;;;;;;;;;;;;;;;;;;;;;;;;;;;;;;;;;;;;;;;;;;;;;;;;;;;;;;;;;;;;;;;;;;;;
;;;;;;;;;;;;;;;;;;;;;;;;;;;;;;;;;;;;;;;;;;;;;;;;;;;;;;;;;;;;;;;;;;;;;;;
;;;;;;;;;;;;;;;;;;;;;;;;;;;;;;;;;;;;;;;;;;;;;;;;;;;;;;;;;;;;;;;;;;;;;;;
;;;;;;;;;;;;;;;;;;;;;;;;;;;;;;;;;;;;;;;;;;;;;;;;;;;;;;;;;;;;;;;;;;;;;;;
;;;;;;;;;;;;;;;;;;;;;;;;;;;;;;;;;;;;;;;;;;;;;;;;;;;;;;;;;;;;;;;;;;;;;;;
;;;;;;;;;;;;;;;;;;;;;;;;;;;;;;;;;;;;;;;;;;;;;;;;;;;;;;;;;;;;;;;;;;;;;;;
;;;;;;;;;;;;;;;;;;;;;;;;;;;;;;;;;;;;;;;;;;;;;;;;;;;;;;;;;;;;;;;;;;;;;;;
;;;;;;;;;;;;;;;;;;;;;;;;;;;;;;;;;;;;;;;;;;;;;;;;;;;;;;;;;;;;;;;;;;;;;;;
;;;;;;;;;;;;;;;;;;;;;;;;;;;;;;;;;;;;;;;;;;;;;;;;;;;;;;;;;;;;;;;;;;;;;;;
;;;;;;;;;;;;;;;;;;;;;;;;;;;;;;;;;;;;;;;;;;;;;;;;;;;;;;;;;;;;;;;;;;;;;;;
;;;;;;;;;;;;;;;;;;;;;;;;;;;;;;;;;;;;;;;;;;;;;;;;;;;;;;;;;;;;;;;;;;;;;;;
;;;;;;;;;;;;;;;;;;;;;;;;;;;;;;;;;;;;;;;;;;;;;;;;;;;;;;;;;;;;;;;;;;;;;;;
;;;;;;;;;;;;;;;;;;;;;;;;;;;;;;;;;;;;;;;;;;;;;;;;;;;;;;;;;;;;;;;;;;;;;;;
;;;;;;;;;;;;;;;;;;;;;;;;;;;;;;;;;;;;;;;;;;;;;;;;;;;;;;;;;;;;;;;;;;;;;;;
;;;;;;;;;;;;;;;;;;;;;;;;;;;;;;;;;;;;;;;;;;;;;;;;;;;;;;;;;;;;;;;;;;;;;;;
;;;;;;;;;;;;;;;;;;;;;;;;;;;;;;;;;;;;;;;;;;;;;;;;;;;;;;;;;;;;;;;;;;;;;;;
;;;;;;;;;;;;;;;;;;;;;;;;;;;;;;;;;;;;;;;;;;;;;;;;;;;;;;;;;;;;;;;;;;;;;;;
;;;;;;;;;;;;;;;;;;;;;;;;;;;;;;;;;;;;;;;;;;;;;;;;;;;;;;;;;;;;;;;;;;;;;;;
;;;;;;;;;;;;;;;;;;;;;;;;;;;;;;;;;;;;;;;;;;;;;;;;;;;;;;;;;;;;;;;;;;;;;;;
;;;;;;;;;;;;;;;;;;;;;;;;;;;;;;;;;;;;;;;;;;;;;;;;;;;;;;;;;;;;;;;;;;;;;;;
;;;;;;;;;;;;;;;;;;;;;;;;;;;;;;;;;;;;;;;;;;;;;;;;;;;;;;;;;;;;;;;;;;;;;;;
;;;;;;;;;;;;;;;;;;;;;;;;;;;;;;;;;;;;;;;;;;;;;;;;;;;;;;;;;;;;;;;;;;;;;;;
;;;;;;;;;;;;;;;;;;;;;;;;;;;;;;;;;;;;;;;;;;;;;;;;;;;;;;;;;;;;;;;;;;;;;;;
;;;;;;;;;;;;;;;;;;;;;;;;;;;;;;;;;;;;;;;;;;;;;;;;;;;;;;;;;;;;;;;;;;;;;;;
;;;;;;;;;;;;;;;;;;;;;;;;;;;;;;;;;;;;;;;;;;;;;;;;;;;;;;;;;;;;;;;;;;;;;;;
;;;;;;;;;;;;;;;;;;;;;;;;;;;;;;;;;;;;;;;;;;;;;;;;;;;;;;;;;;;;;;;;;;;;;;;
;;;;;;;;;;;;;;;;;;;;;;;;;;;;;;;;;;;;;;;;;;;;;;;;;;;;;;;;;;;;;;;;;;;;;;;
;;;;;;;;;;;;;;;;;;;;;;;;;;;;;;;;;;;;;;;;;;;;;;;;;;;;;;;;;;;;;;;;;;;;;;;
;;;;;;;;;;;;;;;;;;;;;;;;;;;;;;;;;;;;;;;;;;;;;;;;;;;;;;;;;;;;;;;;;;;;;;;
;;;;;;;;;;;;;;;;;;;;;;;;;;;;;;;;;;;;;;;;;;;;;;;;;;;;;;;;;;;;;;;;;;;;;;;
;;;;;;;;;;;;;;;;;;;;;;;;;;;;;;;;;;;;;;;;;;;;;;;;;;;;;;;;;;;;;;;;;;;;;;;
;;;;;;;;;;;;;;;;;;;;;;;;;;;;;;;;;;;;;;;;;;;;;;;;;;;;;;;;;;;;;;;;;;;;;;;
;;;;;;;;;;;;;;;;;;;;;;;;;;;;;;;;;;;;;;;;;;;;;;;;;;;;;;;;;;;;;;;;;;;;;;;
;;;;;;;;;;;;;;;;;;;;;;;;;;;;;;;;;;;;;;;;;;;;;;;;;;;;;;;;;;;;;;;;;;;;;;;
;;;;;;;;;;;;;;;;;;;;;;;;;;;;;;;;;;;;;;;;;;;;;;;;;;;;;;;;;;;;;;;;;;;;;;;
;;;;;;;;;;;;;;;;;;;;;;;;;;;;;;;;;;;;;;;;;;;;;;;;;;;;;;;;;;;;;;;;;;;;;;;
;;;;;;;;;;;;;;;;;;;;;;;;;;;;;;;;;;;;;;;;;;;;;;;;;;;;;;;;;;;;;;;;;;;;;;;
;;;;;;;;;;;;;;;;;;;;;;;;;;;;;;;;;;;;;;;;;;;;;;;;;;;;;;;;;;;;;;;;;;;;;;;
;;;;;;;;;;;;;;;;;;;;;;;;;;;;;;;;;;;;;;;;;;;;;;;;;;;;;;;;;;;;;;;;;;;;;;;
;;;;;;;;;;;;;;;;;;;;;;;;;;;;;;;;;;;;;;;;;;;;;;;;;;;;;;;;;;;;;;;;;;;;;;;
;;;;;;;;;;;;;;;;;;;;;;;;;;;;;;;;;;;;;;;;;;;;;;;;;;;;;;;;;;;;;;;;;;;;;;;
;;;;;;;;;;;;;;;;;;;;;;;;;;;;;;;;;;;;;;;;;;;;;;;;;;;;;;;;;;;;;;;;;;;;;;;
;;;;;;;;;;;;;;;;;;;;;;;;;;;;;;;;;;;;;;;;;;;;;;;;;;;;;;;;;;;;;;;;;;;;;;;
;;;;;;;;;;;;;;;;;;;;;;;;;;;;;;;;;;;;;;;;;;;;;;;;;;;;;;;;;;;;;;;;;;;;;;;
;;;;;;;;;;;;;;;;;;;;;;;;;;;;;;;;;;;;;;;;;;;;;;;;;;;;;;;;;;;;;;;;;;;;;;;
;;;;;;;;;;;;;;;;;;;;;;;;;;;;;;;;;;;;;;;;;;;;;;;;;;;;;;;;;;;;;;;;;;;;;;;
;;;;;;;;;;;;;;;;;;;;;;;;;;;;;;;;;;;;;;;;;;;;;;;;;;;;;;;;;;;;;;;;;;;;;;;
;;;;;;;;;;;;;;;;;;;;;;;;;;;;;;;;;;;;;;;;;;;;;;;;;;;;;;;;;;;;;;;;;;;;;;;
;;;;;;;;;;;;;;;;;;;;;;;;;;;;;;;;;;;;;;;;;;;;;;;;;;;;;;;;;;;;;;;;;;;;;;;
;;;;;;;;;;;;;;;;;;;;;;;;;;;;;;;;;;;;;;;;;;;;;;;;;;;;;;;;;;;;;;;;;;;;;;;
;;;;;;;;;;;;;;;;;;;;;;;;;;;;;;;;;;;;;;;;;;;;;;;;;;;;;;;;;;;;;;;;;;;;;;;
;;;;;;;;;;;;;;;;;;;;;;;;;;;;;;;;;;;;;;;;;;;;;;;;;;;;;;;;;;;;;;;;;;;;;;;
;;;;;;;;;;;;;;;;;;;;;;;;;;;;;;;;;;;;;;;;;;;;;;;;;;;;;;;;;;;;;;;;;;;;;;;
;;;;;;;;;;;;;;;;;;;;;;;;;;;;;;;;;;;;;;;;;;;;;;;;;;;;;;;;;;;;;;;;;;;;;;;
;;;;;;;;;;;;;;;;;;;;;;;;;;;;;;;;;;;;;;;;;;;;;;;;;;;;;;;;;;;;;;;;;;;;;;;
;;;;;;;;;;;;;;;;;;;;;;;;;;;;;;;;;;;;;;;;;;;;;;;;;;;;;;;;;;;;;;;;;;;;;;;
;;;;;;;;;;;;;;;;;;;;;;;;;;;;;;;;;;;;;;;;;;;;;;;;;;;;;;;;;;;;;;;;;;;;;;;
;;;;;;;;;;;;;;;;;;;;;;;;;;;;;;;;;;;;;;;;;;;;;;;;;;;;;;;;;;;;;;;;;;;;;;;
;;;;;;;;;;;;;;;;;;;;;;;;;;;;;;;;;;;;;;;;;;;;;;;;;;;;;;;;;;;;;;;;;;;;;;;
;;;;;;;;;;;;;;;;;;;;;;;;;;;;;;;;;;;;;;;;;;;;;;;;;;;;;;;;;;;;;;;;;;;;;;;
;;;;;;;;;;;;;;;;;;;;;;;;;;;;;;;;;;;;;;;;;;;;;;;;;;;;;;;;;;;;;;;;;;;;;;;
;;;;;;;;;;;;;;;;;;;;;;;;;;;;;;;;;;;;;;;;;;;;;;;;;;;;;;;;;;;;;;;;;;;;;;;
;;;;;;;;;;;;;;;;;;;;;;;;;;;;;;;;;;;;;;;;;;;;;;;;;;;;;;;;;;;;;;;;;;;;;;;
;;;;;;;;;;;;;;;;;;;;;;;;;;;;;;;;;;;;;;;;;;;;;;;;;;;;;;;;;;;;;;;;;;;;;;;
;;;;;;;;;;;;;;;;;;;;;;;;;;;;;;;;;;;;;;;;;;;;;;;;;;;;;;;;;;;;;;;;;;;;;;;
;;;;;;;;;;;;;;;;;;;;;;;;;;;;;;;;;;;;;;;;;;;;;;;;;;;;;;;;;;;;;;;;;;;;;;;
;;;;;;;;;;;;;;;;;;;;;;;;;;;;;;;;;;;;;;;;;;;;;;;;;;;;;;;;;;;;;;;;;;;;;;;
;;;;;;;;;;;;;;;;;;;;;;;;;;;;;;;;;;;;;;;;;;;;;;;;;;;;;;;;;;;;;;;;;;;;;;;
;;;;;;;;;;;;;;;;;;;;;;;;;;;;;;;;;;;;;;;;;;;;;;;;;;;;;;;;;;;;;;;;;;;;;;;
;;;;;;;;;;;;;;;;;;;;;;;;;;;;;;;;;;;;;;;;;;;;;;;;;;;;;;;;;;;;;;;;;;;;;;;
;;;;;;;;;;;;;;;;;;;;;;;;;;;;;;;;;;;;;;;;;;;;;;;;;;;;;;;;;;;;;;;;;;;;;;;
;;;;;;;;;;;;;;;;;;;;;;;;;;;;;;;;;;;;;;;;;;;;;;;;;;;;;;;;;;;;;;;;;;;;;;;
;;;;;;;;;;;;;;;;;;;;;;;;;;;;;;;;;;;;;;;;;;;;;;;;;;;;;;;;;;;;;;;;;;;;;;;
;;;;;;;;;;;;;;;;;;;;;;;;;;;;;;;;;;;;;;;;;;;;;;;;;;;;;;;;;;;;;;;;;;;;;;;
;;;;;;;;;;;;;;;;;;;;;;;;;;;;;;;;;;;;;;;;;;;;;;;;;;;;;;;;;;;;;;;;;;;;;;;
;;;;;;;;;;;;;;;;;;;;;;;;;;;;;;;;;;;;;;;;;;;;;;;;;;;;;;;;;;;;;;;;;;;;;;;
;;;;;;;;;;;;;;;;;;;;;;;;;;;;;;;;;;;;;;;;;;;;;;;;;;;;;;;;;;;;;;;;;;;;;;;
;;;;;;;;;;;;;;;;;;;;;;;;;;;;;;;;;;;;;;;;;;;;;;;;;;;;;;;;;;;;;;;;;;;;;;;
;;;;;;;;;;;;;;;;;;;;;;;;;;;;;;;;;;;;;;;;;;;;;;;;;;;;;;;;;;;;;;;;;;;;;;;
;;;;;;;;;;;;;;;;;;;;;;;;;;;;;;;;;;;;;;;;;;;;;;;;;;;;;;;;;;;;;;;;;;;;;;;
;;;;;;;;;;;;;;;;;;;;;;;;;;;;;;;;;;;;;;;;;;;;;;;;;;;;;;;;;;;;;;;;;;;;;;;
;;;;;;;;;;;;;;;;;;;;;;;;;;;;;;;;;;;;;;;;;;;;;;;;;;;;;;;;;;;;;;;;;;;;;;;
;;;;;;;;;;;;;;;;;;;;;;;;;;;;;;;;;;;;;;;;;;;;;;;;;;;;;;;;;;;;;;;;;;;;;;;
;;;;;;;;;;;;;;;;;;;;;;;;;;;;;;;;;;;;;;;;;;;;;;;;;;;;;;;;;;;;;;;;;;;;;;;
;;;;;;;;;;;;;;;;;;;;;;;;;;;;;;;;;;;;;;;;;;;;;;;;;;;;;;;;;;;;;;;;;;;;;;;
;;;;;;;;;;;;;;;;;;;;;;;;;;;;;;;;;;;;;;;;;;;;;;;;;;;;;;;;;;;;;;;;;;;;;;;
;;;;;;;;;;;;;;;;;;;;;;;;;;;;;;;;;;;;;;;;;;;;;;;;;;;;;;;;;;;;;;;;;;;;;;;
;;;;;;;;;;;;;;;;;;;;;;;;;;;;;;;;;;;;;;;;;;;;;;;;;;;;;;;;;;;;;;;;;;;;;;;
;;;;;;;;;;;;;;;;;;;;;;;;;;;;;;;;;;;;;;;;;;;;;;;;;;;;;;;;;;;;;;;;;;;;;;;
;;;;;;;;;;;;;;;;;;;;;;;;;;;;;;;;;;;;;;;;;;;;;;;;;;;;;;;;;;;;;;;;;;;;;;;
;;;;;;;;;;;;;;;;;;;;;;;;;;;;;;;;;;;;;;;;;;;;;;;;;;;;;;;;;;;;;;;;;;;;;;;
;;;;;;;;;;;;;;;;;;;;;;;;;;;;;;;;;;;;;;;;;;;;;;;;;;;;;;;;;;;;;;;;;;;;;;;
;;;;;;;;;;;;;;;;;;;;;;;;;;;;;;;;;;;;;;;;;;;;;;;;;;;;;;;;;;;;;;;;;;;;;;;
;;;;;;;;;;;;;;;;;;;;;;;;;;;;;;;;;;;;;;;;;;;;;;;;;;;;;;;;;;;;;;;;;;;;;;;
;;;;;;;;;;;;;;;;;;;;;;;;;;;;;;;;;;;;;;;;;;;;;;;;;;;;;;;;;;;;;;;;;;;;;;;
;;;;;;;;;;;;;;;;;;;;;;;;;;;;;;;;;;;;;;;;;;;;;;;;;;;;;;;;;;;;;;;;;;;;;;;
;;;;;;;;;;;;;;;;;;;;;;;;;;;;;;;;;;;;;;;;;;;;;;;;;;;;;;;;;;;;;;;;;;;;;;;
;;;;;;;;;;;;;;;;;;;;;;;;;;;;;;;;;;;;;;;;;;;;;;;;;;;;;;;;;;;;;;;;;;;;;;;
;;;;;;;;;;;;;;;;;;;;;;;;;;;;;;;;;;;;;;;;;;;;;;;;;;;;;;;;;;;;;;;;;;;;;;;
;;;;;;;;;;;;;;;;;;;;;;;;;;;;;;;;;;;;;;;;;;;;;;;;;;;;;;;;;;;;;;;;;;;;;;;
;;;;;;;;;;;;;;;;;;;;;;;;;;;;;;;;;;;;;;;;;;;;;;;;;;;;;;;;;;;;;;;;;;;;;;;
;;;;;;;;;;;;;;;;;;;;;;;;;;;;;;;;;;;;;;;;;;;;;;;;;;;;;;;;;;;;;;;;;;;;;;;
;;;;;;;;;;;;;;;;;;;;;;;;;;;;;;;;;;;;;;;;;;;;;;;;;;;;;;;;;;;;;;;;;;;;;;;
;;;;;;;;;;;;;;;;;;;;;;;;;;;;;;;;;;;;;;;;;;;;;;;;;;;;;;;;;;;;;;;;;;;;;;;
;;;;;;;;;;;;;;;;;;;;;;;;;;;;;;;;;;;;;;;;;;;;;;;;;;;;;;;;;;;;;;;;;;;;;;;
;;;;;;;;;;;;;;;;;;;;;;;;;;;;;;;;;;;;;;;;;;;;;;;;;;;;;;;;;;;;;;;;;;;;;;;
;;;;;;;;;;;;;;;;;;;;;;;;;;;;;;;;;;;;;;;;;;;;;;;;;;;;;;;;;;;;;;;;;;;;;;;
;;;;;;;;;;;;;;;;;;;;;;;;;;;;;;;;;;;;;;;;;;;;;;;;;;;;;;;;;;;;;;;;;;;;;;;
;;;;;;;;;;;;;;;;;;;;;;;;;;;;;;;;;;;;;;;;;;;;;;;;;;;;;;;;;;;;;;;;;;;;;;;
;;;;;;;;;;;;;;;;;;;;;;;;;;;;;;;;;;;;;;;;;;;;;;;;;;;;;;;;;;;;;;;;;;;;;;;
;;;;;;;;;;;;;;;;;;;;;;;;;;;;;;;;;;;;;;;;;;;;;;;;;;;;;;;;;;;;;;;;;;;;;;;
;;;;;;;;;;;;;;;;;;;;;;;;;;;;;;;;;;;;;;;;;;;;;;;;;;;;;;;;;;;;;;;;;;;;;;;
;;;;;;;;;;;;;;;;;;;;;;;;;;;;;;;;;;;;;;;;;;;;;;;;;;;;;;;;;;;;;;;;;;;;;;;
;;;;;;;;;;;;;;;;;;;;;;;;;;;;;;;;;;;;;;;;;;;;;;;;;;;;;;;;;;;;;;;;;;;;;;;
;;;;;;;;;;;;;;;;;;;;;;;;;;;;;;;;;;;;;;;;;;;;;;;;;;;;;;;;;;;;;;;;;;;;;;;
;;;;;;;;;;;;;;;;;;;;;;;;;;;;;;;;;;;;;;;;;;;;;;;;;;;;;;;;;;;;;;;;;;;;;;;
;;;;;;;;;;;;;;;;;;;;;;;;;;;;;;;;;;;;;;;;;;;;;;;;;;;;;;;;;;;;;;;;;;;;;;;
;;;;;;;;;;;;;;;;;;;;;;;;;;;;;;;;;;;;;;;;;;;;;;;;;;;;;;;;;;;;;;;;;;;;;;;
;;;;;;;;;;;;;;;;;;;;;;;;;;;;;;;;;;;;;;;;;;;;;;;;;;;;;;;;;;;;;;;;;;;;;;;
;;;;;;;;;;;;;;;;;;;;;;;;;;;;;;;;;;;;;;;;;;;;;;;;;;;;;;;;;;;;;;;;;;;;;;;
;;;;;;;;;;;;;;;;;;;;;;;;;;;;;;;;;;;;;;;;;;;;;;;;;;;;;;;;;;;;;;;;;;;;;;;
;;;;;;;;;;;;;;;;;;;;;;;;;;;;;;;;;;;;;;;;;;;;;;;;;;;;;;;;;;;;;;;;;;;;;;;
;;;;;;;;;;;;;;;;;;;;;;;;;;;;;;;;;;;;;;;;;;;;;;;;;;;;;;;;;;;;;;;;;;;;;;;
;;;;;;;;;;;;;;;;;;;;;;;;;;;;;;;;;;;;;;;;;;;;;;;;;;;;;;;;;;;;;;;;;;;;;;;
;;;;;;;;;;;;;;;;;;;;;;;;;;;;;;;;;;;;;;;;;;;;;;;;;;;;;;;;;;;;;;;;;;;;;;;
;;;;;;;;;;;;;;;;;;;;;;;;;;;;;;;;;;;;;;;;;;;;;;;;;;;;;;;;;;;;;;;;;;;;;;;
;;;;;;;;;;;;;;;;;;;;;;;;;;;;;;;;;;;;;;;;;;;;;;;;;;;;;;;;;;;;;;;;;;;;;;;
;;;;;;;;;;;;;;;;;;;;;;;;;;;;;;;;;;;;;;;;;;;;;;;;;;;;;;;;;;;;;;;;;;;;;;;
;;;;;;;;;;;;;;;;;;;;;;;;;;;;;;;;;;;;;;;;;;;;;;;;;;;;;;;;;;;;;;;;;;;;;;;
;;;;;;;;;;;;;;;;;;;;;;;;;;;;;;;;;;;;;;;;;;;;;;;;;;;;;;;;;;;;;;;;;;;;;;;
;;;;;;;;;;;;;;;;;;;;;;;;;;;;;;;;;;;;;;;;;;;;;;;;;;;;;;;;;;;;;;;;;;;;;;;
;;;;;;;;;;;;;;;;;;;;;;;;;;;;;;;;;;;;;;;;;;;;;;;;;;;;;;;;;;;;;;;;;;;;;;;
;;;;;;;;;;;;;;;;;;;;;;;;;;;;;;;;;;;;;;;;;;;;;;;;;;;;;;;;;;;;;;;;;;;;;;;
;;;;;;;;;;;;;;;;;;;;;;;;;;;;;;;;;;;;;;;;;;;;;;;;;;;;;;;;;;;;;;;;;;;;;;;
;;;;;;;;;;;;;;;;;;;;;;;;;;;;;;;;;;;;;;;;;;;;;;;;;;;;;;;;;;;;;;;;;;;;;;;
;;;;;;;;;;;;;;;;;;;;;;;;;;;;;;;;;;;;;;;;;;;;;;;;;;;;;;;;;;;;;;;;;;;;;;;
;;;;;;;;;;;;;;;;;;;;;;;;;;;;;;;;;;;;;;;;;;;;;;;;;;;;;;;;;;;;;;;;;;;;;;;
;;;;;;;;;;;;;;;;;;;;;;;;;;;;;;;;;;;;;;;;;;;;;;;;;;;;;;;;;;;;;;;;;;;;;;;
;;;;;;;;;;;;;;;;;;;;;;;;;;;;;;;;;;;;;;;;;;;;;;;;;;;;;;;;;;;;;;;;;;;;;;;
;;;;;;;;;;;;;;;;;;;;;;;;;;;;;;;;;;;;;;;;;;;;;;;;;;;;;;;;;;;;;;;;;;;;;;;
;;;;;;;;;;;;;;;;;;;;;;;;;;;;;;;;;;;;;;;;;;;;;;;;;;;;;;;;;;;;;;;;;;;;;;;
;;;;;;;;;;;;;;;;;;;;;;;;;;;;;;;;;;;;;;;;;;;;;;;;;;;;;;;;;;;;;;;;;;;;;;;
;;;;;;;;;;;;;;;;;;;;;;;;;;;;;;;;;;;;;;;;;;;;;;;;;;;;;;;;;;;;;;;;;;;;;;;
;;;;;;;;;;;;;;;;;;;;;;;;;;;;;;;;;;;;;;;;;;;;;;;;;;;;;;;;;;;;;;;;;;;;;;;
;;;;;;;;;;;;;;;;;;;;;;;;;;;;;;;;;;;;;;;;;;;;;;;;;;;;;;;;;;;;;;;;;;;;;;;
;;;;;;;;;;;;;;;;;;;;;;;;;;;;;;;;;;;;;;;;;;;;;;;;;;;;;;;;;;;;;;;;;;;;;;;
;;;;;;;;;;;;;;;;;;;;;;;;;;;;;;;;;;;;;;;;;;;;;;;;;;;;;;;;;;;;;;;;;;;;;;;
;;;;;;;;;;;;;;;;;;;;;;;;;;;;;;;;;;;;;;;;;;;;;;;;;;;;;;;;;;;;;;;;;;;;;;;
;;;;;;;;;;;;;;;;;;;;;;;;;;;;;;;;;;;;;;;;;;;;;;;;;;;;;;;;;;;;;;;;;;;;;;;
;;;;;;;;;;;;;;;;;;;;;;;;;;;;;;;;;;;;;;;;;;;;;;;;;;;;;;;;;;;;;;;;;;;;;;;
;;;;;;;;;;;;;;;;;;;;;;;;;;;;;;;;;;;;;;;;;;;;;;;;;;;;;;;;;;;;;;;;;;;;;;;
;;;;;;;;;;;;;;;;;;;;;;;;;;;;;;;;;;;;;;;;;;;;;;;;;;;;;;;;;;;;;;;;;;;;;;;
;;;;;;;;;;;;;;;;;;;;;;;;;;;;;;;;;;;;;;;;;;;;;;;;;;;;;;;;;;;;;;;;;;;;;;;
;;;;;;;;;;;;;;;;;;;;;;;;;;;;;;;;;;;;;;;;;;;;;;;;;;;;;;;;;;;;;;;;;;;;;;;
;;;;;;;;;;;;;;;;;;;;;;;;;;;;;;;;;;;;;;;;;;;;;;;;;;;;;;;;;;;;;;;;;;;;;;;
;;;;;;;;;;;;;;;;;;;;;;;;;;;;;;;;;;;;;;;;;;;;;;;;;;;;;;;;;;;;;;;;;;;;;;;
;;;;;;;;;;;;;;;;;;;;;;;;;;;;;;;;;;;;;;;;;;;;;;;;;;;;;;;;;;;;;;;;;;;;;;;
;;;;;;;;;;;;;;;;;;;;;;;;;;;;;;;;;;;;;;;;;;;;;;;;;;;;;;;;;;;;;;;;;;;;;;;
;;;;;;;;;;;;;;;;;;;;;;;;;;;;;;;;;;;;;;;;;;;;;;;;;;;;;;;;;;;;;;;;;;;;;;;
;;;;;;;;;;;;;;;;;;;;;;;;;;;;;;;;;;;;;;;;;;;;;;;;;;;;;;;;;;;;;;;;;;;;;;;
;;;;;;;;;;;;;;;;;;;;;;;;;;;;;;;;;;;;;;;;;;;;;;;;;;;;;;;;;;;;;;;;;;;;;;;
;;;;;;;;;;;;;;;;;;;;;;;;;;;;;;;;;;;;;;;;;;;;;;;;;;;;;;;;;;;;;;;;;;;;;;;
;;;;;;;;;;;;;;;;;;;;;;;;;;;;;;;;;;;;;;;;;;;;;;;;;;;;;;;;;;;;;;;;;;;;;;;
;;;;;;;;;;;;;;;;;;;;;;;;;;;;;;;;;;;;;;;;;;;;;;;;;;;;;;;;;;;;;;;;;;;;;;;
;;;;;;;;;;;;;;;;;;;;;;;;;;;;;;;;;;;;;;;;;;;;;;;;;;;;;;;;;;;;;;;;;;;;;;;
;;;;;;;;;;;;;;;;;;;;;;;;;;;;;;;;;;;;;;;;;;;;;;;;;;;;;;;;;;;;;;;;;;;;;;;
;;;;;;;;;;;;;;;;;;;;;;;;;;;;;;;;;;;;;;;;;;;;;;;;;;;;;;;;;;;;;;;;;;;;;;;
;;;;;;;;;;;;;;;;;;;;;;;;;;;;;;;;;;;;;;;;;;;;;;;;;;;;;;;;;;;;;;;;;;;;;;;
;;;;;;;;;;;;;;;;;;;;;;;;;;;;;;;;;;;;;;;;;;;;;;;;;;;;;;;;;;;;;;;;;;;;;;;
;;;;;;;;;;;;;;;;;;;;;;;;;;;;;;;;;;;;;;;;;;;;;;;;;;;;;;;;;;;;;;;;;;;;;;;
;;;;;;;;;;;;;;;;;;;;;;;;;;;;;;;;;;;;;;;;;;;;;;;;;;;;;;;;;;;;;;;;;;;;;;;
;;;;;;;;;;;;;;;;;;;;;;;;;;;;;;;;;;;;;;;;;;;;;;;;;;;;;;;;;;;;;;;;;;;;;;;
;;;;;;;;;;;;;;;;;;;;;;;;;;;;;;;;;;;;;;;;;;;;;;;;;;;;;;;;;;;;;;;;;;;;;;;
;;;;;;;;;;;;;;;;;;;;;;;;;;;;;;;;;;;;;;;;;;;;;;;;;;;;;;;;;;;;;;;;;;;;;;;
;;;;;;;;;;;;;;;;;;;;;;;;;;;;;;;;;;;;;;;;;;;;;;;;;;;;;;;;;;;;;;;;;;;;;;;
;;;;;;;;;;;;;;;;;;;;;;;;;;;;;;;;;;;;;;;;;;;;;;;;;;;;;;;;;;;;;;;;;;;;;;;
;;;;;;;;;;;;;;;;;;;;;;;;;;;;;;;;;;;;;;;;;;;;;;;;;;;;;;;;;;;;;;;;;;;;;;;
;;;;;;;;;;;;;;;;;;;;;;;;;;;;;;;;;;;;;;;;;;;;;;;;;;;;;;;;;;;;;;;;;;;;;;;
;;;;;;;;;;;;;;;;;;;;;;;;;;;;;;;;;;;;;;;;;;;;;;;;;;;;;;;;;;;;;;;;;;;;;;;
;;;;;;;;;;;;;;;;;;;;;;;;;;;;;;;;;;;;;;;;;;;;;;;;;;;;;;;;;;;;;;;;;;;;;;;
;;;;;;;;;;;;;;;;;;;;;;;;;;;;;;;;;;;;;;;;;;;;;;;;;;;;;;;;;;;;;;;;;;;;;;;
;;;;;;;;;;;;;;;;;;;;;;;;;;;;;;;;;;;;;;;;;;;;;;;;;;;;;;;;;;;;;;;;;;;;;;;
;;;;;;;;;;;;;;;;;;;;;;;;;;;;;;;;;;;;;;;;;;;;;;;;;;;;;;;;;;;;;;;;;;;;;;;
;;;;;;;;;;;;;;;;;;;;;;;;;;;;;;;;;;;;;;;;;;;;;;;;;;;;;;;;;;;;;;;;;;;;;;;
;;;;;;;;;;;;;;;;;;;;;;;;;;;;;;;;;;;;;;;;;;;;;;;;;;;;;;;;;;;;;;;;;;;;;;;
;;;;;;;;;;;;;;;;;;;;;;;;;;;;;;;;;;;;;;;;;;;;;;;;;;;;;;;;;;;;;;;;;;;;;;;
;;;;;;;;;;;;;;;;;;;;;;;;;;;;;;;;;;;;;;;;;;;;;;;;;;;;;;;;;;;;;;;;;;;;;;;
;;;;;;;;;;;;;;;;;;;;;;;;;;;;;;;;;;;;;;;;;;;;;;;;;;;;;;;;;;;;;;;;;;;;;;;
;;;;;;;;;;;;;;;;;;;;;;;;;;;;;;;;;;;;;;;;;;;;;;;;;;;;;;;;;;;;;;;;;;;;;;;
;;;;;;;;;;;;;;;;;;;;;;;;;;;;;;;;;;;;;;;;;;;;;;;;;;;;;;;;;;;;;;;;;;;;;;;
;;;;;;;;;;;;;;;;;;;;;;;;;;;;;;;;;;;;;;;;;;;;;;;;;;;;;;;;;;;;;;;;;;;;;;;
;;;;;;;;;;;;;;;;;;;;;;;;;;;;;;;;;;;;;;;;;;;;;;;;;;;;;;;;;;;;;;;;;;;;;;;
;;;;;;;;;;;;;;;;;;;;;;;;;;;;;;;;;;;;;;;;;;;;;;;;;;;;;;;;;;;;;;;;;;;;;;;
;;;;;;;;;;;;;;;;;;;;;;;;;;;;;;;;;;;;;;;;;;;;;;;;;;;;;;;;;;;;;;;;;;;;;;;
;;;;;;;;;;;;;;;;;;;;;;;;;;;;;;;;;;;;;;;;;;;;;;;;;;;;;;;;;;;;;;;;;;;;;;;
;;;;;;;;;;;;;;;;;;;;;;;;;;;;;;;;;;;;;;;;;;;;;;;;;;;;;;;;;;;;;;;;;;;;;;;
;;;;;;;;;;;;;;;;;;;;;;;;;;;;;;;;;;;;;;;;;;;;;;;;;;;;;;;;;;;;;;;;;;;;;;;
;;;;;;;;;;;;;;;;;;;;;;;;;;;;;;;;;;;;;;;;;;;;;;;;;;;;;;;;;;;;;;;;;;;;;;;
;;;;;;;;;;;;;;;;;;;;;;;;;;;;;;;;;;;;;;;;;;;;;;;;;;;;;;;;;;;;;;;;;;;;;;;
;;;;;;;;;;;;;;;;;;;;;;;;;;;;;;;;;;;;;;;;;;;;;;;;;;;;;;;;;;;;;;;;;;;;;;;
;;;;;;;;;;;;;;;;;;;;;;;;;;;;;;;;;;;;;;;;;;;;;;;;;;;;;;;;;;;;;;;;;;;;;;;
;;;;;;;;;;;;;;;;;;;;;;;;;;;;;;;;;;;;;;;;;;;;;;;;;;;;;;;;;;;;;;;;;;;;;;;
;;;;;;;;;;;;;;;;;;;;;;;;;;;;;;;;;;;;;;;;;;;;;;;;;;;;;;;;;;;;;;;;;;;;;;;
;;;;;;;;;;;;;;;;;;;;;;;;;;;;;;;;;;;;;;;;;;;;;;;;;;;;;;;;;;;;;;;;;;;;;;;
;;;;;;;;;;;;;;;;;;;;;;;;;;;;;;;;;;;;;;;;;;;;;;;;;;;;;;;;;;;;;;;;;;;;;;;
;;;;;;;;;;;;;;;;;;;;;;;;;;;;;;;;;;;;;;;;;;;;;;;;;;;;;;;;;;;;;;;;;;;;;;;
;;;;;;;;;;;;;;;;;;;;;;;;;;;;;;;;;;;;;;;;;;;;;;;;;;;;;;;;;;;;;;;;;;;;;;;
;;;;;;;;;;;;;;;;;;;;;;;;;;;;;;;;;;;;;;;;;;;;;;;;;;;;;;;;;;;;;;;;;;;;;;;
;;;;;;;;;;;;;;;;;;;;;;;;;;;;;;;;;;;;;;;;;;;;;;;;;;;;;;;;;;;;;;;;;;;;;;;
;;;;;;;;;;;;;;;;;;;;;;;;;;;;;;;;;;;;;;;;;;;;;;;;;;;;;;;;;;;;;;;;;;;;;;;
;;;;;;;;;;;;;;;;;;;;;;;;;;;;;;;;;;;;;;;;;;;;;;;;;;;;;;;;;;;;;;;;;;;;;;;
;;;;;;;;;;;;;;;;;;;;;;;;;;;;;;;;;;;;;;;;;;;;;;;;;;;;;;;;;;;;;;;;;;;;;;;
;;;;;;;;;;;;;;;;;;;;;;;;;;;;;;;;;;;;;;;;;;;;;;;;;;;;;;;;;;;;;;;;;;;;;;;
;;;;;;;;;;;;;;;;;;;;;;;;;;;;;;;;;;;;;;;;;;;;;;;;;;;;;;;;;;;;;;;;;;;;;;;
;;;;;;;;;;;;;;;;;;;;;;;;;;;;;;;;;;;;;;;;;;;;;;;;;;;;;;;;;;;;;;;;;;;;;;;
;;;;;;;;;;;;;;;;;;;;;;;;;;;;;;;;;;;;;;;;;;;;;;;;;;;;;;;;;;;;;;;;;;;;;;;
;;;;;;;;;;;;;;;;;;;;;;;;;;;;;;;;;;;;;;;;;;;;;;;;;;;;;;;;;;;;;;;;;;;;;;;
;;;;;;;;;;;;;;;;;;;;;;;;;;;;;;;;;;;;;;;;;;;;;;;;;;;;;;;;;;;;;;;;;;;;;;;
;;;;;;;;;;;;;;;;;;;;;;;;;;;;;;;;;;;;;;;;;;;;;;;;;;;;;;;;;;;;;;;;;;;;;;;
;;;;;;;;;;;;;;;;;;;;;;;;;;;;;;;;;;;;;;;;;;;;;;;;;;;;;;;;;;;;;;;;;;;;;;;
;;;;;;;;;;;;;;;;;;;;;;;;;;;;;;;;;;;;;;;;;;;;;;;;;;;;;;;;;;;;;;;;;;;;;;;
;;;;;;;;;;;;;;;;;;;;;;;;;;;;;;;;;;;;;;;;;;;;;;;;;;;;;;;;;;;;;;;;;;;;;;;
;;;;;;;;;;;;;;;;;;;;;;;;;;;;;;;;;;;;;;;;;;;;;;;;;;;;;;;;;;;;;;;;;;;;;;;
;;;;;;;;;;;;;;;;;;;;;;;;;;;;;;;;;;;;;;;;;;;;;;;;;;;;;;;;;;;;;;;;;;;;;;;
;;;;;;;;;;;;;;;;;;;;;;;;;;;;;;;;;;;;;;;;;;;;;;;;;;;;;;;;;;;;;;;;;;;;;;;
;;;;;;;;;;;;;;;;;;;;;;;;;;;;;;;;;;;;;;;;;;;;;;;;;;;;;;;;;;;;;;;;;;;;;;;
;;;;;;;;;;;;;;;;;;;;;;;;;;;;;;;;;;;;;;;;;;;;;;;;;;;;;;;;;;;;;;;;;;;;;;;
;;;;;;;;;;;;;;;;;;;;;;;;;;;;;;;;;;;;;;;;;;;;;;;;;;;;;;;;;;;;;;;;;;;;;;;
;;;;;;;;;;;;;;;;;;;;;;;;;;;;;;;;;;;;;;;;;;;;;;;;;;;;;;;;;;;;;;;;;;;;;;;
;;;;;;;;;;;;;;;;;;;;;;;;;;;;;;;;;;;;;;;;;;;;;;;;;;;;;;;;;;;;;;;;;;;;;;;
;;;;;;;;;;;;;;;;;;;;;;;;;;;;;;;;;;;;;;;;;;;;;;;;;;;;;;;;;;;;;;;;;;;;;;;
;;;;;;;;;;;;;;;;;;;;;;;;;;;;;;;;;;;;;;;;;;;;;;;;;;;;;;;;;;;;;;;;;;;;;;;
;;;;;;;;;;;;;;;;;;;;;;;;;;;;;;;;;;;;;;;;;;;;;;;;;;;;;;;;;;;;;;;;;;;;;;;
;;;;;;;;;;;;;;;;;;;;;;;;;;;;;;;;;;;;;;;;;;;;;;;;;;;;;;;;;;;;;;;;;;;;;;;
;;;;;;;;;;;;;;;;;;;;;;;;;;;;;;;;;;;;;;;;;;;;;;;;;;;;;;;;;;;;;;;;;;;;;;;
;;;;;;;;;;;;;;;;;;;;;;;;;;;;;;;;;;;;;;;;;;;;;;;;;;;;;;;;;;;;;;;;;;;;;;;
;;;;;;;;;;;;;;;;;;;;;;;;;;;;;;;;;;;;;;;;;;;;;;;;;;;;;;;;;;;;;;;;;;;;;;;
;;;;;;;;;;;;;;;;;;;;;;;;;;;;;;;;;;;;;;;;;;;;;;;;;;;;;;;;;;;;;;;;;;;;;;;
;;;;;;;;;;;;;;;;;;;;;;;;;;;;;;;;;;;;;;;;;;;;;;;;;;;;;;;;;;;;;;;;;;;;;;;
;;;;;;;;;;;;;;;;;;;;;;;;;;;;;;;;;;;;;;;;;;;;;;;;;;;;;;;;;;;;;;;;;;;;;;;
;;;;;;;;;;;;;;;;;;;;;;;;;;;;;;;;;;;;;;;;;;;;;;;;;;;;;;;;;;;;;;;;;;;;;;;
;;;;;;;;;;;;;;;;;;;;;;;;;;;;;;;;;;;;;;;;;;;;;;;;;;;;;;;;;;;;;;;;;;;;;;;
;;;;;;;;;;;;;;;;;;;;;;;;;;;;;;;;;;;;;;;;;;;;;;;;;;;;;;;;;;;;;;;;;;;;;;;
;;;;;;;;;;;;;;;;;;;;;;;;;;;;;;;;;;;;;;;;;;;;;;;;;;;;;;;;;;;;;;;;;;;;;;;
;;;;;;;;;;;;;;;;;;;;;;;;;;;;;;;;;;;;;;;;;;;;;;;;;;;;;;;;;;;;;;;;;;;;;;;
;;;;;;;;;;;;;;;;;;;;;;;;;;;;;;;;;;;;;;;;;;;;;;;;;;;;;;;;;;;;;;;;;;;;;;;
;;;;;;;;;;;;;;;;;;;;;;;;;;;;;;;;;;;;;;;;;;;;;;;;;;;;;;;;;;;;;;;;;;;;;;;
;;;;;;;;;;;;;;;;;;;;;;;;;;;;;;;;;;;;;;;;;;;;;;;;;;;;;;;;;;;;;;;;;;;;;;;
;;;;;;;;;;;;;;;;;;;;;;;;;;;;;;;;;;;;;;;;;;;;;;;;;;;;;;;;;;;;;;;;;;;;;;;
;;;;;;;;;;;;;;;;;;;;;;;;;;;;;;;;;;;;;;;;;;;;;;;;;;;;;;;;;;;;;;;;;;;;;;;
;;;;;;;;;;;;;;;;;;;;;;;;;;;;;;;;;;;;;;;;;;;;;;;;;;;;;;;;;;;;;;;;;;;;;;;
;;;;;;;;;;;;;;;;;;;;;;;;;;;;;;;;;;;;;;;;;;;;;;;;;;;;;;;;;;;;;;;;;;;;;;;
;;;;;;;;;;;;;;;;;;;;;;;;;;;;;;;;;;;;;;;;;;;;;;;;;;;;;;;;;;;;;;;;;;;;;;;
;;;;;;;;;;;;;;;;;;;;;;;;;;;;;;;;;;;;;;;;;;;;;;;;;;;;;;;;;;;;;;;;;;;;;;;
;;;;;;;;;;;;;;;;;;;;;;;;;;;;;;;;;;;;;;;;;;;;;;;;;;;;;;;;;;;;;;;;;;;;;;;
;;;;;;;;;;;;;;;;;;;;;;;;;;;;;;;;;;;;;;;;;;;;;;;;;;;;;;;;;;;;;;;;;;;;;;;
;;;;;;;;;;;;;;;;;;;;;;;;;;;;;;;;;;;;;;;;;;;;;;;;;;;;;;;;;;;;;;;;;;;;;;;
;;;;;;;;;;;;;;;;;;;;;;;;;;;;;;;;;;;;;;;;;;;;;;;;;;;;;;;;;;;;;;;;;;;;;;;
;;;;;;;;;;;;;;;;;;;;;;;;;;;;;;;;;;;;;;;;;;;;;;;;;;;;;;;;;;;;;;;;;;;;;;;
;;;;;;;;;;;;;;;;;;;;;;;;;;;;;;;;;;;;;;;;;;;;;;;;;;;;;;;;;;;;;;;;;;;;;;;
;;;;;;;;;;;;;;;;;;;;;;;;;;;;;;;;;;;;;;;;;;;;;;;;;;;;;;;;;;;;;;;;;;;;;;;
;;;;;;;;;;;;;;;;;;;;;;;;;;;;;;;;;;;;;;;;;;;;;;;;;;;;;;;;;;;;;;;;;;;;;;;
;;;;;;;;;;;;;;;;;;;;;;;;;;;;;;;;;;;;;;;;;;;;;;;;;;;;;;;;;;;;;;;;;;;;;;;
;;;;;;;;;;;;;;;;;;;;;;;;;;;;;;;;;;;;;;;;;;;;;;;;;;;;;;;;;;;;;;;;;;;;;;;
;;;;;;;;;;;;;;;;;;;;;;;;;;;;;;;;;;;;;;;;;;;;;;;;;;;;;;;;;;;;;;;;;;;;;;;
;;;;;;;;;;;;;;;;;;;;;;;;;;;;;;;;;;;;;;;;;;;;;;;;;;;;;;;;;;;;;;;;;;;;;;;
;;;;;;;;;;;;;;;;;;;;;;;;;;;;;;;;;;;;;;;;;;;;;;;;;;;;;;;;;;;;;;;;;;;;;;;
;;;;;;;;;;;;;;;;;;;;;;;;;;;;;;;;;;;;;;;;;;;;;;;;;;;;;;;;;;;;;;;;;;;;;;;
;;;;;;;;;;;;;;;;;;;;;;;;;;;;;;;;;;;;;;;;;;;;;;;;;;;;;;;;;;;;;;;;;;;;;;;
;;;;;;;;;;;;;;;;;;;;;;;;;;;;;;;;;;;;;;;;;;;;;;;;;;;;;;;;;;;;;;;;;;;;;;;
;;;;;;;;;;;;;;;;;;;;;;;;;;;;;;;;;;;;;;;;;;;;;;;;;;;;;;;;;;;;;;;;;;;;;;;
;;;;;;;;;;;;;;;;;;;;;;;;;;;;;;;;;;;;;;;;;;;;;;;;;;;;;;;;;;;;;;;;;;;;;;;
;;;;;;;;;;;;;;;;;;;;;;;;;;;;;;;;;;;;;;;;;;;;;;;;;;;;;;;;;;;;;;;;;;;;;;;
;;;;;;;;;;;;;;;;;;;;;;;;;;;;;;;;;;;;;;;;;;;;;;;;;;;;;;;;;;;;;;;;;;;;;;;
;;;;;;;;;;;;;;;;;;;;;;;;;;;;;;;;;;;;;;;;;;;;;;;;;;;;;;;;;;;;;;;;;;;;;;;
;;;;;;;;;;;;;;;;;;;;;;;;;;;;;;;;;;;;;;;;;;;;;;;;;;;;;;;;;;;;;;;;;;;;;;;
;;;;;;;;;;;;;;;;;;;;;;;;;;;;;;;;;;;;;;;;;;;;;;;;;;;;;;;;;;;;;;;;;;;;;;;
;;;;;;;;;;;;;;;;;;;;;;;;;;;;;;;;;;;;;;;;;;;;;;;;;;;;;;;;;;;;;;;;;;;;;;;
;;;;;;;;;;;;;;;;;;;;;;;;;;;;;;;;;;;;;;;;;;;;;;;;;;;;;;;;;;;;;;;;;;;;;;;
;;;;;;;;;;;;;;;;;;;;;;;;;;;;;;;;;;;;;;;;;;;;;;;;;;;;;;;;;;;;;;;;;;;;;;;
;;;;;;;;;;;;;;;;;;;;;;;;;;;;;;;;;;;;;;;;;;;;;;;;;;;;;;;;;;;;;;;;;;;;;;;
;;;;;;;;;;;;;;;;;;;;;;;;;;;;;;;;;;;;;;;;;;;;;;;;;;;;;;;;;;;;;;;;;;;;;;;
;;;;;;;;;;;;;;;;;;;;;;;;;;;;;;;;;;;;;;;;;;;;;;;;;;;;;;;;;;;;;;;;;;;;;;;
;;;;;;;;;;;;;;;;;;;;;;;;;;;;;;;;;;;;;;;;;;;;;;;;;;;;;;;;;;;;;;;;;;;;;;;
;;;;;;;;;;;;;;;;;;;;;;;;;;;;;;;;;;;;;;;;;;;;;;;;;;;;;;;;;;;;;;;;;;;;;;;
;;;;;;;;;;;;;;;;;;;;;;;;;;;;;;;;;;;;;;;;;;;;;;;;;;;;;;;;;;;;;;;;;;;;;;;
;;;;;;;;;;;;;;;;;;;;;;;;;;;;;;;;;;;;;;;;;;;;;;;;;;;;;;;;;;;;;;;;;;;;;;;
;;;;;;;;;;;;;;;;;;;;;;;;;;;;;;;;;;;;;;;;;;;;;;;;;;;;;;;;;;;;;;;;;;;;;;;
;;;;;;;;;;;;;;;;;;;;;;;;;;;;;;;;;;;;;;;;;;;;;;;;;;;;;;;;;;;;;;;;;;;;;;;
;;;;;;;;;;;;;;;;;;;;;;;;;;;;;;;;;;;;;;;;;;;;;;;;;;;;;;;;;;;;;;;;;;;;;;;
;;;;;;;;;;;;;;;;;;;;;;;;;;;;;;;;;;;;;;;;;;;;;;;;;;;;;;;;;;;;;;;;;;;;;;;
;;;;;;;;;;;;;;;;;;;;;;;;;;;;;;;;;;;;;;;;;;;;;;;;;;;;;;;;;;;;;;;;;;;;;;;
;;;;;;;;;;;;;;;;;;;;;;;;;;;;;;;;;;;;;;;;;;;;;;;;;;;;;;;;;;;;;;;;;;;;;;;
;;;;;;;;;;;;;;;;;;;;;;;;;;;;;;;;;;;;;;;;;;;;;;;;;;;;;;;;;;;;;;;;;;;;;;;
;;;;;;;;;;;;;;;;;;;;;;;;;;;;;;;;;;;;;;;;;;;;;;;;;;;;;;;;;;;;;;;;;;;;;;;
;;;;;;;;;;;;;;;;;;;;;;;;;;;;;;;;;;;;;;;;;;;;;;;;;;;;;;;;;;;;;;;;;;;;;;;
;;;;;;;;;;;;;;;;;;;;;;;;;;;;;;;;;;;;;;;;;;;;;;;;;;;;;;;;;;;;;;;;;;;;;;;
;;;;;;;;;;;;;;;;;;;;;;;;;;;;;;;;;;;;;;;;;;;;;;;;;;;;;;;;;;;;;;;;;;;;;;;
;;;;;;;;;;;;;;;;;;;;;;;;;;;;;;;;;;;;;;;;;;;;;;;;;;;;;;;;;;;;;;;;;;;;;;;
;;;;;;;;;;;;;;;;;;;;;;;;;;;;;;;;;;;;;;;;;;;;;;;;;;;;;;;;;;;;;;;;;;;;;;;
;;;;;;;;;;;;;;;;;;;;;;;;;;;;;;;;;;;;;;;;;;;;;;;;;;;;;;;;;;;;;;;;;;;;;;;
;;;;;;;;;;;;;;;;;;;;;;;;;;;;;;;;;;;;;;;;;;;;;;;;;;;;;;;;;;;;;;;;;;;;;;;
;;;;;;;;;;;;;;;;;;;;;;;;;;;;;;;;;;;;;;;;;;;;;;;;;;;;;;;;;;;;;;;;;;;;;;;
;;;;;;;;;;;;;;;;;;;;;;;;;;;;;;;;;;;;;;;;;;;;;;;;;;;;;;;;;;;;;;;;;;;;;;;
;;;;;;;;;;;;;;;;;;;;;;;;;;;;;;;;;;;;;;;;;;;;;;;;;;;;;;;;;;;;;;;;;;;;;;;
;;;;;;;;;;;;;;;;;;;;;;;;;;;;;;;;;;;;;;;;;;;;;;;;;;;;;;;;;;;;;;;;;;;;;;;
;;;;;;;;;;;;;;;;;;;;;;;;;;;;;;;;;;;;;;;;;;;;;;;;;;;;;;;;;;;;;;;;;;;;;;;
;;;;;;;;;;;;;;;;;;;;;;;;;;;;;;;;;;;;;;;;;;;;;;;;;;;;;;;;;;;;;;;;;;;;;;;
;;;;;;;;;;;;;;;;;;;;;;;;;;;;;;;;;;;;;;;;;;;;;;;;;;;;;;;;;;;;;;;;;;;;;;;
;;;;;;;;;;;;;;;;;;;;;;;;;;;;;;;;;;;;;;;;;;;;;;;;;;;;;;;;;;;;;;;;;;;;;;;
;;;;;;;;;;;;;;;;;;;;;;;;;;;;;;;;;;;;;;;;;;;;;;;;;;;;;;;;;;;;;;;;;;;;;;;
;;;;;;;;;;;;;;;;;;;;;;;;;;;;;;;;;;;;;;;;;;;;;;;;;;;;;;;;;;;;;;;;;;;;;;;
;;;;;;;;;;;;;;;;;;;;;;;;;;;;;;;;;;;;;;;;;;;;;;;;;;;;;;;;;;;;;;;;;;;;;;;
;;;;;;;;;;;;;;;;;;;;;;;;;;;;;;;;;;;;;;;;;;;;;;;;;;;;;;;;;;;;;;;;;;;;;;;
;;;;;;;;;;;;;;;;;;;;;;;;;;;;;;;;;;;;;;;;;;;;;;;;;;;;;;;;;;;;;;;;;;;;;;;
;;;;;;;;;;;;;;;;;;;;;;;;;;;;;;;;;;;;;;;;;;;;;;;;;;;;;;;;;;;;;;;;;;;;;;;
;;;;;;;;;;;;;;;;;;;;;;;;;;;;;;;;;;;;;;;;;;;;;;;;;;;;;;;;;;;;;;;;;;;;;;;
;;;;;;;;;;;;;;;;;;;;;;;;;;;;;;;;;;;;;;;;;;;;;;;;;;;;;;;;;;;;;;;;;;;;;;;
;;;;;;;;;;;;;;;;;;;;;;;;;;;;;;;;;;;;;;;;;;;;;;;;;;;;;;;;;;;;;;;;;;;;;;;
;;;;;;;;;;;;;;;;;;;;;;;;;;;;;;;;;;;;;;;;;;;;;;;;;;;;;;;;;;;;;;;;;;;;;;;
;;;;;;;;;;;;;;;;;;;;;;;;;;;;;;;;;;;;;;;;;;;;;;;;;;;;;;;;;;;;;;;;;;;;;;;
;;;;;;;;;;;;;;;;;;;;;;;;;;;;;;;;;;;;;;;;;;;;;;;;;;;;;;;;;;;;;;;;;;;;;;;
;;;;;;;;;;;;;;;;;;;;;;;;;;;;;;;;;;;;;;;;;;;;;;;;;;;;;;;;;;;;;;;;;;;;;;;
;;;;;;;;;;;;;;;;;;;;;;;;;;;;;;;;;;;;;;;;;;;;;;;;;;;;;;;;;;;;;;;;;;;;;;;
;;;;;;;;;;;;;;;;;;;;;;;;;;;;;;;;;;;;;;;;;;;;;;;;;;;;;;;;;;;;;;;;;;;;;;;
;;;;;;;;;;;;;;;;;;;;;;;;;;;;;;;;;;;;;;;;;;;;;;;;;;;;;;;;;;;;;;;;;;;;;;;
;;;;;;;;;;;;;;;;;;;;;;;;;;;;;;;;;;;;;;;;;;;;;;;;;;;;;;;;;;;;;;;;;;;;;;;
;;;;;;;;;;;;;;;;;;;;;;;;;;;;;;;;;;;;;;;;;;;;;;;;;;;;;;;;;;;;;;;;;;;;;;;
;;;;;;;;;;;;;;;;;;;;;;;;;;;;;;;;;;;;;;;;;;;;;;;;;;;;;;;;;;;;;;;;;;;;;;;
;;;;;;;;;;;;;;;;;;;;;;;;;;;;;;;;;;;;;;;;;;;;;;;;;;;;;;;;;;;;;;;;;;;;;;;
;;;;;;;;;;;;;;;;;;;;;;;;;;;;;;;;;;;;;;;;;;;;;;;;;;;;;;;;;;;;;;;;;;;;;;;
;;;;;;;;;;;;;;;;;;;;;;;;;;;;;;;;;;;;;;;;;;;;;;;;;;;;;;;;;;;;;;;;;;;;;;;
;;;;;;;;;;;;;;;;;;;;;;;;;;;;;;;;;;;;;;;;;;;;;;;;;;;;;;;;;;;;;;;;;;;;;;;
;;;;;;;;;;;;;;;;;;;;;;;;;;;;;;;;;;;;;;;;;;;;;;;;;;;;;;;;;;;;;;;;;;;;;;;
;;;;;;;;;;;;;;;;;;;;;;;;;;;;;;;;;;;;;;;;;;;;;;;;;;;;;;;;;;;;;;;;;;;;;;;
;;;;;;;;;;;;;;;;;;;;;;;;;;;;;;;;;;;;;;;;;;;;;;;;;;;;;;;;;;;;;;;;;;;;;;;
;;;;;;;;;;;;;;;;;;;;;;;;;;;;;;;;;;;;;;;;;;;;;;;;;;;;;;;;;;;;;;;;;;;;;;;
;;;;;;;;;;;;;;;;;;;;;;;;;;;;;;;;;;;;;;;;;;;;;;;;;;;;;;;;;;;;;;;;;;;;;;;
;;;;;;;;;;;;;;;;;;;;;;;;;;;;;;;;;;;;;;;;;;;;;;;;;;;;;;;;;;;;;;;;;;;;;;;
;;;;;;;;;;;;;;;;;;;;;;;;;;;;;;;;;;;;;;;;;;;;;;;;;;;;;;;;;;;;;;;;;;;;;;;
;;;;;;;;;;;;;;;;;;;;;;;;;;;;;;;;;;;;;;;;;;;;;;;;;;;;;;;;;;;;;;;;;;;;;;;
;;;;;;;;;;;;;;;;;;;;;;;;;;;;;;;;;;;;;;;;;;;;;;;;;;;;;;;;;;;;;;;;;;;;;;;
;;;;;;;;;;;;;;;;;;;;;;;;;;;;;;;;;;;;;;;;;;;;;;;;;;;;;;;;;;;;;;;;;;;;;;;
;;;;;;;;;;;;;;;;;;;;;;;;;;;;;;;;;;;;;;;;;;;;;;;;;;;;;;;;;;;;;;;;;;;;;;;
;;;;;;;;;;;;;;;;;;;;;;;;;;;;;;;;;;;;;;;;;;;;;;;;;;;;;;;;;;;;;;;;;;;;;;;
;;;;;;;;;;;;;;;;;;;;;;;;;;;;;;;;;;;;;;;;;;;;;;;;;;;;;;;;;;;;;;;;;;;;;;;
;;;;;;;;;;;;;;;;;;;;;;;;;;;;;;;;;;;;;;;;;;;;;;;;;;;;;;;;;;;;;;;;;;;;;;;
;;;;;;;;;;;;;;;;;;;;;;;;;;;;;;;;;;;;;;;;;;;;;;;;;;;;;;;;;;;;;;;;;;;;;;;
;;;;;;;;;;;;;;;;;;;;;;;;;;;;;;;;;;;;;;;;;;;;;;;;;;;;;;;;;;;;;;;;;;;;;;;
;;;;;;;;;;;;;;;;;;;;;;;;;;;;;;;;;;;;;;;;;;;;;;;;;;;;;;;;;;;;;;;;;;;;;;;
;;;;;;;;;;;;;;;;;;;;;;;;;;;;;;;;;;;;;;;;;;;;;;;;;;;;;;;;;;;;;;;;;;;;;;;
;;;;;;;;;;;;;;;;;;;;;;;;;;;;;;;;;;;;;;;;;;;;;;;;;;;;;;;;;;;;;;;;;;;;;;;
;;;;;;;;;;;;;;;;;;;;;;;;;;;;;;;;;;;;;;;;;;;;;;;;;;;;;;;;;;;;;;;;;;;;;;;
;;;;;;;;;;;;;;;;;;;;;;;;;;;;;;;;;;;;;;;;;;;;;;;;;;;;;;;;;;;;;;;;;;;;;;;
;;;;;;;;;;;;;;;;;;;;;;;;;;;;;;;;;;;;;;;;;;;;;;;;;;;;;;;;;;;;;;;;;;;;;;;
;;;;;;;;;;;;;;;;;;;;;;;;;;;;;;;;;;;;;;;;;;;;;;;;;;;;;;;;;;;;;;;;;;;;;;;
;;;;;;;;;;;;;;;;;;;;;;;;;;;;;;;;;;;;;;;;;;;;;;;;;;;;;;;;;;;;;;;;;;;;;;;
;;;;;;;;;;;;;;;;;;;;;;;;;;;;;;;;;;;;;;;;;;;;;;;;;;;;;;;;;;;;;;;;;;;;;;;
;;;;;;;;;;;;;;;;;;;;;;;;;;;;;;;;;;;;;;;;;;;;;;;;;;;;;;;;;;;;;;;;;;;;;;;
;;;;;;;;;;;;;;;;;;;;;;;;;;;;;;;;;;;;;;;;;;;;;;;;;;;;;;;;;;;;;;;;;;;;;;;
;;;;;;;;;;;;;;;;;;;;;;;;;;;;;;;;;;;;;;;;;;;;;;;;;;;;;;;;;;;;;;;;;;;;;;;
;;;;;;;;;;;;;;;;;;;;;;;;;;;;;;;;;;;;;;;;;;;;;;;;;;;;;;;;;;;;;;;;;;;;;;;
;;;;;;;;;;;;;;;;;;;;;;;;;;;;;;;;;;;;;;;;;;;;;;;;;;;;;;;;;;;;;;;;;;;;;;;
;;;;;;;;;;;;;;;;;;;;;;;;;;;;;;;;;;;;;;;;;;;;;;;;;;;;;;;;;;;;;;;;;;;;;;;
;;;;;;;;;;;;;;;;;;;;;;;;;;;;;;;;;;;;;;;;;;;;;;;;;;;;;;;;;;;;;;;;;;;;;;;
;;;;;;;;;;;;;;;;;;;;;;;;;;;;;;;;;;;;;;;;;;;;;;;;;;;;;;;;;;;;;;;;;;;;;;;
;;;;;;;;;;;;;;;;;;;;;;;;;;;;;;;;;;;;;;;;;;;;;;;;;;;;;;;;;;;;;;;;;;;;;;;
;;;;;;;;;;;;;;;;;;;;;;;;;;;;;;;;;;;;;;;;;;;;;;;;;;;;;;;;;;;;;;;;;;;;;;;
;;;;;;;;;;;;;;;;;;;;;;;;;;;;;;;;;;;;;;;;;;;;;;;;;;;;;;;;;;;;;;;;;;;;;;;
;;;;;;;;;;;;;;;;;;;;;;;;;;;;;;;;;;;;;;;;;;;;;;;;;;;;;;;;;;;;;;;;;;;;;;;
;;;;;;;;;;;;;;;;;;;;;;;;;;;;;;;;;;;;;;;;;;;;;;;;;;;;;;;;;;;;;;;;;;;;;;;
;;;;;;;;;;;;;;;;;;;;;;;;;;;;;;;;;;;;;;;;;;;;;;;;;;;;;;;;;;;;;;;;;;;;;;;
;;;;;;;;;;;;;;;;;;;;;;;;;;;;;;;;;;;;;;;;;;;;;;;;;;;;;;;;;;;;;;;;;;;;;;;
;;;;;;;;;;;;;;;;;;;;;;;;;;;;;;;;;;;;;;;;;;;;;;;;;;;;;;;;;;;;;;;;;;;;;;;
;;;;;;;;;;;;;;;;;;;;;;;;;;;;;;;;;;;;;;;;;;;;;;;;;;;;;;;;;;;;;;;;;;;;;;;
;;;;;;;;;;;;;;;;;;;;;;;;;;;;;;;;;;;;;;;;;;;;;;;;;;;;;;;;;;;;;;;;;;;;;;;
;;;;;;;;;;;;;;;;;;;;;;;;;;;;;;;;;;;;;;;;;;;;;;;;;;;;;;;;;;;;;;;;;;;;;;;
;;;;;;;;;;;;;;;;;;;;;;;;;;;;;;;;;;;;;;;;;;;;;;;;;;;;;;;;;;;;;;;;;;;;;;;
;;;;;;;;;;;;;;;;;;;;;;;;;;;;;;;;;;;;;;;;;;;;;;;;;;;;;;;;;;;;;;;;;;;;;;;
;;;;;;;;;;;;;;;;;;;;;;;;;;;;;;;;;;;;;;;;;;;;;;;;;;;;;;;;;;;;;;;;;;;;;;;
;;;;;;;;;;;;;;;;;;;;;;;;;;;;;;;;;;;;;;;;;;;;;;;;;;;;;;;;;;;;;;;;;;;;;;;
;;;;;;;;;;;;;;;;;;;;;;;;;;;;;;;;;;;;;;;;;;;;;;;;;;;;;;;;;;;;;;;;;;;;;;;
;;;;;;;;;;;;;;;;;;;;;;;;;;;;;;;;;;;;;;;;;;;;;;;;;;;;;;;;;;;;;;;;;;;;;;;
;;;;;;;;;;;;;;;;;;;;;;;;;;;;;;;;;;;;;;;;;;;;;;;;;;;;;;;;;;;;;;;;;;;;;;;
;;;;;;;;;;;;;;;;;;;;;;;;;;;;;;;;;;;;;;;;;;;;;;;;;;;;;;;;;;;;;;;;;;;;;;;
;;;;;;;;;;;;;;;;;;;;;;;;;;;;;;;;;;;;;;;;;;;;;;;;;;;;;;;;;;;;;;;;;;;;;;;
;;;;;;;;;;;;;;;;;;;;;;;;;;;;;;;;;;;;;;;;;;;;;;;;;;;;;;;;;;;;;;;;;;;;;;;
;;;;;;;;;;;;;;;;;;;;;;;;;;;;;;;;;;;;;;;;;;;;;;;;;;;;;;;;;;;;;;;;;;;;;;;
;;;;;;;;;;;;;;;;;;;;;;;;;;;;;;;;;;;;;;;;;;;;;;;;;;;;;;;;;;;;;;;;;;;;;;;
;;;;;;;;;;;;;;;;;;;;;;;;;;;;;;;;;;;;;;;;;;;;;;;;;;;;;;;;;;;;;;;;;;;;;;;
;;;;;;;;;;;;;;;;;;;;;;;;;;;;;;;;;;;;;;;;;;;;;;;;;;;;;;;;;;;;;;;;;;;;;;;
;;;;;;;;;;;;;;;;;;;;;;;;;;;;;;;;;;;;;;;;;;;;;;;;;;;;;;;;;;;;;;;;;;;;;;;
;;;;;;;;;;;;;;;;;;;;;;;;;;;;;;;;;;;;;;;;;;;;;;;;;;;;;;;;;;;;;;;;;;;;;;;
;;;;;;;;;;;;;;;;;;;;;;;;;;;;;;;;;;;;;;;;;;;;;;;;;;;;;;;;;;;;;;;;;;;;;;;
;;;;;;;;;;;;;;;;;;;;;;;;;;;;;;;;;;;;;;;;;;;;;;;;;;;;;;;;;;;;;;;;;;;;;;;
;;;;;;;;;;;;;;;;;;;;;;;;;;;;;;;;;;;;;;;;;;;;;;;;;;;;;;;;;;;;;;;;;;;;;;;
;;;;;;;;;;;;;;;;;;;;;;;;;;;;;;;;;;;;;;;;;;;;;;;;;;;;;;;;;;;;;;;;;;;;;;;
;;;;;;;;;;;;;;;;;;;;;;;;;;;;;;;;;;;;;;;;;;;;;;;;;;;;;;;;;;;;;;;;;;;;;;;
;;;;;;;;;;;;;;;;;;;;;;;;;;;;;;;;;;;;;;;;;;;;;;;;;;;;;;;;;;;;;;;;;;;;;;;
;;;;;;;;;;;;;;;;;;;;;;;;;;;;;;;;;;;;;;;;;;;;;;;;;;;;;;;;;;;;;;;;;;;;;;;
;;;;;;;;;;;;;;;;;;;;;;;;;;;;;;;;;;;;;;;;;;;;;;;;;;;;;;;;;;;;;;;;;;;;;;;
;;;;;;;;;;;;;;;;;;;;;;;;;;;;;;;;;;;;;;;;;;;;;;;;;;;;;;;;;;;;;;;;;;;;;;;
;;;;;;;;;;;;;;;;;;;;;;;;;;;;;;;;;;;;;;;;;;;;;;;;;;;;;;;;;;;;;;;;;;;;;;;
;;;;;;;;;;;;;;;;;;;;;;;;;;;;;;;;;;;;;;;;;;;;;;;;;;;;;;;;;;;;;;;;;;;;;;;
;;;;;;;;;;;;;;;;;;;;;;;;;;;;;;;;;;;;;;;;;;;;;;;;;;;;;;;;;;;;;;;;;;;;;;;
;;;;;;;;;;;;;;;;;;;;;;;;;;;;;;;;;;;;;;;;;;;;;;;;;;;;;;;;;;;;;;;;;;;;;;;
;;;;;;;;;;;;;;;;;;;;;;;;;;;;;;;;;;;;;;;;;;;;;;;;;;;;;;;;;;;;;;;;;;;;;;;
;;;;;;;;;;;;;;;;;;;;;;;;;;;;;;;;;;;;;;;;;;;;;;;;;;;;;;;;;;;;;;;;;;;;;;;
;;;;;;;;;;;;;;;;;;;;;;;;;;;;;;;;;;;;;;;;;;;;;;;;;;;;;;;;;;;;;;;;;;;;;;;
;;;;;;;;;;;;;;;;;;;;;;;;;;;;;;;;;;;;;;;;;;;;;;;;;;;;;;;;;;;;;;;;;;;;;;;
;;;;;;;;;;;;;;;;;;;;;;;;;;;;;;;;;;;;;;;;;;;;;;;;;;;;;;;;;;;;;;;;;;;;;;;
;;;;;;;;;;;;;;;;;;;;;;;;;;;;;;;;;;;;;;;;;;;;;;;;;;;;;;;;;;;;;;;;;;;;;;;
;;;;;;;;;;;;;;;;;;;;;;;;;;;;;;;;;;;;;;;;;;;;;;;;;;;;;;;;;;;;;;;;;;;;;;;
;;;;;;;;;;;;;;;;;;;;;;;;;;;;;;;;;;;;;;;;;;;;;;;;;;;;;;;;;;;;;;;;;;;;;;;
;;;;;;;;;;;;;;;;;;;;;;;;;;;;;;;;;;;;;;;;;;;;;;;;;;;;;;;;;;;;;;;;;;;;;;;
;;;;;;;;;;;;;;;;;;;;;;;;;;;;;;;;;;;;;;;;;;;;;;;;;;;;;;;;;;;;;;;;;;;;;;;
;;;;;;;;;;;;;;;;;;;;;;;;;;;;;;;;;;;;;;;;;;;;;;;;;;;;;;;;;;;;;;;;;;;;;;;
;;;;;;;;;;;;;;;;;;;;;;;;;;;;;;;;;;;;;;;;;;;;;;;;;;;;;;;;;;;;;;;;;;;;;;;
;;;;;;;;;;;;;;;;;;;;;;;;;;;;;;;;;;;;;;;;;;;;;;;;;;;;;;;;;;;;;;;;;;;;;;;
;;;;;;;;;;;;;;;;;;;;;;;;;;;;;;;;;;;;;;;;;;;;;;;;;;;;;;;;;;;;;;;;;;;;;;;
;;;;;;;;;;;;;;;;;;;;;;;;;;;;;;;;;;;;;;;;;;;;;;;;;;;;;;;;;;;;;;;;;;;;;;;
;;;;;;;;;;;;;;;;;;;;;;;;;;;;;;;;;;;;;;;;;;;;;;;;;;;;;;;;;;;;;;;;;;;;;;;
;;;;;;;;;;;;;;;;;;;;;;;;;;;;;;;;;;;;;;;;;;;;;;;;;;;;;;;;;;;;;;;;;;;;;;;
;;;;;;;;;;;;;;;;;;;;;;;;;;;;;;;;;;;;;;;;;;;;;;;;;;;;;;;;;;;;;;;;;;;;;;;
;;;;;;;;;;;;;;;;;;;;;;;;;;;;;;;;;;;;;;;;;;;;;;;;;;;;;;;;;;;;;;;;;;;;;;;
;;;;;;;;;;;;;;;;;;;;;;;;;;;;;;;;;;;;;;;;;;;;;;;;;;;;;;;;;;;;;;;;;;;;;;;
;;;;;;;;;;;;;;;;;;;;;;;;;;;;;;;;;;;;;;;;;;;;;;;;;;;;;;;;;;;;;;;;;;;;;;;
;;;;;;;;;;;;;;;;;;;;;;;;;;;;;;;;;;;;;;;;;;;;;;;;;;;;;;;;;;;;;;;;;;;;;;;
;;;;;;;;;;;;;;;;;;;;;;;;;;;;;;;;;;;;;;;;;;;;;;;;;;;;;;;;;;;;;;;;;;;;;;;
;;;;;;;;;;;;;;;;;;;;;;;;;;;;;;;;;;;;;;;;;;;;;;;;;;;;;;;;;;;;;;;;;;;;;;;
;;;;;;;;;;;;;;;;;;;;;;;;;;;;;;;;;;;;;;;;;;;;;;;;;;;;;;;;;;;;;;;;;;;;;;;
;;;;;;;;;;;;;;;;;;;;;;;;;;;;;;;;;;;;;;;;;;;;;;;;;;;;;;;;;;;;;;;;;;;;;;;
;;;;;;;;;;;;;;;;;;;;;;;;;;;;;;;;;;;;;;;;;;;;;;;;;;;;;;;;;;;;;;;;;;;;;;;
;;;;;;;;;;;;;;;;;;;;;;;;;;;;;;;;;;;;;;;;;;;;;;;;;;;;;;;;;;;;;;;;;;;;;;;
;;;;;;;;;;;;;;;;;;;;;;;;;;;;;;;;;;;;;;;;;;;;;;;;;;;;;;;;;;;;;;;;;;;;;;;
;;;;;;;;;;;;;;;;;;;;;;;;;;;;;;;;;;;;;;;;;;;;;;;;;;;;;;;;;;;;;;;;;;;;;;;
;;;;;;;;;;;;;;;;;;;;;;;;;;;;;;;;;;;;;;;;;;;;;;;;;;;;;;;;;;;;;;;;;;;;;;;
;;;;;;;;;;;;;;;;;;;;;;;;;;;;;;;;;;;;;;;;;;;;;;;;;;;;;;;;;;;;;;;;;;;;;;;
;;;;;;;;;;;;;;;;;;;;;;;;;;;;;;;;;;;;;;;;;;;;;;;;;;;;;;;;;;;;;;;;;;;;;;;
;;;;;;;;;;;;;;;;;;;;;;;;;;;;;;;;;;;;;;;;;;;;;;;;;;;;;;;;;;;;;;;;;;;;;;;
;;;;;;;;;;;;;;;;;;;;;;;;;;;;;;;;;;;;;;;;;;;;;;;;;;;;;;;;;;;;;;;;;;;;;;;
;;;;;;;;;;;;;;;;;;;;;;;;;;;;;;;;;;;;;;;;;;;;;;;;;;;;;;;;;;;;;;;;;;;;;;;
;;;;;;;;;;;;;;;;;;;;;;;;;;;;;;;;;;;;;;;;;;;;;;;;;;;;;;;;;;;;;;;;;;;;;;;
;;;;;;;;;;;;;;;;;;;;;;;;;;;;;;;;;;;;;;;;;;;;;;;;;;;;;;;;;;;;;;;;;;;;;;;
;;;;;;;;;;;;;;;;;;;;;;;;;;;;;;;;;;;;;;;;;;;;;;;;;;;;;;;;;;;;;;;;;;;;;;;
;;;;;;;;;;;;;;;;;;;;;;;;;;;;;;;;;;;;;;;;;;;;;;;;;;;;;;;;;;;;;;;;;;;;;;;
;;;;;;;;;;;;;;;;;;;;;;;;;;;;;;;;;;;;;;;;;;;;;;;;;;;;;;;;;;;;;;;;;;;;;;;
;;;;;;;;;;;;;;;;;;;;;;;;;;;;;;;;;;;;;;;;;;;;;;;;;;;;;;;;;;;;;;;;;;;;;;;
;;;;;;;;;;;;;;;;;;;;;;;;;;;;;;;;;;;;;;;;;;;;;;;;;;;;;;;;;;;;;;;;;;;;;;;
;;;;;;;;;;;;;;;;;;;;;;;;;;;;;;;;;;;;;;;;;;;;;;;;;;;;;;;;;;;;;;;;;;;;;;;
;;;;;;;;;;;;;;;;;;;;;;;;;;;;;;;;;;;;;;;;;;;;;;;;;;;;;;;;;;;;;;;;;;;;;;;
;;;;;;;;;;;;;;;;;;;;;;;;;;;;;;;;;;;;;;;;;;;;;;;;;;;;;;;;;;;;;;;;;;;;;;;
;;;;;;;;;;;;;;;;;;;;;;;;;;;;;;;;;;;;;;;;;;;;;;;;;;;;;;;;;;;;;;;;;;;;;;;
;;;;;;;;;;;;;;;;;;;;;;;;;;;;;;;;;;;;;;;;;;;;;;;;;;;;;;;;;;;;;;;;;;;;;;;
;;;;;;;;;;;;;;;;;;;;;;;;;;;;;;;;;;;;;;;;;;;;;;;;;;;;;;;;;;;;;;;;;;;;;;;
;;;;;;;;;;;;;;;;;;;;;;;;;;;;;;;;;;;;;;;;;;;;;;;;;;;;;;;;;;;;;;;;;;;;;;;
;;;;;;;;;;;;;;;;;;;;;;;;;;;;;;;;;;;;;;;;;;;;;;;;;;;;;;;;;;;;;;;;;;;;;;;
;;;;;;;;;;;;;;;;;;;;;;;;;;;;;;;;;;;;;;;;;;;;;;;;;;;;;;;;;;;;;;;;;;;;;;;
;;;;;;;;;;;;;;;;;;;;;;;;;;;;;;;;;;;;;;;;;;;;;;;;;;;;;;;;;;;;;;;;;;;;;;;
;;;;;;;;;;;;;;;;;;;;;;;;;;;;;;;;;;;;;;;;;;;;;;;;;;;;;;;;;;;;;;;;;;;;;;;
;;;;;;;;;;;;;;;;;;;;;;;;;;;;;;;;;;;;;;;;;;;;;;;;;;;;;;;;;;;;;;;;;;;;;;;
;;;;;;;;;;;;;;;;;;;;;;;;;;;;;;;;;;;;;;;;;;;;;;;;;;;;;;;;;;;;;;;;;;;;;;;
;;;;;;;;;;;;;;;;;;;;;;;;;;;;;;;;;;;;;;;;;;;;;;;;;;;;;;;;;;;;;;;;;;;;;;;
;;;;;;;;;;;;;;;;;;;;;;;;;;;;;;;;;;;;;;;;;;;;;;;;;;;;;;;;;;;;;;;;;;;;;;;
;;;;;;;;;;;;;;;;;;;;;;;;;;;;;;;;;;;;;;;;;;;;;;;;;;;;;;;;;;;;;;;;;;;;;;;
;;;;;;;;;;;;;;;;;;;;;;;;;;;;;;;;;;;;;;;;;;;;;;;;;;;;;;;;;;;;;;;;;;;;;;;
;;;;;;;;;;;;;;;;;;;;;;;;;;;;;;;;;;;;;;;;;;;;;;;;;;;;;;;;;;;;;;;;;;;;;;;
;;;;;;;;;;;;;;;;;;;;;;;;;;;;;;;;;;;;;;;;;;;;;;;;;;;;;;;;;;;;;;;;;;;;;;;
;;;;;;;;;;;;;;;;;;;;;;;;;;;;;;;;;;;;;;;;;;;;;;;;;;;;;;;;;;;;;;;;;;;;;;;
;;;;;;;;;;;;;;;;;;;;;;;;;;;;;;;;;;;;;;;;;;;;;;;;;;;;;;;;;;;;;;;;;;;;;;;
;;;;;;;;;;;;;;;;;;;;;;;;;;;;;;;;;;;;;;;;;;;;;;;;;;;;;;;;;;;;;;;;;;;;;;;
;;;;;;;;;;;;;;;;;;;;;;;;;;;;;;;;;;;;;;;;;;;;;;;;;;;;;;;;;;;;;;;;;;;;;;;
;;;;;;;;;;;;;;;;;;;;;;;;;;;;;;;;;;;;;;;;;;;;;;;;;;;;;;;;;;;;;;;;;;;;;;;
;;;;;;;;;;;;;;;;;;;;;;;;;;;;;;;;;;;;;;;;;;;;;;;;;;;;;;;;;;;;;;;;;;;;;;;
;;;;;;;;;;;;;;;;;;;;;;;;;;;;;;;;;;;;;;;;;;;;;;;;;;;;;;;;;;;;;;;;;;;;;;;
;;;;;;;;;;;;;;;;;;;;;;;;;;;;;;;;;;;;;;;;;;;;;;;;;;;;;;;;;;;;;;;;;;;;;;;
;;;;;;;;;;;;;;;;;;;;;;;;;;;;;;;;;;;;;;;;;;;;;;;;;;;;;;;;;;;;;;;;;;;;;;;
;;;;;;;;;;;;;;;;;;;;;;;;;;;;;;;;;;;;;;;;;;;;;;;;;;;;;;;;;;;;;;;;;;;;;;;
;;;;;;;;;;;;;;;;;;;;;;;;;;;;;;;;;;;;;;;;;;;;;;;;;;;;;;;;;;;;;;;;;;;;;;;
;;;;;;;;;;;;;;;;;;;;;;;;;;;;;;;;;;;;;;;;;;;;;;;;;;;;;;;;;;;;;;;;;;;;;;;
;;;;;;;;;;;;;;;;;;;;;;;;;;;;;;;;;;;;;;;;;;;;;;;;;;;;;;;;;;;;;;;;;;;;;;;
;;;;;;;;;;;;;;;;;;;;;;;;;;;;;;;;;;;;;;;;;;;;;;;;;;;;;;;;;;;;;;;;;;;;;;;
;;;;;;;;;;;;;;;;;;;;;;;;;;;;;;;;;;;;;;;;;;;;;;;;;;;;;;;;;;;;;;;;;;;;;;;
;;;;;;;;;;;;;;;;;;;;;;;;;;;;;;;;;;;;;;;;;;;;;;;;;;;;;;;;;;;;;;;;;;;;;;;
;;;;;;;;;;;;;;;;;;;;;;;;;;;;;;;;;;;;;;;;;;;;;;;;;;;;;;;;;;;;;;;;;;;;;;;
;;;;;;;;;;;;;;;;;;;;;;;;;;;;;;;;;;;;;;;;;;;;;;;;;;;;;;;;;;;;;;;;;;;;;;;
;;;;;;;;;;;;;;;;;;;;;;;;;;;;;;;;;;;;;;;;;;;;;;;;;;;;;;;;;;;;;;;;;;;;;;;
;;;;;;;;;;;;;;;;;;;;;;;;;;;;;;;;;;;;;;;;;;;;;;;;;;;;;;;;;;;;;;;;;;;;;;;
;;;;;;;;;;;;;;;;;;;;;;;;;;;;;;;;;;;;;;;;;;;;;;;;;;;;;;;;;;;;;;;;;;;;;;;
;;;;;;;;;;;;;;;;;;;;;;;;;;;;;;;;;;;;;;;;;;;;;;;;;;;;;;;;;;;;;;;;;;;;;;;
;;;;;;;;;;;;;;;;;;;;;;;;;;;;;;;;;;;;;;;;;;;;;;;;;;;;;;;;;;;;;;;;;;;;;;;
;;;;;;;;;;;;;;;;;;;;;;;;;;;;;;;;;;;;;;;;;;;;;;;;;;;;;;;;;;;;;;;;;;;;;;;
;;;;;;;;;;;;;;;;;;;;;;;;;;;;;;;;;;;;;;;;;;;;;;;;;;;;;;;;;;;;;;;;;;;;;;;
;;;;;;;;;;;;;;;;;;;;;;;;;;;;;;;;;;;;;;;;;;;;;;;;;;;;;;;;;;;;;;;;;;;;;;;
;;;;;;;;;;;;;;;;;;;;;;;;;;;;;;;;;;;;;;;;;;;;;;;;;;;;;;;;;;;;;;;;;;;;;;;
;;;;;;;;;;;;;;;;;;;;;;;;;;;;;;;;;;;;;;;;;;;;;;;;;;;;;;;;;;;;;;;;;;;;;;;
;;;;;;;;;;;;;;;;;;;;;;;;;;;;;;;;;;;;;;;;;;;;;;;;;;;;;;;;;;;;;;;;;;;;;;;
;;;;;;;;;;;;;;;;;;;;;;;;;;;;;;;;;;;;;;;;;;;;;;;;;;;;;;;;;;;;;;;;;;;;;;;
;;;;;;;;;;;;;;;;;;;;;;;;;;;;;;;;;;;;;;;;;;;;;;;;;;;;;;;;;;;;;;;;;;;;;;;
;;;;;;;;;;;;;;;;;;;;;;;;;;;;;;;;;;;;;;;;;;;;;;;;;;;;;;;;;;;;;;;;;;;;;;;
;;;;;;;;;;;;;;;;;;;;;;;;;;;;;;;;;;;;;;;;;;;;;;;;;;;;;;;;;;;;;;;;;;;;;;;
;;;;;;;;;;;;;;;;;;;;;;;;;;;;;;;;;;;;;;;;;;;;;;;;;;;;;;;;;;;;;;;;;;;;;;;
;;;;;;;;;;;;;;;;;;;;;;;;;;;;;;;;;;;;;;;;;;;;;;;;;;;;;;;;;;;;;;;;;;;;;;;
;;;;;;;;;;;;;;;;;;;;;;;;;;;;;;;;;;;;;;;;;;;;;;;;;;;;;;;;;;;;;;;;;;;;;;;
;;;;;;;;;;;;;;;;;;;;;;;;;;;;;;;;;;;;;;;;;;;;;;;;;;;;;;;;;;;;;;;;;;;;;;;
;;;;;;;;;;;;;;;;;;;;;;;;;;;;;;;;;;;;;;;;;;;;;;;;;;;;;;;;;;;;;;;;;;;;;;;
;;;;;;;;;;;;;;;;;;;;;;;;;;;;;;;;;;;;;;;;;;;;;;;;;;;;;;;;;;;;;;;;;;;;;;;
;;;;;;;;;;;;;;;;;;;;;;;;;;;;;;;;;;;;;;;;;;;;;;;;;;;;;;;;;;;;;;;;;;;;;;;
;;;;;;;;;;;;;;;;;;;;;;;;;;;;;;;;;;;;;;;;;;;;;;;;;;;;;;;;;;;;;;;;;;;;;;;
;;;;;;;;;;;;;;;;;;;;;;;;;;;;;;;;;;;;;;;;;;;;;;;;;;;;;;;;;;;;;;;;;;;;;;;
;;;;;;;;;;;;;;;;;;;;;;;;;;;;;;;;;;;;;;;;;;;;;;;;;;;;;;;;;;;;;;;;;;;;;;;
;;;;;;;;;;;;;;;;;;;;;;;;;;;;;;;;;;;;;;;;;;;;;;;;;;;;;;;;;;;;;;;;;;;;;;;
;;;;;;;;;;;;;;;;;;;;;;;;;;;;;;;;;;;;;;;;;;;;;;;;;;;;;;;;;;;;;;;;;;;;;;;
;;;;;;;;;;;;;;;;;;;;;;;;;;;;;;;;;;;;;;;;;;;;;;;;;;;;;;;;;;;;;;;;;;;;;;;
;;;;;;;;;;;;;;;;;;;;;;;;;;;;;;;;;;;;;;;;;;;;;;;;;;;;;;;;;;;;;;;;;;;;;;;
;;;;;;;;;;;;;;;;;;;;;;;;;;;;;;;;;;;;;;;;;;;;;;;;;;;;;;;;;;;;;;;;;;;;;;;
;;;;;;;;;;;;;;;;;;;;;;;;;;;;;;;;;;;;;;;;;;;;;;;;;;;;;;;;;;;;;;;;;;;;;;;
;;;;;;;;;;;;;;;;;;;;;;;;;;;;;;;;;;;;;;;;;;;;;;;;;;;;;;;;;;;;;;;;;;;;;;;
;;;;;;;;;;;;;;;;;;;;;;;;;;;;;;;;;;;;;;;;;;;;;;;;;;;;;;;;;;;;;;;;;;;;;;;
;;;;;;;;;;;;;;;;;;;;;;;;;;;;;;;;;;;;;;;;;;;;;;;;;;;;;;;;;;;;;;;;;;;;;;;
;;;;;;;;;;;;;;;;;;;;;;;;;;;;;;;;;;;;;;;;;;;;;;;;;;;;;;;;;;;;;;;;;;;;;;;
;;;;;;;;;;;;;;;;;;;;;;;;;;;;;;;;;;;;;;;;;;;;;;;;;;;;;;;;;;;;;;;;;;;;;;;
;;;;;;;;;;;;;;;;;;;;;;;;;;;;;;;;;;;;;;;;;;;;;;;;;;;;;;;;;;;;;;;;;;;;;;;
;;;;;;;;;;;;;;;;;;;;;;;;;;;;;;;;;;;;;;;;;;;;;;;;;;;;;;;;;;;;;;;;;;;;;;;
;;;;;;;;;;;;;;;;;;;;;;;;;;;;;;;;;;;;;;;;;;;;;;;;;;;;;;;;;;;;;;;;;;;;;;;
