timeStampS;timeStampNs;heading;pitch;roll;waveHeight;waveDirection;wavePeriod;acc_x;acc_y;acc_z;gyro_x;gyro_y;gyro_z;latitude;longitude;heading_gnss;vertical_speed_gnss;horizontal_speed_gnss;altitude;east_speed;north_speed;vertical_speed;heave;heave_velocity;hs;wave_height;wave_period;wave_period_at_hmax;wave_direction;wave_energy;fourier_coeff;sync_byte;frequency_00;wave_spectrum_00;frequency_01;wave_spectrum_01;frequency_02;wave_spectrum_02;frequency_03;wave_spectrum_03;frequency_04;wave_spectrum_04;frequency_05;wave_spectrum_05;frequency_06;wave_spectrum_06;frequency_07;wave_spectrum_07;latitude_gnss;longitude_gnss;altitude_gnss;horizontal_speed_gnss_1;track_over_ground_gnss;vertical_speed_gnss_2;ms_gps;gps_week;gnss_info1;gnss_info2;usw;vinp;temper
1748649593;229231878;132.4600067138672;35.70000076293945;175.13999938964844;0.0;0.0;0.0;0.01875000074505806;-0.029750000685453415;0.996749997138977;9.220000267028809;1.4800000190734863;-3.7799999713897705;-5.825232982635498;-35.22581100463867;166.02000427246094;0.0;0.009999999776482582;35.44200134277344;-0.38999998569488525;-0.7799999713897705;-31.68000030517578;0.0;0.0;0.0;0.0;0.0;0.0;0.0;0.0;0.0;6;0.0;0.0;0.0;0.0;0.0;0.0;0.0;0.0;0.0;0.0;0.0;0.0;0.0;0.0;0.0;0.0;-5.825234413146973;-35.22581481933594;52.525001525878906;0.009999999776482582;347.4700012207031;0.0;518411280;2368;50;28;0;0;0
1748649593;268225783;132.25;35.43000030517578;174.86000061035156;0.0;0.0;0.0;0.01850000023841858;-0.029750000685453415;0.996749997138977;6.820000171661377;-5.659999847412109;-4.619999885559082;-5.825232982635498;-35.22581100463867;166.02000427246094;0.0;0.0;34.67900085449219;-0.4399999976158142;-0.9800000190734863;-32.38999938964844;0.0;0.0;0.0;0.0;0.0;0.0;0.0;0.0;0.0;7;0.0;0.0;0.0;0.0;0.0;0.0;0.0;0.0;0.0;0.0;0.0;0.0;0.0;0.0;0.0;0.0;-5.825234413146973;-35.22581481933594;52.51100158691406;0.0;56.88999938964844;0.0;518411320;2368;50;28;0;0;0
1748649593;308453032;132.1699981689453;35.209999084472656;174.75;0.0;0.0;0.0;0.01875000074505806;-0.029500000178813934;0.996749997138977;3.0;-1.0800000429153442;-4.300000190734863;-5.825233459472656;-35.22581100463867;166.02000427246094;0.0;0.009999999776482582;33.902000427246094;-0.5;-1.1799999475479126;-33.099998474121094;0.0;0.0;0.0;0.0;0.0;0.0;0.0;0.0;0.0;8;0.0;0.0;0.0;0.0;0.0;0.0;0.0;0.0;0.0;0.0;0.0;0.0;0.0;0.0;0.0;0.0;-5.825234413146973;-35.22581481933594;52.49399948120117;0.009999999776482582;212.19000244140625;0.0;518411360;2368;50;28;0;0;0
1748649593;348580408;131.9499969482422;34.95000076293945;174.6300048828125;0.0;0.0;0.0;0.01875000074505806;-0.029750000685453415;0.996749997138977;5.21999979019165;-2.0399999618530273;-6.78000020980835;-5.825233459472656;-35.22581100463867;166.02000427246094;0.0;0.009999999776482582;33.106998443603516;-0.5600000023841858;-1.3899999856948853;-33.81999969482422;0.0;0.0;0.0;0.0;0.0;0.0;0.0;0.0;0.0;9;0.0;0.0;0.0;0.0;0.0;0.0;0.0;0.0;0.0;0.0;0.0;0.0;0.0;0.0;0.0;0.0;-5.825234413146973;-35.22581481933594;52.5;0.009999999776482582;212.19000244140625;0.0;518411400;2368;50;28;0;0;0
1748649593;388707284;131.8300018310547;34.619998931884766;174.66000366210938;0.0;0.0;0.0;0.01875000074505806;-0.029750000685453415;0.996749997138977;9.079999923706055;1.7200000286102295;-3.5399999618530273;-5.825234413146973;-35.22581100463867;166.02000427246094;0.0;0.009999999776482582;31.739999771118164;-0.4099999964237213;-1.590000033378601;-34.540000915527344;0.0;0.0;0.0;0.0;0.0;0.0;0.0;0.0;0.0;10;0.0;0.0;0.0;0.0;0.0;0.0;0.0;0.0;0.0;0.0;0.0;0.0;0.0;0.0;0.0;0.0;-5.825234413146973;-35.22581481933594;52.5;0.009999999776482582;106.6500015258789;0.0;518411440;2368;50;28;0;0;0
1748649593;428813911;131.8000030517578;34.38999938964844;174.69000244140625;0.0;0.0;0.0;0.01875000074505806;-0.029750000685453415;0.996749997138977;5.119999885559082;-0.5600000023841858;0.11999999731779099;-5.825234413146973;-35.22581100463867;166.02000427246094;0.0;0.0;30.906999588012695;-0.38999998569488525;-1.7799999713897705;-35.25;0.0;0.0;0.0;0.0;0.0;0.0;0.0;0.0;0.0;11;0.0;0.0;0.0;0.0;0.0;0.0;0.0;0.0;0.0;0.0;0.0;0.0;0.0;0.0;0.0;0.0;-5.825234413146973;-35.22581481933594;52.505001068115234;0.0;331.5199890136719;0.0;518411480;2368;50;28;0;0;0
1748649593;468768167;131.6699981689453;34.31999969482422;174.69000244140625;0.0;0.0;0.0;0.01875000074505806;-0.029750000685453415;0.9965000152587891;0.25999999046325684;1.4199999570846558;-3.119999885559082;-5.825234889984131;-35.22581100463867;166.02000427246094;0.0;0.0;30.06100082397461;-0.44999998807907104;-1.9700000286102295;-35.970001220703125;0.0;0.0;0.0;0.0;0.0;0.0;0.0;0.0;0.0;12;0.0;0.0;0.0;0.0;0.0;0.0;0.0;0.0;0.0;0.0;0.0;0.0;0.0;0.0;0.0;0.0;-5.825234413146973;-35.22581481933594;52.50699996948242;0.0;329.5899963378906;0.0;518411520;2368;50;28;0;0;0
1748649593;508897668;131.58999633789062;34.0099983215332;174.66000366210938;0.0;0.0;0.0;0.01875000074505806;-0.029750000685453415;0.996749997138977;9.0;-2.0399999618530273;-4.940000057220459;-5.825235366821289;-35.22581100463867;166.02000427246094;0.0;0.0;28.613000869750977;-0.5099999904632568;-2.1600000858306885;-36.689998626708984;0.0;0.0;0.0;0.0;0.0;0.0;0.0;0.0;0.0;13;0.0;0.0;0.0;0.0;0.0;0.0;0.0;0.0;0.0;0.0;0.0;0.0;0.0;0.0;0.0;0.0;-5.825234413146973;-35.22581481933594;52.50199890136719;0.0;183.36000061035156;0.0;518411560;2368;50;28;0;0;0
1748649593;549110542;131.44000244140625;33.84000015258789;174.58999633789062;0.0;0.0;0.0;0.01850000023841858;-0.029750000685453415;0.996749997138977;6.139999866485596;0.6600000262260437;-3.2200000286102295;-5.825235843658447;-35.22581100463867;166.02000427246094;0.0;0.0;27.136999130249023;-0.5699999928474426;-2.359999895095825;-37.40999984741211;0.0;0.0;0.0;0.0;0.0;0.0;0.0;0.0;0.0;14;0.0;0.0;0.0;0.0;0.0;0.0;0.0;0.0;0.0;0.0;0.0;0.0;0.0;0.0;0.0;0.0;-5.825234413146973;-35.22581481933594;52.50400161743164;0.0;183.36000061035156;0.0;518411600;2368;50;28;0;0;0
1748649593;589230793;131.22999572753906;33.63999938964844;174.41000366210938;0.0;0.0;0.0;0.01875000074505806;-0.029750000685453415;0.996749997138977;4.239999771118164;-1.3200000524520874;-6.579999923706055;-5.825236797332764;-35.22581100463867;166.02000427246094;0.009999999776482582;0.009999999776482582;25.625999450683594;-0.6299999952316284;-2.5399999618530273;-38.13999938964844;0.0;0.0;0.0;0.0;0.0;0.0;0.0;0.0;0.0;15;0.0;0.0;0.0;0.0;0.0;0.0;0.0;0.0;0.0;0.0;0.0;0.0;0.0;0.0;0.0;0.0;-5.825234413146973;-35.22581481933594;52.50400161743164;0.009999999776482582;141.61000061035156;0.009999999776482582;518411640;2368;50;28;0;0;0
1748649593;628283321;131.0399932861328;33.400001525878906;174.35000610351562;0.0;0.0;0.0;0.01875000074505806;-0.029750000685453415;0.9965000152587891;5.440000057220459;-1.3600000143051147;-5.21999979019165;-5.825237274169922;-35.22581100463867;166.02000427246094;0.0;0.009999999776482582;55.19900131225586;-0.6899999976158142;-2.7200000286102295;-0.5400000214576721;0.0;0.0;0.0;0.0;0.0;0.0;0.0;0.0;0.0;16;0.0;0.0;0.0;0.0;0.0;0.0;0.0;0.0;0.0;0.0;0.0;0.0;0.0;0.0;0.0;0.0;-5.825234413146973;-35.22581481933594;52.507999420166016;0.009999999776482582;327.2799987792969;0.0;518411680;2368;50;28;0;0;0
1748649593;668408948;131.00999450683594;33.209999084472656;174.5399932861328;0.0;0.0;0.0;0.01875000074505806;-0.029750000685453415;0.996749997138977;5.179999828338623;6.599999904632568;2.9800000190734863;-5.82523775100708;-35.22581100463867;166.02000427246094;0.0;0.0;55.16699981689453;-0.6600000262260437;-2.890000104904175;-1.25;0.0;0.0;0.0;0.0;0.0;0.0;0.0;0.0;0.0;17;0.0;0.0;0.0;0.0;0.0;0.0;0.0;0.0;0.0;0.0;0.0;0.0;0.0;0.0;0.0;0.0;-5.825234413146973;-35.22581481933594;52.500999450683594;0.0;7.079999923706055;0.0;518411720;2368;50;28;0;0;0
1748649593;708572448;130.92999267578125;32.97999954223633;174.5;0.0;0.0;0.0;0.01875000074505806;-0.029750000685453415;0.996749997138977;6.079999923706055;-1.1399999856948853;1.0;-5.8252387046813965;-35.22581100463867;166.02000427246094;0.0;0.0;55.12099838256836;-0.7200000286102295;-3.059999942779541;-1.9600000381469727;0.0;0.0;0.0;0.0;0.0;0.0;0.0;0.0;0.0;18;0.0;0.0;0.0;0.0;0.0;0.0;0.0;0.0;0.0;0.0;0.0;0.0;0.0;0.0;0.0;0.0;-5.825234413146973;-35.22581481933594;52.50199890136719;0.0;106.80000305175781;0.0;518411760;2368;50;28;0;0;0
1748649593;748743948;130.63999938964844;32.79999923706055;174.22000122070312;0.0;0.0;0.0;0.01875000074505806;-0.029750000685453415;0.996749997138977;5.539999961853027;-4.420000076293945;-3.5799999237060547;-5.825239181518555;-35.22581481933594;166.02000427246094;0.0;0.0;55.060001373291016;-0.7799999713897705;-3.259999990463257;-2.690000057220459;0.0;0.0;0.0;0.0;0.0;0.0;0.0;0.0;0.0;19;0.0;0.0;0.0;0.0;0.0;0.0;0.0;0.0;0.0;0.0;0.0;0.0;0.0;0.0;0.0;0.0;-5.825234413146973;-35.22581481933594;52.50600051879883;0.0;106.80000305175781;0.0;518411800;2368;50;28;0;0;0
1748649593;788702954;130.52999877929688;32.68000030517578;174.2100067138672;0.0;0.0;0.0;0.01875000074505806;-0.029750000685453415;0.996749997138977;4.059999942779541;-0.5199999809265137;-0.5199999809265137;-5.825240612030029;-35.22581481933594;166.02000427246094;0.009999999776482582;0.0;54.941001892089844;-0.8399999737739563;-3.4200000762939453;-3.390000104904175;0.0;0.0;0.0;0.0;0.0;0.0;0.0;0.0;0.0;20;0.0;0.0;0.0;0.0;0.0;0.0;0.0;0.0;0.0;0.0;0.0;0.0;0.0;0.0;0.0;0.0;-5.825234413146973;-35.22581481933594;52.50600051879883;0.0;122.4000015258789;0.009999999776482582;518411840;2368;50;28;0;0;0
1748649593;828993826;130.35000610351562;32.33000183105469;174.17999267578125;0.0;0.0;0.0;0.01875000074505806;-0.029750000685453415;0.996749997138977;7.28000020980835;2.700000047683716;-4.039999961853027;-5.8252410888671875;-35.22581481933594;166.02000427246094;-0.009999999776482582;0.0;54.834999084472656;-0.8899999856948853;-3.5899999141693115;-4.110000133514404;0.0;0.0;0.0;0.0;0.0;0.0;0.0;0.0;0.0;21;0.0;0.0;0.0;0.0;0.0;0.0;0.0;0.0;0.0;0.0;0.0;0.0;0.0;0.0;0.0;0.0;-5.825234413146973;-35.22581481933594;52.492000579833984;0.0;285.9100036621094;-0.009999999776482582;518411880;2368;50;28;0;0;0
1748649593;869456444;130.13999938964844;32.0;174.1300048828125;0.0;0.0;0.0;0.01875000074505806;-0.029750000685453415;0.996749997138977;6.960000038146973;3.6600000858306885;-3.380000114440918;-5.825242042541504;-35.22581481933594;166.02000427246094;0.0;0.0;54.71200180053711;-0.949999988079071;-3.75;-4.840000152587891;0.0;0.0;0.0;0.0;0.0;0.0;0.0;0.0;0.0;22;0.0;0.0;0.0;0.0;0.0;0.0;0.0;0.0;0.0;0.0;0.0;0.0;0.0;0.0;0.0;0.0;-5.825234413146973;-35.22581481933594;52.5;0.0;214.22000122070312;0.0;518411920;2368;50;28;0;0;0
1748649593;908126106;130.22000122070312;31.75;174.17999267578125;0.0;0.0;0.0;0.01875000074505806;-0.029750000685453415;0.9965000152587891;3.940000057220459;-0.4399999976158142;1.5199999809265137;-5.825242519378662;-35.22581481933594;166.02000427246094;0.019999999552965164;0.0;54.57899856567383;-1.0;-3.940000057220459;-5.570000171661377;0.0;0.0;0.0;0.0;0.0;0.0;0.0;0.0;0.0;23;0.0;0.0;0.0;0.0;0.0;0.0;0.0;0.0;0.0;0.0;0.0;0.0;0.0;0.0;0.0;0.0;-5.825234413146973;-35.22581481933594;52.50600051879883;0.0;98.30999755859375;0.019999999552965164;518411960;2368;50;28;0;0;0
1748649593;948176859;133.9199981689453;31.510000228881836;174.14999389648438;0.0;0.0;0.0;0.01850000023841858;-0.029750000685453415;0.9965000152587891;6.820000171661377;1.2000000476837158;-4.420000076293945;-5.825243949890137;-35.22581481933594;166.0399932861328;0.019999999552965164;0.0;54.34199905395508;-1.0800000429153442;-4.119999885559082;-6.300000190734863;0.0;0.0;0.0;0.0;0.0;0.0;0.0;0.0;0.0;24;0.0;0.0;0.0;0.0;0.0;0.0;0.0;0.0;0.0;0.0;0.0;0.0;0.0;0.0;0.0;0.0;-5.825234413146973;-35.22581481933594;52.50600051879883;0.0;98.30999755859375;0.019999999552965164;518412000;2368;50;28;0;0;0
1748649593;988489981;133.69000244140625;31.25;173.9600067138672;0.0;0.0;0.0;0.01875000074505806;-0.029750000685453415;0.996749997138977;3.9600000381469727;-1.7599999904632568;-6.639999866485596;-5.825244903564453;-35.22581481933594;166.0399932861328;-0.009999999776482582;0.009999999776482582;54.16299819946289;-1.1399999856948853;-4.309999942779541;-7.03000020980835;0.0;0.0;0.0;0.0;0.0;0.0;0.0;0.0;0.0;25;0.0;0.0;0.0;0.0;0.0;0.0;0.0;0.0;0.0;0.0;0.0;0.0;0.0;0.0;0.0;0.0;-5.825234413146973;-35.22581481933594;52.48699951171875;0.009999999776482582;84.1500015258789;-0.009999999776482582;518412040;2368;50;28;0;0;0
1748649594;29201593;133.44000244140625;31.1299991607666;173.75;0.0;0.0;0.0;0.01875000074505806;-0.029750000685453415;0.996749997138977;1.4199999570846558;-3.180000066757202;-4.559999942779541;-5.8252458572387695;-35.22581481933594;166.0399932861328;0.0;0.009999999776482582;53.970001220703125;-1.190000057220459;-4.489999771118164;-7.760000228881836;0.0;0.0;0.0;0.0;0.0;0.0;0.0;0.0;0.0;26;0.0;0.0;0.0;0.0;0.0;0.0;0.0;0.0;0.0;0.0;0.0;0.0;0.0;0.0;0.0;0.0;-5.825234413146973;-35.22581481933594;52.474998474121094;0.009999999776482582;23.260000228881836;0.0;518412080;2368;50;28;0;0;0
1748649594;69425842;133.30999755859375;30.959999084472656;173.6699981689453;0.0;0.0;0.0;0.01875000074505806;-0.029750000685453415;0.996749997138977;3.4800000190734863;0.9800000190734863;-0.699999988079071;-5.825247287750244;-35.22581481933594;166.0399932861328;0.0;0.009999999776482582;53.762001037597656;-1.25;-4.670000076293945;-8.489999771118164;0.0;0.0;0.0;0.0;0.0;0.0;0.0;0.0;0.0;27;0.0;0.0;0.0;0.0;0.0;0.0;0.0;0.0;0.0;0.0;0.0;0.0;0.0;0.0;0.0;0.0;-5.825234413146973;-35.22581481933594;52.4739990234375;0.009999999776482582;80.54000091552734;0.0;518412120;2368;50;28;0;0;0
1748649594;108702989;133.1199951171875;30.690000534057617;173.6199951171875;0.0;0.0;0.0;0.01875000074505806;-0.029750000685453415;0.996749997138977;6.139999866485596;-2.0;-4.840000152587891;-5.8252482414245605;-35.22581481933594;166.0399932861328;0.0;0.009999999776482582;53.54100036621094;-1.2999999523162842;-4.849999904632568;-9.229999542236328;0.0;0.0;0.0;0.0;0.0;0.0;0.0;0.0;0.0;28;0.0;0.0;0.0;0.0;0.0;0.0;0.0;0.0;0.0;0.0;0.0;0.0;0.0;0.0;0.0;0.0;-5.825234413146973;-35.22581481933594;52.47700119018555;0.009999999776482582;259.3599853515625;0.0;518412160;2368;50;28;0;0;0
1748649594;148927238;133.0399932861328;30.399999618530273;173.5;0.0;0.0;0.0;0.01875000074505806;-0.029500000178813934;0.996749997138977;4.980000019073486;-0.5600000023841858;-2.059999942779541;-5.825249195098877;-35.22581481933594;166.0399932861328;0.0;0.009999999776482582;53.305999755859375;-1.3600000143051147;-5.019999980926514;-9.960000038146973;0.0;0.0;0.0;0.0;0.0;0.0;0.0;0.0;0.0;29;0.0;0.0;0.0;0.0;0.0;0.0;0.0;0.0;0.0;0.0;0.0;0.0;0.0;0.0;0.0;0.0;-5.825234413146973;-35.22581481933594;52.47100067138672;0.009999999776482582;259.3599853515625;0.0;518412200;2368;50;28;0;0;0
1748649594;188831870;132.94000244140625;30.260000228881836;173.3800048828125;0.0;0.0;0.0;0.01875000074505806;-0.029750000685453415;0.996749997138977;4.119999885559082;-1.100000023841858;0.07999999821186066;-5.82525110244751;-35.22581481933594;166.0399932861328;0.0;0.009999999776482582;52.891998291015625;-1.4199999570846558;-5.199999809265137;-10.6899995803833;0.0;0.0;0.0;0.0;0.0;0.0;0.0;0.0;0.0;30;0.0;0.0;0.0;0.0;0.0;0.0;0.0;0.0;0.0;0.0;0.0;0.0;0.0;0.0;0.0;0.0;-5.825234413146973;-35.22581481933594;52.47100067138672;0.009999999776482582;311.8800048828125;0.0;518412240;2368;50;28;0;0;0
1748649594;228859873;132.86000061035156;30.040000915527344;173.4199981689453;0.0;0.0;0.0;0.01875000074505806;-0.029750000685453415;0.996749997138977;4.21999979019165;1.8799999952316284;-3.559999942779541;-5.825252056121826;-35.22581481933594;166.0399932861328;0.019999999552965164;0.009999999776482582;52.61399841308594;-1.4700000286102295;-5.380000114440918;-11.430000305175781;0.0;0.0;0.0;0.0;0.0;0.0;0.0;0.0;0.0;31;0.0;0.0;0.0;0.0;0.0;0.0;0.0;0.0;0.0;0.0;0.0;0.0;0.0;0.0;0.0;0.0;-5.825234413146973;-35.22581481933594;52.474998474121094;0.009999999776482582;125.61000061035156;0.019999999552965164;518412280;2368;50;28;0;0;0
1748649594;268534761;132.75;29.709999084472656;173.41000366210938;0.0;0.0;0.0;0.01875000074505806;-0.029750000685453415;0.996749997138977;8.779999732971191;0.9200000166893005;-5.340000152587891;-5.825253486633301;-35.22581481933594;166.0399932861328;0.0;0.0;52.319000244140625;-1.5299999713897705;-5.550000190734863;-12.15999984741211;0.0;0.0;0.0;0.0;0.0;0.0;0.0;0.0;0.0;0;0.0;0.0;0.0;0.0;0.0;0.0;0.0;0.0;0.0;0.0;0.0;0.0;0.0;0.0;0.0;0.0;-5.825234413146973;-35.22581481933594;52.49399948120117;0.0;278.2699890136719;0.0;518412320;2368;50;28;0;0;0
1748649594;308732885;132.6999969482422;29.5;173.49000549316406;0.0;0.0;0.0;0.01875000074505806;-0.029750000685453415;0.996749997138977;5.900000095367432;-1.340000033378601;-4.559999942779541;-5.825254440307617;-35.2258186340332;166.0399932861328;-0.009999999776482582;0.0;52.013999938964844;-1.5800000429153442;-5.710000038146973;-12.899999618530273;0.0;0.0;0.0;0.0;0.0;0.0;0.0;0.0;0.0;1;0.0;0.0;0.0;0.0;0.0;0.0;0.0;0.0;0.0;0.0;0.0;0.0;0.0;0.0;0.0;0.0;-5.825234413146973;-35.22581481933594;52.50699996948242;0.0;235.63999938964844;-0.009999999776482582;518412360;2368;50;28;0;0;0
1748649594;349174754;132.6300048828125;29.329999923706055;173.57000732421875;0.0;0.0;0.0;0.01875000074505806;-0.029750000685453415;0.9965000152587891;4.820000171661377;0.7400000095367432;-3.5399999618530273;-5.825255870819092;-35.2258186340332;166.0399932861328;-0.009999999776482582;0.0;51.69599914550781;-1.6399999856948853;-5.880000114440918;-13.630000114440918;0.0;0.0;0.0;0.0;0.0;0.0;0.0;0.0;0.0;2;0.0;0.0;0.0;0.0;0.0;0.0;0.0;0.0;0.0;0.0;0.0;0.0;0.0;0.0;0.0;0.0;-5.825234413146973;-35.22581481933594;52.516998291015625;0.0;235.63999938964844;-0.009999999776482582;518412400;2368;50;28;0;0;0
1748649594;388245906;132.44000244140625;29.1200008392334;173.49000549316406;0.0;0.0;0.0;0.01875000074505806;-0.029750000685453415;0.996749997138977;2.559999942779541;0.9200000166893005;-1.899999976158142;-5.825257778167725;-35.2258186340332;166.0399932861328;0.0;0.009999999776482582;51.13600158691406;-1.690000057220459;-6.050000190734863;-14.369999885559082;0.0;0.0;0.0;0.0;0.0;0.0;0.0;0.0;0.0;3;0.0;0.0;0.0;0.0;0.0;0.0;0.0;0.0;0.0;0.0;0.0;0.0;0.0;0.0;0.0;0.0;-5.825234413146973;-35.22581481933594;52.516998291015625;0.009999999776482582;23.809999465942383;0.0;518412440;2368;50;28;0;0;0
1748649594;428273285;132.25;29.049999237060547;173.3699951171875;0.0;0.0;0.0;0.01875000074505806;-0.029750000685453415;0.996749997138977;-0.47999998927116394;-1.7599999904632568;-5.78000020980835;-5.825259208679199;-35.2258186340332;166.0399932861328;-0.009999999776482582;0.0;50.77299880981445;-1.7400000095367432;-6.210000038146973;-15.109999656677246;0.0;0.0;0.0;0.0;0.0;0.0;0.0;0.0;0.0;4;0.0;0.0;0.0;0.0;0.0;0.0;0.0;0.0;0.0;0.0;0.0;0.0;0.0;0.0;0.0;0.0;-5.825234413146973;-35.22581481933594;52.512001037597656;0.0;268.6000061035156;-0.009999999776482582;518412480;2368;50;28;0;0;0
1748649594;468484784;132.22999572753906;28.719999313354492;173.3800048828125;0.0;0.0;0.0;0.01875000074505806;-0.029750000685453415;0.996749997138977;9.9399995803833;4.059999942779541;-0.4000000059604645;-5.825260162353516;-35.2258186340332;166.0399932861328;-0.009999999776482582;0.0;50.39699935913086;-1.7899999618530273;-6.369999885559082;-15.850000381469727;0.0;0.0;0.0;0.0;0.0;0.0;0.0;0.0;0.0;5;0.0;0.0;0.0;0.0;0.0;0.0;0.0;0.0;0.0;0.0;0.0;0.0;0.0;0.0;0.0;0.0;-5.825234413146973;-35.22581481933594;52.52199935913086;0.0;188.9199981689453;-0.009999999776482582;518412520;2368;50;28;0;0;0
1748649594;508604786;132.0800018310547;28.559999465942383;173.4600067138672;0.0;0.0;0.0;0.01875000074505806;-0.029750000685453415;0.996749997138977;5.480000019073486;5.179999828338623;-3.2799999713897705;-5.82526159286499;-35.2258186340332;166.0399932861328;0.019999999552965164;0.0;50.00699996948242;-1.840000033378601;-6.53000020980835;-16.59000015258789;0.0;0.0;0.0;0.0;0.0;0.0;0.0;0.0;0.0;6;0.0;0.0;0.0;0.0;0.0;0.0;0.0;0.0;0.0;0.0;0.0;0.0;0.0;0.0;0.0;0.0;-5.825234413146973;-35.22581481933594;52.53300094604492;0.0;264.8900146484375;0.019999999552965164;518412560;2368;50;28;0;0;0
1748649594;548587791;132.00999450683594;28.350000381469727;173.4600067138672;0.0;0.0;0.0;0.01850000023841858;-0.029750000685453415;0.996749997138977;5.28000020980835;4.179999828338623;-3.4000000953674316;-5.825263023376465;-35.2258186340332;166.0399932861328;0.019999999552965164;0.0;49.60200119018555;-1.899999976158142;-6.679999828338623;-17.31999969482422;0.0;0.0;0.0;0.0;0.0;0.0;0.0;0.0;0.0;7;0.0;0.0;0.0;0.0;0.0;0.0;0.0;0.0;0.0;0.0;0.0;0.0;0.0;0.0;0.0;0.0;-5.825234413146973;-35.22581481933594;52.53900146484375;0.0;264.8900146484375;0.019999999552965164;518412600;2368;50;28;0;0;0
1748649594;588645169;131.67999267578125;28.020000457763672;173.36000061035156;0.0;0.0;0.0;0.01875000074505806;-0.029750000685453415;0.996749997138977;8.220000267028809;1.5199999809265137;-7.139999866485596;-5.825265407562256;-35.2258186340332;166.0399932861328;-0.019999999552965164;0.009999999776482582;48.89400100708008;-1.9500000476837158;-6.849999904632568;-18.06999969482422;0.0;0.0;0.0;0.0;0.0;0.0;0.0;0.0;0.0;8;0.0;0.0;0.0;0.0;0.0;0.0;0.0;0.0;0.0;0.0;0.0;0.0;0.0;0.0;0.0;0.0;-5.825234413146973;-35.22581481933594;52.53900146484375;0.009999999776482582;300.5899963378906;-0.019999999552965164;518412640;2368;50;28;0;0;0
1748649594;628825044;131.5399932861328;27.790000915527344;173.27999877929688;0.0;0.0;0.0;0.01875000074505806;-0.029750000685453415;0.996749997138977;3.819999933242798;0.23999999463558197;-3.640000104904175;-5.825267791748047;-35.2258186340332;166.0399932861328;0.009999999776482582;0.009999999776482582;48.44200134277344;-1.9900000095367432;-7.019999980926514;-18.809999465942383;0.0;0.0;0.0;0.0;0.0;0.0;0.0;0.0;0.0;9;0.0;0.0;0.0;0.0;0.0;0.0;0.0;0.0;0.0;0.0;0.0;0.0;0.0;0.0;0.0;0.0;-5.825234413146973;-35.22581481933594;52.53300094604492;0.009999999776482582;122.52999877929688;0.009999999776482582;518412680;2368;50;28;0;0;0
1748649594;668972669;131.57000732421875;27.559999465942383;173.25;0.0;0.0;0.0;0.01875000074505806;-0.029750000685453415;0.996749997138977;7.260000228881836;-0.9200000166893005;0.2199999988079071;-5.825270652770996;-35.22582244873047;166.0399932861328;-0.009999999776482582;0.0;47.979000091552734;-2.0399999618530273;-7.190000057220459;-19.549999237060547;0.0;0.0;0.0;0.0;0.0;0.0;0.0;0.0;0.0;10;0.0;0.0;0.0;0.0;0.0;0.0;0.0;0.0;0.0;0.0;0.0;0.0;0.0;0.0;0.0;0.0;-5.825234413146973;-35.22581481933594;52.53900146484375;0.0;250.1300048828125;-0.009999999776482582;518412720;2368;50;28;0;0;0
1748649594;709025192;131.47000122070312;27.399999618530273;173.22999572753906;0.0;0.0;0.0;0.01850000023841858;-0.029750000685453415;0.996749997138977;2.9200000762939453;-3.0399999618530273;-2.4200000762939453;-5.825273036956787;-35.22582244873047;166.0399932861328;0.0;0.009999999776482582;47.50199890136719;-2.0899999141693115;-7.349999904632568;-20.290000915527344;0.0;0.0;0.0;0.0;0.0;0.0;0.0;0.0;0.0;11;0.0;0.0;0.0;0.0;0.0;0.0;0.0;0.0;0.0;0.0;0.0;0.0;0.0;0.0;0.0;0.0;-5.825234413146973;-35.22581481933594;52.53900146484375;0.009999999776482582;320.739990234375;0.0;518412760;2368;50;28;0;0;0
1748649594;749187106;131.41000366210938;27.170000076293945;173.25;0.0;0.0;0.0;0.01850000023841858;-0.029750000685453415;0.996749997138977;2.799999952316284;-0.4399999976158142;-1.7000000476837158;-5.825275897979736;-35.22582244873047;166.0399932861328;0.0;0.009999999776482582;47.00600051879883;-2.140000104904175;-7.519999980926514;-21.030000686645508;0.0;0.0;0.0;0.0;0.0;0.0;0.0;0.0;0.0;12;0.0;0.0;0.0;0.0;0.0;0.0;0.0;0.0;0.0;0.0;0.0;0.0;0.0;0.0;0.0;0.0;-5.825234413146973;-35.22581481933594;52.54399871826172;0.009999999776482582;320.739990234375;0.0;518412800;2368;50;28;0;0;0
1748649594;788290378;131.2899932861328;27.059999465942383;173.1199951171875;0.0;0.0;0.0;0.01875000074505806;-0.029750000685453415;0.996749997138977;1.5399999618530273;0.8799999952316284;0.05999999865889549;-5.825278282165527;-35.22582244873047;166.0399932861328;0.009999999776482582;0.0;46.150001525878906;-2.190000057220459;-7.679999828338623;-21.780000686645508;0.0;0.0;0.0;0.0;0.0;0.0;0.0;0.0;0.0;13;0.0;0.0;0.0;0.0;0.0;0.0;0.0;0.0;0.0;0.0;0.0;0.0;0.0;0.0;0.0;0.0;-5.825234413146973;-35.22581481933594;52.54399871826172;0.0;48.619998931884766;0.009999999776482582;518412840;2368;50;28;0;0;0
1748649594;828374675;131.35000610351562;26.940000534057617;173.24000549316406;0.0;0.0;0.0;0.01850000023841858;-0.029750000685453415;0.996749997138977;3.859999895095825;-2.759999990463257;0.3799999952316284;-5.825281143188477;-35.22582244873047;166.0399932861328;0.0;0.0;45.61000061035156;-2.2300000190734863;-7.840000152587891;-22.520000457763672;0.0;0.0;0.0;0.0;0.0;0.0;0.0;0.0;0.0;14;0.0;0.0;0.0;0.0;0.0;0.0;0.0;0.0;0.0;0.0;0.0;0.0;0.0;0.0;0.0;0.0;-5.825234413146973;-35.22581481933594;52.53900146484375;0.0;144.30999755859375;0.0;518412880;2368;50;28;0;0;0
1748649594;868416976;131.19000244140625;26.700000762939453;173.08999633789062;0.0;0.0;0.0;0.01875000074505806;-0.029750000685453415;0.996749997138977;2.1600000858306885;-2.759999990463257;-3.119999885559082;-5.825284004211426;-35.22582244873047;166.0399932861328;0.0;0.0;45.05699920654297;-2.2799999713897705;-8.0;-23.260000228881836;0.0;0.0;0.0;0.0;0.0;0.0;0.0;0.0;0.0;15;0.0;0.0;0.0;0.0;0.0;0.0;0.0;0.0;0.0;0.0;0.0;0.0;0.0;0.0;0.0;0.0;-5.825234413146973;-35.22581481933594;52.555999755859375;0.0;316.1499938964844;0.0;518412920;2368;50;28;0;0;0
1748649594;908392909;131.0800018310547;26.56999969482422;173.10000610351562;0.0;0.0;0.0;0.01875000074505806;-0.029750000685453415;0.9965000152587891;3.2200000286102295;-0.9800000190734863;-4.340000152587891;-5.825286865234375;-35.22582244873047;166.0399932861328;0.0;0.009999999776482582;44.49399948120117;-2.319999933242798;-8.15999984741211;-24.010000228881836;0.0;0.0;0.0;0.0;0.0;0.0;0.0;0.0;0.0;16;0.0;0.0;0.0;0.0;0.0;0.0;0.0;0.0;0.0;0.0;0.0;0.0;0.0;0.0;0.0;0.0;-5.825234413146973;-35.22581481933594;52.560001373291016;0.009999999776482582;97.8499984741211;0.0;518412960;2368;50;28;0;0;0
1748649594;948593319;134.1300048828125;26.329999923706055;173.1999969482422;0.0;0.0;0.0;0.01875000074505806;-0.029750000685453415;0.9965000152587891;8.720000267028809;7.300000190734863;-5.820000171661377;-5.825289726257324;-35.225826263427734;165.97999572753906;0.0;0.009999999776482582;43.51900100708008;-2.450000047683716;-8.300000190734863;-24.75;0.0;0.0;0.0;0.0;0.0;0.0;0.0;0.0;0.0;17;0.0;0.0;0.0;0.0;0.0;0.0;0.0;0.0;0.0;0.0;0.0;0.0;0.0;0.0;0.0;0.0;-5.825234413146973;-35.22581481933594;52.560001373291016;0.009999999776482582;97.8499984741211;0.0;518413000;2368;50;28;0;0;0
1748649594;988742359;133.9499969482422;26.040000915527344;173.13999938964844;0.0;0.0;0.0;0.01850000023841858;-0.029750000685453415;0.996749997138977;6.5;-0.4000000059604645;-4.340000152587891;-5.825293064117432;-35.225826263427734;165.97999572753906;0.0;0.009999999776482582;42.9109992980957;-2.490000009536743;-8.449999809265137;-25.5;0.0;0.0;0.0;0.0;0.0;0.0;0.0;0.0;0.0;18;0.0;0.0;0.0;0.0;0.0;0.0;0.0;0.0;0.0;0.0;0.0;0.0;0.0;0.0;0.0;0.0;-5.825234413146973;-35.22581481933594;52.55500030517578;0.009999999776482582;109.94999694824219;0.0;518413040;2368;50;28;0;0;0
1748649595;28745665;133.85000610351562;25.8700008392334;173.07000732421875;0.0;0.0;0.0;0.01875000074505806;-0.029750000685453415;0.9965000152587891;1.7200000286102295;-0.2199999988079071;-5.260000228881836;-5.825295925140381;-35.225826263427734;165.97999572753906;0.0;0.0;42.28900146484375;-2.5399999618530273;-8.609999656677246;-26.239999771118164;0.0;0.0;0.0;0.0;0.0;0.0;0.0;0.0;0.0;19;0.0;0.0;0.0;0.0;0.0;0.0;0.0;0.0;0.0;0.0;0.0;0.0;0.0;0.0;0.0;0.0;-5.825234413146973;-35.22581481933594;52.55799865722656;0.0;269.30999755859375;0.0;518413080;2368;50;28;0;0;0
1748649595;68836961;133.77000427246094;25.719999313354492;173.1999969482422;0.0;0.0;0.0;0.01875000074505806;-0.029750000685453415;0.996749997138977;3.319999933242798;6.320000171661377;-3.4000000953674316;-5.825299263000488;-35.225826263427734;165.97999572753906;0.0;0.0;41.652000427246094;-2.5799999237060547;-8.760000228881836;-26.989999771118164;0.0;0.0;0.0;0.0;0.0;0.0;0.0;0.0;0.0;20;0.0;0.0;0.0;0.0;0.0;0.0;0.0;0.0;0.0;0.0;0.0;0.0;0.0;0.0;0.0;0.0;-5.825234413146973;-35.22581481933594;52.555999755859375;0.0;252.86000061035156;0.0;518413120;2368;50;28;0;0;0
1748649595;109097990;133.8699951171875;25.559999465942383;173.3699951171875;0.0;0.0;0.0;0.01875000074505806;-0.029750000685453415;0.996749997138977;4.340000152587891;3.7799999713897705;0.25999999046325684;-5.8253021240234375;-35.225826263427734;165.97999572753906;0.0;0.009999999776482582;41.00199890136719;-2.619999885559082;-8.920000076293945;-27.729999542236328;0.0;0.0;0.0;0.0;0.0;0.0;0.0;0.0;0.0;21;0.0;0.0;0.0;0.0;0.0;0.0;0.0;0.0;0.0;0.0;0.0;0.0;0.0;0.0;0.0;0.0;-5.825234413146973;-35.22581481933594;52.56800079345703;0.009999999776482582;328.54998779296875;0.0;518413160;2368;50;28;0;0;0
1748649595;148622094;133.75999450683594;25.309999465942383;173.3000030517578;0.0;0.0;0.0;0.01875000074505806;-0.029750000685453415;0.996749997138977;5.079999923706055;-1.0399999618530273;-4.599999904632568;-5.825305461883545;-35.225826263427734;165.97999572753906;0.0;0.009999999776482582;40.33300018310547;-2.6700000762939453;-9.069999694824219;-28.479999542236328;0.0;0.0;0.0;0.0;0.0;0.0;0.0;0.0;0.0;22;0.0;0.0;0.0;0.0;0.0;0.0;0.0;0.0;0.0;0.0;0.0;0.0;0.0;0.0;0.0;0.0;-5.825234413146973;-35.22581481933594;52.577999114990234;0.009999999776482582;328.54998779296875;0.0;518413200;2368;50;28;0;0;0
1748649595;189184217;133.58999633789062;25.239999771118164;173.14999389648438;0.0;0.0;0.0;0.01875000074505806;-0.029750000685453415;0.996749997138977;1.3200000524520874;-1.600000023841858;-2.3399999141693115;-5.825308799743652;-35.225830078125;165.97999572753906;0.0;0.0;39.17900085449219;-2.7200000286102295;-9.220000267028809;-29.229999542236328;0.0;0.0;0.0;0.0;0.0;0.0;0.0;0.0;0.0;23;0.0;0.0;0.0;0.0;0.0;0.0;0.0;0.0;0.0;0.0;0.0;0.0;0.0;0.0;0.0;0.0;-5.825234413146973;-35.22581481933594;52.577999114990234;0.0;276.2099914550781;0.0;518413240;2368;50;28;0;0;0
1748649595;229545236;133.52000427246094;25.079999923706055;173.2100067138672;0.0;0.0;0.0;0.01875000074505806;-0.029750000685453415;0.9965000152587891;2.440000057220459;1.6200000047683716;-2.2200000286102295;-5.82531213760376;-35.225830078125;165.97999572753906;-0.009999999776482582;0.0;38.46500015258789;-2.759999990463257;-9.369999885559082;-29.979999542236328;0.0;0.0;0.0;0.0;0.0;0.0;0.0;0.0;0.0;24;0.0;0.0;0.0;0.0;0.0;0.0;0.0;0.0;0.0;0.0;0.0;0.0;0.0;0.0;0.0;0.0;-5.825234413146973;-35.22581481933594;52.57699966430664;0.0;315.9100036621094;-0.009999999776482582;518413280;2368;50;28;0;0;0
1748649595;269464675;133.36000061035156;24.860000610351562;173.07000732421875;0.0;0.0;0.0;0.01875000074505806;-0.029750000685453415;0.9965000152587891;5.139999866485596;0.8199999928474426;-1.9600000381469727;-5.825315475463867;-35.225830078125;165.97999572753906;0.019999999552965164;0.009999999776482582;37.742000579833984;-2.799999952316284;-9.520000457763672;-30.719999313354492;0.0;0.0;0.0;0.0;0.0;0.0;0.0;0.0;0.0;25;0.0;0.0;0.0;0.0;0.0;0.0;0.0;0.0;0.0;0.0;0.0;0.0;0.0;0.0;0.0;0.0;-5.825234413146973;-35.22581481933594;52.573001861572266;0.009999999776482582;121.37999725341797;0.019999999552965164;518413320;2368;50;28;0;0;0
1748649595;309367740;133.24000549316406;24.65999984741211;173.02999877929688;0.0;0.0;0.0;0.01875000074505806;-0.029750000685453415;0.996749997138977;5.539999961853027;-1.9600000381469727;-2.5;-5.825318813323975;-35.225830078125;165.97999572753906;-0.009999999776482582;0.0;37.00400161743164;-2.8299999237060547;-9.670000076293945;-31.469999313354492;0.0;0.0;0.0;0.0;0.0;0.0;0.0;0.0;0.0;26;0.0;0.0;0.0;0.0;0.0;0.0;0.0;0.0;0.0;0.0;0.0;0.0;0.0;0.0;0.0;0.0;-5.825234413146973;-35.22581481933594;52.566001892089844;0.0;93.63999938964844;-0.009999999776482582;518413360;2368;50;28;0;0;0
1748649595;349168441;133.13999938964844;24.579999923706055;173.07000732421875;0.0;0.0;0.0;0.01875000074505806;-0.029750000685453415;0.996749997138977;2.440000057220459;0.7799999713897705;-1.2200000286102295;-5.82532262802124;-35.225830078125;165.97999572753906;-0.009999999776482582;0.0;36.24800109863281;-2.880000114440918;-9.819999694824219;-32.220001220703125;0.0;0.0;0.0;0.0;0.0;0.0;0.0;0.0;0.0;27;0.0;0.0;0.0;0.0;0.0;0.0;0.0;0.0;0.0;0.0;0.0;0.0;0.0;0.0;0.0;0.0;-5.825234413146973;-35.22581481933594;52.56999969482422;0.0;93.63999938964844;-0.009999999776482582;518413400;2368;50;28;0;0;0
1748649595;389748312;133.02999877929688;24.3799991607666;173.0500030517578;0.0;0.0;0.0;0.01875000074505806;-0.029750000685453415;0.996749997138977;6.099999904632568;-1.440000057220459;-8.9399995803833;-5.825325965881348;-35.225830078125;165.97999572753906;0.0;0.0;34.944000244140625;-2.9200000762939453;-9.970000267028809;-32.970001220703125;0.0;0.0;0.0;0.0;0.0;0.0;0.0;0.0;0.0;28;0.0;0.0;0.0;0.0;0.0;0.0;0.0;0.0;0.0;0.0;0.0;0.0;0.0;0.0;0.0;0.0;-5.825234413146973;-35.22581481933594;52.56999969482422;0.0;334.1600036621094;0.0;518413440;2368;50;28;0;0;0
1748649595;429135055;132.6999969482422;24.06999969482422;172.8800048828125;0.0;0.0;0.0;0.01875000074505806;-0.029750000685453415;0.996749997138977;6.559999942779541;-1.0800000429153442;-7.940000057220459;-5.825329780578613;-35.225830078125;165.97999572753906;0.0;0.009999999776482582;34.14400100708008;-2.9700000286102295;-10.109999656677246;-33.720001220703125;0.0;0.0;0.0;0.0;0.0;0.0;0.0;0.0;0.0;29;0.0;0.0;0.0;0.0;0.0;0.0;0.0;0.0;0.0;0.0;0.0;0.0;0.0;0.0;0.0;0.0;-5.825234413146973;-35.22581481933594;52.57899856567383;0.009999999776482582;337.8500061035156;0.0;518413480;2368;50;28;0;0;0
1748649595;469838039;132.63999938964844;23.81999969482422;172.82000732421875;0.0;0.0;0.0;0.01875000074505806;-0.029750000685453415;0.996749997138977;5.21999979019165;0.0;-2.9200000762939453;-5.825333118438721;-35.225833892822266;165.97999572753906;-0.009999999776482582;0.009999999776482582;33.33300018310547;-3.009999990463257;-10.260000228881836;-34.470001220703125;0.0;0.0;0.0;0.0;0.0;0.0;0.0;0.0;0.0;30;0.0;0.0;0.0;0.0;0.0;0.0;0.0;0.0;0.0;0.0;0.0;0.0;0.0;0.0;0.0;0.0;-5.825234413146973;-35.22581481933594;52.57699966430664;0.009999999776482582;219.7899932861328;-0.009999999776482582;518413520;2368;50;28;0;0;0
1748649595;509704483;132.3800048828125;23.649999618530273;172.72000122070312;0.0;0.0;0.0;0.01875000074505806;-0.029750000685453415;0.996749997138977;3.9200000762939453;-0.14000000059604645;-10.9399995803833;-5.825336933135986;-35.225833892822266;165.97999572753906;-0.019999999552965164;0.019999999552965164;32.50899887084961;-3.059999942779541;-10.399999618530273;-35.220001220703125;0.0;0.0;0.0;0.0;0.0;0.0;0.0;0.0;0.0;31;0.0;0.0;0.0;0.0;0.0;0.0;0.0;0.0;0.0;0.0;0.0;0.0;0.0;0.0;0.0;0.0;-5.825234413146973;-35.22581481933594;52.58100128173828;0.019999999552965164;210.1300048828125;-0.019999999552965164;518413560;2368;50;28;0;0;0
1748649595;548684517;132.1699981689453;23.459999084472656;172.69000244140625;0.0;0.0;0.0;0.01875000074505806;-0.029750000685453415;0.996999979019165;3.0199999809265137;2.440000057220459;-3.700000047683716;-5.825340747833252;-35.225833892822266;165.97999572753906;-0.019999999552965164;0.019999999552965164;31.670000076293945;-3.0999999046325684;-10.539999961853027;-35.970001220703125;0.0;0.0;0.0;0.0;0.0;0.0;0.0;0.0;0.0;0;0.0;0.0;0.0;0.0;0.0;0.0;0.0;0.0;0.0;0.0;0.0;0.0;0.0;0.0;0.0;0.0;-5.825234413146973;-35.22581481933594;52.56800079345703;0.019999999552965164;210.1300048828125;-0.019999999552965164;518413600;2368;50;28;0;0;0
1748649595;588862930;131.9199981689453;23.329999923706055;172.49000549316406;0.0;0.0;0.0;0.01875000074505806;-0.029750000685453415;0.996749997138977;3.7799999713897705;-0.3400000035762787;-7.860000133514404;-5.825344562530518;-35.225833892822266;165.97999572753906;0.0;0.009999999776482582;30.215999603271484;-3.1600000858306885;-10.680000305175781;-36.720001220703125;0.0;0.0;0.0;0.0;0.0;0.0;0.0;0.0;0.0;1;0.0;0.0;0.0;0.0;0.0;0.0;0.0;0.0;0.0;0.0;0.0;0.0;0.0;0.0;0.0;0.0;-5.825234413146973;-35.22581481933594;52.56800079345703;0.009999999776482582;281.6099853515625;0.0;518413640;2368;50;28;0;0;0
1748649595;628529894;131.9600067138672;23.06999969482422;172.66000366210938;0.0;0.0;0.0;0.01875000074505806;-0.029750000685453415;0.996749997138977;2.9000000953674316;2.9200000762939453;0.5799999833106995;-5.825348377227783;-35.225833892822266;165.97999572753906;0.0;0.0;29.332000732421875;-3.190000057220459;-10.819999694824219;-37.470001220703125;0.0;0.0;0.0;0.0;0.0;0.0;0.0;0.0;0.0;2;0.0;0.0;0.0;0.0;0.0;0.0;0.0;0.0;0.0;0.0;0.0;0.0;0.0;0.0;0.0;0.0;-5.825234413146973;-35.22581481933594;52.5629997253418;0.0;123.13999938964844;0.0;518413680;2368;50;28;0;0;0
1748649595;669003277;131.77999877929688;22.860000610351562;172.61000061035156;0.0;0.0;0.0;0.01850000023841858;-0.029750000685453415;0.996749997138977;6.699999809265137;0.23999999463558197;-1.940000057220459;-5.825352191925049;-35.225833892822266;165.97999572753906;0.029999999329447746;0.009999999776482582;27.823999404907227;-3.2200000286102295;-10.960000038146973;-38.220001220703125;0.0;0.0;0.0;0.0;0.0;0.0;0.0;0.0;0.0;3;0.0;0.0;0.0;0.0;0.0;0.0;0.0;0.0;0.0;0.0;0.0;0.0;0.0;0.0;0.0;0.0;-5.825234413146973;-35.22581481933594;52.56999969482422;0.009999999776482582;327.82000732421875;0.029999999329447746;518413720;2368;50;28;0;0;0
1748649595;708736109;131.72000122070312;22.530000686645508;172.75999450683594;0.0;0.0;0.0;0.01875000074505806;-0.029750000685453415;0.996749997138977;10.140000343322754;5.900000095367432;-2.559999942779541;-5.8253560066223145;-35.22583770751953;165.97999572753906;0.0;0.0;26.28700065612793;-3.25;-11.09000015258789;-38.97999954223633;0.0;0.0;0.0;0.0;0.0;0.0;0.0;0.0;0.0;4;0.0;0.0;0.0;0.0;0.0;0.0;0.0;0.0;0.0;0.0;0.0;0.0;0.0;0.0;0.0;0.0;-5.825234413146973;-35.22581481933594;52.58599853515625;0.0;124.8499984741211;0.0;518413760;2368;50;28;0;0;0
1748649595;748627176;131.5399932861328;22.270000457763672;172.6300048828125;0.0;0.0;0.0;0.01875000074505806;-0.029750000685453415;0.9965000152587891;5.5;-2.759999990463257;-9.079999923706055;-5.825360298156738;-35.22583770751953;165.97999572753906;0.0;0.0;24.7189998626709;-3.2899999618530273;-11.229999542236328;-39.7400016784668;0.0;0.0;0.0;0.0;0.0;0.0;0.0;0.0;0.0;5;0.0;0.0;0.0;0.0;0.0;0.0;0.0;0.0;0.0;0.0;0.0;0.0;0.0;0.0;0.0;0.0;-5.825234413146973;-35.22581481933594;52.58399963378906;0.0;124.8499984741211;0.0;518413800;2368;50;28;0;0;0
1748649595;788705223;131.3699951171875;21.920000076293945;172.69000244140625;0.0;0.0;0.0;0.01875000074505806;-0.029750000685453415;0.996749997138977;6.019999980926514;-0.6399999856948853;-9.680000305175781;-5.825364112854004;-35.22583770751953;165.97999572753906;0.0;0.009999999776482582;23.114999771118164;-3.3399999141693115;-11.359999656677246;-40.4900016784668;0.0;0.0;0.0;0.0;0.0;0.0;0.0;0.0;0.0;6;0.0;0.0;0.0;0.0;0.0;0.0;0.0;0.0;0.0;0.0;0.0;0.0;0.0;0.0;0.0;0.0;-5.825234413146973;-35.22581481933594;52.58399963378906;0.009999999776482582;104.51000213623047;0.0;518413840;2368;50;28;0;0;0
1748649595;828594415;131.33999633789062;21.670000076293945;172.66000366210938;0.0;0.0;0.0;0.01875000074505806;-0.029750000685453415;0.996999979019165;6.78000020980835;-4.559999942779541;-1.6799999475479126;-5.825368404388428;-35.22583770751953;165.97999572753906;0.0;0.0;55.23400115966797;-3.369999885559082;-11.489999771118164;-0.6000000238418579;0.0;0.0;0.0;0.0;0.0;0.0;0.0;0.0;0.0;7;0.0;0.0;0.0;0.0;0.0;0.0;0.0;0.0;0.0;0.0;0.0;0.0;0.0;0.0;0.0;0.0;-5.825234413146973;-35.22581481933594;52.58399963378906;0.0;262.1499938964844;0.0;518413880;2368;50;28;0;0;0
1748649595;868816948;131.27000427246094;21.479999542236328;172.63999938964844;0.0;0.0;0.0;0.01875000074505806;-0.029750000685453415;0.9965000152587891;3.5199999809265137;1.7000000476837158;-1.8200000524520874;-5.825372219085693;-35.22583770751953;165.97999572753906;0.009999999776482582;0.009999999776482582;55.20199966430664;-3.4100000858306885;-11.619999885559082;-1.340000033378601;0.0;0.0;0.0;0.0;0.0;0.0;0.0;0.0;0.0;8;0.0;0.0;0.0;0.0;0.0;0.0;0.0;0.0;0.0;0.0;0.0;0.0;0.0;0.0;0.0;0.0;-5.825234413146973;-35.22581481933594;52.58599853515625;0.009999999776482582;299.92999267578125;0.009999999776482582;518413920;2368;50;28;0;0;0
1748649595;908927242;131.1699981689453;21.34000015258789;172.64999389648438;0.0;0.0;0.0;0.01875000074505806;-0.029750000685453415;0.996749997138977;3.0;-0.47999998927116394;-1.840000033378601;-5.825376510620117;-35.2258415222168;165.97999572753906;0.009999999776482582;0.009999999776482582;55.150001525878906;-3.450000047683716;-11.75;-2.0799999237060547;0.0;0.0;0.0;0.0;0.0;0.0;0.0;0.0;0.0;9;0.0;0.0;0.0;0.0;0.0;0.0;0.0;0.0;0.0;0.0;0.0;0.0;0.0;0.0;0.0;0.0;-5.825234413146973;-35.22581481933594;52.57099914550781;0.009999999776482582;89.51000213623047;0.009999999776482582;518413960;2368;50;28;0;0;0
1748649595;948163376;133.2899932861328;21.100000381469727;172.66000366210938;0.0;0.0;0.0;0.01875000074505806;-0.029750000685453415;0.996749997138977;4.440000057220459;-1.2799999713897705;0.8399999737739563;-5.825380802154541;-35.2258415222168;166.0399932861328;0.009999999776482582;0.009999999776482582;55.05099868774414;-3.5;-11.880000114440918;-2.8399999141693115;0.0;0.0;0.0;0.0;0.0;0.0;0.0;0.0;0.0;10;0.0;0.0;0.0;0.0;0.0;0.0;0.0;0.0;0.0;0.0;0.0;0.0;0.0;0.0;0.0;0.0;-5.825234413146973;-35.22581481933594;52.57099914550781;0.009999999776482582;89.51000213623047;0.009999999776482582;518414000;2368;50;28;0;0;0
1748649595;988151057;133.1699981689453;20.8700008392334;172.6999969482422;0.0;0.0;0.0;0.01875000074505806;-0.029750000685453415;0.996749997138977;8.0600004196167;2.2200000286102295;-5.920000076293945;-5.825385093688965;-35.2258415222168;166.0399932861328;-0.03999999910593033;0.0;54.95899963378906;-3.549999952316284;-12.0;-3.5799999237060547;0.0;0.0;0.0;0.0;0.0;0.0;0.0;0.0;0.0;11;0.0;0.0;0.0;0.0;0.0;0.0;0.0;0.0;0.0;0.0;0.0;0.0;0.0;0.0;0.0;0.0;-5.825234413146973;-35.22581481933594;52.582000732421875;0.0;211.16000366210938;-0.03999999910593033;518414040;2368;50;28;0;0;0
1748649596;28358967;132.92999267578125;20.68000030517578;172.55999755859375;0.0;0.0;0.0;0.01875000074505806;-0.029750000685453415;0.996749997138977;2.880000114440918;-0.5;-6.480000019073486;-5.825389385223389;-35.22584533691406;166.0399932861328;0.0;0.0;54.84600067138672;-3.5999999046325684;-12.119999885559082;-4.340000152587891;0.0;0.0;0.0;0.0;0.0;0.0;0.0;0.0;0.0;12;0.0;0.0;0.0;0.0;0.0;0.0;0.0;0.0;0.0;0.0;0.0;0.0;0.0;0.0;0.0;0.0;-5.825234413146973;-35.22581481933594;52.57099914550781;0.0;123.3499984741211;0.0;518414080;2368;50;28;0;0;0
1748649596;68370021;132.89999389648438;20.40999984741211;172.47999572753906;0.0;0.0;0.0;0.01875000074505806;-0.029750000685453415;0.996749997138977;8.5600004196167;-3.319999933242798;-1.440000057220459;-5.8253936767578125;-35.22584533691406;166.0399932861328;0.0;0.0;54.71699905395508;-3.640000104904175;-12.239999771118164;-5.099999904632568;0.0;0.0;0.0;0.0;0.0;0.0;0.0;0.0;0.0;13;0.0;0.0;0.0;0.0;0.0;0.0;0.0;0.0;0.0;0.0;0.0;0.0;0.0;0.0;0.0;0.0;-5.825234413146973;-35.22581481933594;52.55799865722656;0.0;89.2699966430664;0.0;518414120;2368;50;28;0;0;0
1748649596;108345704;132.8000030517578;20.229999542236328;172.52000427246094;0.0;0.0;0.0;0.01875000074505806;-0.029750000685453415;0.9965000152587891;2.819999933242798;1.3600000143051147;-4.739999771118164;-5.825397968292236;-35.22584533691406;166.0399932861328;0.0;0.0;54.57500076293945;-3.690000057220459;-12.359999656677246;-5.860000133514404;0.0;0.0;0.0;0.0;0.0;0.0;0.0;0.0;0.0;14;0.0;0.0;0.0;0.0;0.0;0.0;0.0;0.0;0.0;0.0;0.0;0.0;0.0;0.0;0.0;0.0;-5.825234413146973;-35.22581481933594;52.573001861572266;0.0;283.260009765625;0.0;518414160;2368;50;28;0;0;0
1748649596;148444874;132.75999450683594;19.969999313354492;172.5500030517578;0.0;0.0;0.0;0.01875000074505806;-0.029750000685453415;0.996749997138977;2.940000057220459;3.619999885559082;-2.680000066757202;-5.82540225982666;-35.22584915161133;166.0399932861328;0.0;0.0;54.41899871826172;-3.740000009536743;-12.479999542236328;-6.619999885559082;0.0;0.0;0.0;0.0;0.0;0.0;0.0;0.0;0.0;15;0.0;0.0;0.0;0.0;0.0;0.0;0.0;0.0;0.0;0.0;0.0;0.0;0.0;0.0;0.0;0.0;-5.825234413146973;-35.22581481933594;52.57600021362305;0.0;283.260009765625;0.0;518414200;2368;50;28;0;0;0
1748649596;188517798;132.50999450683594;19.75;172.41000366210938;0.0;0.0;0.0;0.01875000074505806;-0.029750000685453415;0.996749997138977;4.28000020980835;-2.4000000953674316;-4.099999904632568;-5.825406551361084;-35.22584915161133;166.0399932861328;0.0;0.0;54.138999938964844;-3.7899999618530273;-12.600000381469727;-7.380000114440918;0.0;0.0;0.0;0.0;0.0;0.0;0.0;0.0;0.0;16;0.0;0.0;0.0;0.0;0.0;0.0;0.0;0.0;0.0;0.0;0.0;0.0;0.0;0.0;0.0;0.0;-5.825234413146973;-35.22581481933594;52.57600021362305;0.0;318.5799865722656;0.0;518414240;2368;50;28;0;0;0
1748649596;228739830;132.3000030517578;19.6200008392334;172.38999938964844;0.0;0.0;0.0;0.01875000074505806;-0.029750000685453415;0.996749997138977;4.21999979019165;0.9800000190734863;-5.28000020980835;-5.825411319732666;-35.22584915161133;166.0399932861328;0.0;0.009999999776482582;53.9370002746582;-3.8399999141693115;-12.720000267028809;-8.140000343322754;0.0;0.0;0.0;0.0;0.0;0.0;0.0;0.0;0.0;17;0.0;0.0;0.0;0.0;0.0;0.0;0.0;0.0;0.0;0.0;0.0;0.0;0.0;0.0;0.0;0.0;-5.825234413146973;-35.22581481933594;52.573001861572266;0.009999999776482582;262.0899963378906;0.0;518414280;2368;50;28;0;0;0
1748649596;268775632;132.25999450683594;19.329999923706055;172.3699951171875;0.0;0.0;0.0;0.01875000074505806;-0.029750000685453415;0.9965000152587891;7.199999809265137;0.9399999976158142;-0.5799999833106995;-5.82541561126709;-35.225852966308594;166.0399932861328;0.0;0.009999999776482582;53.72100067138672;-3.880000114440918;-12.829999923706055;-8.899999618530273;0.0;0.0;0.0;0.0;0.0;0.0;0.0;0.0;0.0;18;0.0;0.0;0.0;0.0;0.0;0.0;0.0;0.0;0.0;0.0;0.0;0.0;0.0;0.0;0.0;0.0;-5.825234413146973;-35.22581481933594;52.58000183105469;0.009999999776482582;278.3900146484375;0.0;518414320;2368;50;28;0;0;0
1748649596;308838182;132.0800018310547;19.190000534057617;172.39999389648438;0.0;0.0;0.0;0.01875000074505806;-0.029750000685453415;0.9965000152587891;3.1600000858306885;4.639999866485596;-4.960000038146973;-5.825420379638672;-35.225852966308594;166.0399932861328;0.009999999776482582;0.009999999776482582;53.49100112915039;-3.930000066757202;-12.9399995803833;-9.670000076293945;0.0;0.0;0.0;0.0;0.0;0.0;0.0;0.0;0.0;19;0.0;0.0;0.0;0.0;0.0;0.0;0.0;0.0;0.0;0.0;0.0;0.0;0.0;0.0;0.0;0.0;-5.825234413146973;-35.22581481933594;52.59400177001953;0.009999999776482582;124.94000244140625;0.009999999776482582;518414360;2368;50;28;0;0;0
1748649596;348915104;132.0800018310547;18.920000076293945;172.3699951171875;0.0;0.0;0.0;0.01875000074505806;-0.029750000685453415;0.996749997138977;7.059999942779541;-1.7799999713897705;-2.0399999618530273;-5.825424671173096;-35.225852966308594;166.0399932861328;0.009999999776482582;0.009999999776482582;53.24599838256836;-3.9800000190734863;-13.050000190734863;-10.430000305175781;0.0;0.0;0.0;0.0;0.0;0.0;0.0;0.0;0.0;20;0.0;0.0;0.0;0.0;0.0;0.0;0.0;0.0;0.0;0.0;0.0;0.0;0.0;0.0;0.0;0.0;-5.825234413146973;-35.22581481933594;52.58399963378906;0.009999999776482582;124.94000244140625;0.009999999776482582;518414400;2368;50;28;0;0;0
1748649596;388905411;131.94000244140625;18.700000762939453;172.35000610351562;0.0;0.0;0.0;0.01875000074505806;-0.029750000685453415;0.996749997138977;4.440000057220459;0.18000000715255737;-0.47999998927116394;-5.825429439544678;-35.22585678100586;166.0399932861328;0.009999999776482582;0.009999999776482582;52.81399917602539;-4.03000020980835;-13.170000076293945;-11.1899995803833;0.0;0.0;0.0;0.0;0.0;0.0;0.0;0.0;0.0;21;0.0;0.0;0.0;0.0;0.0;0.0;0.0;0.0;0.0;0.0;0.0;0.0;0.0;0.0;0.0;0.0;-5.825234413146973;-35.22581481933594;52.58399963378906;0.009999999776482582;84.08999633789062;0.009999999776482582;518414440;2368;50;28;0;0;0
1748649596;427939065;131.75999450683594;18.510000228881836;172.3000030517578;0.0;0.0;0.0;0.01850000023841858;-0.029750000685453415;0.996749997138977;3.7799999713897705;-0.20000000298023224;-1.1399999856948853;-5.82543420791626;-35.22585678100586;166.0399932861328;0.0;0.0;52.52299880981445;-4.070000171661377;-13.279999732971191;-11.960000038146973;0.0;0.0;0.0;0.0;0.0;0.0;0.0;0.0;0.0;22;0.0;0.0;0.0;0.0;0.0;0.0;0.0;0.0;0.0;0.0;0.0;0.0;0.0;0.0;0.0;0.0;-5.825234413146973;-35.22581481933594;52.584999084472656;0.0;152.75;0.0;518414480;2368;50;28;0;0;0
1748649596;468178971;131.69000244140625;18.329999923706055;172.2100067138672;0.0;0.0;0.0;0.01875000074505806;-0.029750000685453415;0.996749997138977;4.739999771118164;2.259999990463257;-1.5;-5.825438976287842;-35.225860595703125;166.0399932861328;0.009999999776482582;0.009999999776482582;52.21799850463867;-4.119999885559082;-13.380000114440918;-12.720000267028809;0.0;0.0;0.0;0.0;0.0;0.0;0.0;0.0;0.0;23;0.0;0.0;0.0;0.0;0.0;0.0;0.0;0.0;0.0;0.0;0.0;0.0;0.0;0.0;0.0;0.0;-5.825234413146973;-35.22581481933594;52.58399963378906;0.009999999776482582;21.290000915527344;0.009999999776482582;518414520;2368;50;28;0;0;0
1748649596;508216522;131.57000732421875;18.09000015258789;172.16000366210938;0.0;0.0;0.0;0.01875000074505806;-0.029750000685453415;0.996749997138977;6.920000076293945;-2.6600000858306885;-4.0;-5.825443267822266;-35.225860595703125;166.0399932861328;0.0;0.0;51.89799880981445;-4.170000076293945;-13.489999771118164;-13.479999542236328;0.0;0.0;0.0;0.0;0.0;0.0;0.0;0.0;0.0;24;0.0;0.0;0.0;0.0;0.0;0.0;0.0;0.0;0.0;0.0;0.0;0.0;0.0;0.0;0.0;0.0;-5.825234413146973;-35.22581481933594;52.5890007019043;0.0;270.6400146484375;0.0;518414560;2368;50;28;0;0;0
1748649596;548396434;131.52999877929688;17.8700008392334;172.0800018310547;0.0;0.0;0.0;0.01875000074505806;-0.029750000685453415;0.996999979019165;7.960000038146973;-0.46000000834465027;-2.1600000858306885;-5.825448036193848;-35.225860595703125;166.0399932861328;0.0;0.0;51.56399917602539;-4.21999979019165;-13.59000015258789;-14.25;0.0;0.0;0.0;0.0;0.0;0.0;0.0;0.0;0.0;25;0.0;0.0;0.0;0.0;0.0;0.0;0.0;0.0;0.0;0.0;0.0;0.0;0.0;0.0;0.0;0.0;-5.825234413146973;-35.22581481933594;52.590999603271484;0.0;270.6400146484375;0.0;518414600;2368;50;28;0;0;0
1748649596;588506229;131.47999572753906;17.65999984741211;172.14999389648438;0.0;0.0;0.0;0.01875000074505806;-0.029750000685453415;0.9965000152587891;6.199999809265137;4.119999885559082;-0.5400000214576721;-5.825453281402588;-35.22586441040039;166.0399932861328;-0.009999999776482582;0.0;50.97800064086914;-4.260000228881836;-13.699999809265137;-15.010000228881836;0.0;0.0;0.0;0.0;0.0;0.0;0.0;0.0;0.0;26;0.0;0.0;0.0;0.0;0.0;0.0;0.0;0.0;0.0;0.0;0.0;0.0;0.0;0.0;0.0;0.0;-5.825234413146973;-35.22581481933594;52.590999603271484;0.0;211.9199981689453;-0.009999999776482582;518414640;2368;50;28;0;0;0
1748649596;628592901;131.64999389648438;17.3700008392334;172.27999877929688;0.0;0.0;0.0;0.01875000074505806;-0.029750000685453415;0.996749997138977;9.399999618530273;1.899999976158142;1.6799999475479126;-5.82545804977417;-35.22586441040039;166.0399932861328;0.0;0.0;50.597999572753906;-4.309999942779541;-13.800000190734863;-15.779999732971191;0.0;0.0;0.0;0.0;0.0;0.0;0.0;0.0;0.0;27;0.0;0.0;0.0;0.0;0.0;0.0;0.0;0.0;0.0;0.0;0.0;0.0;0.0;0.0;0.0;0.0;-5.8252339363098145;-35.22581481933594;52.59299850463867;0.0;43.63999938964844;0.0;518414680;2368;50;28;0;0;0
1748649596;668622578;131.4600067138672;17.170000076293945;172.27000427246094;0.0;0.0;0.0;0.01875000074505806;-0.029750000685453415;0.996749997138977;3.0799999237060547;-0.7200000286102295;-3.9600000381469727;-5.825462818145752;-35.225868225097656;166.0399932861328;0.0;0.009999999776482582;50.20399856567383;-4.360000133514404;-13.899999618530273;-16.549999237060547;0.0;0.0;0.0;0.0;0.0;0.0;0.0;0.0;0.0;28;0.0;0.0;0.0;0.0;0.0;0.0;0.0;0.0;0.0;0.0;0.0;0.0;0.0;0.0;0.0;0.0;-5.825234413146973;-35.22581481933594;52.590999603271484;0.009999999776482582;31.850000381469727;0.0;518414720;2368;50;28;0;0;0
1748649596;708631008;131.36000061035156;17.020000457763672;172.14999389648438;0.0;0.0;0.0;0.01850000023841858;-0.029750000685453415;0.996749997138977;3.740000009536743;-0.5;-1.9600000381469727;-5.825467586517334;-35.225868225097656;166.0399932861328;-0.009999999776482582;0.0;49.79399871826172;-4.409999847412109;-13.989999771118164;-17.309999465942383;0.0;0.0;0.0;0.0;0.0;0.0;0.0;0.0;0.0;29;0.0;0.0;0.0;0.0;0.0;0.0;0.0;0.0;0.0;0.0;0.0;0.0;0.0;0.0;0.0;0.0;-5.825234413146973;-35.22581481933594;52.58700180053711;0.0;325.1700134277344;-0.009999999776482582;518414760;2368;50;28;0;0;0
1748649596;748629813;131.25999450683594;16.940000534057617;172.13999938964844;0.0;0.0;0.0;0.01875000074505806;-0.029750000685453415;0.996749997138977;0.3799999952316284;2.559999942779541;-3.5199999809265137;-5.825472354888916;-35.225868225097656;166.0399932861328;-0.009999999776482582;0.0;49.369998931884766;-4.449999809265137;-14.09000015258789;-18.079999923706055;0.0;0.0;0.0;0.0;0.0;0.0;0.0;0.0;0.0;30;0.0;0.0;0.0;0.0;0.0;0.0;0.0;0.0;0.0;0.0;0.0;0.0;0.0;0.0;0.0;0.0;-5.825234413146973;-35.22581481933594;52.5890007019043;0.0;325.1700134277344;-0.009999999776482582;518414800;2368;50;28;0;0;0
1748649596;788699362;131.08999633789062;16.829999923706055;172.05999755859375;0.0;0.0;0.0;0.01875000074505806;-0.029999999329447746;0.996749997138977;3.680000066757202;1.899999976158142;-2.059999942779541;-5.825477600097656;-35.22587203979492;166.0399932861328;-0.009999999776482582;0.009999999776482582;48.63100051879883;-4.5;-14.1899995803833;-18.850000381469727;0.0;0.0;0.0;0.0;0.0;0.0;0.0;0.0;0.0;31;0.0;0.0;0.0;0.0;0.0;0.0;0.0;0.0;0.0;0.0;0.0;0.0;0.0;0.0;0.0;0.0;-5.825234413146973;-35.22581481933594;52.5890007019043;0.009999999776482582;249.75999450683594;-0.009999999776482582;518414840;2368;50;28;0;0;0
1748649596;828959391;131.0399932861328;16.540000915527344;171.99000549316406;0.0;0.0;0.0;0.01875000074505806;-0.029750000685453415;0.996749997138977;4.619999885559082;-1.8799999952316284;-4.71999979019165;-5.825482368469238;-35.22587203979492;166.0399932861328;0.0;0.0;48.1619987487793;-4.550000190734863;-14.289999961853027;-19.610000610351562;0.0;0.0;0.0;0.0;0.0;0.0;0.0;0.0;0.0;0;0.0;0.0;0.0;0.0;0.0;0.0;0.0;0.0;0.0;0.0;0.0;0.0;0.0;0.0;0.0;0.0;-5.825234413146973;-35.22581481933594;52.60200119018555;0.0;242.44000244140625;0.0;518414880;2368;50;28;0;0;0
1748649596;868165027;130.8800048828125;16.239999771118164;171.99000549316406;0.0;0.0;0.0;0.01875000074505806;-0.029500000178813934;0.996749997138977;4.5;-0.41999998688697815;-6.619999885559082;-5.82548713684082;-35.22587585449219;166.0399932861328;-0.009999999776482582;0.0;47.678001403808594;-4.590000152587891;-14.380000114440918;-20.3799991607666;0.0;0.0;0.0;0.0;0.0;0.0;0.0;0.0;0.0;1;0.0;0.0;0.0;0.0;0.0;0.0;0.0;0.0;0.0;0.0;0.0;0.0;0.0;0.0;0.0;0.0;-5.825234413146973;-35.22581481933594;52.60499954223633;0.0;48.09000015258789;-0.009999999776482582;518414920;2368;50;28;0;0;0
1748649596;908274696;130.82000732421875;15.960000038146973;171.92999267578125;0.0;0.0;0.0;0.01875000074505806;-0.029750000685453415;0.9965000152587891;10.600000381469727;-2.380000114440918;0.6600000262260437;-5.8254923820495605;-35.22587585449219;166.0399932861328;0.0;0.009999999776482582;47.18000030517578;-4.639999866485596;-14.470000267028809;-21.149999618530273;0.0;0.0;0.0;0.0;0.0;0.0;0.0;0.0;0.0;2;0.0;0.0;0.0;0.0;0.0;0.0;0.0;0.0;0.0;0.0;0.0;0.0;0.0;0.0;0.0;0.0;-5.825234413146973;-35.22581481933594;52.60900115966797;0.009999999776482582;299.3399963378906;0.0;518414960;2368;50;28;0;0;0
1748649596;948215883;132.1300048828125;15.729999542236328;171.92999267578125;0.0;0.0;0.0;0.01850000023841858;-0.029750000685453415;0.996749997138977;1.1200000047683716;1.159999966621399;-5.380000114440918;-5.825497627258301;-35.22587966918945;166.02999877929688;0.0;0.009999999776482582;46.31800079345703;-4.690000057220459;-14.5600004196167;-21.920000076293945;0.0;0.0;0.0;0.0;0.0;0.0;0.0;0.0;0.0;3;0.0;0.0;0.0;0.0;0.0;0.0;0.0;0.0;0.0;0.0;0.0;0.0;0.0;0.0;0.0;0.0;-5.825234413146973;-35.22581481933594;52.60900115966797;0.009999999776482582;299.3399963378906;0.0;518415000;2368;50;28;0;0;0
1748649596;988455289;132.0500030517578;15.579999923706055;171.8699951171875;0.0;0.0;0.0;0.01875000074505806;-0.029750000685453415;0.996749997138977;2.7200000286102295;-3.1600000858306885;-4.340000152587891;-5.825502395629883;-35.22587966918945;166.02999877929688;0.029999999329447746;0.009999999776482582;45.77399826049805;-4.739999771118164;-14.649999618530273;-22.68000030517578;0.0;0.0;0.0;0.0;0.0;0.0;0.0;0.0;0.0;4;0.0;0.0;0.0;0.0;0.0;0.0;0.0;0.0;0.0;0.0;0.0;0.0;0.0;0.0;0.0;0.0;-5.825234413146973;-35.22581481933594;52.617000579833984;0.009999999776482582;101.4000015258789;0.029999999329447746;518415040;2368;50;28;0;0;0
1748649597;28443221;131.89999389648438;15.479999542236328;171.8699951171875;0.0;0.0;0.0;0.01850000023841858;-0.029750000685453415;0.996749997138977;2.799999952316284;-2.640000104904175;-4.360000133514404;-5.825507164001465;-35.22587966918945;166.02999877929688;-0.019999999552965164;0.0;45.215999603271484;-4.789999961853027;-14.729999542236328;-23.450000762939453;0.0;0.0;0.0;0.0;0.0;0.0;0.0;0.0;0.0;5;0.0;0.0;0.0;0.0;0.0;0.0;0.0;0.0;0.0;0.0;0.0;0.0;0.0;0.0;0.0;0.0;-5.825234413146973;-35.22581481933594;52.61800003051758;0.0;239.52999877929688;-0.019999999552965164;518415080;2368;50;28;0;0;0
1748649597;69029092;131.91000366210938;15.319999694824219;171.92999267578125;0.0;0.0;0.0;0.01875000074505806;-0.029750000685453415;0.996749997138977;4.260000228881836;2.799999952316284;-1.840000033378601;-5.825512409210205;-35.22588348388672;166.02999877929688;0.009999999776482582;0.0;44.643001556396484;-4.840000152587891;-14.819999694824219;-24.219999313354492;0.0;0.0;0.0;0.0;0.0;0.0;0.0;0.0;0.0;6;0.0;0.0;0.0;0.0;0.0;0.0;0.0;0.0;0.0;0.0;0.0;0.0;0.0;0.0;0.0;0.0;-5.825234413146973;-35.22581481933594;52.62200164794922;0.0;102.08999633789062;0.009999999776482582;518415120;2368;50;28;0;0;0
1748649597;109650334;131.77000427246094;15.140000343322754;171.97000122070312;0.0;0.0;0.0;0.01875000074505806;-0.029750000685453415;0.996749997138977;3.0399999618530273;3.9600000381469727;-2.680000066757202;-5.825517654418945;-35.22588348388672;166.02999877929688;-0.009999999776482582;0.0;44.05500030517578;-4.880000114440918;-14.899999618530273;-24.989999771118164;0.0;0.0;0.0;0.0;0.0;0.0;0.0;0.0;0.0;7;0.0;0.0;0.0;0.0;0.0;0.0;0.0;0.0;0.0;0.0;0.0;0.0;0.0;0.0;0.0;0.0;-5.825234413146973;-35.22581481933594;52.61800003051758;0.0;164.4199981689453;-0.009999999776482582;518415160;2368;50;28;0;0;0
1748649597;149571148;131.77999877929688;14.850000381469727;172.1699981689453;0.0;0.0;0.0;0.01875000074505806;-0.029750000685453415;0.996749997138977;5.460000038146973;4.559999942779541;-2.0399999618530273;-5.825522422790527;-35.225887298583984;166.02999877929688;-0.009999999776482582;0.0;43.45199966430664;-4.929999828338623;-14.979999542236328;-25.760000228881836;0.0;0.0;0.0;0.0;0.0;0.0;0.0;0.0;0.0;8;0.0;0.0;0.0;0.0;0.0;0.0;0.0;0.0;0.0;0.0;0.0;0.0;0.0;0.0;0.0;0.0;-5.825234413146973;-35.22581481933594;52.624000549316406;0.0;164.4199981689453;-0.009999999776482582;518415200;2368;50;28;0;0;0
1748649597;189890921;131.80999755859375;14.399999618530273;172.1999969482422;0.0;0.0;0.0;0.01875000074505806;-0.029750000685453415;0.996749997138977;7.980000019073486;-0.03999999910593033;-0.5600000023841858;-5.825528144836426;-35.225887298583984;166.02999877929688;0.0;0.0;42.40599822998047;-4.96999979019165;-15.069999694824219;-26.530000686645508;0.0;0.0;0.0;0.0;0.0;0.0;0.0;0.0;0.0;9;0.0;0.0;0.0;0.0;0.0;0.0;0.0;0.0;0.0;0.0;0.0;0.0;0.0;0.0;0.0;0.0;-5.825234413146973;-35.22581481933594;52.624000549316406;0.0;294.9200134277344;0.0;518415240;2368;50;28;0;0;0
1748649597;229850230;131.7100067138672;14.34000015258789;172.22999572753906;0.0;0.0;0.0;0.01875000074505806;-0.029750000685453415;0.996749997138977;1.0399999618530273;2.7799999713897705;0.0;-5.825533390045166;-35.22589111328125;166.02999877929688;0.009999999776482582;0.0;41.757999420166016;-5.019999980926514;-15.149999618530273;-27.299999237060547;0.0;0.0;0.0;0.0;0.0;0.0;0.0;0.0;0.0;10;0.0;0.0;0.0;0.0;0.0;0.0;0.0;0.0;0.0;0.0;0.0;0.0;0.0;0.0;0.0;0.0;-5.825234413146973;-35.22581481933594;52.637001037597656;0.0;124.06999969482422;0.009999999776482582;518415280;2368;50;28;0;0;0
1748649597;269237598;131.5500030517578;13.90999984741211;172.17999267578125;0.0;0.0;0.0;0.01850000023841858;-0.029750000685453415;0.996749997138977;11.720000267028809;-3.359999895095825;-10.020000457763672;-5.8255391120910645;-35.22589111328125;166.02999877929688;0.0;0.0;41.095001220703125;-5.059999942779541;-15.239999771118164;-28.06999969482422;0.0;0.0;0.0;0.0;0.0;0.0;0.0;0.0;0.0;11;0.0;0.0;0.0;0.0;0.0;0.0;0.0;0.0;0.0;0.0;0.0;0.0;0.0;0.0;0.0;0.0;-5.825234413146973;-35.22581481933594;52.63100051879883;0.0;79.9800033569336;0.0;518415320;2368;50;28;0;0;0
1748649597;308997428;131.38999938964844;13.699999809265137;172.19000244140625;0.0;0.0;0.0;0.01875000074505806;-0.029750000685453415;0.996749997138977;5.579999923706055;2.8399999141693115;-5.199999809265137;-5.825544357299805;-35.225894927978516;166.02999877929688;0.0;0.0;40.417999267578125;-5.110000133514404;-15.319999694824219;-28.84000015258789;0.0;0.0;0.0;0.0;0.0;0.0;0.0;0.0;0.0;12;0.0;0.0;0.0;0.0;0.0;0.0;0.0;0.0;0.0;0.0;0.0;0.0;0.0;0.0;0.0;0.0;-5.825234413146973;-35.22581481933594;52.62900161743164;0.0;86.80000305175781;0.0;518415360;2368;50;28;0;0;0
1748649597;349136969;131.27000427246094;13.40999984741211;172.24000549316406;0.0;0.0;0.0;0.01875000074505806;-0.029750000685453415;0.9965000152587891;3.6600000858306885;1.899999976158142;-4.28000020980835;-5.825550079345703;-35.225894927978516;166.02999877929688;0.0;0.0;39.724998474121094;-5.150000095367432;-15.399999618530273;-29.610000610351562;0.0;0.0;0.0;0.0;0.0;0.0;0.0;0.0;0.0;13;0.0;0.0;0.0;0.0;0.0;0.0;0.0;0.0;0.0;0.0;0.0;0.0;0.0;0.0;0.0;0.0;-5.825234413146973;-35.22581481933594;52.63100051879883;0.0;86.80000305175781;0.0;518415400;2368;50;28;0;0;0
1748649597;389241139;131.14999389648438;13.119999885559082;172.3300018310547;0.0;0.0;0.0;0.01875000074505806;-0.029750000685453415;0.996749997138977;3.2200000286102295;0.25999999046325684;-3.359999895095825;-5.825555801391602;-35.22589874267578;166.02999877929688;0.009999999776482582;0.009999999776482582;38.525001525878906;-5.190000057220459;-15.479999542236328;-30.3799991607666;0.0;0.0;0.0;0.0;0.0;0.0;0.0;0.0;0.0;14;0.0;0.0;0.0;0.0;0.0;0.0;0.0;0.0;0.0;0.0;0.0;0.0;0.0;0.0;0.0;0.0;-5.825234413146973;-35.22581481933594;52.63100051879883;0.009999999776482582;334.29998779296875;0.009999999776482582;518415440;2368;50;28;0;0;0
1748649597;428974222;130.91000366210938;12.979999542236328;172.25999450683594;0.0;0.0;0.0;0.01850000023841858;-0.029750000685453415;0.996749997138977;4.179999828338623;2.940000057220459;-7.800000190734863;-5.825561046600342;-35.22589874267578;166.02999877929688;-0.009999999776482582;0.0;37.78300094604492;-5.239999771118164;-15.5600004196167;-31.149999618530273;0.0;0.0;0.0;0.0;0.0;0.0;0.0;0.0;0.0;15;0.0;0.0;0.0;0.0;0.0;0.0;0.0;0.0;0.0;0.0;0.0;0.0;0.0;0.0;0.0;0.0;-5.825234413146973;-35.22581481933594;52.63999938964844;0.0;248.66000366210938;-0.009999999776482582;518415480;2368;50;28;0;0;0
1748649597;469552969;131.0;12.65999984741211;172.38999938964844;0.0;0.0;0.0;0.01850000023841858;-0.029750000685453415;0.996749997138977;9.699999809265137;3.740000009536743;-0.2800000011920929;-5.82556676864624;-35.22590255737305;166.02999877929688;-0.009999999776482582;0.009999999776482582;37.029998779296875;-5.28000020980835;-15.640000343322754;-31.920000076293945;0.0;0.0;0.0;0.0;0.0;0.0;0.0;0.0;0.0;16;0.0;0.0;0.0;0.0;0.0;0.0;0.0;0.0;0.0;0.0;0.0;0.0;0.0;0.0;0.0;0.0;-5.825234413146973;-35.22581481933594;52.632999420166016;0.009999999776482582;285.3299865722656;-0.009999999776482582;518415520;2368;50;28;0;0;0
1748649597;509280802;130.9499969482422;12.380000114440918;172.3800048828125;0.0;0.0;0.0;0.01875000074505806;-0.029750000685453415;0.9965000152587891;5.920000076293945;1.1799999475479126;-2.759999990463257;-5.825572490692139;-35.22590255737305;166.02999877929688;-0.019999999552965164;0.0;36.26300048828125;-5.320000171661377;-15.710000038146973;-32.70000076293945;0.0;0.0;0.0;0.0;0.0;0.0;0.0;0.0;0.0;17;0.0;0.0;0.0;0.0;0.0;0.0;0.0;0.0;0.0;0.0;0.0;0.0;0.0;0.0;0.0;0.0;-5.825234413146973;-35.22581481933594;52.64899826049805;0.0;71.97000122070312;-0.019999999552965164;518415560;2368;50;28;0;0;0
1748649597;549835426;130.8699951171875;12.130000114440918;172.38999938964844;0.0;0.0;0.0;0.01850000023841858;-0.029750000685453415;0.996749997138977;5.119999885559082;0.5799999833106995;-3.200000047683716;-5.825578212738037;-35.22590637207031;166.02999877929688;-0.019999999552965164;0.0;35.48099899291992;-5.360000133514404;-15.779999732971191;-33.470001220703125;0.0;0.0;0.0;0.0;0.0;0.0;0.0;0.0;0.0;18;0.0;0.0;0.0;0.0;0.0;0.0;0.0;0.0;0.0;0.0;0.0;0.0;0.0;0.0;0.0;0.0;-5.825234413146973;-35.22581481933594;52.64699935913086;0.0;71.97000122070312;-0.019999999552965164;518415600;2368;50;28;0;0;0
1748649597;588831458;130.80999755859375;11.960000038146973;172.4600067138672;0.0;0.0;0.0;0.01850000023841858;-0.029750000685453415;0.9965000152587891;5.5;5.440000057220459;0.47999998927116394;-5.8255839347839355;-35.22590637207031;166.02999877929688;0.009999999776482582;0.009999999776482582;34.12699890136719;-5.409999847412109;-15.850000381469727;-34.2400016784668;0.0;0.0;0.0;0.0;0.0;0.0;0.0;0.0;0.0;19;0.0;0.0;0.0;0.0;0.0;0.0;0.0;0.0;0.0;0.0;0.0;0.0;0.0;0.0;0.0;0.0;-5.825234413146973;-35.22581481933594;52.64699935913086;0.009999999776482582;124.91999816894531;0.009999999776482582;518415640;2368;50;28;0;0;0
1748649597;628848637;130.85000610351562;11.670000076293945;172.4499969482422;0.0;0.0;0.0;0.01875000074505806;-0.029750000685453415;0.996749997138977;6.260000228881836;-3.6600000858306885;-1.5800000429153442;-5.825589656829834;-35.22591018676758;166.02999877929688;0.0;0.0;33.29999923706055;-5.449999809265137;-15.920000076293945;-35.0099983215332;0.0;0.0;0.0;0.0;0.0;0.0;0.0;0.0;0.0;20;0.0;0.0;0.0;0.0;0.0;0.0;0.0;0.0;0.0;0.0;0.0;0.0;0.0;0.0;0.0;0.0;-5.825234413146973;-35.22581481933594;52.654998779296875;0.0;313.1199951171875;0.0;518415680;2368;50;28;0;0;0
1748649597;669133039;130.89999389648438;11.510000228881836;172.4499969482422;0.0;0.0;0.0;0.01875000074505806;-0.029750000685453415;0.996749997138977;6.039999961853027;0.2199999988079071;0.5;-5.825595378875732;-35.22591018676758;166.02999877929688;-0.009999999776482582;0.009999999776482582;32.457000732421875;-5.489999771118164;-15.989999771118164;-35.790000915527344;0.0;0.0;0.0;0.0;0.0;0.0;0.0;0.0;0.0;21;0.0;0.0;0.0;0.0;0.0;0.0;0.0;0.0;0.0;0.0;0.0;0.0;0.0;0.0;0.0;0.0;-5.825234413146973;-35.22581481933594;52.6349983215332;0.009999999776482582;285.42999267578125;-0.009999999776482582;518415720;2368;50;28;0;0;0
1748649597;709029105;130.9199981689453;11.289999961853027;172.4199981689453;0.0;0.0;0.0;0.01875000074505806;-0.029750000685453415;0.996749997138977;6.820000171661377;-1.899999976158142;-1.4800000190734863;-5.825601100921631;-35.225914001464844;166.02999877929688;0.019999999552965164;0.0;31.59600067138672;-5.53000020980835;-16.059999465942383;-36.560001373291016;0.0;0.0;0.0;0.0;0.0;0.0;0.0;0.0;0.0;22;0.0;0.0;0.0;0.0;0.0;0.0;0.0;0.0;0.0;0.0;0.0;0.0;0.0;0.0;0.0;0.0;-5.825234413146973;-35.22581481933594;52.63999938964844;0.0;253.47000122070312;0.019999999552965164;518415760;2368;50;28;0;0;0
1748649597;749167521;130.82000732421875;11.039999961853027;172.30999755859375;0.0;0.0;0.0;0.01875000074505806;-0.029750000685453415;0.9965000152587891;7.079999923706055;-0.46000000834465027;-4.860000133514404;-5.8256072998046875;-35.225914001464844;166.02999877929688;0.019999999552965164;0.0;30.725000381469727;-5.570000171661377;-16.1200008392334;-37.33000183105469;0.0;0.0;0.0;0.0;0.0;0.0;0.0;0.0;0.0;23;0.0;0.0;0.0;0.0;0.0;0.0;0.0;0.0;0.0;0.0;0.0;0.0;0.0;0.0;0.0;0.0;-5.825234413146973;-35.22581481933594;52.63999938964844;0.0;253.47000122070312;0.019999999552965164;518415800;2368;50;28;0;0;0
1748649597;789455173;130.82000732421875;10.819999694824219;172.32000732421875;0.0;0.0;0.0;0.01875000074505806;-0.029750000685453415;0.996749997138977;6.199999809265137;0.05999999865889549;-1.7000000476837158;-5.825613021850586;-35.22591781616211;166.02999877929688;0.019999999552965164;0.019999999552965164;29.215999603271484;-5.619999885559082;-16.190000534057617;-38.099998474121094;0.0;0.0;0.0;0.0;0.0;0.0;0.0;0.0;0.0;24;0.0;0.0;0.0;0.0;0.0;0.0;0.0;0.0;0.0;0.0;0.0;0.0;0.0;0.0;0.0;0.0;-5.825234413146973;-35.22581481933594;52.63999938964844;0.019999999552965164;91.05000305175781;0.019999999552965164;518415840;2368;50;28;0;0;0
1748649597;829302869;130.66000366210938;10.649999618530273;172.4199981689453;0.0;0.0;0.0;0.01875000074505806;-0.029750000685453415;0.996749997138977;4.800000190734863;4.920000076293945;-1.6399999856948853;-5.825618743896484;-35.22591781616211;166.02999877929688;0.0;0.009999999776482582;27.68199920654297;-5.659999847412109;-16.25;-38.880001068115234;0.0;0.0;0.0;0.0;0.0;0.0;0.0;0.0;0.0;25;0.0;0.0;0.0;0.0;0.0;0.0;0.0;0.0;0.0;0.0;0.0;0.0;0.0;0.0;0.0;0.0;-5.825234413146973;-35.22581481933594;52.6349983215332;0.009999999776482582;266.1600036621094;0.0;518415880;2368;50;28;0;0;0
1748649597;869599894;130.55999755859375;10.430000305175781;172.3800048828125;0.0;0.0;0.0;0.01875000074505806;-0.029500000178813934;0.996749997138977;8.020000457763672;0.1599999964237213;-3.4800000190734863;-5.825624942779541;-35.225921630859375;166.02999877929688;-0.009999999776482582;0.009999999776482582;26.118000030517578;-5.699999809265137;-16.309999465942383;-39.65999984741211;0.0;0.0;0.0;0.0;0.0;0.0;0.0;0.0;0.0;26;0.0;0.0;0.0;0.0;0.0;0.0;0.0;0.0;0.0;0.0;0.0;0.0;0.0;0.0;0.0;0.0;-5.825234413146973;-35.22581481933594;52.62200164794922;0.009999999776482582;18.559999465942383;-0.009999999776482582;518415920;2368;50;28;0;0;0
1748649597;909564328;130.36000061035156;10.180000305175781;172.3000030517578;0.0;0.0;0.0;0.01875000074505806;-0.029750000685453415;0.996749997138977;5.380000114440918;-3.0999999046325684;-7.079999923706055;-5.8256306648254395;-35.225921630859375;166.02999877929688;0.0;0.009999999776482582;24.523000717163086;-5.739999771118164;-16.3700008392334;-40.43000030517578;0.0;0.0;0.0;0.0;0.0;0.0;0.0;0.0;0.0;27;0.0;0.0;0.0;0.0;0.0;0.0;0.0;0.0;0.0;0.0;0.0;0.0;0.0;0.0;0.0;0.0;-5.8252339363098145;-35.22581481933594;52.625999450683594;0.009999999776482582;35.189998626708984;0.0;518415960;2368;50;28;0;0;0
1748649597;949613379;131.2899932861328;9.9399995803833;172.1999969482422;0.0;0.0;0.0;0.01875000074505806;-0.029750000685453415;0.996749997138977;6.619999885559082;1.4600000381469727;-4.420000076293945;-5.825636386871338;-35.22592544555664;166.0;0.0;0.009999999776482582;22.889999389648438;-5.789999961853027;-16.43000030517578;-41.209999084472656;0.0;0.0;0.0;0.0;0.0;0.0;0.0;0.0;0.0;28;0.0;0.0;0.0;0.0;0.0;0.0;0.0;0.0;0.0;0.0;0.0;0.0;0.0;0.0;0.0;0.0;-5.8252339363098145;-35.22581481933594;52.625999450683594;0.009999999776482582;35.189998626708984;0.0;518416000;2368;50;28;0;0;0
1748649597;989849660;130.97000122070312;9.829999923706055;172.0500030517578;0.0;0.0;0.0;0.01875000074505806;-0.029750000685453415;0.9965000152587891;1.3600000143051147;-1.8200000524520874;-8.84000015258789;-5.8256425857543945;-35.22592544555664;166.0;-0.029999999329447746;0.009999999776482582;21.233999252319336;-5.829999923706055;-16.479999542236328;-41.9900016784668;0.0;0.0;0.0;0.0;0.0;0.0;0.0;0.0;0.0;29;0.0;0.0;0.0;0.0;0.0;0.0;0.0;0.0;0.0;0.0;0.0;0.0;0.0;0.0;0.0;0.0;-5.825234413146973;-35.22581481933594;52.62900161743164;0.009999999776482582;230.0500030517578;-0.029999999329447746;518416040;2368;50;28;0;0;0
1748649598;28646963;130.8699951171875;9.579999923706055;172.1300048828125;0.0;0.0;0.0;0.01875000074505806;-0.029750000685453415;0.9965000152587891;7.800000190734863;1.659999966621399;-1.440000057220459;-5.825648307800293;-35.225929260253906;166.0;0.0;0.0;55.0989990234375;-5.880000114440918;-16.540000915527344;-0.6399999856948853;0.0;0.0;0.0;0.0;0.0;0.0;0.0;0.0;0.0;30;0.0;0.0;0.0;0.0;0.0;0.0;0.0;0.0;0.0;0.0;0.0;0.0;0.0;0.0;0.0;0.0;-5.825234413146973;-35.22581481933594;52.60300064086914;0.0;268.9599914550781;0.0;518416080;2368;50;28;0;0;0
1748649598;69249457;130.82000732421875;9.34000015258789;172.1699981689453;0.0;0.0;0.0;0.01875000074505806;-0.029750000685453415;0.9965000152587891;7.639999866485596;0.5;-1.2999999523162842;-5.82565450668335;-35.225929260253906;166.0;0.0;0.0;55.06399917602539;-5.920000076293945;-16.600000381469727;-1.409999966621399;0.0;0.0;0.0;0.0;0.0;0.0;0.0;0.0;0.0;31;0.0;0.0;0.0;0.0;0.0;0.0;0.0;0.0;0.0;0.0;0.0;0.0;0.0;0.0;0.0;0.0;-5.825234413146973;-35.22581481933594;52.60300064086914;0.0;234.8300018310547;0.0;518416120;2368;50;28;0;0;0
1748649598;109109402;130.67999267578125;9.050000190734863;172.11000061035156;0.0;0.0;0.0;0.01875000074505806;-0.029750000685453415;0.996749997138977;6.420000076293945;-2.0799999237060547;-8.720000267028809;-5.825660705566406;-35.22593307495117;166.0;0.009999999776482582;0.0;55.01300048828125;-5.960000038146973;-16.649999618530273;-2.1700000762939453;0.0;0.0;0.0;0.0;0.0;0.0;0.0;0.0;0.0;0;0.0;0.0;0.0;0.0;0.0;0.0;0.0;0.0;0.0;0.0;0.0;0.0;0.0;0.0;0.0;0.0;-5.825234413146973;-35.22581481933594;52.60499954223633;0.0;79.33999633789062;0.009999999776482582;518416160;2368;50;28;0;0;0
1748649598;148849109;130.61000061035156;8.819999694824219;172.1199951171875;0.0;0.0;0.0;0.01875000074505806;-0.029750000685453415;0.9965000152587891;8.399999618530273;0.10000000149011612;-0.9800000190734863;-5.825666427612305;-35.22593688964844;166.0;0.009999999776482582;0.0;54.944000244140625;-6.0;-16.700000762939453;-2.950000047683716;0.0;0.0;0.0;0.0;0.0;0.0;0.0;0.0;0.0;1;0.0;0.0;0.0;0.0;0.0;0.0;0.0;0.0;0.0;0.0;0.0;0.0;0.0;0.0;0.0;0.0;-5.825234413146973;-35.22581481933594;52.60499954223633;0.0;79.33999633789062;0.009999999776482582;518416200;2368;50;28;0;0;0
1748649598;189213627;130.60000610351562;8.529999732971191;172.19000244140625;0.0;0.0;0.0;0.01875000074505806;-0.029750000685453415;0.996749997138977;7.380000114440918;0.2800000011920929;0.4000000059604645;-5.825672626495361;-35.22593688964844;166.0;0.0;0.009999999776482582;54.8129997253418;-6.050000190734863;-16.75;-3.700000047683716;0.0;0.0;0.0;0.0;0.0;0.0;0.0;0.0;0.0;2;0.0;0.0;0.0;0.0;0.0;0.0;0.0;0.0;0.0;0.0;0.0;0.0;0.0;0.0;0.0;0.0;-5.825234413146973;-35.22581481933594;52.60499954223633;0.009999999776482582;237.33999633789062;0.0;518416240;2368;50;28;0;0;0
1748649598;229289925;130.47999572753906;8.329999923706055;172.08999633789062;0.0;0.0;0.0;0.01875000074505806;-0.029750000685453415;0.9965000152587891;4.71999979019165;-4.480000019073486;-4.519999980926514;-5.825678825378418;-35.2259407043457;166.0;0.0;0.0;54.69900131225586;-6.090000152587891;-16.799999237060547;-4.480000019073486;0.0;0.0;0.0;0.0;0.0;0.0;0.0;0.0;0.0;3;0.0;0.0;0.0;0.0;0.0;0.0;0.0;0.0;0.0;0.0;0.0;0.0;0.0;0.0;0.0;0.0;-5.825234413146973;-35.22581481933594;52.611000061035156;0.0;34.36000061035156;0.0;518416280;2368;50;28;0;0;0
1748649598;270479859;130.25999450683594;8.140000343322754;172.11000061035156;0.0;0.0;0.0;0.01875000074505806;-0.029750000685453415;0.9965000152587891;4.28000020980835;2.319999933242798;-3.740000009536743;-5.825684547424316;-35.2259407043457;166.0;0.0;0.009999999776482582;54.566001892089844;-6.130000114440918;-16.850000381469727;-5.25;0.0;0.0;0.0;0.0;0.0;0.0;0.0;0.0;0.0;4;0.0;0.0;0.0;0.0;0.0;0.0;0.0;0.0;0.0;0.0;0.0;0.0;0.0;0.0;0.0;0.0;-5.825234413146973;-35.22581481933594;52.597999572753906;0.009999999776482582;62.060001373291016;0.0;518416320;2368;50;28;0;0;0
1748649598;309513138;130.19000244140625;7.869999885559082;172.0399932861328;0.0;0.0;0.0;0.01875000074505806;-0.029750000685453415;0.996749997138977;8.5600004196167;-3.0;-3.259999990463257;-5.825690746307373;-35.22594451904297;166.0;-0.009999999776482582;0.0;54.41899871826172;-6.170000076293945;-16.889999389648438;-6.03000020980835;0.0;0.0;0.0;0.0;0.0;0.0;0.0;0.0;0.0;5;0.0;0.0;0.0;0.0;0.0;0.0;0.0;0.0;0.0;0.0;0.0;0.0;0.0;0.0;0.0;0.0;-5.825234413146973;-35.22581481933594;52.5989990234375;0.0;210.0800018310547;-0.009999999776482582;518416360;2368;50;28;0;0;0
1748649598;349460324;130.05999755859375;7.559999942779541;172.10000610351562;0.0;0.0;0.0;0.01875000074505806;-0.029750000685453415;0.9965000152587891;6.119999885559082;-0.2199999988079071;-1.2000000476837158;-5.82569694519043;-35.22594451904297;166.0;-0.009999999776482582;0.0;54.25600051879883;-6.21999979019165;-16.93000030517578;-6.809999942779541;0.0;0.0;0.0;0.0;0.0;0.0;0.0;0.0;0.0;6;0.0;0.0;0.0;0.0;0.0;0.0;0.0;0.0;0.0;0.0;0.0;0.0;0.0;0.0;0.0;0.0;-5.825234413146973;-35.22581481933594;52.59000015258789;0.0;210.0800018310547;-0.009999999776482582;518416400;2368;50;28;0;0;0
1748649598;389732102;130.1300048828125;7.320000171661377;172.11000061035156;0.0;0.0;0.0;0.01875000074505806;-0.029750000685453415;0.996749997138977;6.400000095367432;-3.4600000381469727;-0.11999999731779099;-5.825703144073486;-35.225948333740234;166.0;-0.009999999776482582;0.0;53.96799850463867;-6.260000228881836;-16.979999542236328;-7.590000152587891;0.0;0.0;0.0;0.0;0.0;0.0;0.0;0.0;0.0;7;0.0;0.0;0.0;0.0;0.0;0.0;0.0;0.0;0.0;0.0;0.0;0.0;0.0;0.0;0.0;0.0;-5.825234413146973;-35.22581481933594;52.59000015258789;0.0;170.7100067138672;-0.009999999776482582;518416440;2368;50;28;0;0;0
1748649598;428682764;130.0399932861328;7.119999885559082;172.02999877929688;0.0;0.0;0.0;0.01875000074505806;-0.029750000685453415;0.996749997138977;4.920000076293945;-2.9200000762939453;-2.200000047683716;-5.825709342956543;-35.225948333740234;166.0;0.0;0.0;53.757999420166016;-6.300000190734863;-17.020000457763672;-8.369999885559082;0.0;0.0;0.0;0.0;0.0;0.0;0.0;0.0;0.0;8;0.0;0.0;0.0;0.0;0.0;0.0;0.0;0.0;0.0;0.0;0.0;0.0;0.0;0.0;0.0;0.0;-5.825234413146973;-35.22581481933594;52.5890007019043;0.0;297.3800048828125;0.0;518416480;2368;50;28;0;0;0
1748649598;468759562;129.9199981689453;6.900000095367432;172.0;0.0;0.0;0.0;0.01875000074505806;-0.029750000685453415;0.9965000152587891;3.8399999141693115;-1.6200000047683716;-1.8799999952316284;-5.8257155418396;-35.2259521484375;166.0;0.009999999776482582;0.0;53.534000396728516;-6.349999904632568;-17.059999465942383;-9.149999618530273;0.0;0.0;0.0;0.0;0.0;0.0;0.0;0.0;0.0;9;0.0;0.0;0.0;0.0;0.0;0.0;0.0;0.0;0.0;0.0;0.0;0.0;0.0;0.0;0.0;0.0;-5.825234413146973;-35.22581481933594;52.590999603271484;0.0;303.2099914550781;0.009999999776482582;518416520;2368;50;28;0;0;0
1748649598;508850733;129.77000427246094;6.650000095367432;171.89999389648438;0.0;0.0;0.0;0.01875000074505806;-0.029750000685453415;0.9965000152587891;6.28000020980835;-2.9800000190734863;-6.460000038146973;-5.825721740722656;-35.225955963134766;166.0;-0.019999999552965164;0.0;53.29499816894531;-6.389999866485596;-17.09000015258789;-9.930000305175781;0.0;0.0;0.0;0.0;0.0;0.0;0.0;0.0;0.0;10;0.0;0.0;0.0;0.0;0.0;0.0;0.0;0.0;0.0;0.0;0.0;0.0;0.0;0.0;0.0;0.0;-5.825234413146973;-35.22581481933594;52.590999603271484;0.0;270.2900085449219;-0.019999999552965164;518416560;2368;50;28;0;0;0
1748649598;548812543;129.66000366210938;6.400000095367432;171.8800048828125;0.0;0.0;0.0;0.01875000074505806;-0.029750000685453415;0.9965000152587891;4.960000038146973;-0.8199999928474426;-5.579999923706055;-5.825727939605713;-35.225955963134766;166.0;-0.019999999552965164;0.0;53.04100036621094;-6.429999828338623;-17.1299991607666;-10.699999809265137;0.0;0.0;0.0;0.0;0.0;0.0;0.0;0.0;0.0;11;0.0;0.0;0.0;0.0;0.0;0.0;0.0;0.0;0.0;0.0;0.0;0.0;0.0;0.0;0.0;0.0;-5.825234413146973;-35.22581481933594;52.58700180053711;0.0;270.2900085449219;-0.019999999552965164;518416600;2368;50;28;0;0;0
1748649598;589024452;129.60000610351562;6.260000228881836;171.99000549316406;0.0;0.0;0.0;0.01899999938905239;-0.029750000685453415;0.996749997138977;3.700000047683716;0.9200000166893005;-3.440000057220459;-5.8257341384887695;-35.22595977783203;166.0;-0.009999999776482582;0.0;52.59700012207031;-6.480000019073486;-17.15999984741211;-11.479999542236328;0.0;0.0;0.0;0.0;0.0;0.0;0.0;0.0;0.0;12;0.0;0.0;0.0;0.0;0.0;0.0;0.0;0.0;0.0;0.0;0.0;0.0;0.0;0.0;0.0;0.0;-5.825234413146973;-35.22581481933594;52.58700180053711;0.0;236.0399932861328;-0.009999999776482582;518416640;2368;50;28;0;0;0
1748649598;628908144;129.41000366210938;6.130000114440918;171.94000244140625;0.0;0.0;0.0;0.01850000023841858;-0.029750000685453415;0.9965000152587891;2.6600000858306885;-0.36000001430511475;-2.859999895095825;-5.825740337371826;-35.22595977783203;166.0;0.0;0.009999999776482582;52.292999267578125;-6.519999980926514;-17.200000762939453;-12.260000228881836;0.0;0.0;0.0;0.0;0.0;0.0;0.0;0.0;0.0;13;0.0;0.0;0.0;0.0;0.0;0.0;0.0;0.0;0.0;0.0;0.0;0.0;0.0;0.0;0.0;0.0;-5.825234413146973;-35.22581481933594;52.5890007019043;0.009999999776482582;125.13999938964844;0.0;518416680;2368;50;28;0;0;0
1748649598;669173047;129.30999755859375;5.860000133514404;171.91000366210938;0.0;0.0;0.0;0.01875000074505806;-0.029750000685453415;0.996999979019165;4.920000076293945;1.3799999952316284;0.6800000071525574;-5.825746536254883;-35.2259635925293;166.0;0.0;0.0;51.97800064086914;-6.559999942779541;-17.229999542236328;-13.039999961853027;0.0;0.0;0.0;0.0;0.0;0.0;0.0;0.0;0.0;14;0.0;0.0;0.0;0.0;0.0;0.0;0.0;0.0;0.0;0.0;0.0;0.0;0.0;0.0;0.0;0.0;-5.825234413146973;-35.22581481933594;52.58700180053711;0.0;284.75;0.0;518416720;2368;50;28;0;0;0
1748649598;709121358;129.3300018310547;5.679999828338623;172.07000732421875;0.0;0.0;0.0;0.01875000074505806;-0.029750000685453415;0.996749997138977;3.559999942779541;4.71999979019165;-0.30000001192092896;-5.8257527351379395;-35.22596740722656;166.0;0.009999999776482582;0.0;51.64799880981445;-6.610000133514404;-17.260000228881836;-13.819999694824219;0.0;0.0;0.0;0.0;0.0;0.0;0.0;0.0;0.0;15;0.0;0.0;0.0;0.0;0.0;0.0;0.0;0.0;0.0;0.0;0.0;0.0;0.0;0.0;0.0;0.0;-5.825234413146973;-35.22581481933594;52.58300018310547;0.0;258.4800109863281;0.009999999776482582;518416760;2368;50;28;0;0;0
1748649598;749156410;129.1999969482422;5.570000171661377;172.16000366210938;0.0;0.0;0.0;0.01875000074505806;-0.029750000685453415;0.9965000152587891;1.2599999904632568;1.7799999713897705;-6.5;-5.825758934020996;-35.22596740722656;166.0;0.009999999776482582;0.0;51.29899978637695;-6.650000095367432;-17.290000915527344;-14.600000381469727;0.0;0.0;0.0;0.0;0.0;0.0;0.0;0.0;0.0;16;0.0;0.0;0.0;0.0;0.0;0.0;0.0;0.0;0.0;0.0;0.0;0.0;0.0;0.0;0.0;0.0;-5.825234413146973;-35.22581481933594;52.58100128173828;0.0;258.4800109863281;0.009999999776482582;518416800;2368;50;28;0;0;0
1748649598;789615419;128.8800048828125;5.429999828338623;172.2100067138672;0.0;0.0;0.0;0.01875000074505806;-0.029500000178813934;0.996749997138977;1.5800000429153442;3.299999952316284;-9.619999885559082;-5.825765132904053;-35.22597122192383;166.0;0.0;0.0;50.69900131225586;-6.690000057220459;-17.31999969482422;-15.380000114440918;0.0;0.0;0.0;0.0;0.0;0.0;0.0;0.0;0.0;17;0.0;0.0;0.0;0.0;0.0;0.0;0.0;0.0;0.0;0.0;0.0;0.0;0.0;0.0;0.0;0.0;-5.825234413146973;-35.22581481933594;52.58100128173828;0.0;294.7099914550781;0.0;518416840;2368;50;28;0;0;0
1748649598;829591352;128.8699951171875;5.210000038146973;172.30999755859375;0.0;0.0;0.0;0.01875000074505806;-0.029500000178813934;0.9965000152587891;5.019999980926514;4.400000095367432;0.41999998688697815;-5.825771331787109;-35.22597122192383;166.0;0.0;0.009999999776482582;50.310001373291016;-6.730000019073486;-17.350000381469727;-16.15999984741211;0.0;0.0;0.0;0.0;0.0;0.0;0.0;0.0;0.0;18;0.0;0.0;0.0;0.0;0.0;0.0;0.0;0.0;0.0;0.0;0.0;0.0;0.0;0.0;0.0;0.0;-5.825234413146973;-35.22581481933594;52.597999572753906;0.009999999776482582;97.4000015258789;0.0;518416880;2368;50;28;0;0;0
1748649598;869697397;128.67999267578125;5.070000171661377;172.27999877929688;0.0;0.0;0.0;0.01875000074505806;-0.029750000685453415;0.996749997138977;4.0;0.8600000143051147;-3.819999933242798;-5.825778007507324;-35.225975036621094;166.0;0.0;0.009999999776482582;49.90599822998047;-6.769999980926514;-17.3799991607666;-16.940000534057617;0.0;0.0;0.0;0.0;0.0;0.0;0.0;0.0;0.0;19;0.0;0.0;0.0;0.0;0.0;0.0;0.0;0.0;0.0;0.0;0.0;0.0;0.0;0.0;0.0;0.0;-5.825234413146973;-35.22581481933594;52.60300064086914;0.009999999776482582;29.360000610351562;0.0;518416920;2368;50;28;0;0;0
1748649598;909597712;128.6300048828125;4.760000228881836;172.35000610351562;0.0;0.0;0.0;0.01850000023841858;-0.029750000685453415;0.996749997138977;8.800000190734863;1.0399999618530273;-1.7200000286102295;-5.825784206390381;-35.22597885131836;166.0;-0.009999999776482582;0.0;49.481998443603516;-6.809999942779541;-17.399999618530273;-17.719999313354492;0.0;0.0;0.0;0.0;0.0;0.0;0.0;0.0;0.0;20;0.0;0.0;0.0;0.0;0.0;0.0;0.0;0.0;0.0;0.0;0.0;0.0;0.0;0.0;0.0;0.0;-5.825234413146973;-35.22581481933594;52.606998443603516;0.0;235.3699951171875;-0.009999999776482582;518416960;2368;50;28;0;0;0
1748649598;948610868;129.16000366210938;4.599999904632568;172.44000244140625;0.0;0.0;0.0;0.01875000074505806;-0.029750000685453415;0.996749997138977;2.4200000762939453;0.8199999928474426;-1.6799999475479126;-5.8257904052734375;-35.22597885131836;166.05999755859375;-0.009999999776482582;0.0;48.757999420166016;-6.869999885559082;-17.420000076293945;-18.5;0.0;0.0;0.0;0.0;0.0;0.0;0.0;0.0;0.0;21;0.0;0.0;0.0;0.0;0.0;0.0;0.0;0.0;0.0;0.0;0.0;0.0;0.0;0.0;0.0;0.0;-5.825234413146973;-35.22581481933594;52.606998443603516;0.0;235.3699951171875;-0.009999999776482582;518417000;2368;50;28;0;0;0
1748649598;988915893;129.0500030517578;4.349999904632568;172.47000122070312;0.0;0.0;0.0;0.01850000023841858;-0.029750000685453415;0.9965000152587891;8.100000381469727;0.6200000047683716;-3.3399999141693115;-5.825796604156494;-35.225982666015625;166.05999755859375;-0.009999999776482582;0.0;48.292999267578125;-6.909999847412109;-17.440000534057617;-19.280000686645508;0.0;0.0;0.0;0.0;0.0;0.0;0.0;0.0;0.0;22;0.0;0.0;0.0;0.0;0.0;0.0;0.0;0.0;0.0;0.0;0.0;0.0;0.0;0.0;0.0;0.0;-5.825234413146973;-35.22581481933594;52.61399841308594;0.0;313.989990234375;-0.009999999776482582;518417040;2368;50;28;0;0;0
1748649599;28863079;128.99000549316406;4.019999980926514;172.49000549316406;0.0;0.0;0.0;0.01875000074505806;-0.029750000685453415;0.996749997138977;9.260000228881836;3.059999942779541;-3.440000057220459;-5.825802803039551;-35.22598648071289;166.05999755859375;0.0;0.0;47.8129997253418;-6.940000057220459;-17.469999313354492;-20.059999465942383;0.0;0.0;0.0;0.0;0.0;0.0;0.0;0.0;0.0;23;0.0;0.0;0.0;0.0;0.0;0.0;0.0;0.0;0.0;0.0;0.0;0.0;0.0;0.0;0.0;0.0;-5.825234413146973;-35.22581481933594;52.62699890136719;0.0;167.47000122070312;0.0;518417080;2368;50;28;0;0;0
1748649599;69040866;128.92999267578125;3.680000066757202;172.3699951171875;0.0;0.0;0.0;0.01899999938905239;-0.029750000685453415;0.996749997138977;7.800000190734863;-3.9600000381469727;-4.440000057220459;-5.825809478759766;-35.22598648071289;166.05999755859375;0.029999999329447746;0.0;47.319000244140625;-6.980000019073486;-17.489999771118164;-20.84000015258789;0.0;0.0;0.0;0.0;0.0;0.0;0.0;0.0;0.0;24;0.0;0.0;0.0;0.0;0.0;0.0;0.0;0.0;0.0;0.0;0.0;0.0;0.0;0.0;0.0;0.0;-5.825234413146973;-35.22581481933594;52.625;0.0;65.05000305175781;0.029999999329447746;518417120;2368;50;28;0;0;0
1748649599;109101790;128.89999389648438;3.430000066757202;172.38999938964844;0.0;0.0;0.0;0.01875000074505806;-0.029750000685453415;0.9965000152587891;6.099999904632568;-1.1799999475479126;-0.2199999988079071;-5.825815677642822;-35.225990295410156;166.05999755859375;0.0;0.0;46.80799865722656;-7.019999980926514;-17.5;-21.6200008392334;0.0;0.0;0.0;0.0;0.0;0.0;0.0;0.0;0.0;25;0.0;0.0;0.0;0.0;0.0;0.0;0.0;0.0;0.0;0.0;0.0;0.0;0.0;0.0;0.0;0.0;-5.825234413146973;-35.22581481933594;52.62099838256836;0.0;154.02999877929688;0.0;518417160;2368;50;28;0;0;0
1748649599;149375693;128.85000610351562;3.309999942779541;172.35000610351562;0.0;0.0;0.0;0.01875000074505806;-0.029750000685453415;0.996749997138977;4.340000152587891;-3.059999942779541;-1.7200000286102295;-5.825821876525879;-35.225990295410156;166.05999755859375;0.0;0.0;46.284000396728516;-7.059999942779541;-17.520000457763672;-22.399999618530273;0.0;0.0;0.0;0.0;0.0;0.0;0.0;0.0;0.0;26;0.0;0.0;0.0;0.0;0.0;0.0;0.0;0.0;0.0;0.0;0.0;0.0;0.0;0.0;0.0;0.0;-5.825234413146973;-35.22581481933594;52.625;0.0;154.02999877929688;0.0;518417200;2368;50;28;0;0;0
1748649599;189571978;128.77000427246094;3.190000057220459;172.30999755859375;0.0;0.0;0.0;0.01875000074505806;-0.029750000685453415;0.996749997138977;2.940000057220459;3.140000104904175;0.9599999785423279;-5.825828552246094;-35.22599411010742;166.05999755859375;0.0;0.009999999776482582;45.37200164794922;-7.110000133514404;-17.530000686645508;-23.18000030517578;0.0;0.0;0.0;0.0;0.0;0.0;0.0;0.0;0.0;27;0.0;0.0;0.0;0.0;0.0;0.0;0.0;0.0;0.0;0.0;0.0;0.0;0.0;0.0;0.0;0.0;-5.825234413146973;-35.22581481933594;52.625;0.009999999776482582;260.69000244140625;0.0;518417240;2368;50;28;0;0;0
1748649599;229487168;139.0500030517578;3.0899999141693115;172.2899932861328;0.0;0.0;0.0;0.01875000074505806;-0.029750000685453415;0.996749997138977;2.200000047683716;-0.30000001192092896;-4.260000228881836;-5.825245380401611;-35.22581100463867;166.05999755859375;0.009999999776482582;0.0;44.80099868774414;0.15000000596046448;0.019999999552965164;-23.959999084472656;0.0;0.0;0.0;0.0;0.0;0.0;0.0;0.0;0.0;28;0.0;0.0;0.0;0.0;0.0;0.0;0.0;0.0;0.0;0.0;0.0;0.0;0.0;0.0;0.0;0.0;-5.825234413146973;-35.22581481933594;52.61800003051758;0.0;342.7799987792969;0.009999999776482582;518417280;2368;50;28;0;0;0
1748649599;269612960;138.74000549316406;2.75;172.25;0.0;0.0;0.0;0.01875000074505806;-0.029750000685453415;0.996999979019165;8.5;2.940000057220459;-8.279999732971191;-5.8252458572387695;-35.22581100463867;166.05999755859375;0.0;0.0;44.21500015258789;0.1899999976158142;-0.1599999964237213;-24.739999771118164;0.0;0.0;0.0;0.0;0.0;0.0;0.0;0.0;0.0;29;0.0;0.0;0.0;0.0;0.0;0.0;0.0;0.0;0.0;0.0;0.0;0.0;0.0;0.0;0.0;0.0;-5.825234413146973;-35.22581481933594;52.632999420166016;0.0;123.04000091552734;0.0;518417320;2368;50;28;0;0;0
1748649599;309709256;138.67999267578125;2.5;172.22999572753906;0.0;0.0;0.0;0.01875000074505806;-0.029750000685453415;0.996749997138977;5.480000019073486;0.019999999552965164;-4.420000076293945;-5.8252458572387695;-35.22581100463867;166.05999755859375;0.009999999776482582;0.0;43.61399841308594;0.10999999940395355;-0.17000000178813934;-25.520000457763672;0.0;0.0;0.0;0.0;0.0;0.0;0.0;0.0;0.0;30;0.0;0.0;0.0;0.0;0.0;0.0;0.0;0.0;0.0;0.0;0.0;0.0;0.0;0.0;0.0;0.0;-5.825234413146973;-35.22581481933594;52.63600158691406;0.0;22.860000610351562;0.009999999776482582;518417360;2368;50;28;0;0;0
1748649599;348597800;138.5399932861328;2.2899999618530273;172.22000122070312;0.0;0.0;0.0;0.01875000074505806;-0.029500000178813934;0.996749997138977;6.320000171661377;-0.5;-4.320000171661377;-5.825246334075928;-35.22581100463867;166.05999755859375;0.009999999776482582;0.0;42.999000549316406;0.07000000029802322;-0.17000000178813934;-26.299999237060547;0.0;0.0;0.0;0.0;0.0;0.0;0.0;0.0;0.0;31;0.0;0.0;0.0;0.0;0.0;0.0;0.0;0.0;0.0;0.0;0.0;0.0;0.0;0.0;0.0;0.0;-5.825234413146973;-35.22581481933594;52.64899826049805;0.0;22.860000610351562;0.009999999776482582;518417400;2368;50;28;0;0;0
1748649599;388891825;138.30999755859375;2.0999999046325684;172.39999389648438;0.0;0.0;0.0;0.01875000074505806;-0.029500000178813934;0.996749997138977;4.960000038146973;2.819999933242798;-5.860000133514404;-5.825246334075928;-35.22581100463867;166.05999755859375;-0.019999999552965164;0.009999999776482582;41.930999755859375;0.0;-0.15000000596046448;-27.079999923706055;0.0;0.0;0.0;0.0;0.0;0.0;0.0;0.0;0.0;0;0.0;0.0;0.0;0.0;0.0;0.0;0.0;0.0;0.0;0.0;0.0;0.0;0.0;0.0;0.0;0.0;-5.825234413146973;-35.22581481933594;52.64899826049805;0.009999999776482582;213.22000122070312;-0.019999999552965164;518417440;2368;50;28;0;0;0
1748649599;428707774;138.1199951171875;1.9299999475479126;172.30999755859375;0.0;0.0;0.0;0.01875000074505806;-0.029750000685453415;0.996749997138977;2.859999895095825;-0.6399999856948853;-7.559999942779541;-5.825246334075928;-35.22581100463867;166.05999755859375;-0.009999999776482582;0.0;41.27000045776367;0.009999999776482582;-0.14000000059604645;-27.860000610351562;0.0;0.0;0.0;0.0;0.0;0.0;0.0;0.0;0.0;1;0.0;0.0;0.0;0.0;0.0;0.0;0.0;0.0;0.0;0.0;0.0;0.0;0.0;0.0;0.0;0.0;-5.825234413146973;-35.22581481933594;52.641998291015625;0.0;30.540000915527344;-0.009999999776482582;518417480;2368;50;28;0;0;0
1748649599;468925933;137.89999389648438;1.8600000143051147;172.3300018310547;0.0;0.0;0.0;0.01875000074505806;-0.029750000685453415;0.9965000152587891;2.799999952316284;1.159999966621399;-4.21999979019165;-5.825246334075928;-35.22581100463867;166.05999755859375;0.0;0.0;40.59299850463867;-0.019999999552965164;-0.10999999940395355;-28.639999389648438;0.0;0.0;0.0;0.0;0.0;0.0;0.0;0.0;0.0;2;0.0;0.0;0.0;0.0;0.0;0.0;0.0;0.0;0.0;0.0;0.0;0.0;0.0;0.0;0.0;0.0;-5.825234413146973;-35.22581481933594;52.63800048828125;0.0;336.44000244140625;0.0;518417520;2368;50;28;0;0;0
1748649599;508900366;137.72000122070312;1.559999942779541;172.38999938964844;0.0;0.0;0.0;0.01875000074505806;-0.029750000685453415;0.996749997138977;6.460000038146973;0.36000001430511475;-11.279999732971191;-5.825246334075928;-35.22581100463867;166.05999755859375;0.0;0.0;39.902000427246094;-0.07000000029802322;-0.10999999940395355;-29.420000076293945;0.0;0.0;0.0;0.0;0.0;0.0;0.0;0.0;0.0;3;0.0;0.0;0.0;0.0;0.0;0.0;0.0;0.0;0.0;0.0;0.0;0.0;0.0;0.0;0.0;0.0;-5.825234413146973;-35.22581481933594;52.63999938964844;0.0;35.31999969482422;0.0;518417560;2368;50;28;0;0;0
1748649599;549092027;137.55999755859375;1.2899999618530273;172.30999755859375;0.0;0.0;0.0;0.01875000074505806;-0.029750000685453415;0.9965000152587891;4.840000152587891;1.5800000429153442;-4.079999923706055;-5.825246334075928;-35.22581100463867;166.05999755859375;0.0;0.0;39.19599914550781;-0.10999999940395355;-0.10000000149011612;-30.200000762939453;0.0;0.0;0.0;0.0;0.0;0.0;0.0;0.0;0.0;4;0.0;0.0;0.0;0.0;0.0;0.0;0.0;0.0;0.0;0.0;0.0;0.0;0.0;0.0;0.0;0.0;-5.825234413146973;-35.22581481933594;52.63999938964844;0.0;35.31999969482422;0.0;518417600;2368;50;28;0;0;0
1748649599;589438047;137.63999938964844;1.090000033378601;172.22000122070312;0.0;0.0;0.0;0.01875000074505806;-0.029750000685453415;0.996749997138977;3.880000114440918;-3.4200000762939453;1.6200000047683716;-5.825246334075928;-35.22581100463867;166.05999755859375;0.0;0.0;37.97200012207031;-0.11999999731779099;-0.12999999523162842;-30.979999542236328;0.0;0.0;0.0;0.0;0.0;0.0;0.0;0.0;0.0;5;0.0;0.0;0.0;0.0;0.0;0.0;0.0;0.0;0.0;0.0;0.0;0.0;0.0;0.0;0.0;0.0;-5.825234413146973;-35.22581481933594;52.63999938964844;0.0;148.5;0.0;518417640;2368;50;28;0;0;0
1748649599;629302616;137.5399932861328;0.9399999976158142;172.30999755859375;0.0;0.0;0.0;0.01875000074505806;-0.029750000685453415;0.996749997138977;4.519999980926514;0.6200000047683716;-3.640000104904175;-5.825246810913086;-35.22581100463867;166.05999755859375;0.0;0.0;37.220001220703125;-0.1899999976158142;-0.10999999940395355;-31.75;0.0;0.0;0.0;0.0;0.0;0.0;0.0;0.0;0.0;6;0.0;0.0;0.0;0.0;0.0;0.0;0.0;0.0;0.0;0.0;0.0;0.0;0.0;0.0;0.0;0.0;-5.825234413146973;-35.22581481933594;52.63600158691406;0.0;91.22000122070312;0.0;518417680;2368;50;28;0;0;0
1748649599;669406661;137.3699951171875;0.7699999809265137;172.44000244140625;0.0;0.0;0.0;0.01850000023841858;-0.029750000685453415;0.996749997138977;4.960000038146973;2.5199999809265137;-4.380000114440918;-5.825246810913086;-35.22581100463867;166.05999755859375;0.0;0.009999999776482582;36.452999114990234;-0.23000000417232513;-0.11999999731779099;-32.529998779296875;0.0;0.0;0.0;0.0;0.0;0.0;0.0;0.0;0.0;7;0.0;0.0;0.0;0.0;0.0;0.0;0.0;0.0;0.0;0.0;0.0;0.0;0.0;0.0;0.0;0.0;-5.825234413146973;-35.22581481933594;52.641998291015625;0.009999999776482582;330.0799865722656;0.0;518417720;2368;50;28;0;0;0
1748649599;709447463;137.3000030517578;0.5299999713897705;172.52000427246094;0.0;0.0;0.0;0.01850000023841858;-0.029750000685453415;0.996749997138977;4.599999904632568;2.680000066757202;-2.7200000286102295;-5.825246810913086;-35.22581100463867;166.05999755859375;-0.009999999776482582;0.0;35.66699981689453;-0.25;-0.10999999940395355;-33.310001373291016;0.0;0.0;0.0;0.0;0.0;0.0;0.0;0.0;0.0;8;0.0;0.0;0.0;0.0;0.0;0.0;0.0;0.0;0.0;0.0;0.0;0.0;0.0;0.0;0.0;0.0;-5.825234413146973;-35.22581481933594;52.63999938964844;0.0;249.77000427246094;-0.009999999776482582;518417760;2368;50;28;0;0;0
1748649599;748414748;137.19000244140625;0.28999999165534973;172.5;0.0;0.0;0.0;0.01875000074505806;-0.029750000685453415;0.996999979019165;8.079999923706055;1.7599999904632568;-2.440000057220459;-5.825246810913086;-35.22581100463867;166.05999755859375;-0.009999999776482582;0.0;34.87099838256836;-0.28999999165534973;-0.10000000149011612;-34.09000015258789;0.0;0.0;0.0;0.0;0.0;0.0;0.0;0.0;0.0;9;0.0;0.0;0.0;0.0;0.0;0.0;0.0;0.0;0.0;0.0;0.0;0.0;0.0;0.0;0.0;0.0;-5.825234413146973;-35.22581481933594;52.64899826049805;0.0;249.77000427246094;-0.009999999776482582;518417800;2368;50;28;0;0;0
1748649599;788789266;137.1199951171875;0.1599999964237213;172.4600067138672;0.0;0.0;0.0;0.01875000074505806;-0.029500000178813934;0.996749997138977;3.5;-0.25999999046325684;-2.3399999141693115;-5.825246810913086;-35.22581100463867;166.05999755859375;0.0;0.019999999552965164;33.49100112915039;-0.33000001311302185;-0.10000000149011612;-34.869998931884766;0.0;0.0;0.0;0.0;0.0;0.0;0.0;0.0;0.0;10;0.0;0.0;0.0;0.0;0.0;0.0;0.0;0.0;0.0;0.0;0.0;0.0;0.0;0.0;0.0;0.0;-5.825234413146973;-35.22581481933594;52.64899826049805;0.019999999552965164;292.04998779296875;0.0;518417840;2368;50;28;0;0;0
1748649599;828498101;136.92999267578125;0.0;172.35000610351562;0.0;0.0;0.0;0.01875000074505806;-0.029750000685453415;0.996749997138977;2.6600000858306885;-4.699999809265137;-6.199999809265137;-5.825246810913086;-35.22581100463867;166.05999755859375;0.0;0.0;32.64899826049805;-0.3799999952316284;-0.07999999821186066;-35.650001525878906;0.0;0.0;0.0;0.0;0.0;0.0;0.0;0.0;0.0;11;0.0;0.0;0.0;0.0;0.0;0.0;0.0;0.0;0.0;0.0;0.0;0.0;0.0;0.0;0.0;0.0;-5.825234413146973;-35.22581481933594;52.650001525878906;0.0;103.51000213623047;0.0;518417880;2368;50;28;0;0;0
1748649599;869152465;136.8300018310547;-0.14000000059604645;172.4600067138672;0.0;0.0;0.0;0.01875000074505806;-0.029750000685453415;0.996749997138977;3.5999999046325684;2.5199999809265137;-1.6200000047683716;-5.825246810913086;-35.22581100463867;166.05999755859375;0.0;0.019999999552965164;31.792999267578125;-0.41999998688697815;-0.07999999821186066;-36.43000030517578;0.0;0.0;0.0;0.0;0.0;0.0;0.0;0.0;0.0;12;0.0;0.0;0.0;0.0;0.0;0.0;0.0;0.0;0.0;0.0;0.0;0.0;0.0;0.0;0.0;0.0;-5.825234413146973;-35.22581481933594;52.63800048828125;0.019999999552965164;107.75;0.0;518417920;2368;50;28;0;0;0
1748649599;908836302;136.74000549316406;-0.25999999046325684;172.6300048828125;0.0;0.0;0.0;0.01850000023841858;-0.029750000685453415;0.9965000152587891;1.559999942779541;4.78000020980835;-3.7200000286102295;-5.825246810913086;-35.22581100463867;166.05999755859375;0.019999999552965164;0.009999999776482582;30.92099952697754;-0.4399999976158142;-0.07000000029802322;-37.20000076293945;0.0;0.0;0.0;0.0;0.0;0.0;0.0;0.0;0.0;13;0.0;0.0;0.0;0.0;0.0;0.0;0.0;0.0;0.0;0.0;0.0;0.0;0.0;0.0;0.0;0.0;-5.825234413146973;-35.22581481933594;52.63800048828125;0.009999999776482582;300.20001220703125;0.019999999552965164;518417960;2368;50;28;0;0;0
1748649599;948869730;138.02000427246094;-0.4000000059604645;172.58999633789062;0.0;0.0;0.0;0.01875000074505806;-0.029500000178813934;0.996999979019165;4.079999923706055;1.5;-2.2200000286102295;-5.825247287750244;-35.22581100463867;166.1199951171875;0.019999999552965164;0.009999999776482582;29.41699981689453;-0.47999998927116394;-0.03999999910593033;-37.97999954223633;0.0;0.0;0.0;0.0;0.0;0.0;0.0;0.0;0.0;14;0.0;0.0;0.0;0.0;0.0;0.0;0.0;0.0;0.0;0.0;0.0;0.0;0.0;0.0;0.0;0.0;-5.825234413146973;-35.22581481933594;52.63800048828125;0.009999999776482582;300.20001220703125;0.019999999552965164;518418000;2368;50;28;0;0;0
1748649599;989167130;137.9199981689453;-0.6899999976158142;172.6699981689453;0.0;0.0;0.0;0.01875000074505806;-0.029750000685453415;0.996749997138977;6.360000133514404;0.20000000298023224;-4.699999809265137;-5.825247287750244;-35.22581481933594;166.1199951171875;0.0;0.0;28.5;-0.5299999713897705;-0.029999999329447746;-38.7599983215332;0.0;0.0;0.0;0.0;0.0;0.0;0.0;0.0;0.0;15;0.0;0.0;0.0;0.0;0.0;0.0;0.0;0.0;0.0;0.0;0.0;0.0;0.0;0.0;0.0;0.0;-5.825234413146973;-35.22581481933594;52.641998291015625;0.0;298.3999938964844;0.0;518418040;2368;50;28;0;0;0
1748649600;29015326;137.9199981689453;-1.0;172.61000061035156;0.0;0.0;0.0;0.01875000074505806;-0.029750000685453415;0.996999979019165;5.300000190734863;-1.6399999856948853;-2.380000114440918;-5.825247287750244;-35.22581481933594;166.1199951171875;0.009999999776482582;0.019999999552965164;26.940000534057617;-0.5699999928474426;-0.009999999776482582;-39.540000915527344;0.0;0.0;0.0;0.0;0.0;0.0;0.0;0.0;0.0;16;0.0;0.0;0.0;0.0;0.0;0.0;0.0;0.0;0.0;0.0;0.0;0.0;0.0;0.0;0.0;0.0;-5.825234413146973;-35.22581481933594;52.64500045776367;0.019999999552965164;260.6700134277344;0.009999999776482582;518418080;2368;50;28;0;0;0
1748649600;69840422;137.82000732421875;-1.190000057220459;172.77000427246094;0.0;0.0;0.0;0.01875000074505806;-0.029750000685453415;0.996749997138977;5.820000171661377;3.619999885559082;-1.0;-5.825247287750244;-35.22581481933594;166.1199951171875;0.0;0.009999999776482582;25.350000381469727;-0.6100000143051147;0.0;-40.31999969482422;0.0;0.0;0.0;0.0;0.0;0.0;0.0;0.0;0.0;17;0.0;0.0;0.0;0.0;0.0;0.0;0.0;0.0;0.0;0.0;0.0;0.0;0.0;0.0;0.0;0.0;-5.825234413146973;-35.22581481933594;52.62900161743164;0.009999999776482582;297.29998779296875;0.0;518418120;2368;50;28;0;0;0
1748649600;109577255;137.6199951171875;-1.3700000047683716;172.7100067138672;0.0;0.0;0.0;0.01875000074505806;-0.029750000685453415;0.996749997138977;2.5799999237060547;-0.5;-3.940000057220459;-5.825247287750244;-35.22581481933594;166.1199951171875;0.0;0.009999999776482582;23.729000091552734;-0.6499999761581421;0.019999999552965164;-41.099998474121094;0.0;0.0;0.0;0.0;0.0;0.0;0.0;0.0;0.0;18;0.0;0.0;0.0;0.0;0.0;0.0;0.0;0.0;0.0;0.0;0.0;0.0;0.0;0.0;0.0;0.0;-5.825234413146973;-35.22581481933594;52.638999938964844;0.009999999776482582;19.459999084472656;0.0;518418160;2368;50;28;0;0;0
1748649600;149436325;137.5800018310547;-1.5399999618530273;172.6300048828125;0.0;0.0;0.0;0.01850000023841858;-0.029750000685453415;0.9965000152587891;5.320000171661377;-2.200000047683716;-3.940000057220459;-5.825247287750244;-35.22581481933594;166.1199951171875;0.0;0.009999999776482582;22.07699966430664;-0.6899999976158142;0.03999999910593033;-41.880001068115234;0.0;0.0;0.0;0.0;0.0;0.0;0.0;0.0;0.0;19;0.0;0.0;0.0;0.0;0.0;0.0;0.0;0.0;0.0;0.0;0.0;0.0;0.0;0.0;0.0;0.0;-5.825234413146973;-35.22581481933594;52.6349983215332;0.009999999776482582;19.459999084472656;0.0;518418200;2368;50;28;0;0;0
1748649600;189684980;137.38999938964844;-1.659999966621399;172.61000061035156;0.0;0.0;0.0;0.01850000023841858;-0.029750000685453415;0.996749997138977;1.7400000095367432;-2.3399999141693115;-4.460000038146973;-5.825247287750244;-35.22581481933594;166.1199951171875;-0.029999999329447746;0.0;20.38599967956543;-0.7300000190734863;0.05000000074505806;-42.65999984741211;0.0;0.0;0.0;0.0;0.0;0.0;0.0;0.0;0.0;20;0.0;0.0;0.0;0.0;0.0;0.0;0.0;0.0;0.0;0.0;0.0;0.0;0.0;0.0;0.0;0.0;-5.825234413146973;-35.22581481933594;52.6349983215332;0.0;24.360000610351562;-0.029999999329447746;518418240;2368;50;28;0;0;0
1748649600;228540277;137.2100067138672;-1.909999966621399;172.72999572753906;0.0;0.0;0.0;0.01875000074505806;-0.029500000178813934;0.996749997138977;5.960000038146973;5.739999771118164;-7.480000019073486;-5.825247287750244;-35.22581481933594;166.1199951171875;0.0;0.009999999776482582;54.891998291015625;-0.7699999809265137;0.07000000029802322;-0.6700000166893005;0.0;0.0;0.0;0.0;0.0;0.0;0.0;0.0;0.0;21;0.0;0.0;0.0;0.0;0.0;0.0;0.0;0.0;0.0;0.0;0.0;0.0;0.0;0.0;0.0;0.0;-5.825234413146973;-35.22581481933594;52.638999938964844;0.009999999776482582;253.64999389648438;0.0;518418280;2368;50;28;0;0;0
1748649600;268771809;137.1300048828125;-2.059999942779541;172.8300018310547;0.0;0.0;0.0;0.01875000074505806;-0.029750000685453415;0.9965000152587891;3.0399999618530273;1.0800000429153442;-2.2200000286102295;-5.825247287750244;-35.22581481933594;166.1199951171875;0.009999999776482582;0.0;54.85300064086914;-0.8100000023841858;0.07999999821186066;-1.440000057220459;0.0;0.0;0.0;0.0;0.0;0.0;0.0;0.0;0.0;22;0.0;0.0;0.0;0.0;0.0;0.0;0.0;0.0;0.0;0.0;0.0;0.0;0.0;0.0;0.0;0.0;-5.825234413146973;-35.22581481933594;52.62699890136719;0.0;187.3800048828125;0.009999999776482582;518418320;2368;50;28;0;0;0
1748649600;308848856;136.97999572753906;-2.1600000858306885;172.72000122070312;0.0;0.0;0.0;0.01875000074505806;-0.029750000685453415;0.996749997138977;4.019999980926514;-3.5799999237060547;-4.940000057220459;-5.825247287750244;-35.22581481933594;166.1199951171875;0.0;0.0;54.79800033569336;-0.8500000238418579;0.10000000149011612;-2.2100000381469727;0.0;0.0;0.0;0.0;0.0;0.0;0.0;0.0;0.0;23;0.0;0.0;0.0;0.0;0.0;0.0;0.0;0.0;0.0;0.0;0.0;0.0;0.0;0.0;0.0;0.0;-5.825234413146973;-35.22581481933594;52.625999450683594;0.0;77.58999633789062;0.0;518418360;2368;50;28;0;0;0
1748649600;348953401;136.77999877929688;-2.4100000858306885;172.6199951171875;0.0;0.0;0.0;0.01875000074505806;-0.029750000685453415;0.9965000152587891;4.099999904632568;-3.319999933242798;-5.679999828338623;-5.825247287750244;-35.22581481933594;166.1199951171875;-0.009999999776482582;0.009999999776482582;54.696998596191406;-0.8899999856948853;0.11999999731779099;-2.9600000381469727;0.0;0.0;0.0;0.0;0.0;0.0;0.0;0.0;0.0;24;0.0;0.0;0.0;0.0;0.0;0.0;0.0;0.0;0.0;0.0;0.0;0.0;0.0;0.0;0.0;0.0;-5.825234413146973;-35.22581481933594;52.625999450683594;0.009999999776482582;156.0;-0.009999999776482582;518418400;2368;50;28;0;0;0
1748649600;389198432;136.6699981689453;-2.6500000953674316;172.69000244140625;0.0;0.0;0.0;0.01875000074505806;-0.029750000685453415;0.996749997138977;7.800000190734863;3.119999885559082;-2.700000047683716;-5.825247287750244;-35.22581481933594;166.1199951171875;-0.009999999776482582;0.009999999776482582;54.59299850463867;-0.9300000071525574;0.1599999964237213;-3.740000009536743;0.0;0.0;0.0;0.0;0.0;0.0;0.0;0.0;0.0;25;0.0;0.0;0.0;0.0;0.0;0.0;0.0;0.0;0.0;0.0;0.0;0.0;0.0;0.0;0.0;0.0;-5.825234413146973;-35.22581481933594;52.617000579833984;0.009999999776482582;156.0;-0.009999999776482582;518418440;2368;50;28;0;0;0
1748649600;429047628;136.5399932861328;-2.7899999618530273;172.8000030517578;0.0;0.0;0.0;0.01875000074505806;-0.029750000685453415;0.996749997138977;3.0999999046325684;-0.7599999904632568;-2.7200000286102295;-5.825247287750244;-35.22581481933594;166.1199951171875;0.009999999776482582;0.009999999776482582;54.474998474121094;-0.9700000286102295;0.18000000715255737;-4.519999980926514;0.0;0.0;0.0;0.0;0.0;0.0;0.0;0.0;0.0;26;0.0;0.0;0.0;0.0;0.0;0.0;0.0;0.0;0.0;0.0;0.0;0.0;0.0;0.0;0.0;0.0;-5.825234413146973;-35.22581481933594;52.62799835205078;0.009999999776482582;325.32000732421875;0.009999999776482582;518418480;2368;50;28;0;0;0
1748649600;469345028;136.44000244140625;-3.0199999809265137;172.7899932861328;0.0;0.0;0.0;0.01875000074505806;-0.029750000685453415;0.996749997138977;6.380000114440918;-3.0799999237060547;-3.1600000858306885;-5.825247287750244;-35.22581481933594;166.1199951171875;0.0;0.0;54.340999603271484;-1.0099999904632568;0.20999999344348907;-5.300000190734863;0.0;0.0;0.0;0.0;0.0;0.0;0.0;0.0;0.0;27;0.0;0.0;0.0;0.0;0.0;0.0;0.0;0.0;0.0;0.0;0.0;0.0;0.0;0.0;0.0;0.0;-5.825234413146973;-35.22581481933594;52.61600112915039;0.0;258.739990234375;0.0;518418520;2368;50;28;0;0;0
1748649600;509420701;136.3800048828125;-3.2799999713897705;172.63999938964844;0.0;0.0;0.0;0.01875000074505806;-0.029750000685453415;0.996749997138977;5.28000020980835;-3.2200000286102295;-1.8799999952316284;-5.825247287750244;-35.22581481933594;166.1199951171875;0.019999999552965164;0.0;54.19200134277344;-1.0499999523162842;0.25;-6.079999923706055;0.0;0.0;0.0;0.0;0.0;0.0;0.0;0.0;0.0;28;0.0;0.0;0.0;0.0;0.0;0.0;0.0;0.0;0.0;0.0;0.0;0.0;0.0;0.0;0.0;0.0;-5.825234413146973;-35.22581481933594;52.62300109863281;0.0;331.42999267578125;0.019999999552965164;518418560;2368;50;28;0;0;0
1748649600;549749223;136.22999572753906;-3.549999952316284;172.77000427246094;0.0;0.0;0.0;0.01875000074505806;-0.029750000685453415;0.996749997138977;7.199999809265137;2.7799999713897705;-4.300000190734863;-5.825247287750244;-35.22581481933594;166.1199951171875;0.019999999552965164;0.0;54.02799987792969;-1.090000033378601;0.2800000011920929;-6.860000133514404;0.0;0.0;0.0;0.0;0.0;0.0;0.0;0.0;0.0;29;0.0;0.0;0.0;0.0;0.0;0.0;0.0;0.0;0.0;0.0;0.0;0.0;0.0;0.0;0.0;0.0;-5.825234413146973;-35.22581481933594;52.62200164794922;0.0;331.42999267578125;0.019999999552965164;518418600;2368;50;28;0;0;0
1748649600;589589170;136.22000122070312;-3.8499999046325684;172.89999389648438;0.0;0.0;0.0;0.01899999938905239;-0.029750000685453415;0.996749997138977;8.020000457763672;3.319999933242798;-0.8399999737739563;-5.825247287750244;-35.22581481933594;166.1199951171875;0.0;0.0;53.737998962402344;-1.1299999952316284;0.3199999928474426;-7.639999866485596;0.0;0.0;0.0;0.0;0.0;0.0;0.0;0.0;0.0;30;0.0;0.0;0.0;0.0;0.0;0.0;0.0;0.0;0.0;0.0;0.0;0.0;0.0;0.0;0.0;0.0;-5.825234413146973;-35.22581481933594;52.62200164794922;0.0;225.16000366210938;0.0;518418640;2368;50;28;0;0;0
1748649600;628583702;136.24000549316406;-4.110000133514404;172.97000122070312;0.0;0.0;0.0;0.01875000074505806;-0.029750000685453415;0.9965000152587891;9.119999885559082;4.019999980926514;1.4800000190734863;-5.825246810913086;-35.22581481933594;166.1199951171875;0.0;0.0;53.5260009765625;-1.1699999570846558;0.36000001430511475;-8.420000076293945;0.0;0.0;0.0;0.0;0.0;0.0;0.0;0.0;0.0;31;0.0;0.0;0.0;0.0;0.0;0.0;0.0;0.0;0.0;0.0;0.0;0.0;0.0;0.0;0.0;0.0;-5.825234413146973;-35.22581481933594;52.60599899291992;0.0;65.9000015258789;0.0;518418680;2368;50;28;0;0;0
1748649600;668758740;136.0;-4.309999942779541;173.0399932861328;0.0;0.0;0.0;0.01875000074505806;-0.029750000685453415;0.996749997138977;5.78000020980835;1.3200000524520874;-9.619999885559082;-5.825246810913086;-35.2258186340332;166.1199951171875;-0.009999999776482582;0.0;53.29999923706055;-1.2000000476837158;0.4000000059604645;-9.199999809265137;0.0;0.0;0.0;0.0;0.0;0.0;0.0;0.0;0.0;0;0.0;0.0;0.0;0.0;0.0;0.0;0.0;0.0;0.0;0.0;0.0;0.0;0.0;0.0;0.0;0.0;-5.825234413146973;-35.22581481933594;52.61199951171875;0.0;266.20001220703125;-0.009999999776482582;518418720;2368;50;28;0;0;0
1748649600;708730298;135.9199981689453;-4.550000190734863;173.11000061035156;0.0;0.0;0.0;0.01875000074505806;-0.029750000685453415;0.996749997138977;2.619999885559082;6.619999885559082;-0.9800000190734863;-5.825246810913086;-35.2258186340332;166.1199951171875;0.0;0.009999999776482582;53.05799865722656;-1.2400000095367432;0.44999998807907104;-9.979999542236328;0.0;0.0;0.0;0.0;0.0;0.0;0.0;0.0;0.0;1;0.0;0.0;0.0;0.0;0.0;0.0;0.0;0.0;0.0;0.0;0.0;0.0;0.0;0.0;0.0;0.0;-5.825234413146973;-35.22581481933594;52.60200119018555;0.009999999776482582;58.40999984741211;0.0;518418760;2368;50;28;0;0;0
1748649600;748634739;135.8800048828125;-4.829999923706055;172.99000549316406;0.0;0.0;0.0;0.01875000074505806;-0.029750000685453415;0.996749997138977;6.460000038146973;-3.4800000190734863;-0.8799999952316284;-5.825246810913086;-35.2258186340332;166.1199951171875;0.0;0.009999999776482582;52.801998138427734;-1.2799999713897705;0.49000000953674316;-10.75;0.0;0.0;0.0;0.0;0.0;0.0;0.0;0.0;0.0;2;0.0;0.0;0.0;0.0;0.0;0.0;0.0;0.0;0.0;0.0;0.0;0.0;0.0;0.0;0.0;0.0;-5.825234413146973;-35.22581481933594;52.6150016784668;0.009999999776482582;58.40999984741211;0.0;518418800;2368;50;28;0;0;0
1748649600;789112496;135.72000122070312;-5.03000020980835;172.97000122070312;0.0;0.0;0.0;0.01875000074505806;-0.029750000685453415;0.996749997138977;3.740000009536743;2.859999895095825;-3.240000009536743;-5.825246334075928;-35.2258186340332;166.1199951171875;0.009999999776482582;0.0;52.35599899291992;-1.3200000524520874;0.5400000214576721;-11.529999732971191;0.0;0.0;0.0;0.0;0.0;0.0;0.0;0.0;0.0;3;0.0;0.0;0.0;0.0;0.0;0.0;0.0;0.0;0.0;0.0;0.0;0.0;0.0;0.0;0.0;0.0;-5.825234413146973;-35.22581481933594;52.6150016784668;0.0;206.16000366210938;0.009999999776482582;518418840;2368;50;28;0;0;0
1748649600;828868701;135.55999755859375;-5.179999828338623;172.82000732421875;0.0;0.0;0.0;0.01875000074505806;-0.029750000685453415;0.996749997138977;4.619999885559082;-4.800000190734863;-4.579999923706055;-5.825246334075928;-35.2258186340332;166.1199951171875;0.0;0.0;52.05500030517578;-1.3600000143051147;0.5799999833106995;-12.3100004196167;0.0;0.0;0.0;0.0;0.0;0.0;0.0;0.0;0.0;4;0.0;0.0;0.0;0.0;0.0;0.0;0.0;0.0;0.0;0.0;0.0;0.0;0.0;0.0;0.0;0.0;-5.825234413146973;-35.22581481933594;52.61899948120117;0.0;125.58000183105469;0.0;518418880;2368;50;28;0;0;0
1748649600;869393828;135.57000732421875;-5.429999828338623;172.75999450683594;0.0;0.0;0.0;0.01875000074505806;-0.029500000178813934;0.996749997138977;5.079999923706055;-1.5199999809265137;1.4800000190734863;-5.825246334075928;-35.2258186340332;166.1199951171875;0.0;0.0;51.73899841308594;-1.3899999856948853;0.6299999952316284;-13.09000015258789;0.0;0.0;0.0;0.0;0.0;0.0;0.0;0.0;0.0;5;0.0;0.0;0.0;0.0;0.0;0.0;0.0;0.0;0.0;0.0;0.0;0.0;0.0;0.0;0.0;0.0;-5.825234413146973;-35.22581481933594;52.63100051879883;0.0;29.110000610351562;0.0;518418920;2368;50;28;0;0;0
1748649600;909403383;135.58999633789062;-5.679999828338623;172.63999938964844;0.0;0.0;0.0;0.01850000023841858;-0.029750000685453415;0.996749997138977;9.380000114440918;-1.059999942779541;0.800000011920929;-5.825246334075928;-35.2258186340332;166.1199951171875;0.0;0.009999999776482582;51.40800094604492;-1.4299999475479126;0.6800000071525574;-13.869999885559082;0.0;0.0;0.0;0.0;0.0;0.0;0.0;0.0;0.0;6;0.0;0.0;0.0;0.0;0.0;0.0;0.0;0.0;0.0;0.0;0.0;0.0;0.0;0.0;0.0;0.0;-5.825234413146973;-35.22581481933594;52.625999450683594;0.009999999776482582;259.739990234375;0.0;518418960;2368;50;28;0;0;0
1748649600;949300449;135.60000610351562;-5.860000133514404;172.77000427246094;0.0;0.0;0.0;0.01875000074505806;-0.029750000685453415;0.9965000152587891;7.639999866485596;2.119999885559082;-6.5;-5.8252458572387695;-35.2258186340332;166.0399932861328;0.0;0.009999999776482582;50.8380012512207;-1.4700000286102295;0.7300000190734863;-14.640000343322754;0.0;0.0;0.0;0.0;0.0;0.0;0.0;0.0;0.0;7;0.0;0.0;0.0;0.0;0.0;0.0;0.0;0.0;0.0;0.0;0.0;0.0;0.0;0.0;0.0;0.0;-5.825234413146973;-35.22581481933594;52.625999450683594;0.009999999776482582;259.739990234375;0.0;518419000;2368;50;28;0;0;0
1748649600;989610597;135.35000610351562;-6.090000152587891;172.74000549316406;0.0;0.0;0.0;0.01875000074505806;-0.029750000685453415;0.9965000152587891;4.260000228881836;-2.140000104904175;-7.519999980926514;-5.8252458572387695;-35.2258186340332;166.0399932861328;0.0;0.0;50.46099853515625;-1.5099999904632568;0.7900000214576721;-15.420000076293945;0.0;0.0;0.0;0.0;0.0;0.0;0.0;0.0;0.0;8;0.0;0.0;0.0;0.0;0.0;0.0;0.0;0.0;0.0;0.0;0.0;0.0;0.0;0.0;0.0;0.0;-5.825234413146973;-35.22581481933594;52.6349983215332;0.0;5.0;0.0;518419040;2368;50;28;0;0;0
1748649601;28370029;135.27000427246094;-6.230000019073486;172.80999755859375;0.0;0.0;0.0;0.01875000074505806;-0.029750000685453415;0.996749997138977;3.7200000286102295;1.2999999523162842;-2.0799999237060547;-5.825245380401611;-35.2258186340332;166.0399932861328;-0.009999999776482582;0.0;50.069000244140625;-1.5499999523162842;0.8399999737739563;-16.200000762939453;0.0;0.0;0.0;0.0;0.0;0.0;0.0;0.0;0.0;9;0.0;0.0;0.0;0.0;0.0;0.0;0.0;0.0;0.0;0.0;0.0;0.0;0.0;0.0;0.0;0.0;-5.825234413146973;-35.22581481933594;52.625999450683594;0.0;277.510009765625;-0.009999999776482582;518419080;2368;50;28;0;0;0
1748649601;68565690;134.9199981689453;-6.5;172.82000732421875;0.0;0.0;0.0;0.01875000074505806;-0.029750000685453415;0.996749997138977;3.299999952316284;0.03999999910593033;-10.960000038146973;-5.825245380401611;-35.2258186340332;166.0399932861328;0.009999999776482582;0.009999999776482582;49.66299819946289;-1.590000033378601;0.8899999856948853;-16.979999542236328;0.0;0.0;0.0;0.0;0.0;0.0;0.0;0.0;0.0;10;0.0;0.0;0.0;0.0;0.0;0.0;0.0;0.0;0.0;0.0;0.0;0.0;0.0;0.0;0.0;0.0;-5.825234413146973;-35.22581481933594;52.62799835205078;0.009999999776482582;110.3499984741211;0.009999999776482582;518419120;2368;50;28;0;0;0
1748649601;109322543;134.9199981689453;-6.710000038146973;172.9600067138672;0.0;0.0;0.0;0.01875000074505806;-0.029750000685453415;0.996749997138977;7.579999923706055;3.0;0.5199999809265137;-5.825244903564453;-35.22582244873047;166.0399932861328;0.0;0.0;49.242000579833984;-1.6299999952316284;0.949999988079071;-17.75;0.0;0.0;0.0;0.0;0.0;0.0;0.0;0.0;0.0;11;0.0;0.0;0.0;0.0;0.0;0.0;0.0;0.0;0.0;0.0;0.0;0.0;0.0;0.0;0.0;0.0;-5.825234413146973;-35.22581481933594;52.64500045776367;0.0;84.56999969482422;0.0;518419160;2368;50;28;0;0;0
1748649601;148800402;134.94000244140625;-6.940000057220459;172.9499969482422;0.0;0.0;0.0;0.01875000074505806;-0.029750000685453415;0.996749997138977;7.599999904632568;-1.100000023841858;-1.8799999952316284;-5.825244903564453;-35.22582244873047;166.0399932861328;0.0;0.0;48.805999755859375;-1.6699999570846558;1.0099999904632568;-18.530000686645508;0.0;0.0;0.0;0.0;0.0;0.0;0.0;0.0;0.0;12;0.0;0.0;0.0;0.0;0.0;0.0;0.0;0.0;0.0;0.0;0.0;0.0;0.0;0.0;0.0;0.0;-5.825234413146973;-35.22581481933594;52.638999938964844;0.0;84.56999969482422;0.0;518419200;2368;50;28;0;0;0
1748649601;189175919;134.9600067138672;-7.090000152587891;173.0800018310547;0.0;0.0;0.0;0.01875000074505806;-0.029750000685453415;0.996749997138977;4.420000076293945;6.800000190734863;0.4000000059604645;-5.825244426727295;-35.22582244873047;166.0399932861328;-0.009999999776482582;0.009999999776482582;48.04899978637695;-1.7000000476837158;1.0700000524520874;-19.309999465942383;0.0;0.0;0.0;0.0;0.0;0.0;0.0;0.0;0.0;13;0.0;0.0;0.0;0.0;0.0;0.0;0.0;0.0;0.0;0.0;0.0;0.0;0.0;0.0;0.0;0.0;-5.825234413146973;-35.22581481933594;52.638999938964844;0.009999999776482582;281.6199951171875;-0.009999999776482582;518419240;2368;50;28;0;0;0
1748649601;229270215;134.83999633789062;-7.320000171661377;173.1199951171875;0.0;0.0;0.0;0.01875000074505806;-0.029750000685453415;0.996749997138977;5.820000171661377;-0.23999999463558197;-7.21999979019165;-5.825244426727295;-35.22582244873047;166.0399932861328;0.0;0.0;47.56700134277344;-1.7400000095367432;1.1299999952316284;-20.079999923706055;0.0;0.0;0.0;0.0;0.0;0.0;0.0;0.0;0.0;14;0.0;0.0;0.0;0.0;0.0;0.0;0.0;0.0;0.0;0.0;0.0;0.0;0.0;0.0;0.0;0.0;-5.825234889984131;-35.22581481933594;52.62799835205078;0.0;346.6099853515625;0.0;518419280;2368;50;28;0;0;0
1748649601;269422880;134.60000610351562;-7.550000190734863;173.22000122070312;0.0;0.0;0.0;0.01875000074505806;-0.029750000685453415;0.996749997138977;5.21999979019165;1.340000033378601;-8.520000457763672;-5.825243949890137;-35.22582244873047;166.0399932861328;0.0;0.009999999776482582;47.06999969482422;-1.7799999713897705;1.190000057220459;-20.860000610351562;0.0;0.0;0.0;0.0;0.0;0.0;0.0;0.0;0.0;15;0.0;0.0;0.0;0.0;0.0;0.0;0.0;0.0;0.0;0.0;0.0;0.0;0.0;0.0;0.0;0.0;-5.825234889984131;-35.22581481933594;52.63399887084961;0.009999999776482582;358.54998779296875;0.0;518419320;2368;50;28;0;0;0
1748649601;309385689;134.5800018310547;-7.809999942779541;173.2100067138672;0.0;0.0;0.0;0.01875000074505806;-0.029750000685453415;0.996749997138977;6.920000076293945;-0.9800000190734863;-2.1600000858306885;-5.8252434730529785;-35.22582244873047;166.0399932861328;0.0;0.0;46.558998107910156;-1.809999942779541;1.25;-21.6299991607666;0.0;0.0;0.0;0.0;0.0;0.0;0.0;0.0;0.0;16;0.0;0.0;0.0;0.0;0.0;0.0;0.0;0.0;0.0;0.0;0.0;0.0;0.0;0.0;0.0;0.0;-5.825234889984131;-35.22581481933594;52.63399887084961;0.0;44.59000015258789;0.0;518419360;2368;50;28;0;0;0
1748649601;349244634;134.35000610351562;-8.010000228881836;173.22999572753906;0.0;0.0;0.0;0.01875000074505806;-0.029750000685453415;0.9965000152587891;6.239999771118164;1.5800000429153442;-2.180000066757202;-5.8252434730529785;-35.22582244873047;166.0399932861328;0.0;0.0;46.03200149536133;-1.850000023841858;1.309999942779541;-22.40999984741211;0.0;0.0;0.0;0.0;0.0;0.0;0.0;0.0;0.0;17;0.0;0.0;0.0;0.0;0.0;0.0;0.0;0.0;0.0;0.0;0.0;0.0;0.0;0.0;0.0;0.0;-5.825234889984131;-35.22581481933594;52.62900161743164;0.0;44.59000015258789;0.0;518419400;2368;50;28;0;0;0
1748649601;389730640;134.3800048828125;-8.279999732971191;173.16000366210938;0.0;0.0;0.0;0.01875000074505806;-0.029750000685453415;0.9965000152587891;3.4200000762939453;-2.940000057220459;-0.2800000011920929;-5.82524299621582;-35.22582244873047;166.0399932861328;-0.009999999776482582;0.0;45.119998931884766;-1.8799999952316284;1.3799999952316284;-23.18000030517578;0.0;0.0;0.0;0.0;0.0;0.0;0.0;0.0;0.0;18;0.0;0.0;0.0;0.0;0.0;0.0;0.0;0.0;0.0;0.0;0.0;0.0;0.0;0.0;0.0;0.0;-5.825234889984131;-35.22581481933594;52.62900161743164;0.0;243.3699951171875;-0.009999999776482582;518419440;2368;50;28;0;0;0
1748649601;428565564;134.4199981689453;-8.729999542236328;173.22000122070312;0.0;0.0;0.0;0.01875000074505806;-0.029500000178813934;0.996999979019165;10.5;2.799999952316284;0.6600000262260437;-5.825242519378662;-35.22582244873047;166.0399932861328;-0.009999999776482582;0.0;44.54399871826172;-1.9199999570846558;1.4500000476837158;-23.959999084472656;0.0;0.0;0.0;0.0;0.0;0.0;0.0;0.0;0.0;19;0.0;0.0;0.0;0.0;0.0;0.0;0.0;0.0;0.0;0.0;0.0;0.0;0.0;0.0;0.0;0.0;-5.825234889984131;-35.22581481933594;52.63800048828125;0.0;131.69000244140625;-0.009999999776482582;518419480;2368;50;28;0;0;0
1748649601;468727978;134.3800048828125;-8.84000015258789;173.07000732421875;0.0;0.0;0.0;0.01875000074505806;-0.029750000685453415;0.996749997138977;0.8600000143051147;-5.320000171661377;0.5;-5.825242042541504;-35.225826263427734;166.0399932861328;0.0;0.0;43.957000732421875;-1.9500000476837158;1.5199999809265137;-24.729999542236328;0.0;0.0;0.0;0.0;0.0;0.0;0.0;0.0;0.0;20;0.0;0.0;0.0;0.0;0.0;0.0;0.0;0.0;0.0;0.0;0.0;0.0;0.0;0.0;0.0;0.0;-5.825234889984131;-35.22581481933594;52.645999908447266;0.0;313.2300109863281;0.0;518419520;2368;50;28;0;0;0
1748649601;508957885;134.22999572753906;-9.100000381469727;173.0399932861328;0.0;0.0;0.0;0.01875000074505806;-0.029750000685453415;0.9965000152587891;3.5199999809265137;-4.079999923706055;-4.320000171661377;-5.825242042541504;-35.225826263427734;166.0399932861328;0.009999999776482582;0.0;43.35499954223633;-1.9900000095367432;1.590000033378601;-25.510000228881836;0.0;0.0;0.0;0.0;0.0;0.0;0.0;0.0;0.0;21;0.0;0.0;0.0;0.0;0.0;0.0;0.0;0.0;0.0;0.0;0.0;0.0;0.0;0.0;0.0;0.0;-5.825234889984131;-35.22581481933594;52.64699935913086;0.0;289.8699951171875;0.009999999776482582;518419560;2368;50;28;0;0;0
1748649601;548861326;134.0500030517578;-9.25;173.11000061035156;0.0;0.0;0.0;0.01875000074505806;-0.029750000685453415;0.996749997138977;3.8399999141693115;2.440000057220459;-5.460000038146973;-5.825241565704346;-35.225826263427734;166.0399932861328;0.009999999776482582;0.0;42.73500061035156;-2.0299999713897705;1.659999966621399;-26.280000686645508;0.0;0.0;0.0;0.0;0.0;0.0;0.0;0.0;0.0;22;0.0;0.0;0.0;0.0;0.0;0.0;0.0;0.0;0.0;0.0;0.0;0.0;0.0;0.0;0.0;0.0;-5.825234889984131;-35.22581481933594;52.64500045776367;0.0;289.8699951171875;0.009999999776482582;518419600;2368;50;28;0;0;0
1748649601;589763540;134.0500030517578;-9.5600004196167;173.0500030517578;0.0;0.0;0.0;0.01875000074505806;-0.029750000685453415;0.996749997138977;4.619999885559082;-3.1600000858306885;-1.0199999809265137;-5.825240612030029;-35.225826263427734;166.0399932861328;-0.019999999552965164;0.0;41.667999267578125;-2.059999942779541;1.7400000095367432;-27.049999237060547;0.0;0.0;0.0;0.0;0.0;0.0;0.0;0.0;0.0;23;0.0;0.0;0.0;0.0;0.0;0.0;0.0;0.0;0.0;0.0;0.0;0.0;0.0;0.0;0.0;0.0;-5.825234889984131;-35.22581481933594;52.64500045776367;0.0;250.75999450683594;-0.019999999552965164;518419640;2368;50;28;0;0;0
1748649601;628515847;133.8300018310547;-9.619999885559082;173.07000732421875;0.0;0.0;0.0;0.01875000074505806;-0.029750000685453415;0.9965000152587891;0.7599999904632568;0.2199999988079071;-6.360000133514404;-5.825240612030029;-35.225826263427734;166.0399932861328;0.0;0.0;41.00699996948242;-2.0999999046325684;1.809999942779541;-27.829999923706055;0.0;0.0;0.0;0.0;0.0;0.0;0.0;0.0;0.0;24;0.0;0.0;0.0;0.0;0.0;0.0;0.0;0.0;0.0;0.0;0.0;0.0;0.0;0.0;0.0;0.0;-5.825234889984131;-35.22581481933594;52.65599822998047;0.0;132.13999938964844;0.0;518419680;2368;50;28;0;0;0
1748649601;668836245;133.8000030517578;-9.760000228881836;173.1199951171875;0.0;0.0;0.0;0.01875000074505806;-0.029750000685453415;0.9965000152587891;2.8399999141693115;3.740000009536743;-1.4800000190734863;-5.825240135192871;-35.225826263427734;166.0399932861328;0.019999999552965164;0.0;40.33100128173828;-2.140000104904175;1.8799999952316284;-28.600000381469727;0.0;0.0;0.0;0.0;0.0;0.0;0.0;0.0;0.0;25;0.0;0.0;0.0;0.0;0.0;0.0;0.0;0.0;0.0;0.0;0.0;0.0;0.0;0.0;0.0;0.0;-5.825234889984131;-35.22581481933594;52.6619987487793;0.0;240.27999877929688;0.019999999552965164;518419720;2368;50;28;0;0;0
1748649601;708560828;133.63999938964844;-10.0;173.14999389648438;0.0;0.0;0.0;0.01875000074505806;-0.029750000685453415;0.996749997138977;3.700000047683716;2.4800000190734863;-3.059999942779541;-5.825239658355713;-35.225826263427734;166.0399932861328;0.0;0.009999999776482582;39.63999938964844;-2.1700000762939453;1.9600000381469727;-29.3700008392334;0.0;0.0;0.0;0.0;0.0;0.0;0.0;0.0;0.0;26;0.0;0.0;0.0;0.0;0.0;0.0;0.0;0.0;0.0;0.0;0.0;0.0;0.0;0.0;0.0;0.0;-5.825234889984131;-35.22581481933594;52.64799880981445;0.009999999776482582;255.33999633789062;0.0;518419760;2368;50;28;0;0;0
1748649601;748580007;133.5500030517578;-10.229999542236328;173.0500030517578;0.0;0.0;0.0;0.01875000074505806;-0.029750000685453415;0.996749997138977;7.320000171661377;-0.11999999731779099;-2.819999933242798;-5.825239181518555;-35.225826263427734;166.0399932861328;0.0;0.009999999776482582;38.935001373291016;-2.2100000381469727;2.0399999618530273;-30.139999389648438;0.0;0.0;0.0;0.0;0.0;0.0;0.0;0.0;0.0;27;0.0;0.0;0.0;0.0;0.0;0.0;0.0;0.0;0.0;0.0;0.0;0.0;0.0;0.0;0.0;0.0;-5.825234889984131;-35.22581481933594;52.63999938964844;0.009999999776482582;255.33999633789062;0.0;518419800;2368;50;28;0;0;0
1748649601;787519045;133.3800048828125;-10.369999885559082;173.1199951171875;0.0;0.0;0.0;0.01850000023841858;-0.029750000685453415;0.996749997138977;-0.36000001430511475;0.6399999856948853;-6.119999885559082;-5.825238227844238;-35.225830078125;166.0399932861328;-0.009999999776482582;0.0;37.7130012512207;-2.25;2.119999885559082;-30.90999984741211;0.0;0.0;0.0;0.0;0.0;0.0;0.0;0.0;0.0;28;0.0;0.0;0.0;0.0;0.0;0.0;0.0;0.0;0.0;0.0;0.0;0.0;0.0;0.0;0.0;0.0;-5.825234889984131;-35.22581481933594;52.63999938964844;0.0;45.22999954223633;-0.009999999776482582;518419840;2368;50;28;0;0;0
1748649601;827646963;133.2100067138672;-10.649999618530273;173.2100067138672;0.0;0.0;0.0;0.01875000074505806;-0.029750000685453415;0.996749997138977;6.960000038146973;5.360000133514404;-7.900000095367432;-5.82523775100708;-35.225830078125;166.0399932861328;0.009999999776482582;0.0;36.96200180053711;-2.2799999713897705;2.200000047683716;-31.68000030517578;0.0;0.0;0.0;0.0;0.0;0.0;0.0;0.0;0.0;29;0.0;0.0;0.0;0.0;0.0;0.0;0.0;0.0;0.0;0.0;0.0;0.0;0.0;0.0;0.0;0.0;-5.825234889984131;-35.22581481933594;52.63100051879883;0.0;95.30999755859375;0.009999999776482582;518419880;2368;50;28;0;0;0
1748649601;867903367;133.10000610351562;-11.0;173.14999389648438;0.0;0.0;0.0;0.01875000074505806;-0.029750000685453415;0.9965000152587891;10.0600004196167;-3.299999952316284;-3.380000114440918;-5.825237274169922;-35.225830078125;166.0399932861328;0.009999999776482582;0.0;36.19599914550781;-2.319999933242798;2.2799999713897705;-32.45000076293945;0.0;0.0;0.0;0.0;0.0;0.0;0.0;0.0;0.0;30;0.0;0.0;0.0;0.0;0.0;0.0;0.0;0.0;0.0;0.0;0.0;0.0;0.0;0.0;0.0;0.0;-5.825234889984131;-35.22581481933594;52.643001556396484;0.0;167.0;0.009999999776482582;518419920;2368;50;28;0;0;0
1748649601;907886300;133.0500030517578;-11.170000076293945;173.19000244140625;0.0;0.0;0.0;0.01875000074505806;-0.029750000685453415;0.996749997138977;1.5399999618530273;0.7400000095367432;-2.0199999809265137;-5.825236797332764;-35.225830078125;166.0399932861328;-0.009999999776482582;0.009999999776482582;35.41600036621094;-2.3499999046325684;2.359999895095825;-33.220001220703125;0.0;0.0;0.0;0.0;0.0;0.0;0.0;0.0;0.0;31;0.0;0.0;0.0;0.0;0.0;0.0;0.0;0.0;0.0;0.0;0.0;0.0;0.0;0.0;0.0;0.0;-5.825234889984131;-35.22581481933594;52.637001037597656;0.009999999776482582;223.72999572753906;-0.009999999776482582;518419960;2368;50;28;0;0;0
1748649601;947836235;132.27999877929688;-11.40999984741211;173.22000122070312;0.0;0.0;0.0;0.01875000074505806;-0.029500000178813934;0.996749997138977;7.059999942779541;-0.5199999809265137;-4.460000038146973;-5.825235843658447;-35.225830078125;166.00999450683594;-0.009999999776482582;0.009999999776482582;34.071998596191406;-2.390000104904175;2.450000047683716;-33.9900016784668;0.0;0.0;0.0;0.0;0.0;0.0;0.0;0.0;0.0;0;0.0;0.0;0.0;0.0;0.0;0.0;0.0;0.0;0.0;0.0;0.0;0.0;0.0;0.0;0.0;0.0;-5.825234889984131;-35.22581481933594;52.637001037597656;0.009999999776482582;223.72999572753906;-0.009999999776482582;518420000;2368;50;28;0;0;0
1748649601;988758322;132.19000244140625;-11.619999885559082;173.1999969482422;0.0;0.0;0.0;0.01899999938905239;-0.029500000178813934;0.996749997138977;3.5;-2.559999942779541;-5.0;-5.825235366821289;-35.225830078125;166.00999450683594;0.0;0.009999999776482582;33.24599838256836;-2.430000066757202;2.5299999713897705;-34.7599983215332;0.0;0.0;0.0;0.0;0.0;0.0;0.0;0.0;0.0;1;0.0;0.0;0.0;0.0;0.0;0.0;0.0;0.0;0.0;0.0;0.0;0.0;0.0;0.0;0.0;0.0;-5.825234413146973;-35.22581481933594;52.62799835205078;0.009999999776482582;316.70001220703125;0.0;518420040;2368;50;28;0;0;0
1748649602;27938961;132.1999969482422;-11.829999923706055;173.25;0.0;0.0;0.0;0.01875000074505806;-0.029500000178813934;0.996749997138977;7.380000114440918;-0.46000000834465027;-2.200000047683716;-5.825234413146973;-35.225830078125;166.00999450683594;0.0;0.0;32.404998779296875;-2.4600000381469727;2.619999885559082;-35.529998779296875;0.0;0.0;0.0;0.0;0.0;0.0;0.0;0.0;0.0;2;0.0;0.0;0.0;0.0;0.0;0.0;0.0;0.0;0.0;0.0;0.0;0.0;0.0;0.0;0.0;0.0;-5.825234889984131;-35.22581481933594;52.61899948120117;0.0;193.69000244140625;0.0;518420080;2368;50;28;0;0;0
1748649602;68467213;132.0;-12.050000190734863;173.32000732421875;0.0;0.0;0.0;0.01875000074505806;-0.029750000685453415;0.996749997138977;6.860000133514404;0.5799999833106995;-4.199999809265137;-5.8252339363098145;-35.225830078125;166.00999450683594;0.0;0.0;31.551000595092773;-2.490000009536743;2.7100000381469727;-36.29999923706055;0.0;0.0;0.0;0.0;0.0;0.0;0.0;0.0;0.0;3;0.0;0.0;0.0;0.0;0.0;0.0;0.0;0.0;0.0;0.0;0.0;0.0;0.0;0.0;0.0;0.0;-5.825234889984131;-35.22581481933594;52.625999450683594;0.0;294.7200012207031;0.0;518420120;2368;50;28;0;0;0
1748649602;108350280;131.9499969482422;-12.229999542236328;173.39999389648438;0.0;0.0;0.0;0.01875000074505806;-0.029750000685453415;0.996749997138977;5.699999809265137;1.5199999809265137;-2.0199999809265137;-5.825233459472656;-35.225833892822266;166.00999450683594;0.019999999552965164;0.009999999776482582;30.68199920654297;-2.5299999713897705;2.799999952316284;-37.060001373291016;0.0;0.0;0.0;0.0;0.0;0.0;0.0;0.0;0.0;4;0.0;0.0;0.0;0.0;0.0;0.0;0.0;0.0;0.0;0.0;0.0;0.0;0.0;0.0;0.0;0.0;-5.825234889984131;-35.22581481933594;52.632999420166016;0.009999999776482582;24.8799991607666;0.019999999552965164;518420160;2368;50;28;0;0;0
1748649602;148373333;131.8699951171875;-12.489999771118164;173.39999389648438;0.0;0.0;0.0;0.01875000074505806;-0.029750000685453415;0.996749997138977;8.140000343322754;-1.659999966621399;-1.159999966621399;-5.82523250579834;-35.225833892822266;166.00999450683594;0.019999999552965164;0.009999999776482582;29.798999786376953;-2.559999942779541;2.890000104904175;-37.83000183105469;0.0;0.0;0.0;0.0;0.0;0.0;0.0;0.0;0.0;5;0.0;0.0;0.0;0.0;0.0;0.0;0.0;0.0;0.0;0.0;0.0;0.0;0.0;0.0;0.0;0.0;-5.825234889984131;-35.22581481933594;52.62099838256836;0.009999999776482582;24.8799991607666;0.019999999552965164;518420200;2368;50;28;0;0;0
1748649602;188250276;131.6300048828125;-12.739999771118164;173.3800048828125;0.0;0.0;0.0;0.01875000074505806;-0.029750000685453415;0.996749997138977;6.860000133514404;-3.4000000953674316;-8.5;-5.825231552124023;-35.225833892822266;166.00999450683594;0.0;0.009999999776482582;28.270000457763672;-2.5999999046325684;2.9800000190734863;-38.599998474121094;0.0;0.0;0.0;0.0;0.0;0.0;0.0;0.0;0.0;6;0.0;0.0;0.0;0.0;0.0;0.0;0.0;0.0;0.0;0.0;0.0;0.0;0.0;0.0;0.0;0.0;-5.825234889984131;-35.22581481933594;52.62099838256836;0.009999999776482582;133.75999450683594;0.0;518420240;2368;50;28;0;0;0
1748649602;228467060;131.5399932861328;-12.930000305175781;173.49000549316406;0.0;0.0;0.0;0.01875000074505806;-0.029750000685453415;0.996749997138977;2.880000114440918;4.039999961853027;-4.739999771118164;-5.825230598449707;-35.225833892822266;166.00999450683594;0.0;0.0;26.716999053955078;-2.630000114440918;3.069999933242798;-39.369998931884766;0.0;0.0;0.0;0.0;0.0;0.0;0.0;0.0;0.0;7;0.0;0.0;0.0;0.0;0.0;0.0;0.0;0.0;0.0;0.0;0.0;0.0;0.0;0.0;0.0;0.0;-5.825234889984131;-35.22581481933594;52.617000579833984;0.0;175.6199951171875;0.0;518420280;2368;50;28;0;0;0
1748649602;268396497;131.4199981689453;-13.180000305175781;173.52999877929688;0.0;0.0;0.0;0.01875000074505806;-0.029750000685453415;0.996749997138977;8.760000228881836;0.07999999821186066;-5.059999942779541;-5.825230121612549;-35.225833892822266;166.00999450683594;0.0;0.0;25.132999420166016;-2.6700000762939453;3.1700000762939453;-40.13999938964844;0.0;0.0;0.0;0.0;0.0;0.0;0.0;0.0;0.0;8;0.0;0.0;0.0;0.0;0.0;0.0;0.0;0.0;0.0;0.0;0.0;0.0;0.0;0.0;0.0;0.0;-5.825234889984131;-35.22581481933594;52.62699890136719;0.0;110.72000122070312;0.0;518420320;2368;50;28;0;0;0
1748649602;307621132;131.35000610351562;-13.470000267028809;173.52999877929688;0.0;0.0;0.0;0.01875000074505806;-0.029750000685453415;0.9965000152587891;7.699999809265137;-1.2000000476837158;-2.819999933242798;-5.825229167938232;-35.225833892822266;166.00999450683594;0.0;0.0;23.520000457763672;-2.700000047683716;3.259999990463257;-40.90999984741211;0.0;0.0;0.0;0.0;0.0;0.0;0.0;0.0;0.0;9;0.0;0.0;0.0;0.0;0.0;0.0;0.0;0.0;0.0;0.0;0.0;0.0;0.0;0.0;0.0;0.0;-5.825234889984131;-35.22581481933594;52.619998931884766;0.0;53.58000183105469;0.0;518420360;2368;50;28;0;0;0
1748649602;347512323;131.32000732421875;-13.640000343322754;173.55999755859375;0.0;0.0;0.0;0.01850000023841858;-0.029750000685453415;0.996749997138977;3.880000114440918;1.7200000286102295;-3.059999942779541;-5.825228691101074;-35.22583770751953;166.00999450683594;0.0;0.0;21.875999450683594;-2.7300000190734863;3.359999895095825;-41.66999816894531;0.0;0.0;0.0;0.0;0.0;0.0;0.0;0.0;0.0;10;0.0;0.0;0.0;0.0;0.0;0.0;0.0;0.0;0.0;0.0;0.0;0.0;0.0;0.0;0.0;0.0;-5.825234889984131;-35.22581481933594;52.62200164794922;0.0;53.58000183105469;0.0;518420400;2368;50;28;0;0;0
1748649602;387776977;131.24000549316406;-13.869999885559082;173.50999450683594;0.0;0.0;0.0;0.01875000074505806;-0.029750000685453415;0.996749997138977;3.859999895095825;-0.7799999713897705;-1.440000057220459;-5.8252272605896;-35.22583770751953;166.00999450683594;-0.009999999776482582;0.009999999776482582;20.19300079345703;-2.7699999809265137;3.4700000286102295;-42.439998626708984;0.0;0.0;0.0;0.0;0.0;0.0;0.0;0.0;0.0;11;0.0;0.0;0.0;0.0;0.0;0.0;0.0;0.0;0.0;0.0;0.0;0.0;0.0;0.0;0.0;0.0;-5.825234889984131;-35.22581481933594;52.62200164794922;0.009999999776482582;186.6699981689453;-0.009999999776482582;518420440;2368;50;28;0;0;0
1748649602;427771408;131.25;-13.979999542236328;173.5800018310547;0.0;0.0;0.0;0.01850000023841858;-0.029500000178813934;0.996749997138977;1.440000057220459;2.9800000190734863;-0.9399999976158142;-5.825226306915283;-35.22583770751953;166.00999450683594;0.0;0.009999999776482582;54.50400161743164;-2.799999952316284;3.569999933242798;-0.7300000190734863;0.0;0.0;0.0;0.0;0.0;0.0;0.0;0.0;0.0;12;0.0;0.0;0.0;0.0;0.0;0.0;0.0;0.0;0.0;0.0;0.0;0.0;0.0;0.0;0.0;0.0;-5.825234413146973;-35.22581481933594;52.606998443603516;0.009999999776482582;260.7799987792969;0.0;518420480;2368;50;28;0;0;0
1748649602;467883452;131.17999267578125;-14.119999885559082;173.60000610351562;0.0;0.0;0.0;0.01875000074505806;-0.029500000178813934;0.996749997138977;2.4200000762939453;-2.7200000286102295;-7.78000020980835;-5.825225353240967;-35.22583770751953;166.00999450683594;0.0;0.0;54.46799850463867;-2.8299999237060547;3.6700000762939453;-1.4900000095367432;0.0;0.0;0.0;0.0;0.0;0.0;0.0;0.0;0.0;13;0.0;0.0;0.0;0.0;0.0;0.0;0.0;0.0;0.0;0.0;0.0;0.0;0.0;0.0;0.0;0.0;-5.825234889984131;-35.22581481933594;52.608001708984375;0.0;217.13999938964844;0.0;518420520;2368;50;28;0;0;0
1748649602;508027868;131.13999938964844;-14.430000305175781;173.64999389648438;0.0;0.0;0.0;0.01875000074505806;-0.029500000178813934;0.996749997138977;9.9399995803833;-3.7200000286102295;-3.559999942779541;-5.825224876403809;-35.22583770751953;166.00999450683594;-0.019999999552965164;0.009999999776482582;54.41699981689453;-2.869999885559082;3.7699999809265137;-2.240000009536743;0.0;0.0;0.0;0.0;0.0;0.0;0.0;0.0;0.0;14;0.0;0.0;0.0;0.0;0.0;0.0;0.0;0.0;0.0;0.0;0.0;0.0;0.0;0.0;0.0;0.0;-5.825234413146973;-35.22581481933594;52.62300109863281;0.009999999776482582;7.869999885559082;-0.019999999552965164;518420560;2368;50;28;0;0;0
1748649602;547978303;131.00999450683594;-14.729999542236328;173.77000427246094;0.0;0.0;0.0;0.01875000074505806;-0.029750000685453415;0.996749997138977;9.359999656677246;2.859999895095825;0.7200000286102295;-5.825223445892334;-35.22583770751953;166.00999450683594;-0.019999999552965164;0.009999999776482582;54.3489990234375;-2.9000000953674316;3.880000114440918;-3.009999990463257;0.0;0.0;0.0;0.0;0.0;0.0;0.0;0.0;0.0;15;0.0;0.0;0.0;0.0;0.0;0.0;0.0;0.0;0.0;0.0;0.0;0.0;0.0;0.0;0.0;0.0;-5.825234889984131;-35.22581481933594;52.63399887084961;0.009999999776482582;7.869999885559082;-0.019999999552965164;518420600;2368;50;28;0;0;0
1748649602;588062100;130.88999938964844;-14.829999923706055;173.82000732421875;0.0;0.0;0.0;0.01850000023841858;-0.029750000685453415;0.996749997138977;1.2999999523162842;-0.14000000059604645;-2.2799999713897705;-5.825222015380859;-35.2258415222168;166.00999450683594;0.009999999776482582;0.0;54.21699905395508;-2.940000057220459;3.990000009536743;-3.75;0.0;0.0;0.0;0.0;0.0;0.0;0.0;0.0;0.0;16;0.0;0.0;0.0;0.0;0.0;0.0;0.0;0.0;0.0;0.0;0.0;0.0;0.0;0.0;0.0;0.0;-5.825234889984131;-35.22581481933594;52.63399887084961;0.0;146.9499969482422;0.009999999776482582;518420640;2368;50;28;0;0;0
1748649602;628191893;130.83999633789062;-15.020000457763672;173.77000427246094;0.0;0.0;0.0;0.01875000074505806;-0.029750000685453415;0.996749997138977;4.019999980926514;-2.119999885559082;-2.2200000286102295;-5.825220584869385;-35.2258415222168;166.00999450683594;0.0;0.009999999776482582;54.10300064086914;-2.9700000286102295;4.099999904632568;-4.510000228881836;0.0;0.0;0.0;0.0;0.0;0.0;0.0;0.0;0.0;17;0.0;0.0;0.0;0.0;0.0;0.0;0.0;0.0;0.0;0.0;0.0;0.0;0.0;0.0;0.0;0.0;-5.825234889984131;-35.22581481933594;52.638999938964844;0.009999999776482582;339.760009765625;0.0;518420680;2368;50;28;0;0;0
1748649602;668331434;130.7100067138672;-15.34000015258789;173.75999450683594;0.0;0.0;0.0;0.01875000074505806;-0.029750000685453415;0.9965000152587891;7.699999809265137;0.1599999964237213;-4.099999904632568;-5.825218677520752;-35.2258415222168;166.00999450683594;0.029999999329447746;0.009999999776482582;53.97600173950195;-3.009999990463257;4.210000038146973;-5.28000020980835;0.0;0.0;0.0;0.0;0.0;0.0;0.0;0.0;0.0;18;0.0;0.0;0.0;0.0;0.0;0.0;0.0;0.0;0.0;0.0;0.0;0.0;0.0;0.0;0.0;0.0;-5.825234889984131;-35.22581481933594;52.654998779296875;0.009999999776482582;95.62000274658203;0.029999999329447746;518420720;2368;50;28;0;0;0
1748649602;708331864;130.77000427246094;-15.600000381469727;173.7899932861328;0.0;0.0;0.0;0.01875000074505806;-0.029750000685453415;0.996749997138977;6.21999979019165;-0.5600000023841858;-0.800000011920929;-5.825217247009277;-35.2258415222168;166.00999450683594;0.0;0.0;53.83000183105469;-3.0399999618530273;4.320000171661377;-6.039999961853027;0.0;0.0;0.0;0.0;0.0;0.0;0.0;0.0;0.0;19;0.0;0.0;0.0;0.0;0.0;0.0;0.0;0.0;0.0;0.0;0.0;0.0;0.0;0.0;0.0;0.0;-5.825234889984131;-35.22581481933594;52.64799880981445;0.0;302.3699951171875;0.0;518420760;2368;50;28;0;0;0
1748649602;748477530;130.6199951171875;-15.869999885559082;173.83999633789062;0.0;0.0;0.0;0.01875000074505806;-0.029750000685453415;0.996749997138977;5.260000228881836;-1.8200000524520874;-3.059999942779541;-5.825215816497803;-35.22584533691406;166.00999450683594;0.0;0.0;53.66899871826172;-3.0799999237060547;4.440000057220459;-6.809999942779541;0.0;0.0;0.0;0.0;0.0;0.0;0.0;0.0;0.0;20;0.0;0.0;0.0;0.0;0.0;0.0;0.0;0.0;0.0;0.0;0.0;0.0;0.0;0.0;0.0;0.0;-5.825234889984131;-35.22581481933594;52.645999908447266;0.0;302.3699951171875;0.0;518420800;2368;50;28;0;0;0
1748649602;787566928;130.74000549316406;-16.200000762939453;173.85000610351562;0.0;0.0;0.0;0.01875000074505806;-0.029750000685453415;0.9965000152587891;11.899999618530273;3.4000000953674316;2.0199999809265137;-5.82521390914917;-35.22584533691406;166.00999450683594;0.009999999776482582;0.009999999776482582;53.38199996948242;-3.119999885559082;4.550000190734863;-7.570000171661377;0.0;0.0;0.0;0.0;0.0;0.0;0.0;0.0;0.0;21;0.0;0.0;0.0;0.0;0.0;0.0;0.0;0.0;0.0;0.0;0.0;0.0;0.0;0.0;0.0;0.0;-5.825234889984131;-35.22581481933594;52.645999908447266;0.009999999776482582;325.19000244140625;0.009999999776482582;518420840;2368;50;28;0;0;0
1748649602;827511864;130.8300018310547;-16.3700008392334;173.9199981689453;0.0;0.0;0.0;0.01875000074505806;-0.029750000685453415;0.9965000152587891;3.740000009536743;2.819999933242798;2.259999990463257;-5.825212478637695;-35.22584533691406;166.00999450683594;-0.009999999776482582;0.009999999776482582;53.17499923706055;-3.1500000953674316;4.670000076293945;-8.329999923706055;0.0;0.0;0.0;0.0;0.0;0.0;0.0;0.0;0.0;22;0.0;0.0;0.0;0.0;0.0;0.0;0.0;0.0;0.0;0.0;0.0;0.0;0.0;0.0;0.0;0.0;-5.825234889984131;-35.22581481933594;52.64899826049805;0.009999999776482582;96.9800033569336;-0.009999999776482582;518420880;2368;50;28;0;0;0
1748649602;867579163;130.75999450683594;-16.649999618530273;173.97999572753906;0.0;0.0;0.0;0.01875000074505806;-0.029750000685453415;0.9965000152587891;7.619999885559082;0.5;-4.820000171661377;-5.8252105712890625;-35.22584533691406;166.00999450683594;-0.009999999776482582;0.0;52.95399856567383;-3.190000057220459;4.789999961853027;-9.09000015258789;0.0;0.0;0.0;0.0;0.0;0.0;0.0;0.0;0.0;23;0.0;0.0;0.0;0.0;0.0;0.0;0.0;0.0;0.0;0.0;0.0;0.0;0.0;0.0;0.0;0.0;-5.825234889984131;-35.22581481933594;52.65700149536133;0.0;177.27000427246094;-0.009999999776482582;518420920;2368;50;28;0;0;0
1748649602;907582968;130.72000122070312;-16.829999923706055;173.9199981689453;0.0;0.0;0.0;0.01850000023841858;-0.029750000685453415;0.996749997138977;4.699999809265137;-2.299999952316284;2.559999942779541;-5.825209140777588;-35.22584915161133;166.00999450683594;0.009999999776482582;0.0;52.71799850463867;-3.2300000190734863;4.920000076293945;-9.859999656677246;0.0;0.0;0.0;0.0;0.0;0.0;0.0;0.0;0.0;24;0.0;0.0;0.0;0.0;0.0;0.0;0.0;0.0;0.0;0.0;0.0;0.0;0.0;0.0;0.0;0.0;-5.825234889984131;-35.22581481933594;52.65299987792969;0.0;137.61000061035156;0.009999999776482582;518420960;2368;50;28;0;0;0
1748649602;947513531;129.72999572753906;-17.040000915527344;173.9199981689453;0.0;0.0;0.0;0.01875000074505806;-0.029750000685453415;0.996749997138977;5.579999923706055;3.2799999713897705;-0.10000000149011612;-5.825207233428955;-35.22584915161133;166.00999450683594;0.009999999776482582;0.0;52.30799865722656;-3.2699999809265137;5.039999961853027;-10.619999885559082;0.0;0.0;0.0;0.0;0.0;0.0;0.0;0.0;0.0;25;0.0;0.0;0.0;0.0;0.0;0.0;0.0;0.0;0.0;0.0;0.0;0.0;0.0;0.0;0.0;0.0;-5.825234889984131;-35.22581481933594;52.65299987792969;0.0;137.61000061035156;0.009999999776482582;518421000;2368;50;28;0;0;0
1748649602;987757311;129.66000366210938;-17.270000457763672;174.05999755859375;0.0;0.0;0.0;0.01850000023841858;-0.029750000685453415;0.996749997138977;7.340000152587891;1.0399999618530273;-3.380000114440918;-5.825205326080322;-35.22584915161133;166.00999450683594;0.019999999552965164;0.009999999776482582;52.027000427246094;-3.309999942779541;5.159999847412109;-11.380000114440918;0.0;0.0;0.0;0.0;0.0;0.0;0.0;0.0;0.0;26;0.0;0.0;0.0;0.0;0.0;0.0;0.0;0.0;0.0;0.0;0.0;0.0;0.0;0.0;0.0;0.0;-5.825234889984131;-35.22581481933594;52.6609992980957;0.009999999776482582;295.1000061035156;0.019999999552965164;518421040;2368;50;28;0;0;0
1748649603;27773240;129.50999450683594;-17.549999237060547;173.97000122070312;0.0;0.0;0.0;0.01850000023841858;-0.029750000685453415;0.996749997138977;8.65999984741211;-1.6799999475479126;-3.5;-5.8252034187316895;-35.225852966308594;166.00999450683594;0.0;0.0;51.73099899291992;-3.3499999046325684;5.289999961853027;-12.140000343322754;0.0;0.0;0.0;0.0;0.0;0.0;0.0;0.0;0.0;27;0.0;0.0;0.0;0.0;0.0;0.0;0.0;0.0;0.0;0.0;0.0;0.0;0.0;0.0;0.0;0.0;-5.825234889984131;-35.22581481933594;52.6609992980957;0.0;164.3300018310547;0.0;518421080;2368;50;28;0;0;0
1748649603;67955152;129.44000244140625;-17.809999465942383;173.94000244140625;0.0;0.0;0.0;0.01875000074505806;-0.029750000685453415;0.9965000152587891;6.420000076293945;-0.3199999928474426;-3.5;-5.825201511383057;-35.225852966308594;166.00999450683594;-0.009999999776482582;0.0;51.41999816894531;-3.390000104904175;5.420000076293945;-12.899999618530273;0.0;0.0;0.0;0.0;0.0;0.0;0.0;0.0;0.0;28;0.0;0.0;0.0;0.0;0.0;0.0;0.0;0.0;0.0;0.0;0.0;0.0;0.0;0.0;0.0;0.0;-5.825234889984131;-35.22581481933594;52.654998779296875;0.0;18.59000015258789;-0.009999999776482582;518421120;2368;50;28;0;0;0
1748649603;107892839;129.38999938964844;-18.100000381469727;173.97999572753906;0.0;0.0;0.0;0.01875000074505806;-0.029750000685453415;0.9965000152587891;7.400000095367432;2.3399999141693115;-0.10000000149011612;-5.825199604034424;-35.225852966308594;166.00999450683594;-0.009999999776482582;0.009999999776482582;51.095001220703125;-3.4200000762939453;5.550000190734863;-13.65999984741211;0.0;0.0;0.0;0.0;0.0;0.0;0.0;0.0;0.0;29;0.0;0.0;0.0;0.0;0.0;0.0;0.0;0.0;0.0;0.0;0.0;0.0;0.0;0.0;0.0;0.0;-5.825234889984131;-35.22581481933594;52.659000396728516;0.009999999776482582;299.2799987792969;-0.009999999776482582;518421160;2368;50;28;0;0;0
1748649603;147991385;129.27999877929688;-18.329999923706055;174.07000732421875;0.0;0.0;0.0;0.01875000074505806;-0.029750000685453415;0.9962499737739563;8.399999618530273;3.299999952316284;-4.099999904632568;-5.825197696685791;-35.22585678100586;166.00999450683594;-0.009999999776482582;0.009999999776482582;50.75400161743164;-3.4600000381469727;5.679999828338623;-14.420000076293945;0.0;0.0;0.0;0.0;0.0;0.0;0.0;0.0;0.0;30;0.0;0.0;0.0;0.0;0.0;0.0;0.0;0.0;0.0;0.0;0.0;0.0;0.0;0.0;0.0;0.0;-5.825234889984131;-35.22581481933594;52.65800094604492;0.009999999776482582;299.2799987792969;-0.009999999776482582;518421200;2368;50;28;0;0;0
1748649603;188189920;129.14999389648438;-18.520000457763672;174.10000610351562;0.0;0.0;0.0;0.01850000023841858;-0.029750000685453415;0.9965000152587891;4.860000133514404;-3.700000047683716;-3.740000009536743;-5.8251953125;-35.22585678100586;166.00999450683594;-0.009999999776482582;0.0;50.1619987487793;-3.5;5.809999942779541;-15.170000076293945;0.0;0.0;0.0;0.0;0.0;0.0;0.0;0.0;0.0;31;0.0;0.0;0.0;0.0;0.0;0.0;0.0;0.0;0.0;0.0;0.0;0.0;0.0;0.0;0.0;0.0;-5.825234889984131;-35.22581481933594;52.65800094604492;0.0;246.36000061035156;-0.009999999776482582;518421240;2368;50;28;0;0;0
1748649603;228174477;129.0;-18.68000030517578;174.25;0.0;0.0;0.0;0.01875000074505806;-0.029750000685453415;0.996999979019165;4.880000114440918;2.680000066757202;-1.2400000095367432;-5.825193405151367;-35.22585678100586;166.00999450683594;0.0;0.009999999776482582;49.777000427246094;-3.5399999618530273;5.940000057220459;-15.930000305175781;0.0;0.0;0.0;0.0;0.0;0.0;0.0;0.0;0.0;0;0.0;0.0;0.0;0.0;0.0;0.0;0.0;0.0;0.0;0.0;0.0;0.0;0.0;0.0;0.0;0.0;-5.825234889984131;-35.22581481933594;52.65800094604492;0.009999999776482582;303.2200012207031;0.0;518421280;2368;50;28;0;0;0
1748649603;268201530;128.92999267578125;-18.860000610351562;174.3699951171875;0.0;0.0;0.0;0.01850000023841858;-0.029750000685453415;0.996999979019165;6.28000020980835;2.759999990463257;-0.41999998688697815;-5.825191020965576;-35.225860595703125;166.00999450683594;0.019999999552965164;0.0;49.37900161743164;-3.5799999237060547;6.079999923706055;-16.690000534057617;0.0;0.0;0.0;0.0;0.0;0.0;0.0;0.0;0.0;1;0.0;0.0;0.0;0.0;0.0;0.0;0.0;0.0;0.0;0.0;0.0;0.0;0.0;0.0;0.0;0.0;-5.825234889984131;-35.22581481933594;52.67499923706055;0.0;351.0799865722656;0.019999999552965164;518421320;2368;50;28;0;0;0
1748649603;308304325;128.85000610351562;-19.020000457763672;174.47999572753906;0.0;0.0;0.0;0.01875000074505806;-0.029750000685453415;0.996999979019165;3.859999895095825;-0.699999988079071;-1.4600000381469727;-5.825189113616943;-35.225860595703125;166.00999450683594;-0.009999999776482582;0.0;48.96500015258789;-3.619999885559082;6.210000038146973;-17.450000762939453;0.0;0.0;0.0;0.0;0.0;0.0;0.0;0.0;0.0;2;0.0;0.0;0.0;0.0;0.0;0.0;0.0;0.0;0.0;0.0;0.0;0.0;0.0;0.0;0.0;0.0;-5.825234889984131;-35.22581481933594;52.667999267578125;0.0;211.4499969482422;-0.009999999776482582;518421360;2368;50;28;0;0;0
1748649603;347464716;128.6999969482422;-19.239999771118164;174.61000061035156;0.0;0.0;0.0;0.01850000023841858;-0.029750000685453415;0.996749997138977;5.699999809265137;3.0199999809265137;-2.859999895095825;-5.825186729431152;-35.225860595703125;166.00999450683594;-0.009999999776482582;0.0;48.53799819946289;-3.6600000858306885;6.349999904632568;-18.200000762939453;0.0;0.0;0.0;0.0;0.0;0.0;0.0;0.0;0.0;3;0.0;0.0;0.0;0.0;0.0;0.0;0.0;0.0;0.0;0.0;0.0;0.0;0.0;0.0;0.0;0.0;-5.825234889984131;-35.22581481933594;52.67499923706055;0.0;211.4499969482422;-0.009999999776482582;518421400;2368;50;28;0;0;0
1748649603;387666626;128.5800018310547;-19.479999542236328;174.5;0.0;0.0;0.0;0.01875000074505806;-0.029750000685453415;0.9965000152587891;4.5;-5.260000228881836;-4.420000076293945;-5.825184345245361;-35.22586441040039;166.00999450683594;0.0;0.0;47.79399871826172;-3.700000047683716;6.489999771118164;-18.959999084472656;0.0;0.0;0.0;0.0;0.0;0.0;0.0;0.0;0.0;4;0.0;0.0;0.0;0.0;0.0;0.0;0.0;0.0;0.0;0.0;0.0;0.0;0.0;0.0;0.0;0.0;-5.825234889984131;-35.22581481933594;52.67499923706055;0.0;234.30999755859375;0.0;518421440;2368;50;28;0;0;0
1748649603;427627310;128.42999267578125;-19.889999389648438;174.52999877929688;0.0;0.0;0.0;0.01875000074505806;-0.029750000685453415;0.9965000152587891;10.020000457763672;3.1600000858306885;-0.8199999928474426;-5.82518196105957;-35.22586441040039;166.00999450683594;-0.009999999776482582;0.0;47.31800079345703;-3.740000009536743;6.630000114440918;-19.709999084472656;0.0;0.0;0.0;0.0;0.0;0.0;0.0;0.0;0.0;5;0.0;0.0;0.0;0.0;0.0;0.0;0.0;0.0;0.0;0.0;0.0;0.0;0.0;0.0;0.0;0.0;-5.825234889984131;-35.22581481933594;52.66699981689453;0.0;322.3900146484375;-0.009999999776482582;518421480;2368;50;28;0;0;0
1748649603;467649489;128.42999267578125;-20.149999618530273;174.5800018310547;0.0;0.0;0.0;0.01875000074505806;-0.029750000685453415;0.996749997138977;5.480000019073486;0.6399999856948853;-0.019999999552965164;-5.825179576873779;-35.22586441040039;166.00999450683594;-0.009999999776482582;0.0;46.83000183105469;-3.7799999713897705;6.769999980926514;-20.469999313354492;0.0;0.0;0.0;0.0;0.0;0.0;0.0;0.0;0.0;6;0.0;0.0;0.0;0.0;0.0;0.0;0.0;0.0;0.0;0.0;0.0;0.0;0.0;0.0;0.0;0.0;-5.825234413146973;-35.22581481933594;52.65800094604492;0.0;24.559999465942383;-0.009999999776482582;518421520;2368;50;28;0;0;0
1748649603;507881895;128.2899932861328;-20.270000457763672;174.66000366210938;0.0;0.0;0.0;0.01875000074505806;-0.029750000685453415;0.9965000152587891;1.4199999570846558;-0.8799999952316284;-5.619999885559082;-5.825177192687988;-35.225868225097656;166.00999450683594;0.019999999552965164;0.009999999776482582;46.327999114990234;-3.819999933242798;6.909999847412109;-21.219999313354492;0.0;0.0;0.0;0.0;0.0;0.0;0.0;0.0;0.0;7;0.0;0.0;0.0;0.0;0.0;0.0;0.0;0.0;0.0;0.0;0.0;0.0;0.0;0.0;0.0;0.0;-5.825234889984131;-35.22581481933594;52.66699981689453;0.009999999776482582;121.31999969482422;0.019999999552965164;518421560;2368;50;28;0;0;0
1748649603;547963068;128.32000732421875;-20.43000030517578;174.61000061035156;0.0;0.0;0.0;0.01875000074505806;-0.029750000685453415;0.9965000152587891;2.359999895095825;0.7400000095367432;-3.8399999141693115;-5.825174808502197;-35.225868225097656;166.00999450683594;0.019999999552965164;0.009999999776482582;45.8120002746582;-3.859999895095825;7.059999942779541;-21.969999313354492;0.0;0.0;0.0;0.0;0.0;0.0;0.0;0.0;0.0;8;0.0;0.0;0.0;0.0;0.0;0.0;0.0;0.0;0.0;0.0;0.0;0.0;0.0;0.0;0.0;0.0;-5.825234413146973;-35.22581481933594;52.65999984741211;0.009999999776482582;121.31999969482422;0.019999999552965164;518421600;2368;50;28;0;0;0
1748649603;588195475;128.24000549316406;-20.540000915527344;174.5800018310547;0.0;0.0;0.0;0.01875000074505806;-0.029750000685453415;0.996749997138977;1.3200000524520874;-1.9600000381469727;-1.5800000429153442;-5.825171947479248;-35.225868225097656;166.00999450683594;0.019999999552965164;0.0;44.917999267578125;-3.9000000953674316;7.199999809265137;-22.729999542236328;0.0;0.0;0.0;0.0;0.0;0.0;0.0;0.0;0.0;9;0.0;0.0;0.0;0.0;0.0;0.0;0.0;0.0;0.0;0.0;0.0;0.0;0.0;0.0;0.0;0.0;-5.825234413146973;-35.22581481933594;52.65999984741211;0.0;15.4399995803833;0.019999999552965164;518421640;2368;50;28;0;0;0
1748649603;628028797;128.10000610351562;-20.809999465942383;174.6699981689453;0.0;0.0;0.0;0.01875000074505806;-0.029750000685453415;0.996749997138977;10.579999923706055;2.119999885559082;-2.8399999141693115;-5.825169563293457;-35.22587203979492;166.00999450683594;0.0;0.0;44.358001708984375;-3.940000057220459;7.349999904632568;-23.479999542236328;0.0;0.0;0.0;0.0;0.0;0.0;0.0;0.0;0.0;10;0.0;0.0;0.0;0.0;0.0;0.0;0.0;0.0;0.0;0.0;0.0;0.0;0.0;0.0;0.0;0.0;-5.825234889984131;-35.22581481933594;52.67100143432617;0.0;115.33000183105469;0.0;518421680;2368;50;28;0;0;0
1748649603;668248830;127.80999755859375;-21.040000915527344;174.7100067138672;0.0;0.0;0.0;0.01875000074505806;-0.029750000685453415;0.996749997138977;5.639999866485596;-1.7599999904632568;-8.0;-5.825166702270508;-35.22587203979492;166.00999450683594;0.019999999552965164;0.0;43.784000396728516;-3.9800000190734863;7.489999771118164;-24.229999542236328;0.0;0.0;0.0;0.0;0.0;0.0;0.0;0.0;0.0;11;0.0;0.0;0.0;0.0;0.0;0.0;0.0;0.0;0.0;0.0;0.0;0.0;0.0;0.0;0.0;0.0;-5.825234889984131;-35.22581481933594;52.67900085449219;0.0;24.6200008392334;0.019999999552965164;518421720;2368;50;28;0;0;0
1748649603;708277883;127.69999694824219;-21.25;174.74000549316406;0.0;0.0;0.0;0.01875000074505806;-0.029750000685453415;0.996749997138977;4.5;2.119999885559082;0.4399999976158142;-5.825163841247559;-35.22587203979492;166.00999450683594;0.009999999776482582;0.0;43.19599914550781;-4.019999980926514;7.639999866485596;-24.979999542236328;0.0;0.0;0.0;0.0;0.0;0.0;0.0;0.0;0.0;12;0.0;0.0;0.0;0.0;0.0;0.0;0.0;0.0;0.0;0.0;0.0;0.0;0.0;0.0;0.0;0.0;-5.825234889984131;-35.22581481933594;52.67499923706055;0.0;311.5299987792969;0.009999999776482582;518421760;2368;50;28;0;0;0
1748649603;748814759;127.54000091552734;-21.5;174.77999877929688;0.0;0.0;0.0;0.01875000074505806;-0.029750000685453415;0.996749997138977;9.399999618530273;-3.640000104904175;-3.940000057220459;-5.825161457061768;-35.22587585449219;166.00999450683594;0.009999999776482582;0.0;42.59299850463867;-4.059999942779541;7.789999961853027;-25.729999542236328;0.0;0.0;0.0;0.0;0.0;0.0;0.0;0.0;0.0;13;0.0;0.0;0.0;0.0;0.0;0.0;0.0;0.0;0.0;0.0;0.0;0.0;0.0;0.0;0.0;0.0;-5.825234889984131;-35.22581481933594;52.66899871826172;0.0;311.5299987792969;0.009999999776482582;518421800;2368;50;28;0;0;0
1748649603;788817814;127.55999755859375;-21.65999984741211;174.7899932861328;0.0;0.0;0.0;0.01875000074505806;-0.029750000685453415;0.9965000152587891;1.3200000524520874;-1.559999942779541;0.6200000047683716;-5.825158596038818;-35.22587585449219;166.00999450683594;-0.009999999776482582;0.0;41.54800033569336;-4.110000133514404;7.940000057220459;-26.479999542236328;0.0;0.0;0.0;0.0;0.0;0.0;0.0;0.0;0.0;14;0.0;0.0;0.0;0.0;0.0;0.0;0.0;0.0;0.0;0.0;0.0;0.0;0.0;0.0;0.0;0.0;-5.825234889984131;-35.22581481933594;52.66899871826172;0.0;45.72999954223633;-0.009999999776482582;518421840;2368;50;28;0;0;0
1748649603;828569520;127.4000015258789;-21.950000762939453;174.91000366210938;0.0;0.0;0.0;0.01850000023841858;-0.029750000685453415;0.9965000152587891;7.400000095367432;-2.8399999141693115;-1.9199999570846558;-5.825155735015869;-35.22587966918945;166.00999450683594;0.0;0.0;40.9010009765625;-4.150000095367432;8.100000381469727;-27.229999542236328;0.0;0.0;0.0;0.0;0.0;0.0;0.0;0.0;0.0;15;0.0;0.0;0.0;0.0;0.0;0.0;0.0;0.0;0.0;0.0;0.0;0.0;0.0;0.0;0.0;0.0;-5.825234889984131;-35.22581481933594;52.67100143432617;0.0;120.2699966430664;0.0;518421880;2368;50;28;0;0;0
1748649603;868704061;127.12000274658203;-22.209999084472656;174.85000610351562;0.0;0.0;0.0;0.01875000074505806;-0.029750000685453415;0.996749997138977;4.139999866485596;-5.380000114440918;-7.019999980926514;-5.825152397155762;-35.22587966918945;166.00999450683594;0.009999999776482582;0.0;40.2400016784668;-4.190000057220459;8.25;-27.979999542236328;0.0;0.0;0.0;0.0;0.0;0.0;0.0;0.0;0.0;16;0.0;0.0;0.0;0.0;0.0;0.0;0.0;0.0;0.0;0.0;0.0;0.0;0.0;0.0;0.0;0.0;-5.825234889984131;-35.22581481933594;52.685001373291016;0.0;347.6600036621094;0.009999999776482582;518421920;2368;50;28;0;0;0
1748649603;908832479;127.11000061035156;-22.469999313354492;174.75999450683594;0.0;0.0;0.0;0.01875000074505806;-0.029750000685453415;0.9965000152587891;4.480000019073486;-0.47999998927116394;-1.9800000190734863;-5.8251495361328125;-35.22587966918945;166.00999450683594;-0.009999999776482582;0.009999999776482582;39.566001892089844;-4.230000019073486;8.40999984741211;-28.719999313354492;0.0;0.0;0.0;0.0;0.0;0.0;0.0;0.0;0.0;17;0.0;0.0;0.0;0.0;0.0;0.0;0.0;0.0;0.0;0.0;0.0;0.0;0.0;0.0;0.0;0.0;-5.825234889984131;-35.22581481933594;52.696998596191406;0.009999999776482582;277.42999267578125;-0.009999999776482582;518421960;2368;50;28;0;0;0
1748649603;948778415;125.44999694824219;-22.59000015258789;174.8699951171875;0.0;0.0;0.0;0.01850000023841858;-0.029750000685453415;0.996749997138977;2.859999895095825;-0.03999999910593033;-3.7799999713897705;-5.825146675109863;-35.22588348388672;166.0500030517578;-0.009999999776482582;0.009999999776482582;38.4010009765625;-4.269999980926514;8.569999694824219;-29.469999313354492;0.0;0.0;0.0;0.0;0.0;0.0;0.0;0.0;0.0;18;0.0;0.0;0.0;0.0;0.0;0.0;0.0;0.0;0.0;0.0;0.0;0.0;0.0;0.0;0.0;0.0;-5.825234889984131;-35.22581481933594;52.696998596191406;0.009999999776482582;277.42999267578125;-0.009999999776482582;518422000;2368;50;28;0;0;0
1748649603;989196303;125.45999908447266;-22.770000457763672;174.8699951171875;0.0;0.0;0.0;0.01875000074505806;-0.029750000685453415;0.9965000152587891;5.639999866485596;-0.3400000035762787;-1.4199999570846558;-5.825143337249756;-35.22588348388672;166.0500030517578;0.009999999776482582;0.009999999776482582;37.68299865722656;-4.309999942779541;8.720000267028809;-30.219999313354492;0.0;0.0;0.0;0.0;0.0;0.0;0.0;0.0;0.0;19;0.0;0.0;0.0;0.0;0.0;0.0;0.0;0.0;0.0;0.0;0.0;0.0;0.0;0.0;0.0;0.0;-5.825234889984131;-35.22581481933594;52.691001892089844;0.009999999776482582;102.58999633789062;0.009999999776482582;518422040;2368;50;28;0;0;0
1748649604;28682911;125.16000366210938;-23.079999923706055;174.97999572753906;0.0;0.0;0.0;0.01850000023841858;-0.029750000685453415;0.996749997138977;8.760000228881836;0.11999999731779099;-8.239999771118164;-5.825139999389648;-35.225887298583984;166.0500030517578;0.0;0.0;36.94900131225586;-4.349999904632568;8.880000114440918;-30.959999084472656;0.0;0.0;0.0;0.0;0.0;0.0;0.0;0.0;0.0;20;0.0;0.0;0.0;0.0;0.0;0.0;0.0;0.0;0.0;0.0;0.0;0.0;0.0;0.0;0.0;0.0;-5.825234889984131;-35.22581481933594;52.67100143432617;0.0;170.25;0.0;518422080;2368;50;28;0;0;0
1748649604;68740460;125.06999969482422;-23.389999389648438;174.8699951171875;0.0;0.0;0.0;0.01875000074505806;-0.029750000685453415;0.996749997138977;7.039999961853027;-3.9600000381469727;-1.8600000143051147;-5.825137138366699;-35.225887298583984;166.0500030517578;-0.009999999776482582;0.0;36.20199966430664;-4.400000095367432;9.039999961853027;-31.709999084472656;0.0;0.0;0.0;0.0;0.0;0.0;0.0;0.0;0.0;21;0.0;0.0;0.0;0.0;0.0;0.0;0.0;0.0;0.0;0.0;0.0;0.0;0.0;0.0;0.0;0.0;-5.825234889984131;-35.22581481933594;52.667999267578125;0.0;250.07000732421875;-0.009999999776482582;518422120;2368;50;28;0;0;0
1748649604;109312707;124.86000061035156;-23.65999984741211;174.99000549316406;0.0;0.0;0.0;0.01875000074505806;-0.029500000178813934;0.996749997138977;5.400000095367432;-1.4800000190734863;-6.559999942779541;-5.825133800506592;-35.225887298583984;166.0500030517578;0.0;0.0;35.439998626708984;-4.440000057220459;9.210000038146973;-32.45000076293945;0.0;0.0;0.0;0.0;0.0;0.0;0.0;0.0;0.0;22;0.0;0.0;0.0;0.0;0.0;0.0;0.0;0.0;0.0;0.0;0.0;0.0;0.0;0.0;0.0;0.0;-5.825234889984131;-35.22581481933594;52.65299987792969;0.0;243.25999450683594;0.0;518422160;2368;50;28;0;0;0
1748649604;149186026;124.87000274658203;-23.84000015258789;175.08999633789062;0.0;0.0;0.0;0.01875000074505806;-0.029750000685453415;0.9965000152587891;3.6600000858306885;2.5199999809265137;-0.8999999761581421;-5.825130462646484;-35.22589111328125;166.0500030517578;0.0;0.0;34.66400146484375;-4.489999771118164;9.369999885559082;-33.189998626708984;0.0;0.0;0.0;0.0;0.0;0.0;0.0;0.0;0.0;23;0.0;0.0;0.0;0.0;0.0;0.0;0.0;0.0;0.0;0.0;0.0;0.0;0.0;0.0;0.0;0.0;-5.825234889984131;-35.22581481933594;52.652000427246094;0.0;243.25999450683594;0.0;518422200;2368;50;28;0;0;0
1748649604;188606265;124.77999877929688;-24.059999465942383;175.00999450683594;0.0;0.0;0.0;0.01899999938905239;-0.029750000685453415;0.996749997138977;6.099999904632568;-3.0799999237060547;-4.71999979019165;-5.825127124786377;-35.22589111328125;166.0500030517578;0.019999999552965164;0.009999999776482582;33.32099914550781;-4.53000020980835;9.539999961853027;-33.93000030517578;0.0;0.0;0.0;0.0;0.0;0.0;0.0;0.0;0.0;24;0.0;0.0;0.0;0.0;0.0;0.0;0.0;0.0;0.0;0.0;0.0;0.0;0.0;0.0;0.0;0.0;-5.825234889984131;-35.22581481933594;52.652000427246094;0.009999999776482582;336.42999267578125;0.019999999552965164;518422240;2368;50;28;0;0;0
1748649604;227986884;124.80000305175781;-24.329999923706055;174.99000549316406;0.0;0.0;0.0;0.01875000074505806;-0.029750000685453415;0.996749997138977;6.039999961853027;-1.6200000047683716;-0.4000000059604645;-5.825123310089111;-35.225894927978516;166.0500030517578;-0.009999999776482582;0.0;32.50199890136719;-4.570000171661377;9.699999809265137;-34.66999816894531;0.0;0.0;0.0;0.0;0.0;0.0;0.0;0.0;0.0;25;0.0;0.0;0.0;0.0;0.0;0.0;0.0;0.0;0.0;0.0;0.0;0.0;0.0;0.0;0.0;0.0;-5.825234889984131;-35.22581481933594;52.654998779296875;0.0;168.1300048828125;-0.009999999776482582;518422280;2368;50;28;0;0;0
1748649604;268566630;124.66000366210938;-24.56999969482422;174.99000549316406;0.0;0.0;0.0;0.01875000074505806;-0.029750000685453415;0.996749997138977;5.960000038146973;-3.759999990463257;-2.180000066757202;-5.825119972229004;-35.225894927978516;166.0500030517578;0.009999999776482582;0.0;31.66900062561035;-4.619999885559082;9.869999885559082;-35.40999984741211;0.0;0.0;0.0;0.0;0.0;0.0;0.0;0.0;0.0;26;0.0;0.0;0.0;0.0;0.0;0.0;0.0;0.0;0.0;0.0;0.0;0.0;0.0;0.0;0.0;0.0;-5.825234889984131;-35.22581481933594;52.65299987792969;0.0;123.70999908447266;0.009999999776482582;518422320;2368;50;28;0;0;0
1748649604;308859781;124.54000091552734;-24.8700008392334;175.10000610351562;0.0;0.0;0.0;0.01850000023841858;-0.029500000178813934;0.996749997138977;6.539999961853027;4.0;-5.300000190734863;-5.8251166343688965;-35.22589874267578;166.0500030517578;0.0;0.0;30.82200050354004;-4.659999847412109;10.039999961853027;-36.150001525878906;0.0;0.0;0.0;0.0;0.0;0.0;0.0;0.0;0.0;27;0.0;0.0;0.0;0.0;0.0;0.0;0.0;0.0;0.0;0.0;0.0;0.0;0.0;0.0;0.0;0.0;-5.825234889984131;-35.22581481933594;52.65599822998047;0.0;133.5399932861328;0.0;518422360;2368;50;28;0;0;0
1748649604;348639484;124.38999938964844;-25.010000228881836;175.1199951171875;0.0;0.0;0.0;0.01875000074505806;-0.029750000685453415;0.996999979019165;1.0399999618530273;0.8999999761581421;-3.619999885559082;-5.825112819671631;-35.22589874267578;166.0500030517578;0.0;0.0;29.957000732421875;-4.710000038146973;10.210000038146973;-36.88999938964844;0.0;0.0;0.0;0.0;0.0;0.0;0.0;0.0;0.0;28;0.0;0.0;0.0;0.0;0.0;0.0;0.0;0.0;0.0;0.0;0.0;0.0;0.0;0.0;0.0;0.0;-5.825234889984131;-35.22581481933594;52.654998779296875;0.0;133.5399932861328;0.0;518422400;2368;50;28;0;0;0
1748649604;389116991;124.19999694824219;-25.15999984741211;175.27999877929688;0.0;0.0;0.0;0.01875000074505806;-0.029750000685453415;0.9965000152587891;1.5800000429153442;-0.14000000059604645;-4.239999771118164;-5.825109004974365;-35.22589874267578;166.0500030517578;0.0;0.009999999776482582;28.465999603271484;-4.760000228881836;10.380000114440918;-37.630001068115234;0.0;0.0;0.0;0.0;0.0;0.0;0.0;0.0;0.0;29;0.0;0.0;0.0;0.0;0.0;0.0;0.0;0.0;0.0;0.0;0.0;0.0;0.0;0.0;0.0;0.0;-5.825234889984131;-35.22581481933594;52.654998779296875;0.009999999776482582;60.220001220703125;0.0;518422440;2368;50;28;0;0;0
1748649604;428817702;123.93000030517578;-25.3799991607666;175.41000366210938;0.0;0.0;0.0;0.01875000074505806;-0.029500000178813934;0.996749997138977;6.900000095367432;1.0;-5.440000057220459;-5.8251051902771;-35.22590255737305;166.0500030517578;-0.009999999776482582;0.0;26.95199966430664;-4.800000190734863;10.550000190734863;-38.369998931884766;0.0;0.0;0.0;0.0;0.0;0.0;0.0;0.0;0.0;30;0.0;0.0;0.0;0.0;0.0;0.0;0.0;0.0;0.0;0.0;0.0;0.0;0.0;0.0;0.0;0.0;-5.825234889984131;-35.22581481933594;52.6609992980957;0.0;278.0899963378906;-0.009999999776482582;518422480;2368;50;28;0;0;0
1748649604;468927871;123.80000305175781;-25.530000686645508;175.4600067138672;0.0;0.0;0.0;0.01875000074505806;-0.029750000685453415;0.996749997138977;3.0799999237060547;0.5;-1.899999976158142;-5.825101375579834;-35.22590255737305;166.0500030517578;0.0;0.0;25.409000396728516;-4.849999904632568;10.729999542236328;-39.11000061035156;0.0;0.0;0.0;0.0;0.0;0.0;0.0;0.0;0.0;31;0.0;0.0;0.0;0.0;0.0;0.0;0.0;0.0;0.0;0.0;0.0;0.0;0.0;0.0;0.0;0.0;-5.825234889984131;-35.22581481933594;52.64799880981445;0.0;328.54998779296875;0.0;518422520;2368;50;28;0;0;0
1748649604;509537615;123.45999908447266;-25.649999618530273;175.55999755859375;0.0;0.0;0.0;0.01875000074505806;-0.029750000685453415;0.9965000152587891;3.799999952316284;-0.9599999785423279;-5.480000019073486;-5.825097560882568;-35.22590637207031;166.0500030517578;0.009999999776482582;0.0;23.836999893188477;-4.889999866485596;10.899999618530273;-39.849998474121094;0.0;0.0;0.0;0.0;0.0;0.0;0.0;0.0;0.0;0;0.0;0.0;0.0;0.0;0.0;0.0;0.0;0.0;0.0;0.0;0.0;0.0;0.0;0.0;0.0;0.0;-5.825234889984131;-35.22581481933594;52.64899826049805;0.0;6.96999979019165;0.009999999776482582;518422560;2368;50;28;0;0;0
1748649604;548609890;123.43000030517578;-25.889999389648438;175.63999938964844;0.0;0.0;0.0;0.01850000023841858;-0.029750000685453415;0.996749997138977;5.699999809265137;1.4199999570846558;0.03999999910593033;-5.825093746185303;-35.22590637207031;166.0500030517578;0.009999999776482582;0.0;22.236000061035156;-4.940000057220459;11.079999923706055;-40.59000015258789;0.0;0.0;0.0;0.0;0.0;0.0;0.0;0.0;0.0;1;0.0;0.0;0.0;0.0;0.0;0.0;0.0;0.0;0.0;0.0;0.0;0.0;0.0;0.0;0.0;0.0;-5.825234889984131;-35.22581481933594;52.652000427246094;0.0;6.96999979019165;0.009999999776482582;518422600;2368;50;28;0;0;0
1748649604;588744931;123.27999877929688;-26.190000534057617;175.75999450683594;0.0;0.0;0.0;0.01875000074505806;-0.029750000685453415;0.996999979019165;5.71999979019165;1.7000000476837158;-3.880000114440918;-5.825089454650879;-35.22591018676758;166.0500030517578;-0.009999999776482582;0.0;20.597999572753906;-4.980000019073486;11.25;-41.33000183105469;0.0;0.0;0.0;0.0;0.0;0.0;0.0;0.0;0.0;2;0.0;0.0;0.0;0.0;0.0;0.0;0.0;0.0;0.0;0.0;0.0;0.0;0.0;0.0;0.0;0.0;-5.825234889984131;-35.22581481933594;52.652000427246094;0.0;155.32000732421875;-0.009999999776482582;518422640;2368;50;28;0;0;0
1748649604;628448517;123.16000366210938;-26.420000076293945;175.8800048828125;0.0;0.0;0.0;0.01875000074505806;-0.029750000685453415;0.996749997138977;2.7799999713897705;1.0;-4.579999923706055;-5.825085639953613;-35.22591018676758;166.0500030517578;-0.009999999776482582;0.0;54.090999603271484;-5.03000020980835;11.430000305175781;-0.7699999809265137;0.0;0.0;0.0;0.0;0.0;0.0;0.0;0.0;0.0;3;0.0;0.0;0.0;0.0;0.0;0.0;0.0;0.0;0.0;0.0;0.0;0.0;0.0;0.0;0.0;0.0;-5.825234889984131;-35.22581481933594;52.638999938964844;0.0;303.8500061035156;-0.009999999776482582;518422680;2368;50;28;0;0;0
1748649604;668511816;122.9000015258789;-26.600000381469727;175.9499969482422;0.0;0.0;0.0;0.01875000074505806;-0.029750000685453415;0.9965000152587891;2.8399999141693115;0.5600000023841858;-5.71999979019165;-5.8250813484191895;-35.225914001464844;166.0500030517578;-0.019999999552965164;0.0;54.04999923706055;-5.070000171661377;11.609999656677246;-1.5;0.0;0.0;0.0;0.0;0.0;0.0;0.0;0.0;0.0;4;0.0;0.0;0.0;0.0;0.0;0.0;0.0;0.0;0.0;0.0;0.0;0.0;0.0;0.0;0.0;0.0;-5.825234889984131;-35.22581481933594;52.630001068115234;0.0;266.75;-0.019999999552965164;518422720;2368;50;28;0;0;0
1748649604;708932204;122.68000030517578;-26.899999618530273;175.91000366210938;0.0;0.0;0.0;0.01875000074505806;-0.029750000685453415;0.996749997138977;5.820000171661377;-2.5999999046325684;-6.320000171661377;-5.825077533721924;-35.225914001464844;166.0500030517578;0.0;0.0;53.994998931884766;-5.119999885559082;11.789999961853027;-2.2200000286102295;0.0;0.0;0.0;0.0;0.0;0.0;0.0;0.0;0.0;5;0.0;0.0;0.0;0.0;0.0;0.0;0.0;0.0;0.0;0.0;0.0;0.0;0.0;0.0;0.0;0.0;-5.825234889984131;-35.22581481933594;52.638999938964844;0.0;238.88999938964844;0.0;518422760;2368;50;28;0;0;0
1748649604;748574671;122.62999725341797;-27.059999465942383;175.9499969482422;0.0;0.0;0.0;0.01850000023841858;-0.029750000685453415;0.996749997138977;3.7200000286102295;-0.8999999761581421;-4.28000020980835;-5.8250732421875;-35.22591781616211;166.0500030517578;0.0;0.0;53.926998138427734;-5.170000076293945;11.979999542236328;-2.950000047683716;0.0;0.0;0.0;0.0;0.0;0.0;0.0;0.0;0.0;6;0.0;0.0;0.0;0.0;0.0;0.0;0.0;0.0;0.0;0.0;0.0;0.0;0.0;0.0;0.0;0.0;-5.825234889984131;-35.22581481933594;52.650001525878906;0.0;238.88999938964844;0.0;518422800;2368;50;28;0;0;0
1748649604;788972561;122.41999816894531;-27.260000228881836;175.89999389648438;0.0;0.0;0.0;0.01875000074505806;-0.029750000685453415;0.996749997138977;7.159999847412109;-8.899999618530273;-3.259999990463257;-5.825068473815918;-35.22591781616211;166.0500030517578;-0.009999999776482582;0.019999999552965164;53.797000885009766;-5.210000038146973;12.15999984741211;-3.6600000858306885;0.0;0.0;0.0;0.0;0.0;0.0;0.0;0.0;0.0;7;0.0;0.0;0.0;0.0;0.0;0.0;0.0;0.0;0.0;0.0;0.0;0.0;0.0;0.0;0.0;0.0;-5.825234889984131;-35.22581481933594;52.650001525878906;0.019999999552965164;300.75;-0.009999999776482582;518422840;2368;50;28;0;0;0
1748649604;828774386;122.1500015258789;-27.65999984741211;175.92999267578125;0.0;0.0;0.0;0.01875000074505806;-0.029750000685453415;0.996749997138977;8.779999732971191;1.6399999856948853;-6.760000228881836;-5.825064182281494;-35.225921630859375;166.0500030517578;0.0;0.0;53.68299865722656;-5.260000228881836;12.34000015258789;-4.389999866485596;0.0;0.0;0.0;0.0;0.0;0.0;0.0;0.0;0.0;8;0.0;0.0;0.0;0.0;0.0;0.0;0.0;0.0;0.0;0.0;0.0;0.0;0.0;0.0;0.0;0.0;-5.825234889984131;-35.22581481933594;52.64099884033203;0.0;130.07000732421875;0.0;518422880;2368;50;28;0;0;0
1748649604;868948424;122.05000305175781;-27.8700008392334;175.9199981689453;0.0;0.0;0.0;0.01875000074505806;-0.029750000685453415;0.996749997138977;5.400000095367432;-1.1799999475479126;-1.2400000095367432;-5.82505989074707;-35.225921630859375;166.0500030517578;0.0;0.009999999776482582;53.553001403808594;-5.309999942779541;12.529999732971191;-5.130000114440918;0.0;0.0;0.0;0.0;0.0;0.0;0.0;0.0;0.0;9;0.0;0.0;0.0;0.0;0.0;0.0;0.0;0.0;0.0;0.0;0.0;0.0;0.0;0.0;0.0;0.0;-5.825234889984131;-35.22581481933594;52.645999908447266;0.009999999776482582;255.8699951171875;0.0;518422920;2368;50;28;0;0;0
1748649604;909358688;121.83999633789062;-28.040000915527344;175.89999389648438;0.0;0.0;0.0;0.01875000074505806;-0.029500000178813934;0.996749997138977;4.21999979019165;-2.2799999713897705;-4.800000190734863;-5.8250555992126465;-35.22592544555664;166.0500030517578;0.0;0.0;53.409000396728516;-5.360000133514404;12.720000267028809;-5.860000133514404;0.0;0.0;0.0;0.0;0.0;0.0;0.0;0.0;0.0;10;0.0;0.0;0.0;0.0;0.0;0.0;0.0;0.0;0.0;0.0;0.0;0.0;0.0;0.0;0.0;0.0;-5.825234889984131;-35.22581481933594;52.63999938964844;0.0;97.0999984741211;0.0;518422960;2368;50;28;0;0;0
1748649604;948217735;119.58999633789062;-28.329999923706055;175.8699951171875;0.0;0.0;0.0;0.01850000023841858;-0.029750000685453415;0.996749997138977;3.0999999046325684;-4.460000038146973;-4.559999942779541;-5.8250508308410645;-35.22592544555664;166.00999450683594;0.0;0.0;53.15999984741211;-5.400000095367432;12.90999984741211;-6.590000152587891;0.0;0.0;0.0;0.0;0.0;0.0;0.0;0.0;0.0;11;0.0;0.0;0.0;0.0;0.0;0.0;0.0;0.0;0.0;0.0;0.0;0.0;0.0;0.0;0.0;0.0;-5.825234889984131;-35.22581481933594;52.63999938964844;0.0;97.0999984741211;0.0;518423000;2368;50;28;0;0;0
1748649604;988422019;119.2699966430664;-28.489999771118164;176.0500030517578;0.0;0.0;0.0;0.01875000074505806;-0.029750000685453415;0.996749997138977;3.4800000190734863;4.480000019073486;-3.940000057220459;-5.825046062469482;-35.225929260253906;166.00999450683594;-0.009999999776482582;0.0;52.97100067138672;-5.460000038146973;13.100000381469727;-7.320000171661377;0.0;0.0;0.0;0.0;0.0;0.0;0.0;0.0;0.0;12;0.0;0.0;0.0;0.0;0.0;0.0;0.0;0.0;0.0;0.0;0.0;0.0;0.0;0.0;0.0;0.0;-5.825234889984131;-35.22581481933594;52.63100051879883;0.0;294.9200134277344;-0.009999999776482582;518423040;2368;50;28;0;0;0
1748649605;28029240;119.23999786376953;-28.65999984741211;176.02000427246094;0.0;0.0;0.0;0.01875000074505806;-0.029750000685453415;0.9965000152587891;5.159999847412109;-0.6200000047683716;0.10000000149011612;-5.8250412940979;-35.225929260253906;166.00999450683594;0.0;0.0;52.768001556396484;-5.510000228881836;13.289999961853027;-8.050000190734863;0.0;0.0;0.0;0.0;0.0;0.0;0.0;0.0;0.0;13;0.0;0.0;0.0;0.0;0.0;0.0;0.0;0.0;0.0;0.0;0.0;0.0;0.0;0.0;0.0;0.0;-5.825234889984131;-35.22581481933594;52.625;0.0;347.6600036621094;0.0;518423080;2368;50;28;0;0;0
1748649605;68496748;119.06999969482422;-28.760000228881836;176.1199951171875;0.0;0.0;0.0;0.01875000074505806;-0.029750000685453415;0.996749997138977;2.7200000286102295;-0.14000000059604645;-5.400000095367432;-5.825036525726318;-35.22593307495117;166.00999450683594;0.009999999776482582;0.009999999776482582;52.553001403808594;-5.559999942779541;13.479999542236328;-8.779999732971191;0.0;0.0;0.0;0.0;0.0;0.0;0.0;0.0;0.0;14;0.0;0.0;0.0;0.0;0.0;0.0;0.0;0.0;0.0;0.0;0.0;0.0;0.0;0.0;0.0;0.0;-5.825234889984131;-35.22581481933594;52.63399887084961;0.009999999776482582;101.66000366210938;0.009999999776482582;518423120;2368;50;28;0;0;0
1748649605;108434435;118.87999725341797;-29.040000915527344;176.11000061035156;0.0;0.0;0.0;0.01875000074505806;-0.029750000685453415;0.996749997138977;6.300000190734863;-1.159999966621399;-1.5399999618530273;-5.825031757354736;-35.22593307495117;166.00999450683594;0.0;0.0;52.32099914550781;-5.610000133514404;13.670000076293945;-9.510000228881836;0.0;0.0;0.0;0.0;0.0;0.0;0.0;0.0;0.0;15;0.0;0.0;0.0;0.0;0.0;0.0;0.0;0.0;0.0;0.0;0.0;0.0;0.0;0.0;0.0;0.0;-5.825234889984131;-35.22581481933594;52.608001708984375;0.0;170.10000610351562;0.0;518423160;2368;50;28;0;0;0
1748649605;148278631;118.83000183105469;-29.229999542236328;176.07000732421875;0.0;0.0;0.0;0.01875000074505806;-0.029750000685453415;0.996749997138977;6.599999904632568;-1.8799999952316284;-3.880000114440918;-5.825026988983154;-35.22593688964844;166.00999450683594;0.0;0.0;52.07699966430664;-5.659999847412109;13.859999656677246;-10.229999542236328;0.0;0.0;0.0;0.0;0.0;0.0;0.0;0.0;0.0;16;0.0;0.0;0.0;0.0;0.0;0.0;0.0;0.0;0.0;0.0;0.0;0.0;0.0;0.0;0.0;0.0;-5.825234889984131;-35.22581481933594;52.6150016784668;0.0;170.10000610351562;0.0;518423200;2368;50;28;0;0;0
1748649605;187974217;118.66000366210938;-29.40999984741211;176.1999969482422;0.0;0.0;0.0;0.01875000074505806;-0.029750000685453415;0.996749997138977;3.700000047683716;4.300000190734863;-1.1799999475479126;-5.825021743774414;-35.22593688964844;166.00999450683594;0.0;0.0;51.652000427246094;-5.71999979019165;14.0600004196167;-10.960000038146973;0.0;0.0;0.0;0.0;0.0;0.0;0.0;0.0;0.0;17;0.0;0.0;0.0;0.0;0.0;0.0;0.0;0.0;0.0;0.0;0.0;0.0;0.0;0.0;0.0;0.0;-5.825234889984131;-35.22581481933594;52.6150016784668;0.0;142.35000610351562;0.0;518423240;2368;50;28;0;0;0
1748649605;227995021;118.58999633789062;-29.649999618530273;176.27999877929688;0.0;0.0;0.0;0.01875000074505806;-0.029750000685453415;0.996749997138977;5.480000019073486;2.940000057220459;0.1599999964237213;-5.825016498565674;-35.2259407043457;166.00999450683594;0.0;0.009999999776482582;51.36600112915039;-5.769999980926514;14.25;-11.6899995803833;0.0;0.0;0.0;0.0;0.0;0.0;0.0;0.0;0.0;18;0.0;0.0;0.0;0.0;0.0;0.0;0.0;0.0;0.0;0.0;0.0;0.0;0.0;0.0;0.0;0.0;-5.825234889984131;-35.22581481933594;52.62200164794922;0.009999999776482582;255.8699951171875;0.0;518423280;2368;50;28;0;0;0
1748649605;267924583;118.38999938964844;-29.959999084472656;176.2899932861328;0.0;0.0;0.0;0.01875000074505806;-0.029750000685453415;0.996749997138977;6.519999980926514;-2.259999990463257;-4.739999771118164;-5.825011730194092;-35.2259407043457;166.00999450683594;0.0;0.0;51.064998626708984;-5.829999923706055;14.449999809265137;-12.40999984741211;0.0;0.0;0.0;0.0;0.0;0.0;0.0;0.0;0.0;19;0.0;0.0;0.0;0.0;0.0;0.0;0.0;0.0;0.0;0.0;0.0;0.0;0.0;0.0;0.0;0.0;-5.825234889984131;-35.22581481933594;52.62799835205078;0.0;188.1300048828125;0.0;518423320;2368;50;28;0;0;0
1748649605;308267979;118.18000030517578;-30.200000762939453;176.42999267578125;0.0;0.0;0.0;0.01875000074505806;-0.029750000685453415;0.996749997138977;6.980000019073486;-0.30000001192092896;-6.360000133514404;-5.825006484985352;-35.22594451904297;166.00999450683594;-0.009999999776482582;0.0;50.750999450683594;-5.880000114440918;14.649999618530273;-13.140000343322754;0.0;0.0;0.0;0.0;0.0;0.0;0.0;0.0;0.0;20;0.0;0.0;0.0;0.0;0.0;0.0;0.0;0.0;0.0;0.0;0.0;0.0;0.0;0.0;0.0;0.0;-5.825234889984131;-35.22581481933594;52.62900161743164;0.0;71.05000305175781;-0.009999999776482582;518423360;2368;50;28;0;0;0
1748649605;348189293;118.08999633789062;-30.389999389648438;176.50999450683594;0.0;0.0;0.0;0.01875000074505806;-0.029750000685453415;0.996749997138977;3.859999895095825;2.9800000190734863;-1.7400000095367432;-5.825001239776611;-35.22594451904297;166.00999450683594;-0.009999999776482582;0.0;50.42300033569336;-5.929999828338623;14.850000381469727;-13.859999656677246;0.0;0.0;0.0;0.0;0.0;0.0;0.0;0.0;0.0;21;0.0;0.0;0.0;0.0;0.0;0.0;0.0;0.0;0.0;0.0;0.0;0.0;0.0;0.0;0.0;0.0;-5.825234889984131;-35.22581481933594;52.632999420166016;0.0;71.05000305175781;-0.009999999776482582;518423400;2368;50;28;0;0;0
1748649605;387429175;117.98999786376953;-30.690000534057617;176.47999572753906;0.0;0.0;0.0;0.01875000074505806;-0.029500000178813934;0.9965000152587891;11.199999809265137;0.9399999976158142;1.5199999809265137;-5.824995517730713;-35.225948333740234;166.00999450683594;0.0;0.0;49.854000091552734;-5.989999771118164;15.050000190734863;-14.579999923706055;0.0;0.0;0.0;0.0;0.0;0.0;0.0;0.0;0.0;22;0.0;0.0;0.0;0.0;0.0;0.0;0.0;0.0;0.0;0.0;0.0;0.0;0.0;0.0;0.0;0.0;-5.825234889984131;-35.22581481933594;52.632999420166016;0.0;90.2699966430664;0.0;518423440;2368;50;28;0;0;0
1748649605;427336865;117.69000244140625;-30.850000381469727;176.7100067138672;0.0;0.0;0.0;0.01875000074505806;-0.029750000685453415;0.996749997138977;3.819999933242798;1.2400000095367432;-6.400000095367432;-5.824990272521973;-35.225948333740234;166.00999450683594;-0.009999999776482582;0.009999999776482582;49.483001708984375;-6.039999961853027;15.25;-15.300000190734863;0.0;0.0;0.0;0.0;0.0;0.0;0.0;0.0;0.0;23;0.0;0.0;0.0;0.0;0.0;0.0;0.0;0.0;0.0;0.0;0.0;0.0;0.0;0.0;0.0;0.0;-5.825234889984131;-35.22581481933594;52.632999420166016;0.009999999776482582;245.22000122070312;-0.009999999776482582;518423480;2368;50;28;0;0;0
1748649605;467478656;117.43000030517578;-31.059999465942383;176.7100067138672;0.0;0.0;0.0;0.01875000074505806;-0.029750000685453415;0.996749997138977;7.28000020980835;-3.759999990463257;-8.300000190734863;-5.824985027313232;-35.2259521484375;166.00999450683594;0.019999999552965164;0.009999999776482582;49.099998474121094;-6.099999904632568;15.449999809265137;-16.020000457763672;0.0;0.0;0.0;0.0;0.0;0.0;0.0;0.0;0.0;24;0.0;0.0;0.0;0.0;0.0;0.0;0.0;0.0;0.0;0.0;0.0;0.0;0.0;0.0;0.0;0.0;-5.825234889984131;-35.22581481933594;52.65399932861328;0.009999999776482582;319.2099914550781;0.019999999552965164;518423520;2368;50;28;0;0;0
1748649605;507553704;117.1500015258789;-31.239999771118164;176.82000732421875;0.0;0.0;0.0;0.01850000023841858;-0.029750000685453415;0.996749997138977;6.260000228881836;-1.399999976158142;-7.159999847412109;-5.824979305267334;-35.225955963134766;166.00999450683594;-0.019999999552965164;0.0;48.70199966430664;-6.150000095367432;15.65999984741211;-16.739999771118164;0.0;0.0;0.0;0.0;0.0;0.0;0.0;0.0;0.0;25;0.0;0.0;0.0;0.0;0.0;0.0;0.0;0.0;0.0;0.0;0.0;0.0;0.0;0.0;0.0;0.0;-5.825234889984131;-35.22581481933594;52.64099884033203;0.0;353.95001220703125;-0.019999999552965164;518423560;2368;50;28;0;0;0
1748649605;547716993;116.9000015258789;-31.3799991607666;176.97999572753906;0.0;0.0;0.0;0.01850000023841858;-0.029750000685453415;0.996749997138977;4.619999885559082;0.9399999976158142;-5.739999771118164;-5.8249735832214355;-35.225955963134766;166.00999450683594;-0.019999999552965164;0.0;48.29100036621094;-6.210000038146973;15.859999656677246;-17.459999084472656;0.0;0.0;0.0;0.0;0.0;0.0;0.0;0.0;0.0;26;0.0;0.0;0.0;0.0;0.0;0.0;0.0;0.0;0.0;0.0;0.0;0.0;0.0;0.0;0.0;0.0;-5.825234889984131;-35.22581481933594;52.63199996948242;0.0;353.95001220703125;-0.019999999552965164;518423600;2368;50;28;0;0;0
1748649605;587807414;116.7699966430664;-31.549999237060547;177.11000061035156;0.0;0.0;0.0;0.01875000074505806;-0.029750000685453415;0.996749997138977;3.0199999809265137;2.819999933242798;-2.1600000858306885;-5.824967861175537;-35.22595977783203;166.00999450683594;-0.009999999776482582;0.0;47.577999114990234;-6.269999980926514;16.06999969482422;-18.18000030517578;0.0;0.0;0.0;0.0;0.0;0.0;0.0;0.0;0.0;27;0.0;0.0;0.0;0.0;0.0;0.0;0.0;0.0;0.0;0.0;0.0;0.0;0.0;0.0;0.0;0.0;-5.825234889984131;-35.22581481933594;52.63199996948242;0.0;182.10000610351562;-0.009999999776482582;518423640;2368;50;28;0;0;0
1748649605;627724978;116.58999633789062;-31.790000915527344;177.0800018310547;0.0;0.0;0.0;0.01850000023841858;-0.029750000685453415;0.9965000152587891;5.420000076293945;-1.7000000476837158;-4.440000057220459;-5.824962139129639;-35.22595977783203;166.00999450683594;0.009999999776482582;0.009999999776482582;47.124000549316406;-6.320000171661377;16.270000457763672;-18.899999618530273;0.0;0.0;0.0;0.0;0.0;0.0;0.0;0.0;0.0;28;0.0;0.0;0.0;0.0;0.0;0.0;0.0;0.0;0.0;0.0;0.0;0.0;0.0;0.0;0.0;0.0;-5.825234889984131;-35.22581481933594;52.637001037597656;0.009999999776482582;89.0999984741211;0.009999999776482582;518423680;2368;50;28;0;0;0
1748649605;667808150;116.52999877929688;-32.060001373291016;177.1699981689453;0.0;0.0;0.0;0.01875000074505806;-0.029750000685453415;0.996749997138977;6.460000038146973;0.36000001430511475;0.20000000298023224;-5.82495641708374;-35.2259635925293;166.00999450683594;0.0;0.0;46.65700149536133;-6.380000114440918;16.479999542236328;-19.6200008392334;0.0;0.0;0.0;0.0;0.0;0.0;0.0;0.0;0.0;29;0.0;0.0;0.0;0.0;0.0;0.0;0.0;0.0;0.0;0.0;0.0;0.0;0.0;0.0;0.0;0.0;-5.825234889984131;-35.22581481933594;52.64400100708008;0.0;257.82000732421875;0.0;518423720;2368;50;28;0;0;0
1748649605;707950941;116.5;-32.25;177.22000122070312;0.0;0.0;0.0;0.01875000074505806;-0.029750000685453415;0.996749997138977;2.940000057220459;0.5400000214576721;1.6799999475479126;-5.824950218200684;-35.2259635925293;166.00999450683594;-0.009999999776482582;0.0;46.17599868774414;-6.440000057220459;16.700000762939453;-20.329999923706055;0.0;0.0;0.0;0.0;0.0;0.0;0.0;0.0;0.0;30;0.0;0.0;0.0;0.0;0.0;0.0;0.0;0.0;0.0;0.0;0.0;0.0;0.0;0.0;0.0;0.0;-5.825234889984131;-35.22581481933594;52.63800048828125;0.0;290.3999938964844;-0.009999999776482582;518423760;2368;50;28;0;0;0
1748649605;748186598;116.4800033569336;-32.43000030517578;177.1699981689453;0.0;0.0;0.0;0.01875000074505806;-0.029750000685453415;0.996749997138977;3.740000009536743;-3.3399999141693115;-0.2800000011920929;-5.824944019317627;-35.22596740722656;166.00999450683594;-0.009999999776482582;0.0;45.680999755859375;-6.489999771118164;16.90999984741211;-21.049999237060547;0.0;0.0;0.0;0.0;0.0;0.0;0.0;0.0;0.0;31;0.0;0.0;0.0;0.0;0.0;0.0;0.0;0.0;0.0;0.0;0.0;0.0;0.0;0.0;0.0;0.0;-5.825234889984131;-35.22581481933594;52.64099884033203;0.0;290.3999938964844;-0.009999999776482582;518423800;2368;50;28;0;0;0
1748649605;788299142;116.41999816894531;-32.650001525878906;177.16000366210938;0.0;0.0;0.0;0.01875000074505806;-0.029750000685453415;0.996749997138977;4.21999979019165;-0.6200000047683716;-1.340000033378601;-5.82493782043457;-35.22597122192383;166.00999450683594;0.0;0.0;44.82500076293945;-6.550000190734863;17.1200008392334;-21.760000228881836;0.0;0.0;0.0;0.0;0.0;0.0;0.0;0.0;0.0;0;0.0;0.0;0.0;0.0;0.0;0.0;0.0;0.0;0.0;0.0;0.0;0.0;0.0;0.0;0.0;0.0;-5.825234889984131;-35.22581481933594;52.64099884033203;0.0;268.70001220703125;0.0;518423840;2368;50;28;0;0;0
1748649605;828183459;116.31999969482422;-32.869998931884766;177.24000549316406;0.0;0.0;0.0;0.01850000023841858;-0.029750000685453415;0.9965000152587891;6.380000114440918;0.10000000149011612;0.6000000238418579;-5.824931621551514;-35.22597122192383;166.00999450683594;-0.009999999776482582;0.009999999776482582;44.28799819946289;-6.610000133514404;17.329999923706055;-22.479999542236328;0.0;0.0;0.0;0.0;0.0;0.0;0.0;0.0;0.0;1;0.0;0.0;0.0;0.0;0.0;0.0;0.0;0.0;0.0;0.0;0.0;0.0;0.0;0.0;0.0;0.0;-5.825234889984131;-35.22581481933594;52.64500045776367;0.009999999776482582;263.7300109863281;-0.009999999776482582;518423880;2368;50;28;0;0;0
1748649605;867280732;116.33999633789062;-33.119998931884766;177.16000366210938;0.0;0.0;0.0;0.01875000074505806;-0.029750000685453415;0.996749997138977;4.179999828338623;2.0799999237060547;-1.7200000286102295;-5.824925422668457;-35.225975036621094;166.00999450683594;0.009999999776482582;0.0;43.73699951171875;-6.670000076293945;17.549999237060547;-23.190000534057617;0.0;0.0;0.0;0.0;0.0;0.0;0.0;0.0;0.0;2;0.0;0.0;0.0;0.0;0.0;0.0;0.0;0.0;0.0;0.0;0.0;0.0;0.0;0.0;0.0;0.0;-5.825234889984131;-35.22581481933594;52.625;0.0;144.25;0.009999999776482582;518423920;2368;50;28;0;0;0
1748649605;907282412;116.26000213623047;-33.380001068115234;177.14999389648438;0.0;0.0;0.0;0.01875000074505806;-0.029750000685453415;0.996749997138977;7.21999979019165;-0.8799999952316284;1.440000057220459;-5.8249192237854;-35.225975036621094;166.00999450683594;0.0;0.0;43.17300033569336;-6.71999979019165;17.770000457763672;-23.899999618530273;0.0;0.0;0.0;0.0;0.0;0.0;0.0;0.0;0.0;3;0.0;0.0;0.0;0.0;0.0;0.0;0.0;0.0;0.0;0.0;0.0;0.0;0.0;0.0;0.0;0.0;-5.825234889984131;-35.22581481933594;52.625;0.0;219.27999877929688;0.0;518423960;2368;50;28;0;0;0
1748649605;947459074;113.5999984741211;-33.689998626708984;177.1699981689453;0.0;0.0;0.0;0.01875000074505806;-0.029750000685453415;0.996749997138977;8.800000190734863;-0.14000000059604645;-3.259999990463257;-5.8249125480651855;-35.22597885131836;166.02999877929688;0.0;0.0;42.202999114990234;-6.769999980926514;17.989999771118164;-24.610000610351562;0.0;0.0;0.0;0.0;0.0;0.0;0.0;0.0;0.0;4;0.0;0.0;0.0;0.0;0.0;0.0;0.0;0.0;0.0;0.0;0.0;0.0;0.0;0.0;0.0;0.0;-5.825234889984131;-35.22581481933594;52.625;0.0;219.27999877929688;0.0;518424000;2368;50;28;0;0;0
1748649605;987476128;113.55000305175781;-33.939998626708984;177.1699981689453;0.0;0.0;0.0;0.01875000074505806;-0.029750000685453415;0.996749997138977;6.380000114440918;1.1200000047683716;1.0;-5.824905872344971;-35.225982666015625;166.02999877929688;-0.019999999552965164;0.0;41.59700012207031;-6.829999923706055;18.209999084472656;-25.31999969482422;0.0;0.0;0.0;0.0;0.0;0.0;0.0;0.0;0.0;5;0.0;0.0;0.0;0.0;0.0;0.0;0.0;0.0;0.0;0.0;0.0;0.0;0.0;0.0;0.0;0.0;-5.825234889984131;-35.22581481933594;52.62900161743164;0.0;160.8000030517578;-0.019999999552965164;518424040;2368;50;28;0;0;0
1748649606;27597796;113.30999755859375;-34.13999938964844;177.27000427246094;0.0;0.0;0.0;0.01899999938905239;-0.029750000685453415;0.996749997138977;4.079999923706055;-0.8399999737739563;-5.460000038146973;-5.824899196624756;-35.225982666015625;166.02999877929688;-0.019999999552965164;0.0;40.97800064086914;-6.889999866485596;18.43000030517578;-26.030000686645508;0.0;0.0;0.0;0.0;0.0;0.0;0.0;0.0;0.0;6;0.0;0.0;0.0;0.0;0.0;0.0;0.0;0.0;0.0;0.0;0.0;0.0;0.0;0.0;0.0;0.0;-5.825234889984131;-35.22581481933594;52.637001037597656;0.0;4.300000190734863;-0.019999999552965164;518424080;2368;50;28;0;0;0
1748649606;67864700;113.05999755859375;-34.31999969482422;177.52000427246094;0.0;0.0;0.0;0.01875000074505806;-0.029750000685453415;0.996749997138977;5.019999980926514;3.859999895095825;-4.699999809265137;-5.824892520904541;-35.22598648071289;166.02999877929688;0.0;0.009999999776482582;40.345001220703125;-6.949999809265137;18.649999618530273;-26.739999771118164;0.0;0.0;0.0;0.0;0.0;0.0;0.0;0.0;0.0;7;0.0;0.0;0.0;0.0;0.0;0.0;0.0;0.0;0.0;0.0;0.0;0.0;0.0;0.0;0.0;0.0;-5.825234889984131;-35.22581481933594;52.625999450683594;0.009999999776482582;313.95001220703125;0.0;518424120;2368;50;28;0;0;0
1748649606;107957621;112.95999908447266;-34.52000045776367;177.52999877929688;0.0;0.0;0.0;0.01875000074505806;-0.029750000685453415;0.996999979019165;3.880000114440918;-1.100000023841858;-6.099999904632568;-5.824885845184326;-35.225990295410156;166.02999877929688;0.029999999329447746;0.019999999552965164;39.70000076293945;-7.010000228881836;18.8799991607666;-27.450000762939453;0.0;0.0;0.0;0.0;0.0;0.0;0.0;0.0;0.0;8;0.0;0.0;0.0;0.0;0.0;0.0;0.0;0.0;0.0;0.0;0.0;0.0;0.0;0.0;0.0;0.0;-5.825234889984131;-35.22581481933594;52.637001037597656;0.019999999552965164;52.970001220703125;0.029999999329447746;518424160;2368;50;28;0;0;0
1748649606;147947927;112.91999816894531;-34.65999984741211;177.50999450683594;0.0;0.0;0.0;0.01850000023841858;-0.029750000685453415;0.996999979019165;3.0999999046325684;-0.6000000238418579;0.25999999046325684;-5.824878692626953;-35.225990295410156;166.02999877929688;0.029999999329447746;0.019999999552965164;39.04100036621094;-7.070000171661377;19.100000381469727;-28.149999618530273;0.0;0.0;0.0;0.0;0.0;0.0;0.0;0.0;0.0;9;0.0;0.0;0.0;0.0;0.0;0.0;0.0;0.0;0.0;0.0;0.0;0.0;0.0;0.0;0.0;0.0;-5.825234889984131;-35.22581481933594;52.645999908447266;0.019999999552965164;52.970001220703125;0.029999999329447746;518424200;2368;50;28;0;0;0
1748649606;187940858;112.76000213623047;-34.790000915527344;177.63999938964844;0.0;0.0;0.0;0.01875000074505806;-0.029750000685453415;0.996749997138977;3.619999885559082;0.3799999952316284;-4.880000114440918;-5.824872016906738;-35.22599411010742;166.02999877929688;0.0;0.009999999776482582;37.9010009765625;-7.130000114440918;19.31999969482422;-28.860000610351562;0.0;0.0;0.0;0.0;0.0;0.0;0.0;0.0;0.0;10;0.0;0.0;0.0;0.0;0.0;0.0;0.0;0.0;0.0;0.0;0.0;0.0;0.0;0.0;0.0;0.0;-5.825234889984131;-35.22581481933594;52.645999908447266;0.009999999776482582;95.38999938964844;0.0;518424240;2368;50;28;0;0;0
1748649606;227979035;112.56999969482422;-35.029998779296875;177.88999938964844;0.0;0.0;0.0;0.01875000074505806;-0.029750000685453415;0.996749997138977;4.099999904632568;4.019999980926514;-8.779999732971191;-5.824864864349365;-35.22599411010742;166.02999877929688;0.0;0.0;37.196998596191406;-7.190000057220459;19.549999237060547;-29.559999465942383;0.0;0.0;0.0;0.0;0.0;0.0;0.0;0.0;0.0;11;0.0;0.0;0.0;0.0;0.0;0.0;0.0;0.0;0.0;0.0;0.0;0.0;0.0;0.0;0.0;0.0;-5.825234889984131;-35.22581481933594;52.641998291015625;0.0;126.18000030517578;0.0;518424280;2368;50;28;0;0;0
1748649606;268021836;112.33999633789062;-35.11000061035156;178.02999877929688;0.0;0.0;0.0;0.01875000074505806;-0.029750000685453415;0.9965000152587891;2.7200000286102295;1.2000000476837158;-6.440000057220459;-5.824857711791992;-35.22599792480469;166.02999877929688;0.0;0.019999999552965164;36.48400115966797;-7.25;19.780000686645508;-30.260000228881836;0.0;0.0;0.0;0.0;0.0;0.0;0.0;0.0;0.0;12;0.0;0.0;0.0;0.0;0.0;0.0;0.0;0.0;0.0;0.0;0.0;0.0;0.0;0.0;0.0;0.0;-5.825234889984131;-35.22581481933594;52.643001556396484;0.019999999552965164;303.0799865722656;0.0;518424320;2368;50;28;0;0;0
1748649606;307331837;112.41000366210938;-35.41999816894531;177.94000244140625;0.0;0.0;0.0;0.01875000074505806;-0.029750000685453415;0.996749997138977;7.440000057220459;1.2400000095367432;2.2799999713897705;-5.824850559234619;-35.22600173950195;166.02999877929688;0.0;0.0;35.757999420166016;-7.309999942779541;20.0;-30.969999313354492;0.0;0.0;0.0;0.0;0.0;0.0;0.0;0.0;0.0;13;0.0;0.0;0.0;0.0;0.0;0.0;0.0;0.0;0.0;0.0;0.0;0.0;0.0;0.0;0.0;0.0;-5.825234889984131;-35.22581481933594;52.630001068115234;0.0;245.61000061035156;0.0;518424360;2368;50;28;0;0;0
1748649606;347358015;112.31999969482422;-35.540000915527344;178.0;0.0;0.0;0.0;0.01875000074505806;-0.029750000685453415;0.996999979019165;3.680000066757202;0.6200000047683716;0.11999999731779099;-5.824843406677246;-35.22600173950195;166.02999877929688;0.0;0.0;35.01900100708008;-7.369999885559082;20.229999542236328;-31.670000076293945;0.0;0.0;0.0;0.0;0.0;0.0;0.0;0.0;0.0;14;0.0;0.0;0.0;0.0;0.0;0.0;0.0;0.0;0.0;0.0;0.0;0.0;0.0;0.0;0.0;0.0;-5.825234889984131;-35.22581481933594;52.61199951171875;0.0;245.61000061035156;0.0;518424400;2368;50;28;0;0;0
1748649606;387470809;112.30000305175781;-35.72999954223633;178.11000061035156;0.0;0.0;0.0;0.01875000074505806;-0.029750000685453415;0.996749997138977;5.840000152587891;-1.5199999809265137;-3.180000066757202;-5.824835777282715;-35.22600555419922;166.02999877929688;-0.009999999776482582;0.009999999776482582;33.737998962402344;-7.429999828338623;20.459999084472656;-32.369998931884766;0.0;0.0;0.0;0.0;0.0;0.0;0.0;0.0;0.0;15;0.0;0.0;0.0;0.0;0.0;0.0;0.0;0.0;0.0;0.0;0.0;0.0;0.0;0.0;0.0;0.0;-5.825234889984131;-35.22581481933594;52.61199951171875;0.009999999776482582;167.72999572753906;-0.009999999776482582;518424440;2368;50;28;0;0;0
1748649606;427375249;112.30000305175781;-36.029998779296875;178.24000549316406;0.0;0.0;0.0;0.01875000074505806;-0.029750000685453415;0.996749997138977;4.679999828338623;4.639999866485596;1.840000033378601;-5.824828147888184;-35.226009368896484;166.02999877929688;0.0;0.0;32.957000732421875;-7.489999771118164;20.690000534057617;-33.06999969482422;0.0;0.0;0.0;0.0;0.0;0.0;0.0;0.0;0.0;16;0.0;0.0;0.0;0.0;0.0;0.0;0.0;0.0;0.0;0.0;0.0;0.0;0.0;0.0;0.0;0.0;-5.825234889984131;-35.22581481933594;52.60499954223633;0.0;9.020000457763672;0.0;518424480;2368;50;28;0;0;0
1748649606;467697022;112.16999816894531;-36.459999084472656;178.27000427246094;0.0;0.0;0.0;0.01875000074505806;-0.029750000685453415;0.996749997138977;11.899999618530273;0.9800000190734863;-1.2200000286102295;-5.8248209953308105;-35.226009368896484;166.02999877929688;0.0;0.0;32.16299819946289;-7.550000190734863;20.93000030517578;-33.77000045776367;0.0;0.0;0.0;0.0;0.0;0.0;0.0;0.0;0.0;17;0.0;0.0;0.0;0.0;0.0;0.0;0.0;0.0;0.0;0.0;0.0;0.0;0.0;0.0;0.0;0.0;-5.825234889984131;-35.22581481933594;52.61800003051758;0.0;89.58999633789062;0.0;518424520;2368;50;28;0;0;0
1748649606;507764071;112.23999786376953;-36.599998474121094;178.27999877929688;0.0;0.0;0.0;0.01875000074505806;-0.029750000685453415;0.996749997138977;5.199999809265137;1.6200000047683716;5.320000171661377;-5.824813365936279;-35.22601318359375;166.02999877929688;-0.009999999776482582;0.0;31.35700035095215;-7.599999904632568;21.15999984741211;-34.459999084472656;0.0;0.0;0.0;0.0;0.0;0.0;0.0;0.0;0.0;18;0.0;0.0;0.0;0.0;0.0;0.0;0.0;0.0;0.0;0.0;0.0;0.0;0.0;0.0;0.0;0.0;-5.825234889984131;-35.22581481933594;52.625;0.0;112.9800033569336;-0.009999999776482582;518424560;2368;50;28;0;0;0
1748649606;547784499;112.16999816894531;-36.869998931884766;178.3000030517578;0.0;0.0;0.0;0.01875000074505806;-0.029750000685453415;0.996749997138977;7.519999980926514;-0.9399999976158142;-0.07999999821186066;-5.82480525970459;-35.226016998291016;166.02999877929688;-0.009999999776482582;0.0;30.538000106811523;-7.659999847412109;21.399999618530273;-35.15999984741211;0.0;0.0;0.0;0.0;0.0;0.0;0.0;0.0;0.0;19;0.0;0.0;0.0;0.0;0.0;0.0;0.0;0.0;0.0;0.0;0.0;0.0;0.0;0.0;0.0;0.0;-5.825234889984131;-35.22581481933594;52.619998931884766;0.0;112.9800033569336;-0.009999999776482582;518424600;2368;50;28;0;0;0
1748649606;587817926;112.16000366210938;-37.189998626708984;178.3800048828125;0.0;0.0;0.0;0.01875000074505806;-0.029750000685453415;0.996749997138977;4.599999904632568;-1.340000033378601;-0.6600000262260437;-5.824797630310059;-35.22602081298828;166.02999877929688;0.0;0.009999999776482582;29.117000579833984;-7.730000019073486;21.6299991607666;-35.86000061035156;0.0;0.0;0.0;0.0;0.0;0.0;0.0;0.0;0.0;20;0.0;0.0;0.0;0.0;0.0;0.0;0.0;0.0;0.0;0.0;0.0;0.0;0.0;0.0;0.0;0.0;-5.825234889984131;-35.22581481933594;52.619998931884766;0.009999999776482582;160.74000549316406;0.0;518424640;2368;50;28;0;0;0
1748649606;627938594;112.13999938964844;-37.439998626708984;178.4499969482422;0.0;0.0;0.0;0.01875000074505806;-0.029750000685453415;0.996749997138977;6.320000171661377;0.47999998927116394;1.0399999618530273;-5.824790000915527;-35.22602081298828;166.02999877929688;0.009999999776482582;0.009999999776482582;28.256999969482422;-7.789999961853027;21.8700008392334;-36.54999923706055;0.0;0.0;0.0;0.0;0.0;0.0;0.0;0.0;0.0;21;0.0;0.0;0.0;0.0;0.0;0.0;0.0;0.0;0.0;0.0;0.0;0.0;0.0;0.0;0.0;0.0;-5.825234889984131;-35.22581481933594;52.619998931884766;0.009999999776482582;292.489990234375;0.009999999776482582;518424680;2368;50;28;0;0;0
1748649606;667891405;111.95999908447266;-37.68000030517578;178.49000549316406;0.0;0.0;0.0;0.01875000074505806;-0.029750000685453415;0.9965000152587891;6.199999809265137;-1.1200000047683716;-2.299999952316284;-5.824781894683838;-35.22602462768555;166.02999877929688;-0.009999999776482582;0.009999999776482582;26.78700065612793;-7.840000152587891;22.110000610351562;-37.2400016784668;0.0;0.0;0.0;0.0;0.0;0.0;0.0;0.0;0.0;22;0.0;0.0;0.0;0.0;0.0;0.0;0.0;0.0;0.0;0.0;0.0;0.0;0.0;0.0;0.0;0.0;-5.825234889984131;-35.22581481933594;52.62799835205078;0.009999999776482582;306.4100036621094;-0.009999999776482582;518424720;2368;50;28;0;0;0
1748649606;708138185;111.94000244140625;-37.880001068115234;178.5399932861328;0.0;0.0;0.0;0.01875000074505806;-0.029750000685453415;0.9965000152587891;1.7400000095367432;0.9200000166893005;-4.119999885559082;-5.824773788452148;-35.22602844238281;166.02999877929688;0.009999999776482582;0.009999999776482582;25.290000915527344;-7.900000095367432;22.350000381469727;-37.939998626708984;0.0;0.0;0.0;0.0;0.0;0.0;0.0;0.0;0.0;23;0.0;0.0;0.0;0.0;0.0;0.0;0.0;0.0;0.0;0.0;0.0;0.0;0.0;0.0;0.0;0.0;-5.825234889984131;-35.22581481933594;52.63199996948242;0.009999999776482582;354.2699890136719;0.009999999776482582;518424760;2368;50;28;0;0;0
1748649606;747168464;111.83999633789062;-38.08000183105469;178.67999267578125;0.0;0.0;0.0;0.01875000074505806;-0.029750000685453415;0.996749997138977;4.519999980926514;-1.0199999809265137;-2.259999990463257;-5.824765682220459;-35.22602844238281;166.02999877929688;0.009999999776482582;0.009999999776482582;23.766000747680664;-7.960000038146973;22.600000381469727;-38.630001068115234;0.0;0.0;0.0;0.0;0.0;0.0;0.0;0.0;0.0;24;0.0;0.0;0.0;0.0;0.0;0.0;0.0;0.0;0.0;0.0;0.0;0.0;0.0;0.0;0.0;0.0;-5.825234889984131;-35.22581481933594;52.62200164794922;0.009999999776482582;354.2699890136719;0.009999999776482582;518424800;2368;50;28;0;0;0
1748649606;787406870;111.75;-38.27000045776367;178.74000549316406;0.0;0.0;0.0;0.01875000074505806;-0.029750000685453415;0.9965000152587891;5.480000019073486;-1.840000033378601;-1.059999942779541;-5.8247575759887695;-35.22603225708008;166.02999877929688;-0.009999999776482582;0.0;22.20599937438965;-8.029999732971191;22.84000015258789;-39.31999969482422;0.0;0.0;0.0;0.0;0.0;0.0;0.0;0.0;0.0;25;0.0;0.0;0.0;0.0;0.0;0.0;0.0;0.0;0.0;0.0;0.0;0.0;0.0;0.0;0.0;0.0;-5.825234889984131;-35.22581481933594;52.62200164794922;0.0;3.799999952316284;-0.009999999776482582;518424840;2368;50;28;0;0;0
1748649606;827321185;111.62999725341797;-38.529998779296875;178.9499969482422;0.0;0.0;0.0;0.01875000074505806;-0.029750000685453415;0.996749997138977;5.800000190734863;3.140000104904175;-3.759999990463257;-5.824748992919922;-35.226036071777344;166.02999877929688;0.019999999552965164;0.0;53.5890007019043;-8.079999923706055;23.079999923706055;-0.7599999904632568;0.0;0.0;0.0;0.0;0.0;0.0;0.0;0.0;0.0;26;0.0;0.0;0.0;0.0;0.0;0.0;0.0;0.0;0.0;0.0;0.0;0.0;0.0;0.0;0.0;0.0;-5.825234889984131;-35.22581481933594;52.63800048828125;0.0;218.38999938964844;0.019999999552965164;518424880;2368;50;28;0;0;0
1748649606;867430854;111.47000122070312;-38.72999954223633;179.07000732421875;0.0;0.0;0.0;0.01899999938905239;-0.029750000685453415;0.9965000152587891;4.659999847412109;0.6800000071525574;-5.400000095367432;-5.824740886688232;-35.226036071777344;166.02999877929688;0.0;0.0;53.54899978637695;-8.140000343322754;23.329999923706055;-1.440000057220459;0.0;0.0;0.0;0.0;0.0;0.0;0.0;0.0;0.0;27;0.0;0.0;0.0;0.0;0.0;0.0;0.0;0.0;0.0;0.0;0.0;0.0;0.0;0.0;0.0;0.0;-5.825234889984131;-35.22581481933594;52.63199996948242;0.0;49.84000015258789;0.0;518424920;2368;50;28;0;0;0
1748649606;907567396;111.33000183105469;-39.060001373291016;179.1199951171875;0.0;0.0;0.0;0.01850000023841858;-0.029750000685453415;0.996749997138977;9.420000076293945;-2.319999933242798;-3.700000047683716;-5.824732303619385;-35.22603988647461;166.02999877929688;0.0;0.009999999776482582;53.49399948120117;-8.199999809265137;23.579999923706055;-2.119999885559082;0.0;0.0;0.0;0.0;0.0;0.0;0.0;0.0;0.0;28;0.0;0.0;0.0;0.0;0.0;0.0;0.0;0.0;0.0;0.0;0.0;0.0;0.0;0.0;0.0;0.0;-5.825234889984131;-35.22581481933594;52.63199996948242;0.009999999776482582;194.66000366210938;0.0;518424960;2368;50;28;0;0;0
1748649606;947415092;107.86000061035156;-39.15999984741211;179.1699981689453;0.0;0.0;0.0;0.01875000074505806;-0.029750000685453415;0.9965000152587891;2.880000114440918;0.699999988079071;-1.0199999809265137;-5.824723243713379;-35.226043701171875;166.02999877929688;0.0;0.009999999776482582;53.395999908447266;-8.25;23.829999923706055;-2.809999942779541;0.0;0.0;0.0;0.0;0.0;0.0;0.0;0.0;0.0;29;0.0;0.0;0.0;0.0;0.0;0.0;0.0;0.0;0.0;0.0;0.0;0.0;0.0;0.0;0.0;0.0;-5.825234889984131;-35.22581481933594;52.63199996948242;0.009999999776482582;194.66000366210938;0.0;518425000;2368;50;28;0;0;0
1748649606;987732740;107.73999786376953;-39.33000183105469;179.27000427246094;0.0;0.0;0.0;0.01875000074505806;-0.029750000685453415;0.9965000152587891;4.800000190734863;-3.5;-5.860000133514404;-5.824714660644531;-35.22604751586914;166.02999877929688;0.009999999776482582;0.0;53.303001403808594;-8.3100004196167;24.079999923706055;-3.4700000286102295;0.0;0.0;0.0;0.0;0.0;0.0;0.0;0.0;0.0;30;0.0;0.0;0.0;0.0;0.0;0.0;0.0;0.0;0.0;0.0;0.0;0.0;0.0;0.0;0.0;0.0;-5.825234889984131;-35.22581481933594;52.63800048828125;0.0;54.060001373291016;0.009999999776482582;518425040;2368;50;28;0;0;0
1748649607;27703923;107.7300033569336;-39.529998779296875;179.27000427246094;0.0;0.0;0.0;0.01875000074505806;-0.029500000178813934;0.996749997138977;4.599999904632568;0.7200000286102295;2.5799999237060547;-5.824706077575684;-35.22604751586914;166.02999877929688;-0.009999999776482582;0.0;53.19300079345703;-8.359999656677246;24.329999923706055;-4.150000095367432;0.0;0.0;0.0;0.0;0.0;0.0;0.0;0.0;0.0;31;0.0;0.0;0.0;0.0;0.0;0.0;0.0;0.0;0.0;0.0;0.0;0.0;0.0;0.0;0.0;0.0;-5.825234889984131;-35.22581481933594;52.62900161743164;0.0;352.1000061035156;-0.009999999776482582;518425080;2368;50;28;0;0;0
1748649607;67745100;107.54000091552734;-39.66999816894531;179.3800048828125;0.0;0.0;0.0;0.01875000074505806;-0.029750000685453415;0.996749997138977;3.559999942779541;0.11999999731779099;-4.5;-5.824697017669678;-35.226051330566406;166.02999877929688;-0.009999999776482582;0.0;53.07099914550781;-8.420000076293945;24.579999923706055;-4.840000152587891;0.0;0.0;0.0;0.0;0.0;0.0;0.0;0.0;0.0;0;0.0;0.0;0.0;0.0;0.0;0.0;0.0;0.0;0.0;0.0;0.0;0.0;0.0;0.0;0.0;0.0;-5.825234889984131;-35.22581481933594;52.63100051879883;0.0;230.5;-0.009999999776482582;518425120;2368;50;28;0;0;0
1748649607;107729407;107.38999938964844;-39.91999816894531;179.50999450683594;0.0;0.0;0.0;0.01875000074505806;-0.029750000685453415;0.996749997138977;7.340000152587891;1.840000033378601;0.1599999964237213;-5.824687957763672;-35.22605514526367;166.02999877929688;0.0;0.0;52.93600082397461;-8.479999542236328;24.84000015258789;-5.53000020980835;0.0;0.0;0.0;0.0;0.0;0.0;0.0;0.0;0.0;1;0.0;0.0;0.0;0.0;0.0;0.0;0.0;0.0;0.0;0.0;0.0;0.0;0.0;0.0;0.0;0.0;-5.825234889984131;-35.22581481933594;52.638999938964844;0.0;271.239990234375;0.0;518425160;2368;50;28;0;0;0
1748649607;147794956;107.30999755859375;-40.16999816894531;179.5;0.0;0.0;0.0;0.01875000074505806;-0.029750000685453415;0.996749997138977;7.380000114440918;0.36000001430511475;-4.5;-5.824678897857666;-35.22605895996094;166.02999877929688;0.0;0.0;52.78799819946289;-8.539999961853027;25.09000015258789;-6.210000038146973;0.0;0.0;0.0;0.0;0.0;0.0;0.0;0.0;0.0;2;0.0;0.0;0.0;0.0;0.0;0.0;0.0;0.0;0.0;0.0;0.0;0.0;0.0;0.0;0.0;0.0;-5.825234889984131;-35.22581481933594;52.654998779296875;0.0;271.239990234375;0.0;518425200;2368;50;28;0;0;0
1748649607;187940871;107.0199966430664;-40.349998474121094;179.6699981689453;0.0;0.0;0.0;0.01875000074505806;-0.029750000685453415;0.996999979019165;1.7400000095367432;0.5;-4.960000038146973;-5.82466983795166;-35.22605895996094;166.02999877929688;0.0;0.0;52.5260009765625;-8.609999656677246;25.34000015258789;-6.889999866485596;0.0;0.0;0.0;0.0;0.0;0.0;0.0;0.0;0.0;3;0.0;0.0;0.0;0.0;0.0;0.0;0.0;0.0;0.0;0.0;0.0;0.0;0.0;0.0;0.0;0.0;-5.825234889984131;-35.22581481933594;52.654998779296875;0.0;190.5;0.0;518425240;2368;50;28;0;0;0
1748649607;227949676;106.83000183105469;-40.52000045776367;179.64999389648438;0.0;0.0;0.0;0.01875000074505806;-0.029750000685453415;0.996749997138977;3.859999895095825;-5.139999866485596;-6.099999904632568;-5.824660778045654;-35.2260627746582;166.02999877929688;-0.019999999552965164;0.0;52.3390007019043;-8.670000076293945;25.600000381469727;-7.570000171661377;0.0;0.0;0.0;0.0;0.0;0.0;0.0;0.0;0.0;4;0.0;0.0;0.0;0.0;0.0;0.0;0.0;0.0;0.0;0.0;0.0;0.0;0.0;0.0;0.0;0.0;-5.825234889984131;-35.22581481933594;52.6609992980957;0.0;231.5500030517578;-0.019999999552965164;518425280;2368;50;28;0;0;0
1748649607;268100466;106.75;-40.779998779296875;179.77000427246094;0.0;0.0;0.0;0.01875000074505806;-0.029500000178813934;0.996749997138977;8.619999885559082;2.4600000381469727;-0.25999999046325684;-5.82465124130249;-35.22606658935547;166.02999877929688;0.019999999552965164;0.009999999776482582;52.1349983215332;-8.729999542236328;25.860000610351562;-8.260000228881836;0.0;0.0;0.0;0.0;0.0;0.0;0.0;0.0;0.0;5;0.0;0.0;0.0;0.0;0.0;0.0;0.0;0.0;0.0;0.0;0.0;0.0;0.0;0.0;0.0;0.0;-5.825234889984131;-35.22581481933594;52.665000915527344;0.009999999776482582;107.56999969482422;0.019999999552965164;518425320;2368;50;28;0;0;0
1748649607;307133745;106.58999633789062;-41.04999923706055;179.9600067138672;0.0;0.0;0.0;0.01875000074505806;-0.029750000685453415;0.996749997138977;4.380000114440918;-0.9200000166893005;-7.579999923706055;-5.824641704559326;-35.226070404052734;166.02999877929688;0.0;0.0;51.91999816894531;-8.789999961853027;26.110000610351562;-8.9399995803833;0.0;0.0;0.0;0.0;0.0;0.0;0.0;0.0;0.0;6;0.0;0.0;0.0;0.0;0.0;0.0;0.0;0.0;0.0;0.0;0.0;0.0;0.0;0.0;0.0;0.0;-5.825234889984131;-35.22581481933594;52.65299987792969;0.0;213.66000366210938;0.0;518425360;2368;50;28;0;0;0
1748649607;347088930;106.45999908447266;-41.290000915527344;-179.91000366210938;0.0;0.0;0.0;0.01875000074505806;-0.029750000685453415;0.996749997138977;6.519999980926514;-1.7999999523162842;-3.5199999809265137;-5.824632167816162;-35.226070404052734;166.02999877929688;0.0;0.0;51.69200134277344;-8.850000381469727;26.3700008392334;-9.609999656677246;0.0;0.0;0.0;0.0;0.0;0.0;0.0;0.0;0.0;7;0.0;0.0;0.0;0.0;0.0;0.0;0.0;0.0;0.0;0.0;0.0;0.0;0.0;0.0;0.0;0.0;-5.825234889984131;-35.22581481933594;52.659000396728516;0.0;213.66000366210938;0.0;518425400;2368;50;28;0;0;0
1748649607;387406703;106.4000015258789;-41.5;-179.94000244140625;0.0;0.0;0.0;0.01875000074505806;-0.029750000685453415;0.996749997138977;5.039999961853027;-1.6200000047683716;-1.9600000381469727;-5.824622631072998;-35.22607421875;166.02999877929688;-0.019999999552965164;0.009999999776482582;51.29399871826172;-8.90999984741211;26.6299991607666;-10.289999961853027;0.0;0.0;0.0;0.0;0.0;0.0;0.0;0.0;0.0;8;0.0;0.0;0.0;0.0;0.0;0.0;0.0;0.0;0.0;0.0;0.0;0.0;0.0;0.0;0.0;0.0;-5.825234889984131;-35.22581481933594;52.659000396728516;0.009999999776482582;258.8699951171875;-0.019999999552965164;518425440;2368;50;28;0;0;0
1748649607;427400009;106.26000213623047;-41.619998931884766;-179.77999877929688;0.0;0.0;0.0;0.01875000074505806;-0.029750000685453415;0.996749997138977;2.380000114440918;2.7799999713897705;-1.0399999618530273;-5.824613094329834;-35.226078033447266;166.02999877929688;0.0;0.0;51.025001525878906;-8.970000267028809;26.889999389648438;-10.970000267028809;0.0;0.0;0.0;0.0;0.0;0.0;0.0;0.0;0.0;9;0.0;0.0;0.0;0.0;0.0;0.0;0.0;0.0;0.0;0.0;0.0;0.0;0.0;0.0;0.0;0.0;-5.825234889984131;-35.22581481933594;52.64799880981445;0.0;209.00999450683594;0.0;518425480;2368;50;28;0;0;0
1748649607;467251455;106.23999786376953;-41.83000183105469;-179.60000610351562;0.0;0.0;0.0;0.01875000074505806;-0.029750000685453415;0.996749997138977;5.940000057220459;3.799999952316284;-0.8199999928474426;-5.824603080749512;-35.22608184814453;166.02999877929688;0.009999999776482582;0.009999999776482582;50.74300003051758;-9.029999732971191;27.149999618530273;-11.640000343322754;0.0;0.0;0.0;0.0;0.0;0.0;0.0;0.0;0.0;10;0.0;0.0;0.0;0.0;0.0;0.0;0.0;0.0;0.0;0.0;0.0;0.0;0.0;0.0;0.0;0.0;-5.825234889984131;-35.22581481933594;52.63600158691406;0.009999999776482582;125.04000091552734;0.009999999776482582;518425520;2368;50;28;0;0;0
1748649607;507487361;106.22000122070312;-41.970001220703125;-179.42999267578125;0.0;0.0;0.0;0.01875000074505806;-0.029750000685453415;0.9965000152587891;6.320000171661377;3.819999933242798;1.840000033378601;-5.824593544006348;-35.22608184814453;166.02999877929688;0.019999999552965164;0.0;50.448001861572266;-9.09000015258789;27.420000076293945;-12.319999694824219;0.0;0.0;0.0;0.0;0.0;0.0;0.0;0.0;0.0;11;0.0;0.0;0.0;0.0;0.0;0.0;0.0;0.0;0.0;0.0;0.0;0.0;0.0;0.0;0.0;0.0;-5.825234889984131;-35.22581481933594;52.63600158691406;0.0;21.760000228881836;0.019999999552965164;518425560;2368;50;28;0;0;0
1748649607;547599656;106.0999984741211;-42.22999954223633;-179.47000122070312;0.0;0.0;0.0;0.01875000074505806;-0.029750000685453415;0.996749997138977;5.420000076293945;-5.340000152587891;-3.119999885559082;-5.824583530426025;-35.2260856628418;166.02999877929688;0.019999999552965164;0.0;50.137001037597656;-9.149999618530273;27.68000030517578;-12.989999771118164;0.0;0.0;0.0;0.0;0.0;0.0;0.0;0.0;0.0;12;0.0;0.0;0.0;0.0;0.0;0.0;0.0;0.0;0.0;0.0;0.0;0.0;0.0;0.0;0.0;0.0;-5.825234889984131;-35.22581481933594;52.64799880981445;0.0;21.760000228881836;0.019999999552965164;518425600;2368;50;28;0;0;0
1748649607;587895806;105.88999938964844;-42.369998931884766;-179.44000244140625;0.0;0.0;0.0;0.01875000074505806;-0.029750000685453415;0.996749997138977;4.199999809265137;-5.039999961853027;-4.699999809265137;-5.824573516845703;-35.22608947753906;166.02999877929688;-0.03999999910593033;0.019999999552965164;49.604000091552734;-9.220000267028809;27.950000762939453;-13.670000076293945;0.0;0.0;0.0;0.0;0.0;0.0;0.0;0.0;0.0;13;0.0;0.0;0.0;0.0;0.0;0.0;0.0;0.0;0.0;0.0;0.0;0.0;0.0;0.0;0.0;0.0;-5.825234889984131;-35.22581481933594;52.64799880981445;0.019999999552965164;276.0299987792969;-0.03999999910593033;518425640;2368;50;28;0;0;0
1748649607;627659635;133.0;-42.560001373291016;-179.25;0.0;0.0;0.0;0.01875000074505806;-0.029750000685453415;0.996749997138977;5.519999980926514;2.9200000762939453;0.36000001430511475;-5.825257301330566;-35.225807189941406;166.02999877929688;0.009999999776482582;0.009999999776482582;49.25400161743164;-0.009999999776482582;0.07999999821186066;-14.34000015258789;0.0;0.0;0.0;0.0;0.0;0.0;0.0;0.0;0.0;14;0.0;0.0;0.0;0.0;0.0;0.0;0.0;0.0;0.0;0.0;0.0;0.0;0.0;0.0;0.0;0.0;-5.825234889984131;-35.22581481933594;52.65599822998047;0.009999999776482582;94.29000091552734;0.009999999776482582;518425680;2368;50;28;0;0;0
1748649607;667646442;133.02999877929688;-42.779998779296875;-179.2100067138672;0.0;0.0;0.0;0.01875000074505806;-0.029750000685453415;0.996749997138977;6.480000019073486;0.8399999737739563;0.36000001430511475;-5.825257778167725;-35.2258186340332;166.02999877929688;0.019999999552965164;0.0;48.895999908447266;-0.03999999910593033;0.25;-15.010000228881836;0.0;0.0;0.0;0.0;0.0;0.0;0.0;0.0;0.0;15;0.0;0.0;0.0;0.0;0.0;0.0;0.0;0.0;0.0;0.0;0.0;0.0;0.0;0.0;0.0;0.0;-5.825234889984131;-35.22581481933594;52.66699981689453;0.0;108.88999938964844;0.019999999552965164;518425720;2368;50;28;0;0;0
1748649607;707782359;133.1199951171875;-42.97999954223633;-179.33999633789062;0.0;0.0;0.0;0.01875000074505806;-0.029750000685453415;0.996749997138977;5.340000152587891;0.5799999833106995;1.0;-5.825257778167725;-35.2258186340332;166.02999877929688;0.0;0.009999999776482582;48.52399826049805;-0.019999999552965164;0.5099999904632568;-15.680000305175781;0.0;0.0;0.0;0.0;0.0;0.0;0.0;0.0;0.0;16;0.0;0.0;0.0;0.0;0.0;0.0;0.0;0.0;0.0;0.0;0.0;0.0;0.0;0.0;0.0;0.0;-5.825234889984131;-35.22581481933594;52.66400146484375;0.009999999776482582;97.91999816894531;0.0;518425760;2368;50;28;0;0;0
1748649607;747729045;132.91000366210938;-43.130001068115234;-179.33999633789062;0.0;0.0;0.0;0.01875000074505806;-0.029750000685453415;0.9965000152587891;4.480000019073486;-5.039999961853027;-4.760000228881836;-5.825257778167725;-35.2258186340332;166.02999877929688;0.0;0.009999999776482582;48.137001037597656;0.029999999329447746;0.7799999713897705;-16.350000381469727;0.0;0.0;0.0;0.0;0.0;0.0;0.0;0.0;0.0;17;0.0;0.0;0.0;0.0;0.0;0.0;0.0;0.0;0.0;0.0;0.0;0.0;0.0;0.0;0.0;0.0;-5.825234889984131;-35.22581481933594;52.6609992980957;0.009999999776482582;97.91999816894531;0.0;518425800;2368;50;28;0;0;0
1748649607;788207177;132.58999633789062;-43.380001068115234;-178.97999572753906;0.0;0.0;0.0;0.01875000074505806;-0.029750000685453415;0.996749997138977;6.800000190734863;2.4800000190734863;-4.119999885559082;-5.825257301330566;-35.2258186340332;166.02999877929688;-0.009999999776482582;0.0;47.46900177001953;0.07999999821186066;1.0499999523162842;-17.020000457763672;0.0;0.0;0.0;0.0;0.0;0.0;0.0;0.0;0.0;18;0.0;0.0;0.0;0.0;0.0;0.0;0.0;0.0;0.0;0.0;0.0;0.0;0.0;0.0;0.0;0.0;-5.825234889984131;-35.22581481933594;52.6609992980957;0.0;88.19999694824219;-0.009999999776482582;518425840;2368;50;28;0;0;0
1748649607;827129967;132.4499969482422;-43.5;-178.8699951171875;0.0;0.0;0.0;0.01875000074505806;-0.029750000685453415;0.996749997138977;1.0;0.5400000214576721;-4.480000019073486;-5.825257301330566;-35.2258186340332;166.02999877929688;-0.009999999776482582;0.019999999552965164;47.04499816894531;0.12999999523162842;1.309999942779541;-17.690000534057617;0.0;0.0;0.0;0.0;0.0;0.0;0.0;0.0;0.0;19;0.0;0.0;0.0;0.0;0.0;0.0;0.0;0.0;0.0;0.0;0.0;0.0;0.0;0.0;0.0;0.0;-5.825234889984131;-35.22581481933594;52.66299819946289;0.019999999552965164;262.1099853515625;-0.009999999776482582;518425880;2368;50;28;0;0;0
1748649607;867160269;132.33999633789062;-43.75;-178.69000244140625;0.0;0.0;0.0;0.01875000074505806;-0.029750000685453415;0.9965000152587891;2.8399999141693115;3.880000114440918;-0.3400000035762787;-5.825256824493408;-35.2258186340332;166.02999877929688;-0.019999999552965164;0.009999999776482582;46.60900115966797;0.1899999976158142;1.5800000429153442;-18.350000381469727;0.0;0.0;0.0;0.0;0.0;0.0;0.0;0.0;0.0;20;0.0;0.0;0.0;0.0;0.0;0.0;0.0;0.0;0.0;0.0;0.0;0.0;0.0;0.0;0.0;0.0;-5.825234889984131;-35.22581481933594;52.645999908447266;0.009999999776482582;146.22000122070312;-0.019999999552965164;518425920;2368;50;28;0;0;0
1748649607;907334557;131.89999389648438;-43.88999938964844;-178.50999450683594;0.0;0.0;0.0;0.01850000023841858;-0.029750000685453415;0.996749997138977;5.039999961853027;-1.6799999475479126;-8.119999885559082;-5.82525634765625;-35.2258186340332;166.02999877929688;0.019999999552965164;0.009999999776482582;46.15999984741211;0.27000001072883606;1.840000033378601;-19.020000457763672;0.0;0.0;0.0;0.0;0.0;0.0;0.0;0.0;0.0;21;0.0;0.0;0.0;0.0;0.0;0.0;0.0;0.0;0.0;0.0;0.0;0.0;0.0;0.0;0.0;0.0;-5.825234889984131;-35.22581481933594;52.66299819946289;0.009999999776482582;51.400001525878906;0.019999999552965164;518425960;2368;50;28;0;0;0
1748649607;947370484;128.6300048828125;-44.09000015258789;-178.47999572753906;0.0;0.0;0.0;0.01850000023841858;-0.029750000685453415;0.996749997138977;4.739999771118164;-1.2200000286102295;-3.559999942779541;-5.825255870819092;-35.2258186340332;166.08999633789062;0.019999999552965164;0.009999999776482582;45.38600158691406;0.3499999940395355;2.109999895095825;-19.68000030517578;0.0;0.0;0.0;0.0;0.0;0.0;0.0;0.0;0.0;22;0.0;0.0;0.0;0.0;0.0;0.0;0.0;0.0;0.0;0.0;0.0;0.0;0.0;0.0;0.0;0.0;-5.825234889984131;-35.22581481933594;52.66299819946289;0.009999999776482582;51.400001525878906;0.019999999552965164;518426000;2368;50;28;0;0;0
1748649607;987714504;128.4600067138672;-44.369998931884766;-178.39999389648438;0.0;0.0;0.0;0.01875000074505806;-0.029750000685453415;0.996749997138977;8.34000015258789;-3.0199999809265137;-0.36000001430511475;-5.825255393981934;-35.2258186340332;166.08999633789062;0.009999999776482582;0.0;44.89799880981445;0.41999998688697815;2.369999885559082;-20.350000381469727;0.0;0.0;0.0;0.0;0.0;0.0;0.0;0.0;0.0;23;0.0;0.0;0.0;0.0;0.0;0.0;0.0;0.0;0.0;0.0;0.0;0.0;0.0;0.0;0.0;0.0;-5.825234889984131;-35.22581481933594;52.66899871826172;0.0;324.2699890136719;0.009999999776482582;518426040;2368;50;28;0;0;0
1748649608;27558576;128.27000427246094;-44.59000015258789;-178.22000122070312;0.0;0.0;0.0;0.01875000074505806;-0.029750000685453415;0.996749997138977;5.559999942779541;5.039999961853027;-2.4000000953674316;-5.825254917144775;-35.2258186340332;166.08999633789062;0.009999999776482582;0.009999999776482582;44.395999908447266;0.4399999976158142;2.640000104904175;-21.010000228881836;0.0;0.0;0.0;0.0;0.0;0.0;0.0;0.0;0.0;24;0.0;0.0;0.0;0.0;0.0;0.0;0.0;0.0;0.0;0.0;0.0;0.0;0.0;0.0;0.0;0.0;-5.825234889984131;-35.22581481933594;52.63199996948242;0.009999999776482582;283.1199951171875;0.009999999776482582;518426080;2368;50;28;0;0;0
1748649608;67600252;128.22000122070312;-44.7599983215332;-178.08999633789062;0.0;0.0;0.0;0.01875000074505806;-0.029750000685453415;0.996749997138977;4.559999942779541;1.559999942779541;1.0800000429153442;-5.825254440307617;-35.2258186340332;166.08999633789062;0.0;0.0;43.88199996948242;0.5;2.9000000953674316;-21.670000076293945;0.0;0.0;0.0;0.0;0.0;0.0;0.0;0.0;0.0;25;0.0;0.0;0.0;0.0;0.0;0.0;0.0;0.0;0.0;0.0;0.0;0.0;0.0;0.0;0.0;0.0;-5.825234889984131;-35.22581481933594;52.63999938964844;0.0;249.6300048828125;0.0;518426120;2368;50;28;0;0;0
1748649608;107778039;128.1199951171875;-44.97999954223633;-178.0399932861328;0.0;0.0;0.0;0.01875000074505806;-0.029750000685453415;0.996749997138977;5.920000076293945;-3.5799999237060547;-3.5799999237060547;-5.825253486633301;-35.2258186340332;166.08999633789062;-0.009999999776482582;0.009999999776482582;43.35599899291992;0.5699999928474426;3.180000066757202;-22.329999923706055;0.0;0.0;0.0;0.0;0.0;0.0;0.0;0.0;0.0;26;0.0;0.0;0.0;0.0;0.0;0.0;0.0;0.0;0.0;0.0;0.0;0.0;0.0;0.0;0.0;0.0;-5.825234889984131;-35.22581481933594;52.63999938964844;0.009999999776482582;111.95999908447266;-0.009999999776482582;518426160;2368;50;28;0;0;0
1748649608;147878085;127.80000305175781;-45.09000015258789;-177.8800048828125;0.0;0.0;0.0;0.01875000074505806;-0.029750000685453415;0.996749997138977;2.6600000858306885;0.6600000262260437;-5.5;-5.825253009796143;-35.2258186340332;166.08999633789062;-0.009999999776482582;0.009999999776482582;42.81800079345703;0.6399999856948853;3.450000047683716;-22.989999771118164;0.0;0.0;0.0;0.0;0.0;0.0;0.0;0.0;0.0;27;0.0;0.0;0.0;0.0;0.0;0.0;0.0;0.0;0.0;0.0;0.0;0.0;0.0;0.0;0.0;0.0;-5.825234889984131;-35.22581481933594;52.64400100708008;0.009999999776482582;111.95999908447266;-0.009999999776482582;518426200;2368;50;28;0;0;0
1748649608;188001378;127.66999816894531;-45.209999084472656;-177.83999633789062;0.0;0.0;0.0;0.01875000074505806;-0.029750000685453415;0.996749997138977;1.2000000476837158;-2.299999952316284;-5.78000020980835;-5.825251579284668;-35.2258186340332;166.08999633789062;0.0;0.0;41.8849983215332;0.699999988079071;3.7300000190734863;-23.639999389648438;0.0;0.0;0.0;0.0;0.0;0.0;0.0;0.0;0.0;28;0.0;0.0;0.0;0.0;0.0;0.0;0.0;0.0;0.0;0.0;0.0;0.0;0.0;0.0;0.0;0.0;-5.825234889984131;-35.22581481933594;52.64400100708008;0.0;11.199999809265137;0.0;518426240;2368;50;28;0;0;0
1748649608;227914317;127.77999877929688;-45.40999984741211;-177.97000122070312;0.0;0.0;0.0;0.01875000074505806;-0.029750000685453415;0.996749997138977;8.039999961853027;0.47999998927116394;1.5;-5.825250625610352;-35.2258186340332;166.08999633789062;-0.009999999776482582;0.0;41.30400085449219;0.7599999904632568;4.010000228881836;-24.299999237060547;0.0;0.0;0.0;0.0;0.0;0.0;0.0;0.0;0.0;29;0.0;0.0;0.0;0.0;0.0;0.0;0.0;0.0;0.0;0.0;0.0;0.0;0.0;0.0;0.0;0.0;-5.825234889984131;-35.22581481933594;52.64400100708008;0.0;174.97999572753906;-0.009999999776482582;518426280;2368;50;28;0;0;0
1748649608;266958470;127.56999969482422;-45.560001373291016;-177.7899932861328;0.0;0.0;0.0;0.01875000074505806;-0.029750000685453415;0.9965000152587891;7.119999885559082;2.240000009536743;-5.519999980926514;-5.825250148773193;-35.2258186340332;166.08999633789062;0.0;0.0;40.71500015258789;0.8299999833106995;4.289999961853027;-24.959999084472656;0.0;0.0;0.0;0.0;0.0;0.0;0.0;0.0;0.0;30;0.0;0.0;0.0;0.0;0.0;0.0;0.0;0.0;0.0;0.0;0.0;0.0;0.0;0.0;0.0;0.0;-5.825234889984131;-35.22581481933594;52.659000396728516;0.0;15.90999984741211;0.0;518426320;2368;50;28;0;0;0
1748649608;307181378;127.58999633789062;-45.77000045776367;-177.61000061035156;0.0;0.0;0.0;0.01875000074505806;-0.029750000685453415;0.996749997138977;3.680000066757202;1.5399999618530273;2.9800000190734863;-5.825249195098877;-35.2258186340332;166.08999633789062;0.009999999776482582;0.0;40.11399841308594;0.8899999856948853;4.570000171661377;-25.610000610351562;0.0;0.0;0.0;0.0;0.0;0.0;0.0;0.0;0.0;31;0.0;0.0;0.0;0.0;0.0;0.0;0.0;0.0;0.0;0.0;0.0;0.0;0.0;0.0;0.0;0.0;-5.825234889984131;-35.22581481933594;52.64699935913086;0.0;169.8800048828125;0.009999999776482582;518426360;2368;50;28;0;0;0
1748649608;347121564;127.45999908447266;-45.970001220703125;-177.4600067138672;0.0;0.0;0.0;0.01875000074505806;-0.029500000178813934;0.996749997138977;6.099999904632568;0.0;-1.559999942779541;-5.8252482414245605;-35.2258186340332;166.08999633789062;0.009999999776482582;0.0;39.49700164794922;0.9599999785423279;4.849999904632568;-26.270000457763672;0.0;0.0;0.0;0.0;0.0;0.0;0.0;0.0;0.0;0;0.0;0.0;0.0;0.0;0.0;0.0;0.0;0.0;0.0;0.0;0.0;0.0;0.0;0.0;0.0;0.0;-5.825234889984131;-35.22581481933594;52.6609992980957;0.0;169.8800048828125;0.009999999776482582;518426400;2368;50;28;0;0;0
1748649608;387370719;127.31999969482422;-46.22999954223633;-177.2899932861328;0.0;0.0;0.0;0.01875000074505806;-0.029750000685453415;0.996749997138977;12.460000038146973;-0.11999999731779099;-1.8799999952316284;-5.825246334075928;-35.2258186340332;166.08999633789062;0.0;0.0;38.43299865722656;1.0299999713897705;5.130000114440918;-26.920000076293945;0.0;0.0;0.0;0.0;0.0;0.0;0.0;0.0;0.0;1;0.0;0.0;0.0;0.0;0.0;0.0;0.0;0.0;0.0;0.0;0.0;0.0;0.0;0.0;0.0;0.0;-5.825234889984131;-35.22581481933594;52.6609992980957;0.0;242.00999450683594;0.0;518426440;2368;50;28;0;0;0
1748649608;426948943;127.12000274658203;-46.439998626708984;-177.19000244140625;0.0;0.0;0.0;0.01875000074505806;-0.029750000685453415;0.996749997138977;7.099999904632568;-2.259999990463257;-3.6600000858306885;-5.825245380401611;-35.22581481933594;166.08999633789062;0.009999999776482582;0.0;37.78200149536133;1.090000033378601;5.409999847412109;-27.56999969482422;0.0;0.0;0.0;0.0;0.0;0.0;0.0;0.0;0.0;2;0.0;0.0;0.0;0.0;0.0;0.0;0.0;0.0;0.0;0.0;0.0;0.0;0.0;0.0;0.0;0.0;-5.825234889984131;-35.22581481933594;52.667999267578125;0.0;359.6400146484375;0.009999999776482582;518426480;2368;50;28;0;0;0
1748649608;466849883;127.05999755859375;-46.59000015258789;-177.0800018310547;0.0;0.0;0.0;0.01875000074505806;-0.029750000685453415;0.9965000152587891;5.920000076293945;1.1799999475479126;-0.9599999785423279;-5.825243949890137;-35.22581481933594;166.08999633789062;0.0;0.0;37.11800003051758;1.159999966621399;5.699999809265137;-28.219999313354492;0.0;0.0;0.0;0.0;0.0;0.0;0.0;0.0;0.0;3;0.0;0.0;0.0;0.0;0.0;0.0;0.0;0.0;0.0;0.0;0.0;0.0;0.0;0.0;0.0;0.0;-5.825234889984131;-35.22581481933594;52.67499923706055;0.0;281.17999267578125;0.0;518426520;2368;50;28;0;0;0
1748649608;507139035;126.98999786376953;-46.869998931884766;-176.97999572753906;0.0;0.0;0.0;0.01875000074505806;-0.029750000685453415;0.996749997138977;6.820000171661377;2.680000066757202;2.6600000858306885;-5.82524299621582;-35.22581481933594;166.08999633789062;0.0;0.0;36.44300079345703;1.2300000190734863;5.980000019073486;-28.8700008392334;0.0;0.0;0.0;0.0;0.0;0.0;0.0;0.0;0.0;4;0.0;0.0;0.0;0.0;0.0;0.0;0.0;0.0;0.0;0.0;0.0;0.0;0.0;0.0;0.0;0.0;-5.825234889984131;-35.22581481933594;52.66299819946289;0.0;91.81999969482422;0.0;518426560;2368;50;28;0;0;0
1748649608;547039850;126.7699966430664;-47.029998779296875;-176.86000061035156;0.0;0.0;0.0;0.01875000074505806;-0.029750000685453415;0.9965000152587891;5.440000057220459;-4.099999904632568;-3.380000114440918;-5.825241565704346;-35.22581481933594;166.08999633789062;0.0;0.0;35.755001068115234;1.2899999618530273;6.260000228881836;-29.520000457763672;0.0;0.0;0.0;0.0;0.0;0.0;0.0;0.0;0.0;5;0.0;0.0;0.0;0.0;0.0;0.0;0.0;0.0;0.0;0.0;0.0;0.0;0.0;0.0;0.0;0.0;-5.825234889984131;-35.22581481933594;52.676998138427734;0.0;91.81999969482422;0.0;518426600;2368;50;28;0;0;0
1748649608;587639470;126.55000305175781;-47.22999954223633;-176.74000549316406;0.0;0.0;0.0;0.01875000074505806;-0.029750000685453415;0.9965000152587891;5.099999904632568;0.8199999928474426;-4.679999828338623;-5.825239181518555;-35.22581481933594;166.08999633789062;-0.009999999776482582;0.0;34.56100082397461;1.3600000143051147;6.550000190734863;-30.170000076293945;0.0;0.0;0.0;0.0;0.0;0.0;0.0;0.0;0.0;6;0.0;0.0;0.0;0.0;0.0;0.0;0.0;0.0;0.0;0.0;0.0;0.0;0.0;0.0;0.0;0.0;-5.825234889984131;-35.22581481933594;52.676998138427734;0.0;269.9599914550781;-0.009999999776482582;518426640;2368;50;28;0;0;0
1748649608;627431546;126.26000213623047;-47.459999084472656;-176.6300048828125;0.0;0.0;0.0;0.01850000023841858;-0.029750000685453415;0.996749997138977;3.7799999713897705;-2.0399999618530273;-4.579999923706055;-5.82523775100708;-35.22581481933594;166.08999633789062;0.0;0.0;33.83599853515625;1.4299999475479126;6.829999923706055;-30.809999465942383;0.0;0.0;0.0;0.0;0.0;0.0;0.0;0.0;0.0;7;0.0;0.0;0.0;0.0;0.0;0.0;0.0;0.0;0.0;0.0;0.0;0.0;0.0;0.0;0.0;0.0;-5.825234889984131;-35.22581481933594;52.67599868774414;0.0;129.07000732421875;0.0;518426680;2368;50;28;0;0;0
1748649608;667292616;126.04000091552734;-47.689998626708984;-176.4199981689453;0.0;0.0;0.0;0.01850000023841858;-0.029750000685453415;0.996749997138977;7.78000020980835;3.0;2.680000066757202;-5.8252363204956055;-35.22581481933594;166.08999633789062;0.0;0.009999999776482582;33.0989990234375;1.4900000095367432;7.119999885559082;-31.459999084472656;0.0;0.0;0.0;0.0;0.0;0.0;0.0;0.0;0.0;8;0.0;0.0;0.0;0.0;0.0;0.0;0.0;0.0;0.0;0.0;0.0;0.0;0.0;0.0;0.0;0.0;-5.825234889984131;-35.22581481933594;52.66999816894531;0.009999999776482582;265.19000244140625;0.0;518426720;2368;50;28;0;0;0
1748649608;707563144;126.11000061035156;-47.91999816894531;-176.39999389648438;0.0;0.0;0.0;0.01875000074505806;-0.029750000685453415;0.996749997138977;5.519999980926514;0.019999999552965164;5.820000171661377;-5.825234889984131;-35.22581481933594;166.08999633789062;0.0;0.009999999776482582;32.349998474121094;1.559999942779541;7.400000095367432;-32.099998474121094;0.0;0.0;0.0;0.0;0.0;0.0;0.0;0.0;0.0;9;0.0;0.0;0.0;0.0;0.0;0.0;0.0;0.0;0.0;0.0;0.0;0.0;0.0;0.0;0.0;0.0;-5.825234889984131;-35.22581481933594;52.67100143432617;0.009999999776482582;277.7900085449219;0.0;518426760;2368;50;28;0;0;0
1748649608;747422964;125.93000030517578;-48.189998626708984;-176.25;0.0;0.0;0.0;0.01850000023841858;-0.029500000178813934;0.9965000152587891;4.920000076293945;0.7200000286102295;-3.359999895095825;-5.825233459472656;-35.22581481933594;166.08999633789062;0.0;0.009999999776482582;31.589000701904297;1.6299999952316284;7.690000057220459;-32.7400016784668;0.0;0.0;0.0;0.0;0.0;0.0;0.0;0.0;0.0;10;0.0;0.0;0.0;0.0;0.0;0.0;0.0;0.0;0.0;0.0;0.0;0.0;0.0;0.0;0.0;0.0;-5.825234889984131;-35.22581481933594;52.66999816894531;0.009999999776482582;277.7900085449219;0.0;518426800;2368;50;28;0;0;0
1748649608;788220688;125.5;-48.45000076293945;-175.9600067138672;0.0;0.0;0.0;0.01875000074505806;-0.029750000685453415;0.996749997138977;7.159999847412109;1.399999976158142;-7.960000038146973;-5.825230598449707;-35.22581481933594;166.08999633789062;0.0;0.0;30.266000747680664;1.690000057220459;7.980000019073486;-33.380001068115234;0.0;0.0;0.0;0.0;0.0;0.0;0.0;0.0;0.0;11;0.0;0.0;0.0;0.0;0.0;0.0;0.0;0.0;0.0;0.0;0.0;0.0;0.0;0.0;0.0;0.0;-5.825234889984131;-35.22581481933594;52.66999816894531;0.0;175.85000610351562;0.0;518426840;2368;50;28;0;0;0
1748649608;827580059;125.38999938964844;-48.59000015258789;-175.94000244140625;0.0;0.0;0.0;0.01875000074505806;-0.029750000685453415;0.996999979019165;4.739999771118164;-0.8799999952316284;0.9800000190734863;-5.825228691101074;-35.22581481933594;166.08999633789062;0.0;0.0;29.468000411987305;1.7599999904632568;8.260000228881836;-34.02000045776367;0.0;0.0;0.0;0.0;0.0;0.0;0.0;0.0;0.0;12;0.0;0.0;0.0;0.0;0.0;0.0;0.0;0.0;0.0;0.0;0.0;0.0;0.0;0.0;0.0;0.0;-5.825234889984131;-35.22581481933594;52.67100143432617;0.0;260.07000732421875;0.0;518426880;2368;50;28;0;0;0
1748649608;866784070;125.26000213623047;-48.720001220703125;-175.82000732421875;0.0;0.0;0.0;0.01875000074505806;-0.029750000685453415;0.9965000152587891;5.119999885559082;1.0399999618530273;-2.9800000190734863;-5.825225830078125;-35.22581100463867;166.08999633789062;-0.019999999552965164;0.009999999776482582;28.658000946044922;1.8200000524520874;8.5600004196167;-34.650001525878906;0.0;0.0;0.0;0.0;0.0;0.0;0.0;0.0;0.0;13;0.0;0.0;0.0;0.0;0.0;0.0;0.0;0.0;0.0;0.0;0.0;0.0;0.0;0.0;0.0;0.0;-5.825234889984131;-35.22581481933594;52.67399978637695;0.009999999776482582;316.6400146484375;-0.019999999552965164;518426920;2368;50;28;0;0;0
1748649608;906915612;125.08999633789062;-48.959999084472656;-175.6999969482422;0.0;0.0;0.0;0.01875000074505806;-0.029750000685453415;0.996749997138977;5.440000057220459;2.559999942779541;-5.900000095367432;-5.825222492218018;-35.22581100463867;166.08999633789062;0.029999999329447746;0.009999999776482582;27.836999893188477;1.8899999856948853;8.859999656677246;-35.290000915527344;0.0;0.0;0.0;0.0;0.0;0.0;0.0;0.0;0.0;14;0.0;0.0;0.0;0.0;0.0;0.0;0.0;0.0;0.0;0.0;0.0;0.0;0.0;0.0;0.0;0.0;-5.825234889984131;-35.22581481933594;52.68299865722656;0.009999999776482582;80.69000244140625;0.029999999329447746;518426960;2368;50;28;0;0;0
1748649608;946924292;120.45999908447266;-49.040000915527344;-175.57000732421875;0.0;0.0;0.0;0.01875000074505806;-0.029750000685453415;0.9965000152587891;3.240000009536743;-0.46000000834465027;3.180000066757202;-5.82521915435791;-35.22581100463867;166.10000610351562;0.029999999329447746;0.009999999776482582;26.41200065612793;1.9600000381469727;9.149999618530273;-35.93000030517578;0.0;0.0;0.0;0.0;0.0;0.0;0.0;0.0;0.0;15;0.0;0.0;0.0;0.0;0.0;0.0;0.0;0.0;0.0;0.0;0.0;0.0;0.0;0.0;0.0;0.0;-5.825234889984131;-35.22581481933594;52.68299865722656;0.009999999776482582;80.69000244140625;0.029999999329447746;518427000;2368;50;28;0;0;0
1748649608;987647399;120.04000091552734;-49.15999984741211;-175.25999450683594;0.0;0.0;0.0;0.01850000023841858;-0.029750000685453415;0.996749997138977;2.859999895095825;-1.159999966621399;-5.320000171661377;-5.825215816497803;-35.22581100463867;166.10000610351562;0.0;0.009999999776482582;24.968000411987305;2.0199999809265137;9.449999809265137;-36.56999969482422;0.0;0.0;0.0;0.0;0.0;0.0;0.0;0.0;0.0;16;0.0;0.0;0.0;0.0;0.0;0.0;0.0;0.0;0.0;0.0;0.0;0.0;0.0;0.0;0.0;0.0;-5.825234889984131;-35.22581481933594;52.67599868774414;0.009999999776482582;77.29000091552734;0.0;518427040;2368;50;28;0;0;0
1748649609;27291866;119.91000366210938;-49.369998931884766;-175.05999755859375;0.0;0.0;0.0;0.01875000074505806;-0.029500000178813934;0.996749997138977;5.960000038146973;-1.6200000047683716;-2.799999952316284;-5.825212478637695;-35.22581100463867;166.10000610351562;-0.019999999552965164;0.009999999776482582;53.119998931884766;2.0899999141693115;9.75;-0.8999999761581421;0.0;0.0;0.0;0.0;0.0;0.0;0.0;0.0;0.0;17;0.0;0.0;0.0;0.0;0.0;0.0;0.0;0.0;0.0;0.0;0.0;0.0;0.0;0.0;0.0;0.0;-5.825234889984131;-35.22581481933594;52.672000885009766;0.009999999776482582;223.83999633789062;-0.019999999552965164;518427080;2368;50;28;0;0;0
1748649609;67481652;119.91000366210938;-49.5;-175.0399932861328;0.0;0.0;0.0;0.01875000074505806;-0.029750000685453415;0.996749997138977;3.5;-0.25999999046325684;-0.46000000834465027;-5.825209140777588;-35.22581100463867;166.10000610351562;-0.009999999776482582;0.0;53.077999114990234;2.1500000953674316;10.039999961853027;-1.5299999713897705;0.0;0.0;0.0;0.0;0.0;0.0;0.0;0.0;0.0;18;0.0;0.0;0.0;0.0;0.0;0.0;0.0;0.0;0.0;0.0;0.0;0.0;0.0;0.0;0.0;0.0;-5.825234889984131;-35.22581481933594;52.665000915527344;0.0;102.44999694824219;-0.009999999776482582;518427120;2368;50;28;0;0;0
1748649609;107603320;119.69999694824219;-49.66999816894531;-174.92999267578125;0.0;0.0;0.0;0.01875000074505806;-0.029750000685453415;0.996749997138977;5.539999961853027;0.11999999731779099;-1.2599999904632568;-5.825205326080322;-35.22581100463867;166.10000610351562;0.0;0.0;53.025001525878906;2.2200000286102295;10.34000015258789;-2.1500000953674316;0.0;0.0;0.0;0.0;0.0;0.0;0.0;0.0;0.0;19;0.0;0.0;0.0;0.0;0.0;0.0;0.0;0.0;0.0;0.0;0.0;0.0;0.0;0.0;0.0;0.0;-5.825234889984131;-35.22581481933594;52.66699981689453;0.0;276.67999267578125;0.0;518427160;2368;50;28;0;0;0
1748649609;147613499;119.62999725341797;-49.72999954223633;-174.75999450683594;0.0;0.0;0.0;0.01875000074505806;-0.029750000685453415;0.996999979019165;1.899999976158142;2.859999895095825;-0.9200000166893005;-5.825201511383057;-35.22581100463867;166.10000610351562;0.0;0.0;52.95800018310547;2.2899999618530273;10.640000343322754;-2.7799999713897705;0.0;0.0;0.0;0.0;0.0;0.0;0.0;0.0;0.0;20;0.0;0.0;0.0;0.0;0.0;0.0;0.0;0.0;0.0;0.0;0.0;0.0;0.0;0.0;0.0;0.0;-5.825234889984131;-35.22581481933594;52.66400146484375;0.0;276.67999267578125;0.0;518427200;2368;50;28;0;0;0
1748649609;187815284;119.45999908447266;-49.880001068115234;-174.64999389648438;0.0;0.0;0.0;0.01875000074505806;-0.029750000685453415;0.996749997138977;2.4200000762939453;-0.2199999988079071;-3.240000009536743;-5.825197696685791;-35.225807189941406;166.10000610351562;0.0;0.009999999776482582;52.83700180053711;2.3499999046325684;10.9399995803833;-3.390000104904175;0.0;0.0;0.0;0.0;0.0;0.0;0.0;0.0;0.0;21;0.0;0.0;0.0;0.0;0.0;0.0;0.0;0.0;0.0;0.0;0.0;0.0;0.0;0.0;0.0;0.0;-5.825234889984131;-35.22581481933594;52.66400146484375;0.009999999776482582;292.57000732421875;0.0;518427240;2368;50;28;0;0;0
1748649609;227720225;119.13999938964844;-50.099998474121094;-174.4199981689453;0.0;0.0;0.0;0.01875000074505806;-0.029750000685453415;0.996749997138977;7.920000076293945;0.10000000149011612;-4.380000114440918;-5.825193405151367;-35.225807189941406;166.10000610351562;0.0;0.0;52.73400115966797;2.4100000858306885;11.239999771118164;-4.019999980926514;0.0;0.0;0.0;0.0;0.0;0.0;0.0;0.0;0.0;22;0.0;0.0;0.0;0.0;0.0;0.0;0.0;0.0;0.0;0.0;0.0;0.0;0.0;0.0;0.0;0.0;-5.825234889984131;-35.22581481933594;52.66899871826172;0.0;287.1300048828125;0.0;518427280;2368;50;28;0;0;0
1748649609;267813521;118.8499984741211;-50.38999938964844;-174.1300048828125;0.0;0.0;0.0;0.01875000074505806;-0.029750000685453415;0.9965000152587891;4.960000038146973;1.0199999809265137;-4.980000019073486;-5.825189590454102;-35.225807189941406;166.10000610351562;0.0;0.0;52.61600112915039;2.4800000190734863;11.550000190734863;-4.650000095367432;0.0;0.0;0.0;0.0;0.0;0.0;0.0;0.0;0.0;23;0.0;0.0;0.0;0.0;0.0;0.0;0.0;0.0;0.0;0.0;0.0;0.0;0.0;0.0;0.0;0.0;-5.825234889984131;-35.22581481933594;52.672000885009766;0.0;117.41999816894531;0.0;518427320;2368;50;28;0;0;0
1748649609;307921565;118.47000122070312;-50.61000061035156;-173.89999389648438;0.0;0.0;0.0;0.01875000074505806;-0.029750000685453415;0.9965000152587891;5.559999942779541;-1.2999999523162842;-5.980000019073486;-5.825185298919678;-35.225807189941406;166.10000610351562;0.0;0.009999999776482582;52.48699951171875;2.5399999618530273;11.850000381469727;-5.28000020980835;0.0;0.0;0.0;0.0;0.0;0.0;0.0;0.0;0.0;24;0.0;0.0;0.0;0.0;0.0;0.0;0.0;0.0;0.0;0.0;0.0;0.0;0.0;0.0;0.0;0.0;-5.825234889984131;-35.22581481933594;52.66600036621094;0.009999999776482582;105.16999816894531;0.0;518427360;2368;50;28;0;0;0
1748649609;346921347;118.18000030517578;-50.849998474121094;-173.66000366210938;0.0;0.0;0.0;0.01875000074505806;-0.029750000685453415;0.996749997138977;7.940000057220459;1.1399999856948853;-5.760000228881836;-5.825181007385254;-35.225807189941406;166.10000610351562;0.0;0.009999999776482582;52.34600067138672;2.609999895095825;12.149999618530273;-5.909999847412109;0.0;0.0;0.0;0.0;0.0;0.0;0.0;0.0;0.0;25;0.0;0.0;0.0;0.0;0.0;0.0;0.0;0.0;0.0;0.0;0.0;0.0;0.0;0.0;0.0;0.0;-5.825234889984131;-35.22581481933594;52.667999267578125;0.009999999776482582;105.16999816894531;0.0;518427400;2368;50;28;0;0;0
1748649609;387079887;117.8499984741211;-50.959999084472656;-173.33999633789062;0.0;0.0;0.0;0.01875000074505806;-0.029750000685453415;0.996749997138977;3.119999885559082;4.21999979019165;-4.320000171661377;-5.82517671585083;-35.225807189941406;166.10000610351562;0.029999999329447746;0.0;52.09600067138672;2.680000066757202;12.460000038146973;-6.539999961853027;0.0;0.0;0.0;0.0;0.0;0.0;0.0;0.0;0.0;26;0.0;0.0;0.0;0.0;0.0;0.0;0.0;0.0;0.0;0.0;0.0;0.0;0.0;0.0;0.0;0.0;-5.825234889984131;-35.22581481933594;52.667999267578125;0.0;33.43000030517578;0.029999999329447746;518427440;2368;50;28;0;0;0
1748649609;427121938;117.73999786376953;-51.209999084472656;-173.22999572753906;0.0;0.0;0.0;0.01850000023841858;-0.029750000685453415;0.996999979019165;4.900000095367432;0.800000011920929;-0.7400000095367432;-5.825171947479248;-35.22580337524414;166.10000610351562;0.009999999776482582;0.0;51.91899871826172;2.740000009536743;12.770000457763672;-7.170000076293945;0.0;0.0;0.0;0.0;0.0;0.0;0.0;0.0;0.0;27;0.0;0.0;0.0;0.0;0.0;0.0;0.0;0.0;0.0;0.0;0.0;0.0;0.0;0.0;0.0;0.0;-5.825234889984131;-35.22581481933594;52.672000885009766;0.0;309.9599914550781;0.009999999776482582;518427480;2368;50;28;0;0;0
1748649609;467216484;117.5;-51.38999938964844;-173.11000061035156;0.0;0.0;0.0;0.01875000074505806;-0.029750000685453415;0.996749997138977;5.380000114440918;-1.1799999475479126;-3.5199999809265137;-5.825167179107666;-35.22580337524414;166.10000610351562;-0.019999999552965164;0.0;51.72800064086914;2.799999952316284;13.069999694824219;-7.789999961853027;0.0;0.0;0.0;0.0;0.0;0.0;0.0;0.0;0.0;28;0.0;0.0;0.0;0.0;0.0;0.0;0.0;0.0;0.0;0.0;0.0;0.0;0.0;0.0;0.0;0.0;-5.825234889984131;-35.22581481933594;52.66699981689453;0.0;337.45001220703125;-0.019999999552965164;518427520;2368;50;28;0;0;0
1748649609;507193667;117.44000244140625;-51.689998626708984;-172.94000244140625;0.0;0.0;0.0;0.01875000074505806;-0.029750000685453415;0.996749997138977;7.519999980926514;4.420000076293945;-1.0199999809265137;-5.825162887573242;-35.22580337524414;166.10000610351562;-0.019999999552965164;0.009999999776482582;51.5260009765625;2.859999895095825;13.380000114440918;-8.40999984741211;0.0;0.0;0.0;0.0;0.0;0.0;0.0;0.0;0.0;29;0.0;0.0;0.0;0.0;0.0;0.0;0.0;0.0;0.0;0.0;0.0;0.0;0.0;0.0;0.0;0.0;-5.825234889984131;-35.22581481933594;52.66699981689453;0.009999999776482582;224.0500030517578;-0.019999999552965164;518427560;2368;50;28;0;0;0
1748649609;547196972;117.11000061035156;-51.810001373291016;-172.80999755859375;0.0;0.0;0.0;0.01875000074505806;-0.029750000685453415;0.996749997138977;3.240000009536743;-2.940000057220459;-4.960000038146973;-5.825157642364502;-35.22580337524414;166.10000610351562;-0.019999999552965164;0.009999999776482582;51.3120002746582;2.930000066757202;13.6899995803833;-9.039999961853027;0.0;0.0;0.0;0.0;0.0;0.0;0.0;0.0;0.0;30;0.0;0.0;0.0;0.0;0.0;0.0;0.0;0.0;0.0;0.0;0.0;0.0;0.0;0.0;0.0;0.0;-5.825234889984131;-35.22581481933594;52.66600036621094;0.009999999776482582;224.0500030517578;-0.019999999552965164;518427600;2368;50;28;0;0;0
1748649609;587412381;116.83000183105469;-52.040000915527344;-172.6199951171875;0.0;0.0;0.0;0.01875000074505806;-0.029750000685453415;0.996749997138977;3.9000000953674316;-1.7400000095367432;-4.940000057220459;-5.82515287399292;-35.22580337524414;166.10000610351562;0.0;0.0;50.9370002746582;2.990000009536743;14.0;-9.65999984741211;0.0;0.0;0.0;0.0;0.0;0.0;0.0;0.0;0.0;31;0.0;0.0;0.0;0.0;0.0;0.0;0.0;0.0;0.0;0.0;0.0;0.0;0.0;0.0;0.0;0.0;-5.825234889984131;-35.22581481933594;52.66600036621094;0.0;3.809999942779541;0.0;518427640;2368;50;28;0;0;0
1748649609;627573545;116.41000366210938;-52.27000045776367;-172.33999633789062;0.0;0.0;0.0;0.01875000074505806;-0.029750000685453415;0.996749997138977;6.159999847412109;-2.0199999809265137;-10.199999809265137;-5.82514762878418;-35.22580337524414;166.10000610351562;0.019999999552965164;0.009999999776482582;50.68299865722656;3.049999952316284;14.3100004196167;-10.279999732971191;0.0;0.0;0.0;0.0;0.0;0.0;0.0;0.0;0.0;0;0.0;0.0;0.0;0.0;0.0;0.0;0.0;0.0;0.0;0.0;0.0;0.0;0.0;0.0;0.0;0.0;-5.825234889984131;-35.22581481933594;52.665000915527344;0.009999999776482582;61.02000045776367;0.019999999552965164;518427680;2368;50;28;0;0;0
1748649609;667546228;115.94000244140625;-52.63999938964844;-171.97999572753906;0.0;0.0;0.0;0.01875000074505806;-0.029750000685453415;0.9965000152587891;7.840000152587891;-0.6600000262260437;-4.460000038146973;-5.8251423835754395;-35.225799560546875;166.10000610351562;0.0;0.0;50.41999816894531;3.0999999046325684;14.619999885559082;-10.899999618530273;0.0;0.0;0.0;0.0;0.0;0.0;0.0;0.0;0.0;1;0.0;0.0;0.0;0.0;0.0;0.0;0.0;0.0;0.0;0.0;0.0;0.0;0.0;0.0;0.0;0.0;-5.825234889984131;-35.22581481933594;52.66400146484375;0.0;260.8299865722656;0.0;518427720;2368;50;28;0;0;0
1748649609;707662647;115.66999816894531;-52.779998779296875;-171.77000427246094;0.0;0.0;0.0;0.01875000074505806;-0.029750000685453415;0.996749997138977;3.6600000858306885;0.46000000834465027;-2.700000047683716;-5.825137138366699;-35.225799560546875;166.10000610351562;-0.019999999552965164;0.009999999776482582;50.14400100708008;3.1600000858306885;14.9399995803833;-11.510000228881836;0.0;0.0;0.0;0.0;0.0;0.0;0.0;0.0;0.0;2;0.0;0.0;0.0;0.0;0.0;0.0;0.0;0.0;0.0;0.0;0.0;0.0;0.0;0.0;0.0;0.0;-5.825234889984131;-35.22581481933594;52.654998779296875;0.009999999776482582;266.8599853515625;-0.019999999552965164;518427760;2368;50;28;0;0;0
1748649609;747585960;115.58999633789062;-52.880001068115234;-171.66000366210938;0.0;0.0;0.0;0.01875000074505806;-0.029750000685453415;0.9965000152587891;2.9600000381469727;-1.7999999523162842;-1.1799999475479126;-5.825131893157959;-35.225799560546875;166.10000610351562;-0.019999999552965164;0.009999999776482582;49.856998443603516;3.2200000286102295;15.25;-12.130000114440918;0.0;0.0;0.0;0.0;0.0;0.0;0.0;0.0;0.0;3;0.0;0.0;0.0;0.0;0.0;0.0;0.0;0.0;0.0;0.0;0.0;0.0;0.0;0.0;0.0;0.0;-5.825234889984131;-35.22581481933594;52.650001525878906;0.009999999776482582;266.8599853515625;-0.019999999552965164;518427800;2368;50;28;0;0;0
1748649609;787756373;115.16999816894531;-52.97999954223633;-171.32000732421875;0.0;0.0;0.0;0.01875000074505806;-0.029750000685453415;0.996749997138977;5.300000190734863;1.1200000047683716;-4.380000114440918;-5.8251261711120605;-35.225799560546875;166.10000610351562;-0.019999999552965164;0.0;49.36000061035156;3.2899999618530273;15.569999694824219;-12.739999771118164;0.0;0.0;0.0;0.0;0.0;0.0;0.0;0.0;0.0;4;0.0;0.0;0.0;0.0;0.0;0.0;0.0;0.0;0.0;0.0;0.0;0.0;0.0;0.0;0.0;0.0;-5.825234889984131;-35.22581481933594;52.650001525878906;0.0;235.97000122070312;-0.019999999552965164;518427840;2368;50;28;0;0;0
1748649609;827870917;114.83000183105469;-53.16999816894531;-171.0800018310547;0.0;0.0;0.0;0.01875000074505806;-0.029750000685453415;0.996749997138977;5.300000190734863;-3.319999933242798;-2.440000057220459;-5.825120449066162;-35.225799560546875;166.10000610351562;0.009999999776482582;0.0;49.0369987487793;3.3399999141693115;15.880000114440918;-13.359999656677246;0.0;0.0;0.0;0.0;0.0;0.0;0.0;0.0;0.0;5;0.0;0.0;0.0;0.0;0.0;0.0;0.0;0.0;0.0;0.0;0.0;0.0;0.0;0.0;0.0;0.0;-5.825234889984131;-35.22581481933594;52.654998779296875;0.0;18.020000457763672;0.009999999776482582;518427880;2368;50;28;0;0;0
1748649609;866867699;114.9800033569336;-53.220001220703125;-171.27000427246094;0.0;0.0;0.0;0.01875000074505806;-0.029750000685453415;0.996749997138977;1.340000033378601;-2.0;1.2599999904632568;-5.825114727020264;-35.22579574584961;166.10000610351562;0.0;0.0;48.702999114990234;3.4100000858306885;16.200000762939453;-13.970000267028809;0.0;0.0;0.0;0.0;0.0;0.0;0.0;0.0;0.0;6;0.0;0.0;0.0;0.0;0.0;0.0;0.0;0.0;0.0;0.0;0.0;0.0;0.0;0.0;0.0;0.0;-5.825234889984131;-35.22581481933594;52.65399932861328;0.0;38.439998626708984;0.0;518427920;2368;50;28;0;0;0
1748649609;907167350;114.52999877929688;-53.380001068115234;-171.11000061035156;0.0;0.0;0.0;0.01850000023841858;-0.029750000685453415;0.996749997138977;1.8600000143051147;-1.6200000047683716;-5.760000228881836;-5.825109004974365;-35.22579574584961;166.10000610351562;-0.019999999552965164;0.0;48.354000091552734;3.4700000286102295;16.510000228881836;-14.579999923706055;0.0;0.0;0.0;0.0;0.0;0.0;0.0;0.0;0.0;7;0.0;0.0;0.0;0.0;0.0;0.0;0.0;0.0;0.0;0.0;0.0;0.0;0.0;0.0;0.0;0.0;-5.825234889984131;-35.22581481933594;52.65800094604492;0.0;187.07000732421875;-0.019999999552965164;518427960;2368;50;28;0;0;0
1748649609;946913431;108.81999969482422;-53.41999816894531;-170.86000061035156;0.0;0.0;0.0;0.01875000074505806;-0.029750000685453415;0.9965000152587891;2.5399999618530273;-0.9599999785423279;-5.860000133514404;-5.825102806091309;-35.22579574584961;166.0500030517578;-0.019999999552965164;0.0;47.75899887084961;3.5399999618530273;16.829999923706055;-15.1899995803833;0.0;0.0;0.0;0.0;0.0;0.0;0.0;0.0;0.0;8;0.0;0.0;0.0;0.0;0.0;0.0;0.0;0.0;0.0;0.0;0.0;0.0;0.0;0.0;0.0;0.0;-5.825234889984131;-35.22581481933594;52.65800094604492;0.0;187.07000732421875;-0.019999999552965164;518428000;2368;50;28;0;0;0
1748649609;987139463;108.58000183105469;-53.439998626708984;-170.66000366210938;0.0;0.0;0.0;0.01875000074505806;-0.029750000685453415;0.996749997138977;1.2999999523162842;-1.899999976158142;-1.940000057220459;-5.82509708404541;-35.22579574584961;166.0500030517578;0.0;0.0;47.37699890136719;3.5999999046325684;17.149999618530273;-15.8100004196167;0.0;0.0;0.0;0.0;0.0;0.0;0.0;0.0;0.0;9;0.0;0.0;0.0;0.0;0.0;0.0;0.0;0.0;0.0;0.0;0.0;0.0;0.0;0.0;0.0;0.0;-5.825234889984131;-35.22581481933594;52.63800048828125;0.0;257.3699951171875;0.0;518428040;2368;50;28;0;0;0
1748649610;27197138;108.38999938964844;-53.52000045776367;-170.47000122070312;0.0;0.0;0.0;0.01850000023841858;-0.029750000685453415;0.9965000152587891;4.159999847412109;2.880000114440918;-1.8600000143051147;-5.8250908851623535;-35.225791931152344;166.0500030517578;0.0;0.0;46.983001708984375;3.6600000858306885;17.459999084472656;-16.420000076293945;0.0;0.0;0.0;0.0;0.0;0.0;0.0;0.0;0.0;10;0.0;0.0;0.0;0.0;0.0;0.0;0.0;0.0;0.0;0.0;0.0;0.0;0.0;0.0;0.0;0.0;-5.825234889984131;-35.22581481933594;52.62200164794922;0.0;5.739999771118164;0.0;518428080;2368;50;28;0;0;0
1748649610;67231440;108.25;-53.7599983215332;-170.39999389648438;0.0;0.0;0.0;0.01875000074505806;-0.029750000685453415;0.996749997138977;4.860000133514404;1.2599999904632568;0.699999988079071;-5.825084686279297;-35.225791931152344;166.0500030517578;0.009999999776482582;0.0;46.57899856567383;3.7200000286102295;17.780000686645508;-17.030000686645508;0.0;0.0;0.0;0.0;0.0;0.0;0.0;0.0;0.0;11;0.0;0.0;0.0;0.0;0.0;0.0;0.0;0.0;0.0;0.0;0.0;0.0;0.0;0.0;0.0;0.0;-5.825234889984131;-35.22581481933594;52.630001068115234;0.0;327.5799865722656;0.009999999776482582;518428120;2368;50;28;0;0;0
1748649610;107492893;107.86000061035156;-53.849998474121094;-170.16000366210938;0.0;0.0;0.0;0.01850000023841858;-0.029750000685453415;0.996749997138977;4.420000076293945;-3.0;-6.179999828338623;-5.825078010559082;-35.225791931152344;166.0500030517578;0.009999999776482582;0.009999999776482582;46.16299819946289;3.7799999713897705;18.100000381469727;-17.6299991607666;0.0;0.0;0.0;0.0;0.0;0.0;0.0;0.0;0.0;12;0.0;0.0;0.0;0.0;0.0;0.0;0.0;0.0;0.0;0.0;0.0;0.0;0.0;0.0;0.0;0.0;-5.825234889984131;-35.22581481933594;52.62699890136719;0.009999999776482582;210.6300048828125;0.009999999776482582;518428160;2368;50;28;0;0;0
1748649610;147533771;107.66999816894531;-54.04999923706055;-169.97999572753906;0.0;0.0;0.0;0.01875000074505806;-0.029750000685453415;0.996749997138977;5.659999847412109;3.180000066757202;0.41999998688697815;-5.825071334838867;-35.225791931152344;166.0500030517578;0.009999999776482582;0.009999999776482582;45.73500061035156;3.8399999141693115;18.420000076293945;-18.239999771118164;0.0;0.0;0.0;0.0;0.0;0.0;0.0;0.0;0.0;13;0.0;0.0;0.0;0.0;0.0;0.0;0.0;0.0;0.0;0.0;0.0;0.0;0.0;0.0;0.0;0.0;-5.825234889984131;-35.22581481933594;52.62799835205078;0.009999999776482582;210.6300048828125;0.009999999776482582;518428200;2368;50;28;0;0;0
1748649610;187541026;107.4800033569336;-54.22999954223633;-169.7899932861328;0.0;0.0;0.0;0.01850000023841858;-0.029750000685453415;0.996749997138977;4.239999771118164;0.699999988079071;-5.559999942779541;-5.825064659118652;-35.225791931152344;166.0500030517578;-0.009999999776482582;0.009999999776482582;44.99300003051758;3.9100000858306885;18.739999771118164;-18.850000381469727;0.0;0.0;0.0;0.0;0.0;0.0;0.0;0.0;0.0;14;0.0;0.0;0.0;0.0;0.0;0.0;0.0;0.0;0.0;0.0;0.0;0.0;0.0;0.0;0.0;0.0;-5.825234889984131;-35.22581481933594;52.62799835205078;0.009999999776482582;274.8500061035156;-0.009999999776482582;518428240;2368;50;28;0;0;0
1748649610;227746025;107.26000213623047;-54.36000061035156;-169.75;0.0;0.0;0.0;0.01875000074505806;-0.029999999329447746;0.9965000152587891;4.679999828338623;-4.440000057220459;-5.059999942779541;-5.8250579833984375;-35.22578811645508;166.0500030517578;0.0;0.0;44.529998779296875;3.9600000381469727;19.059999465942383;-19.459999084472656;0.0;0.0;0.0;0.0;0.0;0.0;0.0;0.0;0.0;15;0.0;0.0;0.0;0.0;0.0;0.0;0.0;0.0;0.0;0.0;0.0;0.0;0.0;0.0;0.0;0.0;-5.825234889984131;-35.22581481933594;52.625999450683594;0.0;88.80000305175781;0.0;518428280;2368;50;28;0;0;0
1748649610;267633532;107.29000091552734;-54.560001373291016;-169.7100067138672;0.0;0.0;0.0;0.01875000074505806;-0.029750000685453415;0.9965000152587891;6.579999923706055;2.0199999809265137;0.699999988079071;-5.825051307678223;-35.22578811645508;166.0500030517578;0.0;0.0;44.055999755859375;4.03000020980835;19.3799991607666;-20.059999465942383;0.0;0.0;0.0;0.0;0.0;0.0;0.0;0.0;0.0;16;0.0;0.0;0.0;0.0;0.0;0.0;0.0;0.0;0.0;0.0;0.0;0.0;0.0;0.0;0.0;0.0;-5.825235366821289;-35.22581481933594;52.62900161743164;0.0;153.02999877929688;0.0;518428320;2368;50;28;0;0;0
1748649610;307746409;106.98999786376953;-54.68000030517578;-169.3699951171875;0.0;0.0;0.0;0.01875000074505806;-0.029750000685453415;0.9965000152587891;4.960000038146973;3.180000066757202;-7.920000076293945;-5.82504415512085;-35.22578811645508;166.0500030517578;0.0;0.009999999776482582;43.56999969482422;4.099999904632568;19.700000762939453;-20.65999984741211;0.0;0.0;0.0;0.0;0.0;0.0;0.0;0.0;0.0;17;0.0;0.0;0.0;0.0;0.0;0.0;0.0;0.0;0.0;0.0;0.0;0.0;0.0;0.0;0.0;0.0;-5.825235366821289;-35.22581481933594;52.62099838256836;0.009999999776482582;353.2699890136719;0.0;518428360;2368;50;28;0;0;0
1748649610;347686789;106.83000183105469;-54.849998474121094;-169.2899932861328;0.0;0.0;0.0;0.01875000074505806;-0.029750000685453415;0.996749997138977;7.820000171661377;-3.4200000762939453;0.5799999833106995;-5.825037479400635;-35.22578430175781;166.0500030517578;0.0;0.009999999776482582;43.069000244140625;4.170000076293945;20.020000457763672;-21.270000457763672;0.0;0.0;0.0;0.0;0.0;0.0;0.0;0.0;0.0;18;0.0;0.0;0.0;0.0;0.0;0.0;0.0;0.0;0.0;0.0;0.0;0.0;0.0;0.0;0.0;0.0;-5.825235366821289;-35.22581481933594;52.62799835205078;0.009999999776482582;353.2699890136719;0.0;518428400;2368;50;28;0;0;0
1748649610;386892813;106.66000366210938;-55.08000183105469;-169.22000122070312;0.0;0.0;0.0;0.01875000074505806;-0.029750000685453415;0.996749997138977;4.260000228881836;-2.0799999237060547;-2.440000057220459;-5.8250298500061035;-35.22578430175781;166.0500030517578;0.009999999776482582;0.0;42.20600128173828;4.230000019073486;20.34000015258789;-21.8700008392334;0.0;0.0;0.0;0.0;0.0;0.0;0.0;0.0;0.0;19;0.0;0.0;0.0;0.0;0.0;0.0;0.0;0.0;0.0;0.0;0.0;0.0;0.0;0.0;0.0;0.0;-5.825235366821289;-35.22581481933594;52.62799835205078;0.0;102.55000305175781;0.009999999776482582;518428440;2368;50;28;0;0;0
1748649610;426958066;106.41999816894531;-55.290000915527344;-169.13999938964844;0.0;0.0;0.0;0.01875000074505806;-0.029750000685453415;0.996749997138977;6.940000057220459;-0.3199999928474426;0.5799999833106995;-5.8250226974487305;-35.22578048706055;166.0500030517578;-0.019999999552965164;0.009999999776482582;41.66999816894531;4.300000190734863;20.65999984741211;-22.469999313354492;0.0;0.0;0.0;0.0;0.0;0.0;0.0;0.0;0.0;20;0.0;0.0;0.0;0.0;0.0;0.0;0.0;0.0;0.0;0.0;0.0;0.0;0.0;0.0;0.0;0.0;-5.825235366821289;-35.22581481933594;52.62200164794922;0.009999999776482582;288.2200012207031;-0.019999999552965164;518428480;2368;50;28;0;0;0
1748649610;467102317;106.30000305175781;-55.470001220703125;-168.9199981689453;0.0;0.0;0.0;0.01875000074505806;-0.029750000685453415;0.996749997138977;2.2200000286102295;-0.30000001192092896;-3.0799999237060547;-5.825015544891357;-35.22578048706055;166.0500030517578;0.0;0.0;41.12699890136719;4.369999885559082;20.979999542236328;-23.06999969482422;0.0;0.0;0.0;0.0;0.0;0.0;0.0;0.0;0.0;21;0.0;0.0;0.0;0.0;0.0;0.0;0.0;0.0;0.0;0.0;0.0;0.0;0.0;0.0;0.0;0.0;-5.825235366821289;-35.22581481933594;52.61899948120117;0.0;280.6300048828125;0.0;518428520;2368;50;28;0;0;0
1748649610;507308566;106.05999755859375;-55.709999084472656;-168.77999877929688;0.0;0.0;0.0;0.01875000074505806;-0.029750000685453415;0.996749997138977;6.940000057220459;-1.7200000286102295;-4.039999961853027;-5.825007915496826;-35.22578048706055;166.0500030517578;0.009999999776482582;0.0;40.57099914550781;4.429999828338623;21.309999465942383;-23.65999984741211;0.0;0.0;0.0;0.0;0.0;0.0;0.0;0.0;0.0;22;0.0;0.0;0.0;0.0;0.0;0.0;0.0;0.0;0.0;0.0;0.0;0.0;0.0;0.0;0.0;0.0;-5.825235366821289;-35.22581481933594;52.597999572753906;0.0;114.73999786376953;0.009999999776482582;518428560;2368;50;28;0;0;0
1748649610;547269447;105.73999786376953;-55.849998474121094;-168.39999389648438;0.0;0.0;0.0;0.01875000074505806;-0.029750000685453415;0.996749997138977;3.640000104904175;4.199999809265137;-4.019999980926514;-5.825000286102295;-35.22577667236328;166.0500030517578;0.009999999776482582;0.0;40.00600051879883;4.5;21.6299991607666;-24.260000228881836;0.0;0.0;0.0;0.0;0.0;0.0;0.0;0.0;0.0;23;0.0;0.0;0.0;0.0;0.0;0.0;0.0;0.0;0.0;0.0;0.0;0.0;0.0;0.0;0.0;0.0;-5.825235366821289;-35.22581481933594;52.61899948120117;0.0;114.73999786376953;0.009999999776482582;518428600;2368;50;28;0;0;0
1748649610;587419447;105.4000015258789;-55.95000076293945;-168.17999267578125;0.0;0.0;0.0;0.01875000074505806;-0.029750000685453415;0.996749997138977;3.140000104904175;1.9199999570846558;0.5;-5.8249921798706055;-35.22577667236328;166.0500030517578;0.0;0.0;39.02299880981445;4.570000171661377;21.959999084472656;-24.850000381469727;0.0;0.0;0.0;0.0;0.0;0.0;0.0;0.0;0.0;24;0.0;0.0;0.0;0.0;0.0;0.0;0.0;0.0;0.0;0.0;0.0;0.0;0.0;0.0;0.0;0.0;-5.825235366821289;-35.22581481933594;52.61899948120117;0.0;78.93000030517578;0.0;518428640;2368;50;28;0;0;0
1748649610;627447451;105.02999877929688;-56.189998626708984;-167.91000366210938;0.0;0.0;0.0;0.01875000074505806;-0.029750000685453415;0.996749997138977;5.619999885559082;0.5799999833106995;-3.819999933242798;-5.824984550476074;-35.225772857666016;166.0500030517578;0.0;0.0;38.422000885009766;4.630000114440918;22.280000686645508;-25.450000762939453;0.0;0.0;0.0;0.0;0.0;0.0;0.0;0.0;0.0;25;0.0;0.0;0.0;0.0;0.0;0.0;0.0;0.0;0.0;0.0;0.0;0.0;0.0;0.0;0.0;0.0;-5.825235366821289;-35.22581481933594;52.60499954223633;0.0;329.510009765625;0.0;518428680;2368;50;28;0;0;0
1748649610;667410206;104.55000305175781;-56.27000045776367;-167.49000549316406;0.0;0.0;0.0;0.01875000074505806;-0.029750000685453415;0.996749997138977;4.840000152587891;0.3799999952316284;-7.880000114440918;-5.824976444244385;-35.225772857666016;166.0500030517578;0.0;0.009999999776482582;37.81100082397461;4.699999809265137;22.610000610351562;-26.040000915527344;0.0;0.0;0.0;0.0;0.0;0.0;0.0;0.0;0.0;26;0.0;0.0;0.0;0.0;0.0;0.0;0.0;0.0;0.0;0.0;0.0;0.0;0.0;0.0;0.0;0.0;-5.825235366821289;-35.22581481933594;52.6150016784668;0.009999999776482582;253.86000061035156;0.0;518428720;2368;50;28;0;0;0
1748649610;707652579;104.23999786376953;-56.439998626708984;-167.16000366210938;0.0;0.0;0.0;0.01850000023841858;-0.029750000685453415;0.996749997138977;6.320000171661377;3.0199999809265137;-1.4199999570846558;-5.824968338012695;-35.22576904296875;166.0500030517578;0.0;0.0;37.1879997253418;4.769999980926514;22.940000534057617;-26.6299991607666;0.0;0.0;0.0;0.0;0.0;0.0;0.0;0.0;0.0;27;0.0;0.0;0.0;0.0;0.0;0.0;0.0;0.0;0.0;0.0;0.0;0.0;0.0;0.0;0.0;0.0;-5.825235366821289;-35.22581481933594;52.61399841308594;0.0;155.2899932861328;0.0;518428760;2368;50;28;0;0;0
1748649610;747635584;103.73999786376953;-56.72999954223633;-166.72000122070312;0.0;0.0;0.0;0.01875000074505806;-0.029750000685453415;0.996749997138977;7.400000095367432;2.299999952316284;-8.380000114440918;-5.824960231781006;-35.22576904296875;166.0500030517578;0.0;0.0;36.55500030517578;4.829999923706055;23.270000457763672;-27.219999313354492;0.0;0.0;0.0;0.0;0.0;0.0;0.0;0.0;0.0;28;0.0;0.0;0.0;0.0;0.0;0.0;0.0;0.0;0.0;0.0;0.0;0.0;0.0;0.0;0.0;0.0;-5.825235366821289;-35.22581481933594;52.61199951171875;0.0;155.2899932861328;0.0;518428800;2368;50;28;0;0;0
1748649610;787734086;103.37000274658203;-56.790000915527344;-166.3699951171875;0.0;0.0;0.0;0.01875000074505806;-0.029750000685453415;0.9965000152587891;1.2799999713897705;1.840000033378601;-5.980000019073486;-5.824951648712158;-35.225765228271484;166.0500030517578;0.0;0.0;35.45399856567383;4.900000095367432;23.600000381469727;-27.809999465942383;0.0;0.0;0.0;0.0;0.0;0.0;0.0;0.0;0.0;29;0.0;0.0;0.0;0.0;0.0;0.0;0.0;0.0;0.0;0.0;0.0;0.0;0.0;0.0;0.0;0.0;-5.825235366821289;-35.22581481933594;52.61199951171875;0.0;45.0;0.0;518428840;2368;50;28;0;0;0
1748649610;828041083;102.98999786376953;-56.93000030517578;-166.1300048828125;0.0;0.0;0.0;0.01875000074505806;-0.029750000685453415;0.9965000152587891;5.900000095367432;-4.340000152587891;-6.119999885559082;-5.8249430656433105;-35.225765228271484;166.0500030517578;0.0;0.0;34.7859992980957;4.96999979019165;23.93000030517578;-28.389999389648438;0.0;0.0;0.0;0.0;0.0;0.0;0.0;0.0;0.0;30;0.0;0.0;0.0;0.0;0.0;0.0;0.0;0.0;0.0;0.0;0.0;0.0;0.0;0.0;0.0;0.0;-5.825235366821289;-35.22581481933594;52.60499954223633;0.0;350.9800109863281;0.0;518428880;2368;50;28;0;0;0
1748649610;866986988;102.5;-57.11000061035156;-165.77000427246094;0.0;0.0;0.0;0.01875000074505806;-0.029750000685453415;0.996749997138977;5.579999923706055;-3.140000104904175;-4.71999979019165;-5.824934005737305;-35.225765228271484;166.0500030517578;0.0;0.0;34.104000091552734;5.03000020980835;24.270000457763672;-28.979999542236328;0.0;0.0;0.0;0.0;0.0;0.0;0.0;0.0;0.0;31;0.0;0.0;0.0;0.0;0.0;0.0;0.0;0.0;0.0;0.0;0.0;0.0;0.0;0.0;0.0;0.0;-5.825235366821289;-35.22581481933594;52.608001708984375;0.0;110.41999816894531;0.0;518428920;2368;50;28;0;0;0
1748649610;907116865;102.29000091552734;-57.33000183105469;-165.5;0.0;0.0;0.0;0.01875000074505806;-0.029750000685453415;0.996749997138977;8.180000305175781;5.579999923706055;-0.3400000035762787;-5.824925422668457;-35.22576141357422;166.0500030517578;0.0;0.0;33.415000915527344;5.099999904632568;24.600000381469727;-29.559999465942383;0.0;0.0;0.0;0.0;0.0;0.0;0.0;0.0;0.0;0;0.0;0.0;0.0;0.0;0.0;0.0;0.0;0.0;0.0;0.0;0.0;0.0;0.0;0.0;0.0;0.0;-5.825235366821289;-35.22581481933594;52.61399841308594;0.0;20.559999465942383;0.0;518428960;2368;50;28;0;0;0
1748649610;947037996;95.95999908447266;-57.560001373291016;-165.47999572753906;0.0;0.0;0.0;0.01850000023841858;-0.029750000685453415;0.9965000152587891;3.5399999618530273;-1.1200000047683716;1.5399999618530273;-5.824916362762451;-35.22576141357422;166.02999877929688;0.0;0.0;32.22100067138672;5.179999828338623;24.93000030517578;-30.149999618530273;0.0;0.0;0.0;0.0;0.0;0.0;0.0;0.0;0.0;1;0.0;0.0;0.0;0.0;0.0;0.0;0.0;0.0;0.0;0.0;0.0;0.0;0.0;0.0;0.0;0.0;-5.825235366821289;-35.22581481933594;52.61399841308594;0.0;20.559999465942383;0.0;518429000;2368;50;28;0;0;0
1748649610;987144498;95.55999755859375;-57.7400016784668;-165.27999877929688;0.0;0.0;0.0;0.01875000074505806;-0.029750000685453415;0.996749997138977;4.400000095367432;-2.359999895095825;0.46000000834465027;-5.824907302856445;-35.22575759887695;166.02999877929688;0.0;0.009999999776482582;31.49799919128418;5.239999771118164;25.270000457763672;-30.729999542236328;0.0;0.0;0.0;0.0;0.0;0.0;0.0;0.0;0.0;2;0.0;0.0;0.0;0.0;0.0;0.0;0.0;0.0;0.0;0.0;0.0;0.0;0.0;0.0;0.0;0.0;-5.825235366821289;-35.22581481933594;52.61899948120117;0.009999999776482582;157.1999969482422;0.0;518429040;2368;50;28;0;0;0
1748649611;27217125;95.2300033569336;-58.060001373291016;-165.0;0.0;0.0;0.0;0.01875000074505806;-0.029750000685453415;0.9965000152587891;9.600000381469727;-2.200000047683716;1.3600000143051147;-5.8248982429504395;-35.22575759887695;166.02999877929688;-0.019999999552965164;0.009999999776482582;30.764999389648438;5.309999942779541;25.600000381469727;-31.309999465942383;0.0;0.0;0.0;0.0;0.0;0.0;0.0;0.0;0.0;3;0.0;0.0;0.0;0.0;0.0;0.0;0.0;0.0;0.0;0.0;0.0;0.0;0.0;0.0;0.0;0.0;-5.825235366821289;-35.22581481933594;52.61199951171875;0.009999999776482582;281.42999267578125;-0.019999999552965164;518429080;2368;50;28;0;0;0
1748649611;67321877;95.0199966430664;-58.290000915527344;-164.75999450683594;0.0;0.0;0.0;0.01875000074505806;-0.029750000685453415;0.996749997138977;7.21999979019165;0.6200000047683716;-2.140000104904175;-5.824888706207275;-35.22575378417969;166.02999877929688;0.0;0.0;30.020999908447266;5.369999885559082;25.940000534057617;-31.8799991607666;0.0;0.0;0.0;0.0;0.0;0.0;0.0;0.0;0.0;4;0.0;0.0;0.0;0.0;0.0;0.0;0.0;0.0;0.0;0.0;0.0;0.0;0.0;0.0;0.0;0.0;-5.825235366821289;-35.22581481933594;52.61600112915039;0.0;77.27999877929688;0.0;518429120;2368;50;28;0;0;0
1748649611;107572125;94.69000244140625;-58.52000045776367;-164.47999572753906;0.0;0.0;0.0;0.01850000023841858;-0.029750000685453415;0.9965000152587891;4.659999847412109;2.9800000190734863;-4.559999942779541;-5.824879169464111;-35.22575378417969;166.02999877929688;0.0;0.0;29.266000747680664;5.429999828338623;26.280000686645508;-32.459999084472656;0.0;0.0;0.0;0.0;0.0;0.0;0.0;0.0;0.0;5;0.0;0.0;0.0;0.0;0.0;0.0;0.0;0.0;0.0;0.0;0.0;0.0;0.0;0.0;0.0;0.0;-5.825235366821289;-35.22581481933594;52.611000061035156;0.0;170.6199951171875;0.0;518429160;2368;50;28;0;0;0
1748649611;147687126;94.2300033569336;-58.59000015258789;-164.1199951171875;0.0;0.0;0.0;0.01875000074505806;-0.029500000178813934;0.9965000152587891;3.319999933242798;-0.8999999761581421;-2.1600000858306885;-5.824869632720947;-35.22574996948242;166.02999877929688;0.0;0.0;28.500999450683594;5.5;26.6200008392334;-33.029998779296875;0.0;0.0;0.0;0.0;0.0;0.0;0.0;0.0;0.0;6;0.0;0.0;0.0;0.0;0.0;0.0;0.0;0.0;0.0;0.0;0.0;0.0;0.0;0.0;0.0;0.0;-5.825235366821289;-35.22581481933594;52.60300064086914;0.0;170.6199951171875;0.0;518429200;2368;50;28;0;0;0
1748649611;187646882;94.2300033569336;-58.77000045776367;-163.9199981689453;0.0;0.0;0.0;0.01875000074505806;-0.029750000685453415;0.9965000152587891;4.400000095367432;4.699999809265137;3.380000114440918;-5.824860095977783;-35.22574996948242;166.02999877929688;0.0;0.0;27.167999267578125;5.559999942779541;26.959999084472656;-33.61000061035156;0.0;0.0;0.0;0.0;0.0;0.0;0.0;0.0;0.0;7;0.0;0.0;0.0;0.0;0.0;0.0;0.0;0.0;0.0;0.0;0.0;0.0;0.0;0.0;0.0;0.0;-5.825235366821289;-35.22581481933594;52.60300064086914;0.0;90.5;0.0;518429240;2368;50;28;0;0;0
1748649611;227784008;93.86000061035156;-58.900001525878906;-163.6199951171875;0.0;0.0;0.0;0.01875000074505806;-0.029750000685453415;0.996749997138977;4.440000057220459;-4.619999885559082;-2.0399999618530273;-5.824850559234619;-35.225746154785156;166.02999877929688;-0.009999999776482582;0.009999999776482582;52.56100082397461;5.630000114440918;27.299999237060547;-0.6200000047683716;0.0;0.0;0.0;0.0;0.0;0.0;0.0;0.0;0.0;8;0.0;0.0;0.0;0.0;0.0;0.0;0.0;0.0;0.0;0.0;0.0;0.0;0.0;0.0;0.0;0.0;-5.825235366821289;-35.22581481933594;52.5989990234375;0.009999999776482582;17.010000228881836;-0.009999999776482582;518429280;2368;50;28;0;0;0
1748649611;267775137;93.58000183105469;-59.119998931884766;-163.44000244140625;0.0;0.0;0.0;0.01875000074505806;-0.029750000685453415;0.996749997138977;2.7200000286102295;0.8600000143051147;0.7200000286102295;-5.824840545654297;-35.22574234008789;166.02999877929688;0.009999999776482582;0.009999999776482582;52.53200149536133;5.690000057220459;27.639999389648438;-1.190000057220459;0.0;0.0;0.0;0.0;0.0;0.0;0.0;0.0;0.0;9;0.0;0.0;0.0;0.0;0.0;0.0;0.0;0.0;0.0;0.0;0.0;0.0;0.0;0.0;0.0;0.0;-5.825235366821289;-35.22581481933594;52.606998443603516;0.009999999776482582;344.510009765625;0.009999999776482582;518429320;2368;50;28;0;0;0
1748649611;307934513;92.88999938964844;-59.22999954223633;-162.94000244140625;0.0;0.0;0.0;0.01875000074505806;-0.029750000685453415;0.9965000152587891;5.71999979019165;-1.159999966621399;-6.71999979019165;-5.824830532073975;-35.22574234008789;166.02999877929688;0.0;0.0;52.4900016784668;5.75;27.979999542236328;-1.75;0.0;0.0;0.0;0.0;0.0;0.0;0.0;0.0;0.0;10;0.0;0.0;0.0;0.0;0.0;0.0;0.0;0.0;0.0;0.0;0.0;0.0;0.0;0.0;0.0;0.0;-5.825235366821289;-35.22581481933594;52.611000061035156;0.0;336.70001220703125;0.0;518429360;2368;50;28;0;0;0
1748649611;347940642;92.58999633789062;-59.4900016784668;-162.64999389648438;0.0;0.0;0.0;0.01875000074505806;-0.029750000685453415;0.996749997138977;7.340000152587891;1.5;-1.3200000524520874;-5.824820041656494;-35.225738525390625;166.02999877929688;0.0;0.0;52.43299865722656;5.820000171661377;28.329999923706055;-2.319999933242798;0.0;0.0;0.0;0.0;0.0;0.0;0.0;0.0;0.0;11;0.0;0.0;0.0;0.0;0.0;0.0;0.0;0.0;0.0;0.0;0.0;0.0;0.0;0.0;0.0;0.0;-5.825235366821289;-35.22581481933594;52.61399841308594;0.0;336.70001220703125;0.0;518429400;2368;50;28;0;0;0
1748649611;387032794;92.33999633789062;-59.619998931884766;-162.50999450683594;0.0;0.0;0.0;0.01850000023841858;-0.029750000685453415;0.996749997138977;3.880000114440918;-1.840000033378601;-0.3199999928474426;-5.824810028076172;-35.225738525390625;166.02999877929688;0.0;0.009999999776482582;52.33100128173828;5.880000114440918;28.670000076293945;-2.869999885559082;0.0;0.0;0.0;0.0;0.0;0.0;0.0;0.0;0.0;12;0.0;0.0;0.0;0.0;0.0;0.0;0.0;0.0;0.0;0.0;0.0;0.0;0.0;0.0;0.0;0.0;-5.825235366821289;-35.22581481933594;52.61399841308594;0.009999999776482582;245.36000061035156;0.0;518429440;2368;50;28;0;0;0
1748649611;427182544;92.08999633789062;-59.720001220703125;-162.27000427246094;0.0;0.0;0.0;0.01850000023841858;-0.029750000685453415;0.996749997138977;6.059999942779541;1.6399999856948853;-3.2799999713897705;-5.824799537658691;-35.22573471069336;166.02999877929688;0.009999999776482582;0.019999999552965164;52.24800109863281;5.940000057220459;29.010000228881836;-3.4100000858306885;0.0;0.0;0.0;0.0;0.0;0.0;0.0;0.0;0.0;13;0.0;0.0;0.0;0.0;0.0;0.0;0.0;0.0;0.0;0.0;0.0;0.0;0.0;0.0;0.0;0.0;-5.825235366821289;-35.22581481933594;52.625999450683594;0.019999999552965164;134.5500030517578;0.009999999776482582;518429480;2368;50;28;0;0;0
1748649611;467232048;91.72000122070312;-59.93000030517578;-162.02999877929688;0.0;0.0;0.0;0.01875000074505806;-0.029750000685453415;0.996749997138977;6.940000057220459;-4.659999847412109;-2.819999933242798;-5.824789047241211;-35.22573471069336;166.02999877929688;0.0;0.009999999776482582;52.145999908447266;6.010000228881836;29.360000610351562;-3.9800000190734863;0.0;0.0;0.0;0.0;0.0;0.0;0.0;0.0;0.0;14;0.0;0.0;0.0;0.0;0.0;0.0;0.0;0.0;0.0;0.0;0.0;0.0;0.0;0.0;0.0;0.0;-5.825235366821289;-35.22581481933594;52.60900115966797;0.009999999776482582;254.5800018310547;0.0;518429520;2368;50;28;0;0;0
1748649611;507619167;91.45999908447266;-60.119998931884766;-161.74000549316406;0.0;0.0;0.0;0.01850000023841858;-0.029750000685453415;0.996999979019165;5.139999866485596;0.6600000262260437;-2.0399999618530273;-5.824778079986572;-35.225730895996094;166.02999877929688;0.009999999776482582;0.009999999776482582;52.034000396728516;6.070000171661377;29.700000762939453;-4.539999961853027;0.0;0.0;0.0;0.0;0.0;0.0;0.0;0.0;0.0;15;0.0;0.0;0.0;0.0;0.0;0.0;0.0;0.0;0.0;0.0;0.0;0.0;0.0;0.0;0.0;0.0;-5.825235366821289;-35.22581481933594;52.61199951171875;0.009999999776482582;354.8299865722656;0.009999999776482582;518429560;2368;50;28;0;0;0
1748649611;547360428;91.13999938964844;-60.25;-161.36000061035156;0.0;0.0;0.0;0.01875000074505806;-0.029750000685453415;0.9965000152587891;4.460000038146973;1.440000057220459;-4.039999961853027;-5.824767112731934;-35.225730895996094;166.02999877929688;0.009999999776482582;0.009999999776482582;51.9119987487793;6.130000114440918;30.049999237060547;-5.110000133514404;0.0;0.0;0.0;0.0;0.0;0.0;0.0;0.0;0.0;16;0.0;0.0;0.0;0.0;0.0;0.0;0.0;0.0;0.0;0.0;0.0;0.0;0.0;0.0;0.0;0.0;-5.825235366821289;-35.22581481933594;52.625999450683594;0.009999999776482582;354.8299865722656;0.009999999776482582;518429600;2368;50;28;0;0;0
1748649611;587535178;90.73999786376953;-60.33000183105469;-161.0500030517578;0.0;0.0;0.0;0.01875000074505806;-0.029750000685453415;0.996749997138977;2.240000009536743;-0.699999988079071;-5.079999923706055;-5.824756622314453;-35.22572708129883;166.02999877929688;0.0;0.0;51.69599914550781;6.190000057220459;30.399999618530273;-5.670000076293945;0.0;0.0;0.0;0.0;0.0;0.0;0.0;0.0;0.0;17;0.0;0.0;0.0;0.0;0.0;0.0;0.0;0.0;0.0;0.0;0.0;0.0;0.0;0.0;0.0;0.0;-5.825235366821289;-35.22581481933594;52.625999450683594;0.0;164.47000122070312;0.0;518429640;2368;50;28;0;0;0
1748649611;627810176;90.20999908447266;-60.459999084472656;-160.5;0.0;0.0;0.0;0.01875000074505806;-0.029750000685453415;0.996749997138977;4.519999980926514;0.8799999952316284;-5.800000190734863;-5.824745178222656;-35.22572326660156;166.02999877929688;0.0;0.009999999776482582;51.53900146484375;6.25;30.739999771118164;-6.230000019073486;0.0;0.0;0.0;0.0;0.0;0.0;0.0;0.0;0.0;18;0.0;0.0;0.0;0.0;0.0;0.0;0.0;0.0;0.0;0.0;0.0;0.0;0.0;0.0;0.0;0.0;-5.825235366821289;-35.22581481933594;52.612998962402344;0.009999999776482582;46.9900016784668;0.0;518429680;2368;50;28;0;0;0
1748649611;668040424;89.9000015258789;-60.630001068115234;-160.24000549316406;0.0;0.0;0.0;0.01875000074505806;-0.029750000685453415;0.996749997138977;8.180000305175781;-0.6399999856948853;1.399999976158142;-5.824734210968018;-35.22572326660156;166.02999877929688;0.0;0.0;51.36899948120117;6.309999942779541;31.09000015258789;-6.800000190734863;0.0;0.0;0.0;0.0;0.0;0.0;0.0;0.0;0.0;19;0.0;0.0;0.0;0.0;0.0;0.0;0.0;0.0;0.0;0.0;0.0;0.0;0.0;0.0;0.0;0.0;-5.825235366821289;-35.22581481933594;52.619998931884766;0.0;305.8900146484375;0.0;518429720;2368;50;28;0;0;0
1748649611;706978455;89.41999816894531;-60.869998931884766;-159.8000030517578;0.0;0.0;0.0;0.01875000074505806;-0.029750000685453415;0.996749997138977;7.0;0.07999999821186066;-4.119999885559082;-5.824722766876221;-35.2257194519043;166.02999877929688;0.009999999776482582;0.009999999776482582;51.191001892089844;6.380000114440918;31.440000534057617;-7.360000133514404;0.0;0.0;0.0;0.0;0.0;0.0;0.0;0.0;0.0;20;0.0;0.0;0.0;0.0;0.0;0.0;0.0;0.0;0.0;0.0;0.0;0.0;0.0;0.0;0.0;0.0;-5.825235366821289;-35.22581481933594;52.61600112915039;0.009999999776482582;149.89999389648438;0.009999999776482582;518429760;2368;50;28;0;0;0
1748649611;747903561;89.05999755859375;-60.93000030517578;-159.4199981689453;0.0;0.0;0.0;0.01875000074505806;-0.029750000685453415;0.996749997138977;3.4200000762939453;1.2000000476837158;-3.9600000381469727;-5.824711322784424;-35.2257194519043;166.02999877929688;0.009999999776482582;0.009999999776482582;51.00199890136719;6.440000057220459;31.790000915527344;-7.909999847412109;0.0;0.0;0.0;0.0;0.0;0.0;0.0;0.0;0.0;21;0.0;0.0;0.0;0.0;0.0;0.0;0.0;0.0;0.0;0.0;0.0;0.0;0.0;0.0;0.0;0.0;-5.825235366821289;-35.22581481933594;52.61800003051758;0.009999999776482582;149.89999389648438;0.009999999776482582;518429800;2368;50;28;0;0;0
1748649611;787897316;88.43000030517578;-61.0;-159.0;0.0;0.0;0.0;0.01850000023841858;-0.029750000685453415;0.996749997138977;4.900000095367432;-5.119999885559082;-6.440000057220459;-5.824699878692627;-35.22571563720703;166.02999877929688;0.0;0.009999999776482582;50.67399978637695;6.5;32.13999938964844;-8.470000267028809;0.0;0.0;0.0;0.0;0.0;0.0;0.0;0.0;0.0;22;0.0;0.0;0.0;0.0;0.0;0.0;0.0;0.0;0.0;0.0;0.0;0.0;0.0;0.0;0.0;0.0;-5.825235366821289;-35.22581481933594;52.61800003051758;0.009999999776482582;302.6099853515625;0.0;518429840;2368;50;28;0;0;0
1748649611;827055091;88.20999908447266;-61.11000061035156;-158.86000061035156;0.0;0.0;0.0;0.01875000074505806;-0.029750000685453415;0.9965000152587891;3.3399999141693115;1.4800000190734863;-1.4199999570846558;-5.824687957763672;-35.225711822509766;166.02999877929688;0.0;0.0;50.452999114990234;6.559999942779541;32.4900016784668;-9.029999732971191;0.0;0.0;0.0;0.0;0.0;0.0;0.0;0.0;0.0;23;0.0;0.0;0.0;0.0;0.0;0.0;0.0;0.0;0.0;0.0;0.0;0.0;0.0;0.0;0.0;0.0;-5.825235366821289;-35.22581481933594;52.62200164794922;0.0;103.25;0.0;518429880;2368;50;28;0;0;0
1748649611;867143468;87.83999633789062;-61.25;-158.4499969482422;0.0;0.0;0.0;0.01850000023841858;-0.029750000685453415;0.996749997138977;3.119999885559082;0.7599999904632568;-3.2200000286102295;-5.824676513671875;-35.225711822509766;166.02999877929688;0.0;0.009999999776482582;50.22100067138672;6.619999885559082;32.84000015258789;-9.579999923706055;0.0;0.0;0.0;0.0;0.0;0.0;0.0;0.0;0.0;24;0.0;0.0;0.0;0.0;0.0;0.0;0.0;0.0;0.0;0.0;0.0;0.0;0.0;0.0;0.0;0.0;-5.825235366821289;-35.22581481933594;52.62200164794922;0.009999999776482582;82.87000274658203;0.0;518429920;2368;50;28;0;0;0
1748649611;907095099;87.2699966430664;-61.45000076293945;-157.9600067138672;0.0;0.0;0.0;0.01875000074505806;-0.029750000685453415;0.9965000152587891;6.21999979019165;-1.6200000047683716;-4.800000190734863;-5.824664115905762;-35.2257080078125;166.02999877929688;0.0;0.009999999776482582;49.97600173950195;6.679999828338623;33.189998626708984;-10.140000343322754;0.0;0.0;0.0;0.0;0.0;0.0;0.0;0.0;0.0;25;0.0;0.0;0.0;0.0;0.0;0.0;0.0;0.0;0.0;0.0;0.0;0.0;0.0;0.0;0.0;0.0;-5.825235366821289;-35.22581481933594;52.63600158691406;0.009999999776482582;131.38999938964844;0.0;518429960;2368;50;28;0;0;0
1748649611;947632340;79.37000274658203;-61.56999969482422;-157.7100067138672;0.0;0.0;0.0;0.01850000023841858;-0.029750000685453415;0.996749997138977;0.4399999976158142;0.2199999988079071;-7.079999923706055;-5.824652194976807;-35.2257080078125;166.1199951171875;0.0;0.009999999776482582;49.558998107910156;6.760000228881836;33.540000915527344;-10.6899995803833;0.0;0.0;0.0;0.0;0.0;0.0;0.0;0.0;0.0;26;0.0;0.0;0.0;0.0;0.0;0.0;0.0;0.0;0.0;0.0;0.0;0.0;0.0;0.0;0.0;0.0;-5.825235366821289;-35.22581481933594;52.63600158691406;0.009999999776482582;131.38999938964844;0.0;518430000;2368;50;28;0;0;0
1748649611;987205855;78.75;-61.66999816894531;-157.19000244140625;0.0;0.0;0.0;0.01875000074505806;-0.029750000685453415;0.996749997138977;4.659999847412109;-2.1600000858306885;-6.800000190734863;-5.824640274047852;-35.225704193115234;166.1199951171875;0.009999999776482582;0.019999999552965164;49.28499984741211;6.820000171661377;33.88999938964844;-11.239999771118164;0.0;0.0;0.0;0.0;0.0;0.0;0.0;0.0;0.0;27;0.0;0.0;0.0;0.0;0.0;0.0;0.0;0.0;0.0;0.0;0.0;0.0;0.0;0.0;0.0;0.0;-5.825235366821289;-35.22581481933594;52.638999938964844;0.019999999552965164;85.7699966430664;0.009999999776482582;518430040;2368;50;28;0;0;0
1748649612;27468978;78.41000366210938;-61.86000061035156;-156.97000122070312;0.0;0.0;0.0;0.01875000074505806;-0.029750000685453415;0.996749997138977;6.840000152587891;-5.460000038146973;-3.9800000190734863;-5.824627876281738;-35.22570037841797;166.1199951171875;0.029999999329447746;0.009999999776482582;49.0;6.880000114440918;34.2400016784668;-11.789999961853027;0.0;0.0;0.0;0.0;0.0;0.0;0.0;0.0;0.0;28;0.0;0.0;0.0;0.0;0.0;0.0;0.0;0.0;0.0;0.0;0.0;0.0;0.0;0.0;0.0;0.0;-5.825235366821289;-35.22581481933594;52.637001037597656;0.009999999776482582;288.05999755859375;0.029999999329447746;518430080;2368;50;28;0;0;0
1748649612;67633853;78.08000183105469;-61.970001220703125;-156.64999389648438;0.0;0.0;0.0;0.01875000074505806;-0.029750000685453415;0.9965000152587891;5.539999961853027;-0.2800000011920929;-2.380000114440918;-5.824615478515625;-35.22570037841797;166.1199951171875;-0.009999999776482582;0.0;48.70399856567383;6.929999828338623;34.599998474121094;-12.34000015258789;0.0;0.0;0.0;0.0;0.0;0.0;0.0;0.0;0.0;29;0.0;0.0;0.0;0.0;0.0;0.0;0.0;0.0;0.0;0.0;0.0;0.0;0.0;0.0;0.0;0.0;-5.825235366821289;-35.22581481933594;52.63399887084961;0.0;224.6199951171875;-0.009999999776482582;518430120;2368;50;28;0;0;0
1748649612;107530985;77.80999755859375;-62.16999816894531;-156.55999755859375;0.0;0.0;0.0;0.01875000074505806;-0.029750000685453415;0.996749997138977;5.21999979019165;-3.5399999618530273;-2.4000000953674316;-5.8246026039123535;-35.2256965637207;166.1199951171875;0.0;0.0;48.39500045776367;6.989999771118164;34.95000076293945;-12.890000343322754;0.0;0.0;0.0;0.0;0.0;0.0;0.0;0.0;0.0;30;0.0;0.0;0.0;0.0;0.0;0.0;0.0;0.0;0.0;0.0;0.0;0.0;0.0;0.0;0.0;0.0;-5.825235366821289;-35.22581481933594;52.62099838256836;0.0;276.510009765625;0.0;518430160;2368;50;28;0;0;0
1748649612;147610362;77.54000091552734;-62.310001373291016;-156.36000061035156;0.0;0.0;0.0;0.01875000074505806;-0.029750000685453415;0.996749997138977;4.300000190734863;0.05999999865889549;-3.4200000762939453;-5.82459020614624;-35.22569274902344;166.1199951171875;0.0;0.0;48.07699966430664;7.050000190734863;35.310001373291016;-13.4399995803833;0.0;0.0;0.0;0.0;0.0;0.0;0.0;0.0;0.0;31;0.0;0.0;0.0;0.0;0.0;0.0;0.0;0.0;0.0;0.0;0.0;0.0;0.0;0.0;0.0;0.0;-5.825235366821289;-35.22581481933594;52.60499954223633;0.0;276.510009765625;0.0;518430200;2368;50;28;0;0;0
1748649612;187722239;77.19999694824219;-62.58000183105469;-156.02999877929688;0.0;0.0;0.0;0.01875000074505806;-0.029750000685453415;0.9965000152587891;7.900000095367432;0.9800000190734863;-0.3400000035762787;-5.824577331542969;-35.22569274902344;166.1199951171875;-0.009999999776482582;0.0;47.52899932861328;7.110000133514404;35.65999984741211;-13.979999542236328;0.0;0.0;0.0;0.0;0.0;0.0;0.0;0.0;0.0;0;0.0;0.0;0.0;0.0;0.0;0.0;0.0;0.0;0.0;0.0;0.0;0.0;0.0;0.0;0.0;0.0;-5.825235366821289;-35.22581481933594;52.60499954223633;0.0;233.47999572753906;-0.009999999776482582;518430240;2368;50;28;0;0;0
1748649612;227874739;76.93000030517578;-62.7400016784668;-155.86000061035156;0.0;0.0;0.0;0.01850000023841858;-0.029750000685453415;0.996999979019165;4.960000038146973;-2.359999895095825;-1.940000057220459;-5.824564456939697;-35.22568893432617;166.1199951171875;0.0;0.0;47.17900085449219;7.159999847412109;36.02000045776367;-14.529999732971191;0.0;0.0;0.0;0.0;0.0;0.0;0.0;0.0;0.0;1;0.0;0.0;0.0;0.0;0.0;0.0;0.0;0.0;0.0;0.0;0.0;0.0;0.0;0.0;0.0;0.0;-5.825235366821289;-35.22581481933594;52.606998443603516;0.0;128.5;0.0;518430280;2368;50;28;0;0;0
1748649612;266877019;76.54000091552734;-62.83000183105469;-155.5;0.0;0.0;0.0;0.01875000074505806;-0.029750000685453415;0.996749997138977;3.9000000953674316;0.7799999713897705;-0.4000000059604645;-5.824551105499268;-35.225685119628906;166.1199951171875;0.019999999552965164;0.009999999776482582;46.819000244140625;7.21999979019165;36.380001068115234;-15.069999694824219;0.0;0.0;0.0;0.0;0.0;0.0;0.0;0.0;0.0;2;0.0;0.0;0.0;0.0;0.0;0.0;0.0;0.0;0.0;0.0;0.0;0.0;0.0;0.0;0.0;0.0;-5.825235366821289;-35.22581481933594;52.62099838256836;0.009999999776482582;77.30000305175781;0.019999999552965164;518430320;2368;50;28;0;0;0
1748649612;307072768;75.95999908447266;-62.86000061035156;-154.97999572753906;0.0;0.0;0.0;0.01875000074505806;-0.029999999329447746;0.996999979019165;4.480000019073486;-1.2200000286102295;-6.059999942779541;-5.824537754058838;-35.225685119628906;166.1199951171875;0.0;0.009999999776482582;46.45000076293945;7.269999980926514;36.7400016784668;-15.609999656677246;0.0;0.0;0.0;0.0;0.0;0.0;0.0;0.0;0.0;3;0.0;0.0;0.0;0.0;0.0;0.0;0.0;0.0;0.0;0.0;0.0;0.0;0.0;0.0;0.0;0.0;-5.825235366821289;-35.22581481933594;52.61899948120117;0.009999999776482582;287.5799865722656;0.0;518430360;2368;50;28;0;0;0
1748649612;347226644;75.76000213623047;-62.95000076293945;-154.77000427246094;0.0;0.0;0.0;0.01875000074505806;-0.029750000685453415;0.996749997138977;0.4000000059604645;0.11999999731779099;-1.059999942779541;-5.824524402618408;-35.22568130493164;166.1199951171875;0.0;0.009999999776482582;46.07099914550781;7.320000171661377;37.099998474121094;-16.149999618530273;0.0;0.0;0.0;0.0;0.0;0.0;0.0;0.0;0.0;4;0.0;0.0;0.0;0.0;0.0;0.0;0.0;0.0;0.0;0.0;0.0;0.0;0.0;0.0;0.0;0.0;-5.825235366821289;-35.22581481933594;52.63199996948242;0.009999999776482582;287.5799865722656;0.0;518430400;2368;50;28;0;0;0
1748649612;387227648;75.58000183105469;-63.040000915527344;-154.66000366210938;0.0;0.0;0.0;0.01875000074505806;-0.029750000685453415;0.996749997138977;3.2799999713897705;1.399999976158142;0.41999998688697815;-5.8245110511779785;-35.225677490234375;166.1199951171875;-0.009999999776482582;0.009999999776482582;45.41400146484375;7.380000114440918;37.45000076293945;-16.690000534057617;0.0;0.0;0.0;0.0;0.0;0.0;0.0;0.0;0.0;5;0.0;0.0;0.0;0.0;0.0;0.0;0.0;0.0;0.0;0.0;0.0;0.0;0.0;0.0;0.0;0.0;-5.825235366821289;-35.22581481933594;52.63199996948242;0.009999999776482582;304.5799865722656;-0.009999999776482582;518430440;2368;50;28;0;0;0
1748649612;427368524;75.16999816894531;-63.220001220703125;-154.2899932861328;0.0;0.0;0.0;0.01875000074505806;-0.029750000685453415;0.996749997138977;5.619999885559082;-0.019999999552965164;-2.680000066757202;-5.824497222900391;-35.225677490234375;166.1199951171875;-0.009999999776482582;0.009999999776482582;44.999000549316406;7.440000057220459;37.810001373291016;-17.229999542236328;0.0;0.0;0.0;0.0;0.0;0.0;0.0;0.0;0.0;6;0.0;0.0;0.0;0.0;0.0;0.0;0.0;0.0;0.0;0.0;0.0;0.0;0.0;0.0;0.0;0.0;-5.825235366821289;-35.22581481933594;52.62200164794922;0.009999999776482582;200.0800018310547;-0.009999999776482582;518430480;2368;50;28;0;0;0
1748649612;467350029;74.66000366210938;-63.470001220703125;-153.92999267578125;0.0;0.0;0.0;0.01875000074505806;-0.029750000685453415;0.9965000152587891;9.619999885559082;-3.299999952316284;-0.019999999552965164;-5.824483871459961;-35.22567367553711;166.1199951171875;-0.009999999776482582;0.0;44.577999114990234;7.489999771118164;38.16999816894531;-17.770000457763672;0.0;0.0;0.0;0.0;0.0;0.0;0.0;0.0;0.0;7;0.0;0.0;0.0;0.0;0.0;0.0;0.0;0.0;0.0;0.0;0.0;0.0;0.0;0.0;0.0;0.0;-5.825235366821289;-35.22581481933594;52.61600112915039;0.0;295.6600036621094;-0.009999999776482582;518430520;2368;50;28;0;0;0
1748649612;507341283;74.37000274658203;-63.630001068115234;-153.55999755859375;0.0;0.0;0.0;0.01875000074505806;-0.029750000685453415;0.996749997138977;5.760000228881836;5.380000114440918;1.9600000381469727;-5.824469566345215;-35.225669860839844;166.1199951171875;0.0;0.009999999776482582;44.14699935913086;7.539999961853027;38.529998779296875;-18.299999237060547;0.0;0.0;0.0;0.0;0.0;0.0;0.0;0.0;0.0;8;0.0;0.0;0.0;0.0;0.0;0.0;0.0;0.0;0.0;0.0;0.0;0.0;0.0;0.0;0.0;0.0;-5.825235366821289;-35.22581481933594;52.61399841308594;0.009999999776482582;63.84000015258789;0.0;518430560;2368;50;28;0;0;0
1748649612;547506783;73.95999908447266;-63.880001068115234;-153.22000122070312;0.0;0.0;0.0;0.01850000023841858;-0.029750000685453415;0.996749997138977;9.460000038146973;-2.7799999713897705;0.6800000071525574;-5.824455738067627;-35.225669860839844;166.1199951171875;0.0;0.009999999776482582;43.70500183105469;7.590000152587891;38.900001525878906;-18.84000015258789;0.0;0.0;0.0;0.0;0.0;0.0;0.0;0.0;0.0;9;0.0;0.0;0.0;0.0;0.0;0.0;0.0;0.0;0.0;0.0;0.0;0.0;0.0;0.0;0.0;0.0;-5.825235366821289;-35.22581481933594;52.62300109863281;0.009999999776482582;63.84000015258789;0.0;518430600;2368;50;28;0;0;0
1748649612;587470289;73.66999816894531;-63.88999938964844;-152.92999267578125;0.0;0.0;0.0;0.01875000074505806;-0.029750000685453415;0.996749997138977;1.1399999856948853;0.5400000214576721;0.05999999865889549;-5.824441432952881;-35.22566604614258;166.1199951171875;0.009999999776482582;0.009999999776482582;42.941001892089844;7.650000095367432;39.2599983215332;-19.3700008392334;0.0;0.0;0.0;0.0;0.0;0.0;0.0;0.0;0.0;10;0.0;0.0;0.0;0.0;0.0;0.0;0.0;0.0;0.0;0.0;0.0;0.0;0.0;0.0;0.0;0.0;-5.825235366821289;-35.22581481933594;52.62300109863281;0.009999999776482582;25.280000686645508;0.009999999776482582;518430640;2368;50;28;0;0;0
1748649612;626990555;73.3499984741211;-63.90999984741211;-152.6999969482422;0.0;0.0;0.0;0.01875000074505806;-0.029750000685453415;0.996749997138977;2.559999942779541;-0.4000000059604645;-2.8399999141693115;-5.824427127838135;-35.22566223144531;166.1199951171875;0.0;0.009999999776482582;42.46799850463867;7.699999809265137;39.619998931884766;-19.899999618530273;0.0;0.0;0.0;0.0;0.0;0.0;0.0;0.0;0.0;11;0.0;0.0;0.0;0.0;0.0;0.0;0.0;0.0;0.0;0.0;0.0;0.0;0.0;0.0;0.0;0.0;-5.825235366821289;-35.22581481933594;52.61899948120117;0.009999999776482582;98.81999969482422;0.0;518430680;2368;50;28;0;0;0
1748649612;667794539;72.9000015258789;-64.22000122070312;-152.42999267578125;0.0;0.0;0.0;0.01850000023841858;-0.029750000685453415;0.996749997138977;7.559999942779541;-1.159999966621399;0.03999999910593033;-5.824412822723389;-35.22566223144531;166.1199951171875;-0.009999999776482582;0.0;41.98500061035156;7.75;39.97999954223633;-20.43000030517578;0.0;0.0;0.0;0.0;0.0;0.0;0.0;0.0;0.0;12;0.0;0.0;0.0;0.0;0.0;0.0;0.0;0.0;0.0;0.0;0.0;0.0;0.0;0.0;0.0;0.0;-5.825235366821289;-35.22581481933594;52.60499954223633;0.0;155.67999267578125;-0.009999999776482582;518430720;2368;50;28;0;0;0
1748649612;706929065;109.19999694824219;-64.33000183105469;-152.1300048828125;0.0;0.0;0.0;0.01875000074505806;-0.029999999329447746;0.996999979019165;3.059999942779541;2.0199999809265137;-2.799999952316284;-5.825259685516357;-35.22581481933594;166.1199951171875;0.009999999776482582;0.009999999776482582;41.49300003051758;0.10999999940395355;-0.009999999776482582;-20.959999084472656;0.0;0.0;0.0;0.0;0.0;0.0;0.0;0.0;0.0;13;0.0;0.0;0.0;0.0;0.0;0.0;0.0;0.0;0.0;0.0;0.0;0.0;0.0;0.0;0.0;0.0;-5.825235366821289;-35.22581481933594;52.60900115966797;0.009999999776482582;99.36000061035156;0.009999999776482582;518430760;2368;50;28;0;0;0
1748649612;747037067;108.86000061035156;-64.4000015258789;-151.85000610351562;0.0;0.0;0.0;0.01875000074505806;-0.029750000685453415;0.996749997138977;3.5;-1.399999976158142;-2.5999999046325684;-5.825257301330566;-35.22582244873047;166.1199951171875;0.009999999776482582;0.009999999776482582;40.99100112915039;0.36000001430511475;0.23999999463558197;-21.489999771118164;0.0;0.0;0.0;0.0;0.0;0.0;0.0;0.0;0.0;14;0.0;0.0;0.0;0.0;0.0;0.0;0.0;0.0;0.0;0.0;0.0;0.0;0.0;0.0;0.0;0.0;-5.825235366821289;-35.22581481933594;52.61399841308594;0.009999999776482582;99.36000061035156;0.009999999776482582;518430800;2368;50;28;0;0;0
1748649612;787051821;108.16999816894531;-64.41999816894531;-151.2899932861328;0.0;0.0;0.0;0.01875000074505806;-0.029750000685453415;0.996749997138977;4.739999771118164;-1.5399999618530273;-7.019999980926514;-5.825257301330566;-35.22582244873047;166.1199951171875;0.0;0.009999999776482582;40.12099838256836;0.44999998807907104;0.3799999952316284;-22.020000457763672;0.0;0.0;0.0;0.0;0.0;0.0;0.0;0.0;0.0;15;0.0;0.0;0.0;0.0;0.0;0.0;0.0;0.0;0.0;0.0;0.0;0.0;0.0;0.0;0.0;0.0;-5.825235366821289;-35.22581481933594;52.61399841308594;0.009999999776482582;127.83000183105469;0.0;518430840;2368;50;28;0;0;0
1748649612;827106199;107.51000213623047;-64.44999694824219;-150.72999572753906;0.0;0.0;0.0;0.01875000074505806;-0.029500000178813934;0.996749997138977;2.819999933242798;-2.3399999141693115;-8.020000457763672;-5.82525634765625;-35.225826263427734;166.1199951171875;-0.029999999329447746;0.009999999776482582;39.58700180053711;0.699999988079071;0.5099999904632568;-22.540000915527344;0.0;0.0;0.0;0.0;0.0;0.0;0.0;0.0;0.0;16;0.0;0.0;0.0;0.0;0.0;0.0;0.0;0.0;0.0;0.0;0.0;0.0;0.0;0.0;0.0;0.0;-5.825235366821289;-35.22581481933594;52.604000091552734;0.009999999776482582;282.0299987792969;-0.029999999329447746;518430880;2368;50;28;0;0;0
1748649612;867057454;107.48999786376953;-64.5999984741211;-150.8000030517578;0.0;0.0;0.0;0.01850000023841858;-0.029750000685453415;0.996749997138977;3.0399999618530273;-2.759999990463257;0.18000000715255737;-5.825255870819092;-35.225826263427734;166.1199951171875;0.0;0.009999999776482582;39.04499816894531;0.9599999785423279;0.7699999809265137;-23.06999969482422;0.0;0.0;0.0;0.0;0.0;0.0;0.0;0.0;0.0;17;0.0;0.0;0.0;0.0;0.0;0.0;0.0;0.0;0.0;0.0;0.0;0.0;0.0;0.0;0.0;0.0;-5.825235366821289;-35.22581481933594;52.604000091552734;0.009999999776482582;301.95001220703125;0.0;518430920;2368;50;28;0;0;0
1748649612;907215830;107.11000061035156;-64.61000061035156;-150.47000122070312;0.0;0.0;0.0;0.01875000074505806;-0.029750000685453415;0.996749997138977;1.0199999809265137;-1.600000023841858;-3.4000000953674316;-5.825255393981934;-35.225826263427734;166.1199951171875;0.009999999776482582;0.009999999776482582;38.492000579833984;1.2100000381469727;1.0299999713897705;-23.59000015258789;0.0;0.0;0.0;0.0;0.0;0.0;0.0;0.0;0.0;18;0.0;0.0;0.0;0.0;0.0;0.0;0.0;0.0;0.0;0.0;0.0;0.0;0.0;0.0;0.0;0.0;-5.825235366821289;-35.22581481933594;52.597999572753906;0.009999999776482582;335.05999755859375;0.009999999776482582;518430960;2368;50;28;0;0;0
1748649612;947232959;98.7300033569336;-64.83000183105469;-149.89999389648438;0.0;0.0;0.0;0.01850000023841858;-0.029750000685453415;0.9965000152587891;9.84000015258789;-0.800000011920929;-3.359999895095825;-5.825254917144775;-35.225826263427734;166.0500030517578;0.009999999776482582;0.009999999776482582;37.53799819946289;1.4800000190734863;1.2899999618530273;-24.110000610351562;0.0;0.0;0.0;0.0;0.0;0.0;0.0;0.0;0.0;19;0.0;0.0;0.0;0.0;0.0;0.0;0.0;0.0;0.0;0.0;0.0;0.0;0.0;0.0;0.0;0.0;-5.825235366821289;-35.22581481933594;52.597999572753906;0.009999999776482582;335.05999755859375;0.009999999776482582;518431000;2368;50;28;0;0;0
1748649612;987387459;98.27999877929688;-65.02999877929688;-149.50999450683594;0.0;0.0;0.0;0.01875000074505806;-0.029750000685453415;0.996749997138977;6.739999771118164;0.30000001192092896;-0.7799999713897705;-5.825254440307617;-35.225826263427734;166.0500030517578;0.019999999552965164;0.009999999776482582;36.95500183105469;1.7300000190734863;1.5499999523162842;-24.6299991607666;0.0;0.0;0.0;0.0;0.0;0.0;0.0;0.0;0.0;20;0.0;0.0;0.0;0.0;0.0;0.0;0.0;0.0;0.0;0.0;0.0;0.0;0.0;0.0;0.0;0.0;-5.825235366821289;-35.22581481933594;52.595001220703125;0.009999999776482582;131.2899932861328;0.019999999552965164;518431040;2368;50;28;0;0;0
1748649613;27509711;97.80000305175781;-65.06999969482422;-149.07000732421875;0.0;0.0;0.0;0.01875000074505806;-0.029750000685453415;0.9965000152587891;3.5;2.7200000286102295;-2.5399999618530273;-5.825253963470459;-35.225826263427734;166.0500030517578;0.009999999776482582;0.0;36.362998962402344;1.9800000190734863;1.7999999523162842;-25.149999618530273;0.0;0.0;0.0;0.0;0.0;0.0;0.0;0.0;0.0;21;0.0;0.0;0.0;0.0;0.0;0.0;0.0;0.0;0.0;0.0;0.0;0.0;0.0;0.0;0.0;0.0;-5.825235366821289;-35.22581481933594;52.59600067138672;0.0;155.55999755859375;0.009999999776482582;518431080;2368;50;28;0;0;0
1748649613;67476591;97.33999633789062;-65.29000091552734;-148.66000366210938;0.0;0.0;0.0;0.01875000074505806;-0.029500000178813934;0.996749997138977;11.239999771118164;0.3799999952316284;0.25999999046325684;-5.825253486633301;-35.225826263427734;166.0500030517578;-0.019999999552965164;0.0;35.76100158691406;2.2300000190734863;2.059999942779541;-25.670000076293945;0.0;0.0;0.0;0.0;0.0;0.0;0.0;0.0;0.0;22;0.0;0.0;0.0;0.0;0.0;0.0;0.0;0.0;0.0;0.0;0.0;0.0;0.0;0.0;0.0;0.0;-5.825235366821289;-35.22581481933594;52.58700180053711;0.0;86.45999908447266;-0.019999999552965164;518431120;2368;50;28;0;0;0
1748649613;107683090;97.12000274658203;-65.3499984741211;-148.42999267578125;0.0;0.0;0.0;0.01875000074505806;-0.029750000685453415;0.996749997138977;2.440000057220459;0.30000001192092896;-3.619999885559082;-5.825252532958984;-35.225826263427734;166.0500030517578;0.0;0.009999999776482582;35.14899826049805;2.4800000190734863;2.319999933242798;-26.190000534057617;0.0;0.0;0.0;0.0;0.0;0.0;0.0;0.0;0.0;23;0.0;0.0;0.0;0.0;0.0;0.0;0.0;0.0;0.0;0.0;0.0;0.0;0.0;0.0;0.0;0.0;-5.825235366821289;-35.22581481933594;52.57899856567383;0.009999999776482582;286.4800109863281;0.0;518431160;2368;50;28;0;0;0
1748649613;147694719;96.55000305175781;-65.44999694824219;-147.92999267578125;0.0;0.0;0.0;0.01875000074505806;-0.029750000685453415;0.996749997138977;4.980000019073486;-2.5199999809265137;-3.819999933242798;-5.825252056121826;-35.225826263427734;166.0500030517578;0.0;0.009999999776482582;34.52799987792969;2.740000009536743;2.5799999237060547;-26.700000762939453;0.0;0.0;0.0;0.0;0.0;0.0;0.0;0.0;0.0;24;0.0;0.0;0.0;0.0;0.0;0.0;0.0;0.0;0.0;0.0;0.0;0.0;0.0;0.0;0.0;0.0;-5.825235366821289;-35.22581481933594;52.58100128173828;0.009999999776482582;286.4800109863281;0.0;518431200;2368;50;28;0;0;0
1748649613;187728348;95.86000061035156;-65.5199966430664;-147.41000366210938;0.0;0.0;0.0;0.01875000074505806;-0.029750000685453415;0.996749997138977;3.5799999237060547;-5.539999961853027;-11.420000076293945;-5.82525110244751;-35.22582244873047;166.0500030517578;0.0;0.0;33.44900131225586;2.990000009536743;2.8399999141693115;-27.219999313354492;0.0;0.0;0.0;0.0;0.0;0.0;0.0;0.0;0.0;25;0.0;0.0;0.0;0.0;0.0;0.0;0.0;0.0;0.0;0.0;0.0;0.0;0.0;0.0;0.0;0.0;-5.825235366821289;-35.22581481933594;52.58100128173828;0.0;109.36000061035156;0.0;518431240;2368;50;28;0;0;0
1748649613;228031219;95.41999816894531;-65.61000061035156;-146.94000244140625;0.0;0.0;0.0;0.01875000074505806;-0.029750000685453415;0.9965000152587891;2.0399999618530273;2.559999942779541;-4.21999979019165;-5.825250625610352;-35.22582244873047;166.0500030517578;0.009999999776482582;0.009999999776482582;32.79800033569336;3.240000009536743;3.0899999141693115;-27.729999542236328;0.0;0.0;0.0;0.0;0.0;0.0;0.0;0.0;0.0;26;0.0;0.0;0.0;0.0;0.0;0.0;0.0;0.0;0.0;0.0;0.0;0.0;0.0;0.0;0.0;0.0;-5.825235366821289;-35.22581481933594;52.58599853515625;0.009999999776482582;282.29998779296875;0.009999999776482582;518431280;2368;50;28;0;0;0
1748649613;266855878;94.83000183105469;-65.72000122070312;-146.44000244140625;0.0;0.0;0.0;0.01850000023841858;-0.029750000685453415;0.9965000152587891;6.159999847412109;-2.819999933242798;-2.9800000190734863;-5.825249671936035;-35.22582244873047;166.0500030517578;0.0;0.0;32.138999938964844;3.5;3.359999895095825;-28.239999771118164;0.0;0.0;0.0;0.0;0.0;0.0;0.0;0.0;0.0;27;0.0;0.0;0.0;0.0;0.0;0.0;0.0;0.0;0.0;0.0;0.0;0.0;0.0;0.0;0.0;0.0;-5.825235366821289;-35.22581481933594;52.60200119018555;0.0;243.2899932861328;0.0;518431320;2368;50;28;0;0;0
1748649613;307087502;94.33000183105469;-65.79000091552734;-146.05999755859375;0.0;0.0;0.0;0.01850000023841858;-0.029750000685453415;0.996749997138977;2.0999999046325684;-2.259999990463257;-4.579999923706055;-5.825249195098877;-35.22582244873047;166.0500030517578;0.0;0.0;31.469999313354492;3.759999990463257;3.630000114440918;-28.75;0.0;0.0;0.0;0.0;0.0;0.0;0.0;0.0;0.0;28;0.0;0.0;0.0;0.0;0.0;0.0;0.0;0.0;0.0;0.0;0.0;0.0;0.0;0.0;0.0;0.0;-5.825235366821289;-35.22581481933594;52.59000015258789;0.0;243.25999450683594;0.0;518431360;2368;50;28;0;0;0
1748649613;347034882;94.18000030517578;-65.97000122070312;-145.86000061035156;0.0;0.0;0.0;0.01875000074505806;-0.029750000685453415;0.996749997138977;3.680000066757202;1.6399999856948853;1.340000033378601;-5.8252482414245605;-35.22582244873047;166.0500030517578;0.0;0.0;30.79199981689453;4.010000228881836;3.890000104904175;-29.260000228881836;0.0;0.0;0.0;0.0;0.0;0.0;0.0;0.0;0.0;29;0.0;0.0;0.0;0.0;0.0;0.0;0.0;0.0;0.0;0.0;0.0;0.0;0.0;0.0;0.0;0.0;-5.825235366821289;-35.22581481933594;52.59600067138672;0.0;243.25999450683594;0.0;518431400;2368;50;28;0;0;0
1748649613;387100885;93.47000122070312;-66.06999969482422;-145.25999450683594;0.0;0.0;0.0;0.01875000074505806;-0.029750000685453415;0.996749997138977;7.019999980926514;-2.559999942779541;-3.240000009536743;-5.825246810913086;-35.2258186340332;166.0500030517578;0.0;0.0;29.611000061035156;4.269999980926514;4.159999847412109;-29.770000457763672;0.0;0.0;0.0;0.0;0.0;0.0;0.0;0.0;0.0;30;0.0;0.0;0.0;0.0;0.0;0.0;0.0;0.0;0.0;0.0;0.0;0.0;0.0;0.0;0.0;0.0;-5.825235366821289;-35.22581481933594;52.59600067138672;0.0;310.3399963378906;0.0;518431440;2368;50;28;0;0;0
1748649613;427266510;93.06999969482422;-66.1500015258789;-144.75;0.0;0.0;0.0;0.01875000074505806;-0.029750000685453415;0.9965000152587891;1.2200000286102295;1.3799999952316284;-4.639999866485596;-5.8252458572387695;-35.2258186340332;166.0500030517578;0.0;0.0;28.90399932861328;4.53000020980835;4.429999828338623;-30.280000686645508;0.0;0.0;0.0;0.0;0.0;0.0;0.0;0.0;0.0;31;0.0;0.0;0.0;0.0;0.0;0.0;0.0;0.0;0.0;0.0;0.0;0.0;0.0;0.0;0.0;0.0;-5.825235366821289;-35.22581481933594;52.597999572753906;0.0;111.61000061035156;0.0;518431480;2368;50;28;0;0;0
1748649613;467368637;92.80000305175781;-66.2300033569336;-144.52999877929688;0.0;0.0;0.0;0.01875000074505806;-0.029750000685453415;0.996749997138977;4.900000095367432;0.9399999976158142;1.0;-5.825244903564453;-35.2258186340332;166.0500030517578;0.009999999776482582;0.0;52.0880012512207;4.789999961853027;4.699999809265137;-0.4300000071525574;0.0;0.0;0.0;0.0;0.0;0.0;0.0;0.0;0.0;0;0.0;0.0;0.0;0.0;0.0;0.0;0.0;0.0;0.0;0.0;0.0;0.0;0.0;0.0;0.0;0.0;-5.825235366821289;-35.22581481933594;52.5890007019043;0.0;190.9600067138672;0.009999999776482582;518431520;2368;50;28;0;0;0
1748649613;507616760;91.9800033569336;-66.30000305175781;-143.89999389648438;0.0;0.0;0.0;0.01875000074505806;-0.029750000685453415;0.996749997138977;8.399999618530273;-2.1600000858306885;-4.239999771118164;-5.8252434730529785;-35.22581481933594;166.0500030517578;-0.019999999552965164;0.0;52.06800079345703;5.050000190734863;4.960000038146973;-0.9300000071525574;0.0;0.0;0.0;0.0;0.0;0.0;0.0;0.0;0.0;1;0.0;0.0;0.0;0.0;0.0;0.0;0.0;0.0;0.0;0.0;0.0;0.0;0.0;0.0;0.0;0.0;-5.825235366821289;-35.22581481933594;52.599998474121094;0.0;213.3000030517578;-0.019999999552965164;518431560;2368;50;28;0;0;0
1748649613;547697262;91.16999816894531;-66.4000015258789;-143.24000549316406;0.0;0.0;0.0;0.01875000074505806;-0.029750000685453415;0.9965000152587891;5.920000076293945;-2.799999952316284;-7.820000171661377;-5.825242519378662;-35.22581481933594;166.0500030517578;-0.019999999552965164;0.0;52.03499984741211;5.309999942779541;5.230000019073486;-1.4299999475479126;0.0;0.0;0.0;0.0;0.0;0.0;0.0;0.0;0.0;2;0.0;0.0;0.0;0.0;0.0;0.0;0.0;0.0;0.0;0.0;0.0;0.0;0.0;0.0;0.0;0.0;-5.825235366821289;-35.22581481933594;52.60599899291992;0.0;213.3000030517578;-0.019999999552965164;518431600;2368;50;28;0;0;0
1748649613;587725016;90.33000183105469;-66.54000091552734;-142.44000244140625;0.0;0.0;0.0;0.01875000074505806;-0.029750000685453415;0.996749997138977;7.159999847412109;2.640000104904175;-3.5799999237060547;-5.825240612030029;-35.22581481933594;166.0500030517578;0.0;0.0;51.96900177001953;5.570000171661377;5.5;-1.9299999475479126;0.0;0.0;0.0;0.0;0.0;0.0;0.0;0.0;0.0;3;0.0;0.0;0.0;0.0;0.0;0.0;0.0;0.0;0.0;0.0;0.0;0.0;0.0;0.0;0.0;0.0;-5.825235366821289;-35.22581481933594;52.60599899291992;0.0;357.0199890136719;0.0;518431640;2368;50;28;0;0;0
1748649613;627593149;89.91999816894531;-66.79000091552734;-142.0500030517578;0.0;0.0;0.0;0.01850000023841858;-0.029750000685453415;0.9965000152587891;5.639999866485596;1.840000033378601;-2.4800000190734863;-5.825239181518555;-35.22581100463867;166.0500030517578;0.009999999776482582;0.009999999776482582;51.90299987792969;5.820000171661377;5.769999980926514;-2.4100000858306885;0.0;0.0;0.0;0.0;0.0;0.0;0.0;0.0;0.0;4;0.0;0.0;0.0;0.0;0.0;0.0;0.0;0.0;0.0;0.0;0.0;0.0;0.0;0.0;0.0;0.0;-5.825235366821289;-35.22581481933594;52.60200119018555;0.009999999776482582;89.16000366210938;0.009999999776482582;518431680;2368;50;28;0;0;0
1748649613;667702025;89.58999633789062;-66.93000030517578;-141.69000244140625;0.0;0.0;0.0;0.01875000074505806;-0.029750000685453415;0.996749997138977;7.239999771118164;1.8600000143051147;-1.0199999809265137;-5.825238227844238;-35.22581100463867;166.0500030517578;0.0;0.009999999776482582;51.83000183105469;6.079999923706055;6.039999961853027;-2.890000104904175;0.0;0.0;0.0;0.0;0.0;0.0;0.0;0.0;0.0;5;0.0;0.0;0.0;0.0;0.0;0.0;0.0;0.0;0.0;0.0;0.0;0.0;0.0;0.0;0.0;0.0;-5.825235366821289;-35.22581481933594;52.597999572753906;0.009999999776482582;81.43000030517578;0.0;518431720;2368;50;28;0;0;0
1748649613;707899025;89.05999755859375;-66.95999908447266;-141.3000030517578;0.0;0.0;0.0;0.01875000074505806;-0.029750000685453415;0.996749997138977;4.119999885559082;-3.680000066757202;-3.1600000858306885;-5.825236797332764;-35.22581100463867;166.0500030517578;-0.009999999776482582;0.0;51.750999450683594;6.329999923706055;6.309999942779541;-3.359999895095825;0.0;0.0;0.0;0.0;0.0;0.0;0.0;0.0;0.0;6;0.0;0.0;0.0;0.0;0.0;0.0;0.0;0.0;0.0;0.0;0.0;0.0;0.0;0.0;0.0;0.0;-5.825235366821289;-35.22581481933594;52.61600112915039;0.0;250.5500030517578;-0.009999999776482582;518431760;2368;50;28;0;0;0
1748649613;746786557;88.38999938964844;-66.94000244140625;-140.58999633789062;0.0;0.0;0.0;0.01875000074505806;-0.029750000685453415;0.996749997138977;4.0;1.159999966621399;-3.7799999713897705;-5.825235366821289;-35.225807189941406;166.0500030517578;-0.009999999776482582;0.0;51.65800094604492;6.590000152587891;6.579999923706055;-3.859999895095825;0.0;0.0;0.0;0.0;0.0;0.0;0.0;0.0;0.0;7;0.0;0.0;0.0;0.0;0.0;0.0;0.0;0.0;0.0;0.0;0.0;0.0;0.0;0.0;0.0;0.0;-5.825235843658447;-35.22581481933594;52.611000061035156;0.0;250.5500030517578;-0.009999999776482582;518431800;2368;50;28;0;0;0
1748649613;786996681;87.81999969482422;-66.9800033569336;-140.11000061035156;0.0;0.0;0.0;0.01875000074505806;-0.029750000685453415;0.996749997138977;4.559999942779541;-0.8799999952316284;-6.739999771118164;-5.825232982635498;-35.225807189941406;166.0500030517578;0.0;0.0;51.49300003051758;6.849999904632568;6.860000133514404;-4.360000133514404;0.0;0.0;0.0;0.0;0.0;0.0;0.0;0.0;0.0;8;0.0;0.0;0.0;0.0;0.0;0.0;0.0;0.0;0.0;0.0;0.0;0.0;0.0;0.0;0.0;0.0;-5.825235843658447;-35.22581481933594;52.611000061035156;0.0;192.05999755859375;0.0;518431840;2368;50;28;0;0;0
1748649613;827048184;87.12000274658203;-67.0;-139.5500030517578;0.0;0.0;0.0;0.01850000023841858;-0.029750000685453415;0.9965000152587891;4.78000020980835;-2.059999942779541;-0.6000000238418579;-5.825231552124023;-35.22580337524414;166.0500030517578;0.0;0.0;51.369998931884766;7.099999904632568;7.130000114440918;-4.849999904632568;0.0;0.0;0.0;0.0;0.0;0.0;0.0;0.0;0.0;9;0.0;0.0;0.0;0.0;0.0;0.0;0.0;0.0;0.0;0.0;0.0;0.0;0.0;0.0;0.0;0.0;-5.825235366821289;-35.22581481933594;52.60499954223633;0.0;307.19000244140625;0.0;518431880;2368;50;28;0;0;0
1748649613;867326182;86.0999984741211;-67.12000274658203;-138.50999450683594;0.0;0.0;0.0;0.01875000074505806;-0.029750000685453415;0.996749997138977;8.979999542236328;7.199999809265137;-6.400000095367432;-5.825230121612549;-35.22580337524414;166.0500030517578;0.009999999776482582;0.0;51.236000061035156;7.349999904632568;7.400000095367432;-5.349999904632568;0.0;0.0;0.0;0.0;0.0;0.0;0.0;0.0;0.0;10;0.0;0.0;0.0;0.0;0.0;0.0;0.0;0.0;0.0;0.0;0.0;0.0;0.0;0.0;0.0;0.0;-5.825235366821289;-35.22581481933594;52.59600067138672;0.0;5.03000020980835;0.009999999776482582;518431920;2368;50;28;0;0;0
1748649613;907459558;85.45999908447266;-67.25;-137.85000610351562;0.0;0.0;0.0;0.01875000074505806;-0.029750000685453415;0.996749997138977;5.320000171661377;1.7599999904632568;-0.2800000011920929;-5.825228214263916;-35.22580337524414;166.0500030517578;-0.009999999776482582;0.0;51.09199905395508;7.599999904632568;7.670000076293945;-5.840000152587891;0.0;0.0;0.0;0.0;0.0;0.0;0.0;0.0;0.0;11;0.0;0.0;0.0;0.0;0.0;0.0;0.0;0.0;0.0;0.0;0.0;0.0;0.0;0.0;0.0;0.0;-5.825235366821289;-35.22581481933594;52.59700012207031;0.0;299.6199951171875;-0.009999999776482582;518431960;2368;50;28;0;0;0
1748649613;947296316;75.68000030517578;-67.27999877929688;-137.30999755859375;0.0;0.0;0.0;0.01875000074505806;-0.029750000685453415;0.996749997138977;3.5799999237060547;-0.7599999904632568;-4.78000020980835;-5.825225353240967;-35.225799560546875;166.14999389648438;-0.009999999776482582;0.0;50.8489990234375;7.860000133514404;7.940000057220459;-6.329999923706055;0.0;0.0;0.0;0.0;0.0;0.0;0.0;0.0;0.0;12;0.0;0.0;0.0;0.0;0.0;0.0;0.0;0.0;0.0;0.0;0.0;0.0;0.0;0.0;0.0;0.0;-5.825235366821289;-35.22581481933594;52.59700012207031;0.0;299.6199951171875;-0.009999999776482582;518432000;2368;50;28;0;0;0
1748649613;987657936;75.30999755859375;-67.37000274658203;-137.13999938964844;0.0;0.0;0.0;0.01850000023841858;-0.029750000685453415;0.996749997138977;4.039999961853027;-4.579999923706055;-4.539999961853027;-5.825222492218018;-35.22579574584961;166.14999389648438;0.0;0.0;50.676998138427734;8.119999885559082;8.220000267028809;-6.820000171661377;0.0;0.0;0.0;0.0;0.0;0.0;0.0;0.0;0.0;13;0.0;0.0;0.0;0.0;0.0;0.0;0.0;0.0;0.0;0.0;0.0;0.0;0.0;0.0;0.0;0.0;-5.825235366821289;-35.22581481933594;52.60900115966797;0.0;132.02999877929688;0.0;518432040;2368;50;28;0;0;0
1748649614;27598317;75.04000091552734;-67.55999755859375;-136.85000610351562;0.0;0.0;0.0;0.01875000074505806;-0.029750000685453415;0.996749997138977;6.820000171661377;0.1599999964237213;0.3199999928474426;-5.825219631195068;-35.225791931152344;166.14999389648438;0.009999999776482582;0.0;50.494998931884766;8.380000114440918;8.5;-7.309999942779541;0.0;0.0;0.0;0.0;0.0;0.0;0.0;0.0;0.0;14;0.0;0.0;0.0;0.0;0.0;0.0;0.0;0.0;0.0;0.0;0.0;0.0;0.0;0.0;0.0;0.0;-5.825235843658447;-35.22581481933594;52.59600067138672;0.0;107.08999633789062;0.009999999776482582;518432080;2368;50;28;0;0;0
1748649614;67118459;74.37000274658203;-67.61000061035156;-136.38999938964844;0.0;0.0;0.0;0.01875000074505806;-0.029750000685453415;0.996749997138977;5.579999923706055;-3.0399999618530273;-3.059999942779541;-5.825216293334961;-35.22578811645508;166.14999389648438;0.0;0.0;50.30400085449219;8.640000343322754;8.770000457763672;-7.789999961853027;0.0;0.0;0.0;0.0;0.0;0.0;0.0;0.0;0.0;15;0.0;0.0;0.0;0.0;0.0;0.0;0.0;0.0;0.0;0.0;0.0;0.0;0.0;0.0;0.0;0.0;-5.825235843658447;-35.22581481933594;52.58599853515625;0.0;270.2699890136719;0.0;518432120;2368;50;28;0;0;0
1748649614;107792321;73.54000091552734;-67.69000244140625;-135.5800018310547;0.0;0.0;0.0;0.01875000074505806;-0.029750000685453415;0.996749997138977;9.180000305175781;0.3199999928474426;-3.9200000762939453;-5.825213432312012;-35.22578811645508;166.14999389648438;0.0;0.0;50.104000091552734;8.899999618530273;9.050000190734863;-8.279999732971191;0.0;0.0;0.0;0.0;0.0;0.0;0.0;0.0;0.0;16;0.0;0.0;0.0;0.0;0.0;0.0;0.0;0.0;0.0;0.0;0.0;0.0;0.0;0.0;0.0;0.0;-5.825235843658447;-35.22581481933594;52.59700012207031;0.0;27.8799991607666;0.0;518432160;2368;50;28;0;0;0
1748649614;147769076;72.95999908447266;-67.69999694824219;-135.0500030517578;0.0;0.0;0.0;0.01875000074505806;-0.029750000685453415;0.996749997138977;3.619999885559082;3.2799999713897705;2.440000057220459;-5.825210094451904;-35.22578430175781;166.14999389648438;0.0;0.0;49.89400100708008;9.15999984741211;9.329999923706055;-8.760000228881836;0.0;0.0;0.0;0.0;0.0;0.0;0.0;0.0;0.0;17;0.0;0.0;0.0;0.0;0.0;0.0;0.0;0.0;0.0;0.0;0.0;0.0;0.0;0.0;0.0;0.0;-5.825235843658447;-35.22581481933594;52.59400177001953;0.0;27.8799991607666;0.0;518432200;2368;50;28;0;0;0
1748649614;187753581;72.58000183105469;-67.77999877929688;-134.61000061035156;0.0;0.0;0.0;0.01850000023841858;-0.029750000685453415;0.9965000152587891;6.480000019073486;2.680000066757202;0.30000001192092896;-5.825206279754639;-35.22578048706055;166.14999389648438;0.019999999552965164;0.009999999776482582;49.534000396728516;9.420000076293945;9.609999656677246;-9.25;0.0;0.0;0.0;0.0;0.0;0.0;0.0;0.0;0.0;18;0.0;0.0;0.0;0.0;0.0;0.0;0.0;0.0;0.0;0.0;0.0;0.0;0.0;0.0;0.0;0.0;-5.825235843658447;-35.22581481933594;52.59400177001953;0.009999999776482582;328.4100036621094;0.019999999552965164;518432240;2368;50;28;0;0;0
1748649614;227080477;72.12999725341797;-67.72000122070312;-134.27000427246094;0.0;0.0;0.0;0.01875000074505806;-0.029750000685453415;0.9965000152587891;1.2200000286102295;-1.2999999523162842;-2.5199999809265137;-5.825202941894531;-35.22577667236328;166.14999389648438;0.0;0.0;49.29600143432617;9.680000305175781;9.890000343322754;-9.729999542236328;0.0;0.0;0.0;0.0;0.0;0.0;0.0;0.0;0.0;19;0.0;0.0;0.0;0.0;0.0;0.0;0.0;0.0;0.0;0.0;0.0;0.0;0.0;0.0;0.0;0.0;-5.825235843658447;-35.22581481933594;52.595001220703125;0.0;306.9200134277344;0.0;518432280;2368;50;28;0;0;0
1748649614;267083481;71.87999725341797;-67.87000274658203;-134.11000061035156;0.0;0.0;0.0;0.01875000074505806;-0.029750000685453415;0.996749997138977;2.799999952316284;-2.940000057220459;-1.5;-5.825199604034424;-35.225772857666016;166.14999389648438;-0.019999999552965164;0.009999999776482582;49.04999923706055;9.930000305175781;10.170000076293945;-10.210000038146973;0.0;0.0;0.0;0.0;0.0;0.0;0.0;0.0;0.0;20;0.0;0.0;0.0;0.0;0.0;0.0;0.0;0.0;0.0;0.0;0.0;0.0;0.0;0.0;0.0;0.0;-5.825235843658447;-35.22581481933594;52.597999572753906;0.009999999776482582;92.27999877929688;-0.019999999552965164;518432320;2368;50;28;0;0;0
1748649614;307268231;71.5999984741211;-67.91999816894531;-133.89999389648438;0.0;0.0;0.0;0.01875000074505806;-0.029750000685453415;0.996749997138977;-0.30000001192092896;-0.07999999821186066;-1.1399999856948853;-5.825195789337158;-35.22576904296875;166.14999389648438;0.0;0.009999999776482582;48.79399871826172;10.1899995803833;10.460000038146973;-10.6899995803833;0.0;0.0;0.0;0.0;0.0;0.0;0.0;0.0;0.0;21;0.0;0.0;0.0;0.0;0.0;0.0;0.0;0.0;0.0;0.0;0.0;0.0;0.0;0.0;0.0;0.0;-5.825235843658447;-35.22581481933594;52.59299850463867;0.009999999776482582;96.61000061035156;0.0;518432360;2368;50;28;0;0;0
1748649614;347162238;71.08999633789062;-68.12000274658203;-133.32000732421875;0.0;0.0;0.0;0.01875000074505806;-0.029750000685453415;0.996749997138977;8.140000343322754;1.559999942779541;0.7599999904632568;-5.825191974639893;-35.225765228271484;166.14999389648438;0.0;0.009999999776482582;48.53099822998047;10.449999809265137;10.739999771118164;-11.170000076293945;0.0;0.0;0.0;0.0;0.0;0.0;0.0;0.0;0.0;22;0.0;0.0;0.0;0.0;0.0;0.0;0.0;0.0;0.0;0.0;0.0;0.0;0.0;0.0;0.0;0.0;-5.825235843658447;-35.22581481933594;52.608001708984375;0.009999999776482582;96.61000061035156;0.0;518432400;2368;50;28;0;0;0
1748649614;387300739;70.27999877929688;-68.16000366210938;-132.63999938964844;0.0;0.0;0.0;0.01875000074505806;-0.029750000685453415;0.9965000152587891;6.880000114440918;-3.0199999809265137;-1.9199999570846558;-5.825188159942627;-35.22576141357422;166.14999389648438;-0.029999999329447746;0.009999999776482582;48.07400131225586;10.710000038146973;11.020000457763672;-11.649999618530273;0.0;0.0;0.0;0.0;0.0;0.0;0.0;0.0;0.0;23;0.0;0.0;0.0;0.0;0.0;0.0;0.0;0.0;0.0;0.0;0.0;0.0;0.0;0.0;0.0;0.0;-5.825235843658447;-35.22581481933594;52.608001708984375;0.009999999776482582;244.99000549316406;-0.029999999329447746;518432440;2368;50;28;0;0;0
1748649614;427497613;69.87000274658203;-68.13999938964844;-132.2100067138672;0.0;0.0;0.0;0.01875000074505806;-0.029750000685453415;0.9965000152587891;3.4000000953674316;3.5999999046325684;-2.740000009536743;-5.825183868408203;-35.22575759887695;166.14999389648438;0.009999999776482582;0.0;47.779998779296875;10.960000038146973;11.300000190734863;-12.130000114440918;0.0;0.0;0.0;0.0;0.0;0.0;0.0;0.0;0.0;24;0.0;0.0;0.0;0.0;0.0;0.0;0.0;0.0;0.0;0.0;0.0;0.0;0.0;0.0;0.0;0.0;-5.825235843658447;-35.22581481933594;52.619998931884766;0.0;9.210000038146973;0.009999999776482582;518432480;2368;50;28;0;0;0
1748649614;467012005;68.88999938964844;-67.9800033569336;-131.35000610351562;0.0;0.0;0.0;0.01875000074505806;-0.029750000685453415;0.996749997138977;5.71999979019165;-3.359999895095825;-11.539999961853027;-5.825179576873779;-35.22575378417969;166.14999389648438;0.009999999776482582;0.0;47.47999954223633;11.220000267028809;11.579999923706055;-12.600000381469727;0.0;0.0;0.0;0.0;0.0;0.0;0.0;0.0;0.0;25;0.0;0.0;0.0;0.0;0.0;0.0;0.0;0.0;0.0;0.0;0.0;0.0;0.0;0.0;0.0;0.0;-5.825235843658447;-35.22581481933594;52.624000549316406;0.0;239.08999633789062;0.009999999776482582;518432520;2368;50;28;0;0;0
1748649614;507630494;68.02999877929688;-68.02999877929688;-130.64999389648438;0.0;0.0;0.0;0.01875000074505806;-0.029750000685453415;0.996749997138977;5.199999809265137;-2.380000114440918;-2.559999942779541;-5.825175762176514;-35.22574996948242;166.14999389648438;0.009999999776482582;0.0;47.16999816894531;11.479999542236328;11.869999885559082;-13.079999923706055;0.0;0.0;0.0;0.0;0.0;0.0;0.0;0.0;0.0;26;0.0;0.0;0.0;0.0;0.0;0.0;0.0;0.0;0.0;0.0;0.0;0.0;0.0;0.0;0.0;0.0;-5.825235843658447;-35.22581481933594;52.61600112915039;0.0;109.26000213623047;0.009999999776482582;518432560;2368;50;28;0;0;0
1748649614;547996364;67.16000366210938;-67.91000366210938;-129.8300018310547;0.0;0.0;0.0;0.01875000074505806;-0.029750000685453415;0.9965000152587891;2.799999952316284;1.5800000429153442;-8.800000190734863;-5.82517147064209;-35.225746154785156;166.14999389648438;0.009999999776482582;0.0;46.85200119018555;11.729999542236328;12.149999618530273;-13.550000190734863;0.0;0.0;0.0;0.0;0.0;0.0;0.0;0.0;0.0;27;0.0;0.0;0.0;0.0;0.0;0.0;0.0;0.0;0.0;0.0;0.0;0.0;0.0;0.0;0.0;0.0;-5.825235843658447;-35.22581481933594;52.61399841308594;0.0;109.26000213623047;0.009999999776482582;518432600;2368;50;28;0;0;0
1748649614;587938620;66.41999816894531;-67.95999908447266;-129.17999267578125;0.0;0.0;0.0;0.01875000074505806;-0.029750000685453415;0.996749997138977;6.820000171661377;-0.3199999928474426;-3.5999999046325684;-5.825166702270508;-35.22574234008789;166.14999389648438;0.0;0.0;46.30099868774414;11.989999771118164;12.4399995803833;-14.020000457763672;0.0;0.0;0.0;0.0;0.0;0.0;0.0;0.0;0.0;28;0.0;0.0;0.0;0.0;0.0;0.0;0.0;0.0;0.0;0.0;0.0;0.0;0.0;0.0;0.0;0.0;-5.825235843658447;-35.22581481933594;52.61399841308594;0.0;265.4800109863281;0.0;518432640;2368;50;28;0;0;0
1748649614;627981123;65.91999816894531;-67.9800033569336;-128.61000061035156;0.0;0.0;0.0;0.01850000023841858;-0.029750000685453415;0.9965000152587891;8.760000228881836;3.5399999618530273;-2.759999990463257;-5.825162410736084;-35.225738525390625;166.14999389648438;-0.009999999776482582;0.0;45.95399856567383;12.25;12.720000267028809;-14.489999771118164;0.0;0.0;0.0;0.0;0.0;0.0;0.0;0.0;0.0;29;0.0;0.0;0.0;0.0;0.0;0.0;0.0;0.0;0.0;0.0;0.0;0.0;0.0;0.0;0.0;0.0;-5.825235843658447;-35.22581481933594;52.606998443603516;0.0;253.22999572753906;-0.009999999776482582;518432680;2368;50;28;0;0;0
1748649614;666863030;65.30000305175781;-67.97000122070312;-128.0399932861328;0.0;0.0;0.0;0.01875000074505806;-0.029750000685453415;0.996749997138977;2.059999942779541;0.6800000071525574;-4.420000076293945;-5.825157642364502;-35.22573471069336;166.14999389648438;-0.009999999776482582;0.009999999776482582;45.5989990234375;12.5;13.010000228881836;-14.960000038146973;0.0;0.0;0.0;0.0;0.0;0.0;0.0;0.0;0.0;30;0.0;0.0;0.0;0.0;0.0;0.0;0.0;0.0;0.0;0.0;0.0;0.0;0.0;0.0;0.0;0.0;-5.825235843658447;-35.22581481933594;52.611000061035156;0.009999999776482582;355.239990234375;-0.009999999776482582;518432720;2368;50;28;0;0;0
1748649614;707054280;64.87000274658203;-67.95999908447266;-127.6500015258789;0.0;0.0;0.0;0.01875000074505806;-0.029750000685453415;0.996749997138977;4.320000171661377;-1.4600000381469727;-3.740000009536743;-5.82515287399292;-35.22572708129883;166.14999389648438;0.019999999552965164;0.009999999776482582;45.23500061035156;12.760000228881836;13.300000190734863;-15.430000305175781;0.0;0.0;0.0;0.0;0.0;0.0;0.0;0.0;0.0;31;0.0;0.0;0.0;0.0;0.0;0.0;0.0;0.0;0.0;0.0;0.0;0.0;0.0;0.0;0.0;0.0;-5.825235843658447;-35.22581481933594;52.606998443603516;0.009999999776482582;65.30999755859375;0.019999999552965164;518432760;2368;50;28;0;0;0
1748649614;747107408;64.37000274658203;-67.93000030517578;-127.16999816894531;0.0;0.0;0.0;0.01875000074505806;-0.029750000685453415;0.996749997138977;6.039999961853027;-3.9200000762939453;-3.7200000286102295;-5.825148105621338;-35.22572326660156;166.14999389648438;0.019999999552965164;0.009999999776482582;44.862998962402344;13.010000228881836;13.579999923706055;-15.890000343322754;0.0;0.0;0.0;0.0;0.0;0.0;0.0;0.0;0.0;0;0.0;0.0;0.0;0.0;0.0;0.0;0.0;0.0;0.0;0.0;0.0;0.0;0.0;0.0;0.0;0.0;-5.825235843658447;-35.22581481933594;52.606998443603516;0.009999999776482582;65.30999755859375;0.019999999552965164;518432800;2368;50;28;0;0;0
1748649614;787232784;63.560001373291016;-67.81999969482422;-126.47000122070312;0.0;0.0;0.0;0.01875000074505806;-0.029750000685453415;0.9965000152587891;4.659999847412109;-2.559999942779541;-8.760000228881836;-5.825143337249756;-35.2257194519043;166.14999389648438;0.009999999776482582;0.0;44.21799850463867;13.270000457763672;13.869999885559082;-16.360000610351562;0.0;0.0;0.0;0.0;0.0;0.0;0.0;0.0;0.0;1;0.0;0.0;0.0;0.0;0.0;0.0;0.0;0.0;0.0;0.0;0.0;0.0;0.0;0.0;0.0;0.0;-5.825235843658447;-35.22581481933594;52.606998443603516;0.0;161.4600067138672;0.009999999776482582;518432840;2368;50;28;0;0;0
1748649614;827309037;62.689998626708984;-67.83999633789062;-125.6500015258789;0.0;0.0;0.0;0.01875000074505806;-0.029500000178813934;0.996749997138977;10.239999771118164;0.1599999964237213;-4.039999961853027;-5.825138092041016;-35.22571563720703;166.14999389648438;-0.009999999776482582;0.0;43.81800079345703;13.520000457763672;14.15999984741211;-16.829999923706055;0.0;0.0;0.0;0.0;0.0;0.0;0.0;0.0;0.0;2;0.0;0.0;0.0;0.0;0.0;0.0;0.0;0.0;0.0;0.0;0.0;0.0;0.0;0.0;0.0;0.0;-5.825235843658447;-35.22581481933594;52.595001220703125;0.0;303.1700134277344;-0.009999999776482582;518432880;2368;50;28;0;0;0
1748649614;867398414;61.90999984741211;-67.87999725341797;-124.93000030517578;0.0;0.0;0.0;0.01875000074505806;-0.029750000685453415;0.996749997138977;7.840000152587891;-2.440000057220459;-6.28000020980835;-5.825133323669434;-35.2257080078125;166.14999389648438;0.0;0.0;43.40700149536133;13.779999732971191;14.4399995803833;-17.290000915527344;0.0;0.0;0.0;0.0;0.0;0.0;0.0;0.0;0.0;3;0.0;0.0;0.0;0.0;0.0;0.0;0.0;0.0;0.0;0.0;0.0;0.0;0.0;0.0;0.0;0.0;-5.825235843658447;-35.22581481933594;52.61600112915039;0.0;276.4700012207031;0.0;518432920;2368;50;28;0;0;0
1748649614;907466041;61.029998779296875;-67.80000305175781;-124.18000030517578;0.0;0.0;0.0;0.01850000023841858;-0.029750000685453415;0.996749997138977;7.900000095367432;-3.0399999618530273;-4.400000095367432;-5.825128078460693;-35.225704193115234;166.14999389648438;-0.019999999552965164;0.0;42.9900016784668;14.029999732971191;14.729999542236328;-17.75;0.0;0.0;0.0;0.0;0.0;0.0;0.0;0.0;0.0;4;0.0;0.0;0.0;0.0;0.0;0.0;0.0;0.0;0.0;0.0;0.0;0.0;0.0;0.0;0.0;0.0;-5.825235843658447;-35.22581481933594;52.608001708984375;0.0;329.19000244140625;-0.019999999552965164;518432960;2368;50;28;0;0;0
1748649614;947399922;53.95000076293945;-67.7300033569336;-123.66000366210938;0.0;0.0;0.0;0.01875000074505806;-0.029750000685453415;0.996749997138977;4.820000171661377;3.6600000858306885;-1.7799999713897705;-5.825122356414795;-35.22570037841797;166.08999633789062;-0.019999999552965164;0.0;42.270999908447266;14.289999961853027;15.020000457763672;-18.209999084472656;0.0;0.0;0.0;0.0;0.0;0.0;0.0;0.0;0.0;5;0.0;0.0;0.0;0.0;0.0;0.0;0.0;0.0;0.0;0.0;0.0;0.0;0.0;0.0;0.0;0.0;-5.825235843658447;-35.22581481933594;52.608001708984375;0.0;329.19000244140625;-0.019999999552965164;518433000;2368;50;28;0;0;0
1748649614;987533298;53.380001068115234;-67.72000122070312;-123.02999877929688;0.0;0.0;0.0;0.01875000074505806;-0.029750000685453415;0.996749997138977;4.199999809265137;2.680000066757202;-1.440000057220459;-5.825117111206055;-35.22569274902344;166.08999633789062;0.009999999776482582;0.009999999776482582;41.82699966430664;14.550000190734863;15.3100004196167;-18.670000076293945;0.0;0.0;0.0;0.0;0.0;0.0;0.0;0.0;0.0;6;0.0;0.0;0.0;0.0;0.0;0.0;0.0;0.0;0.0;0.0;0.0;0.0;0.0;0.0;0.0;0.0;-5.825235843658447;-35.22581481933594;52.60200119018555;0.009999999776482582;26.829999923706055;0.009999999776482582;518433040;2368;50;28;0;0;0
1748649615;27651425;52.7599983215332;-67.7300033569336;-122.44999694824219;0.0;0.0;0.0;0.01875000074505806;-0.029750000685453415;0.996749997138977;3.2200000286102295;1.5800000429153442;-5.639999866485596;-5.825111389160156;-35.22568893432617;166.08999633789062;0.009999999776482582;0.0;41.375;14.800000190734863;15.59000015258789;-19.1299991607666;0.0;0.0;0.0;0.0;0.0;0.0;0.0;0.0;0.0;7;0.0;0.0;0.0;0.0;0.0;0.0;0.0;0.0;0.0;0.0;0.0;0.0;0.0;0.0;0.0;0.0;-5.825235843658447;-35.22581481933594;52.60900115966797;0.0;103.80999755859375;0.009999999776482582;518433080;2368;50;28;0;0;0
1748649615;68243414;52.09000015258789;-67.80999755859375;-121.97000122070312;0.0;0.0;0.0;0.01875000074505806;-0.029750000685453415;0.996749997138977;5.079999923706055;-4.78000020980835;-4.5;-5.825106143951416;-35.225685119628906;166.08999633789062;-0.019999999552965164;0.009999999776482582;40.91400146484375;15.0600004196167;15.880000114440918;-19.579999923706055;0.0;0.0;0.0;0.0;0.0;0.0;0.0;0.0;0.0;8;0.0;0.0;0.0;0.0;0.0;0.0;0.0;0.0;0.0;0.0;0.0;0.0;0.0;0.0;0.0;0.0;-5.825235843658447;-35.22581481933594;52.608001708984375;0.009999999776482582;245.0399932861328;-0.019999999552965164;518433120;2368;50;28;0;0;0
1748649615;107750931;51.380001068115234;-67.9000015258789;-121.22000122070312;0.0;0.0;0.0;0.01875000074505806;-0.029750000685453415;0.996749997138977;7.119999885559082;1.940000057220459;-1.8799999952316284;-5.825100421905518;-35.225677490234375;166.08999633789062;0.0;0.0;40.44300079345703;15.3100004196167;16.18000030517578;-20.040000915527344;0.0;0.0;0.0;0.0;0.0;0.0;0.0;0.0;0.0;9;0.0;0.0;0.0;0.0;0.0;0.0;0.0;0.0;0.0;0.0;0.0;0.0;0.0;0.0;0.0;0.0;-5.825235843658447;-35.22581481933594;52.62900161743164;0.0;293.2799987792969;0.0;518433160;2368;50;28;0;0;0
1748649615;147742811;50.5;-67.72000122070312;-120.44000244140625;0.0;0.0;0.0;0.01875000074505806;-0.029750000685453415;0.996749997138977;5.460000038146973;0.05999999865889549;-6.800000190734863;-5.825094223022461;-35.22567367553711;166.08999633789062;0.0;0.0;39.9630012512207;15.5600004196167;16.469999313354492;-20.489999771118164;0.0;0.0;0.0;0.0;0.0;0.0;0.0;0.0;0.0;10;0.0;0.0;0.0;0.0;0.0;0.0;0.0;0.0;0.0;0.0;0.0;0.0;0.0;0.0;0.0;0.0;-5.825235843658447;-35.22581481933594;52.61399841308594;0.0;293.2799987792969;0.0;518433200;2368;50;28;0;0;0
1748649615;187766439;50.02000045776367;-67.79000091552734;-119.98999786376953;0.0;0.0;0.0;0.01850000023841858;-0.029750000685453415;0.996749997138977;5.460000038146973;-0.3400000035762787;-2.2200000286102295;-5.8250885009765625;-35.22566604614258;166.08999633789062;0.009999999776482582;0.0;39.13399887084961;15.8100004196167;16.760000228881836;-20.940000534057617;0.0;0.0;0.0;0.0;0.0;0.0;0.0;0.0;0.0;11;0.0;0.0;0.0;0.0;0.0;0.0;0.0;0.0;0.0;0.0;0.0;0.0;0.0;0.0;0.0;0.0;-5.825235843658447;-35.22581481933594;52.61399841308594;0.0;32.470001220703125;0.009999999776482582;518433240;2368;50;28;0;0;0
1748649615;227059586;49.130001068115234;-67.7699966430664;-119.26000213623047;0.0;0.0;0.0;0.01850000023841858;-0.029750000685453415;0.9965000152587891;5.559999942779541;-3.5399999618530273;-5.5;-5.825082302093506;-35.22566223144531;166.08999633789062;0.0;0.0;38.62799835205078;16.06999969482422;17.049999237060547;-21.389999389648438;0.0;0.0;0.0;0.0;0.0;0.0;0.0;0.0;0.0;12;0.0;0.0;0.0;0.0;0.0;0.0;0.0;0.0;0.0;0.0;0.0;0.0;0.0;0.0;0.0;0.0;-5.825235843658447;-35.22581481933594;52.61600112915039;0.0;323.2200012207031;0.0;518433280;2368;50;28;0;0;0
1748649615;266966843;48.59000015258789;-67.8499984741211;-118.83999633789062;0.0;0.0;0.0;0.01875000074505806;-0.029750000685453415;0.996749997138977;6.480000019073486;-2.1600000858306885;-0.47999998927116394;-5.825076103210449;-35.22565460205078;166.08999633789062;0.009999999776482582;0.0;38.117000579833984;16.31999969482422;17.34000015258789;-21.84000015258789;0.0;0.0;0.0;0.0;0.0;0.0;0.0;0.0;0.0;13;0.0;0.0;0.0;0.0;0.0;0.0;0.0;0.0;0.0;0.0;0.0;0.0;0.0;0.0;0.0;0.0;-5.825235843658447;-35.22581481933594;52.617000579833984;0.0;3.109999895095825;0.009999999776482582;518433320;2368;50;28;0;0;0
1748649615;307409461;47.95000076293945;-67.7300033569336;-118.33000183105469;0.0;0.0;0.0;0.01875000074505806;-0.029750000685453415;0.996749997138977;1.4199999570846558;-4.199999809265137;-4.440000057220459;-5.825069904327393;-35.225650787353516;166.08999633789062;-0.009999999776482582;0.0;37.597999572753906;16.56999969482422;17.639999389648438;-22.290000915527344;0.0;0.0;0.0;0.0;0.0;0.0;0.0;0.0;0.0;14;0.0;0.0;0.0;0.0;0.0;0.0;0.0;0.0;0.0;0.0;0.0;0.0;0.0;0.0;0.0;0.0;-5.825235843658447;-35.22581481933594;52.625;0.0;336.95001220703125;-0.009999999776482582;518433360;2368;50;28;0;0;0
1748649615;347356467;47.5099983215332;-67.81999969482422;-117.94000244140625;0.0;0.0;0.0;0.01875000074505806;-0.029750000685453415;0.996749997138977;3.799999952316284;1.559999942779541;0.5;-5.825063705444336;-35.225643157958984;166.08999633789062;-0.009999999776482582;0.0;37.06999969482422;16.81999969482422;17.93000030517578;-22.729999542236328;0.0;0.0;0.0;0.0;0.0;0.0;0.0;0.0;0.0;15;0.0;0.0;0.0;0.0;0.0;0.0;0.0;0.0;0.0;0.0;0.0;0.0;0.0;0.0;0.0;0.0;-5.825235843658447;-35.22581481933594;52.61800003051758;0.0;336.95001220703125;-0.009999999776482582;518433400;2368;50;28;0;0;0
1748649615;387576966;46.849998474121094;-67.56999969482422;-117.33000183105469;0.0;0.0;0.0;0.01875000074505806;-0.029750000685453415;0.9965000152587891;1.2999999523162842;-1.2200000286102295;-9.399999618530273;-5.825057029724121;-35.22563934326172;166.08999633789062;-0.029999999329447746;0.009999999776482582;36.152000427246094;17.06999969482422;18.229999542236328;-23.18000030517578;0.0;0.0;0.0;0.0;0.0;0.0;0.0;0.0;0.0;16;0.0;0.0;0.0;0.0;0.0;0.0;0.0;0.0;0.0;0.0;0.0;0.0;0.0;0.0;0.0;0.0;-5.825235843658447;-35.22581481933594;52.61800003051758;0.009999999776482582;222.47999572753906;-0.029999999329447746;518433440;2368;50;28;0;0;0
1748649615;427466723;45.95000076293945;-67.33999633789062;-116.55000305175781;0.0;0.0;0.0;0.01875000074505806;-0.029750000685453415;0.996749997138977;5.400000095367432;-3.7799999713897705;-12.220000267028809;-5.8250508308410645;-35.22563171386719;166.08999633789062;0.0;0.009999999776482582;35.5989990234375;17.31999969482422;18.520000457763672;-23.6200008392334;0.0;0.0;0.0;0.0;0.0;0.0;0.0;0.0;0.0;17;0.0;0.0;0.0;0.0;0.0;0.0;0.0;0.0;0.0;0.0;0.0;0.0;0.0;0.0;0.0;0.0;-5.825235843658447;-35.22581481933594;52.63999938964844;0.009999999776482582;206.52999877929688;0.0;518433480;2368;50;28;0;0;0
1748649615;467737846;45.130001068115234;-67.05999755859375;-115.81999969482422;0.0;0.0;0.0;0.01875000074505806;-0.029750000685453415;0.9962499737739563;4.599999904632568;-0.23999999463558197;-12.039999961853027;-5.82504415512085;-35.225624084472656;166.08999633789062;0.0;0.0;35.03900146484375;17.56999969482422;18.81999969482422;-24.06999969482422;0.0;0.0;0.0;0.0;0.0;0.0;0.0;0.0;0.0;18;0.0;0.0;0.0;0.0;0.0;0.0;0.0;0.0;0.0;0.0;0.0;0.0;0.0;0.0;0.0;0.0;-5.825235843658447;-35.22581481933594;52.63800048828125;0.0;229.9199981689453;0.0;518433520;2368;50;28;0;0;0
1748649615;507826598;44.31999969482422;-67.08000183105469;-115.23999786376953;0.0;0.0;0.0;0.01875000074505806;-0.029750000685453415;0.9965000152587891;5.71999979019165;-3.0199999809265137;-3.2799999713897705;-5.825037002563477;-35.22562026977539;166.08999633789062;-0.009999999776482582;0.0;34.470001220703125;17.809999465942383;19.110000610351562;-24.510000228881836;0.0;0.0;0.0;0.0;0.0;0.0;0.0;0.0;0.0;19;0.0;0.0;0.0;0.0;0.0;0.0;0.0;0.0;0.0;0.0;0.0;0.0;0.0;0.0;0.0;0.0;-5.825235843658447;-35.22581481933594;52.63399887084961;0.0;82.88999938964844;-0.009999999776482582;518433560;2368;50;28;0;0;0
1748649615;547904725;43.63999938964844;-66.97000122070312;-114.63999938964844;0.0;0.0;0.0;0.01875000074505806;-0.029750000685453415;0.996749997138977;6.920000076293945;0.14000000059604645;-8.859999656677246;-5.825030326843262;-35.22561264038086;166.08999633789062;-0.009999999776482582;0.0;33.89099884033203;18.059999465942383;19.40999984741211;-24.950000762939453;0.0;0.0;0.0;0.0;0.0;0.0;0.0;0.0;0.0;20;0.0;0.0;0.0;0.0;0.0;0.0;0.0;0.0;0.0;0.0;0.0;0.0;0.0;0.0;0.0;0.0;-5.825235843658447;-35.22581481933594;52.63800048828125;0.0;82.88999938964844;-0.009999999776482582;518433600;2368;50;28;0;0;0
1748649615;587805857;43.2599983215332;-67.01000213623047;-114.23999786376953;0.0;0.0;0.0;0.01875000074505806;-0.029750000685453415;0.996749997138977;5.820000171661377;-2.059999942779541;-1.9199999570846558;-5.825023174285889;-35.22560501098633;166.08999633789062;-0.009999999776482582;0.0;32.88399887084961;18.309999465942383;19.709999084472656;-25.389999389648438;0.0;0.0;0.0;0.0;0.0;0.0;0.0;0.0;0.0;21;0.0;0.0;0.0;0.0;0.0;0.0;0.0;0.0;0.0;0.0;0.0;0.0;0.0;0.0;0.0;0.0;-5.825235843658447;-35.22581481933594;52.63800048828125;0.0;311.0799865722656;-0.009999999776482582;518433640;2368;50;28;0;0;0
1748649615;627985232;42.560001373291016;-66.94000244140625;-113.66999816894531;0.0;0.0;0.0;0.01875000074505806;-0.029750000685453415;0.996749997138977;1.4600000381469727;-4.039999961853027;-7.179999828338623;-5.825016021728516;-35.22560119628906;166.08999633789062;0.019999999552965164;0.009999999776482582;32.28200149536133;18.549999237060547;20.010000228881836;-25.829999923706055;0.0;0.0;0.0;0.0;0.0;0.0;0.0;0.0;0.0;22;0.0;0.0;0.0;0.0;0.0;0.0;0.0;0.0;0.0;0.0;0.0;0.0;0.0;0.0;0.0;0.0;-5.825235843658447;-35.22581481933594;52.62900161743164;0.009999999776482582;9.979999542236328;0.019999999552965164;518433680;2368;50;28;0;0;0
1748649615;666981761;42.27000045776367;-66.8499984741211;-113.37999725341797;0.0;0.0;0.0;0.01850000023841858;-0.029750000685453415;0.996749997138977;0.699999988079071;0.07999999821186066;-2.700000047683716;-5.825008869171143;-35.22559356689453;166.08999633789062;0.0;0.009999999776482582;31.67300033569336;18.799999237060547;20.309999465942383;-26.260000228881836;0.0;0.0;0.0;0.0;0.0;0.0;0.0;0.0;0.0;23;0.0;0.0;0.0;0.0;0.0;0.0;0.0;0.0;0.0;0.0;0.0;0.0;0.0;0.0;0.0;0.0;-5.825235843658447;-35.22581481933594;52.63399887084961;0.009999999776482582;112.0199966430664;0.0;518433720;2368;50;28;0;0;0
1748649615;707110012;41.790000915527344;-66.77999877929688;-112.83000183105469;0.0;0.0;0.0;0.01875000074505806;-0.029750000685453415;0.996749997138977;3.9800000190734863;2.0399999618530273;-2.5799999237060547;-5.8250017166137695;-35.2255859375;166.08999633789062;0.019999999552965164;0.0;31.055999755859375;19.040000915527344;20.610000610351562;-26.700000762939453;0.0;0.0;0.0;0.0;0.0;0.0;0.0;0.0;0.0;24;0.0;0.0;0.0;0.0;0.0;0.0;0.0;0.0;0.0;0.0;0.0;0.0;0.0;0.0;0.0;0.0;-5.825235843658447;-35.22581481933594;52.62099838256836;0.0;323.4700012207031;0.019999999552965164;518433760;2368;50;28;0;0;0
1748649615;747252513;41.47999954223633;-66.73999786376953;-112.68000030517578;0.0;0.0;0.0;0.01875000074505806;-0.029750000685453415;0.996749997138977;0.800000011920929;-1.7400000095367432;0.8999999761581421;-5.8249945640563965;-35.22557830810547;166.08999633789062;0.019999999552965164;0.0;30.430999755859375;19.290000915527344;20.899999618530273;-27.1299991607666;0.0;0.0;0.0;0.0;0.0;0.0;0.0;0.0;0.0;25;0.0;0.0;0.0;0.0;0.0;0.0;0.0;0.0;0.0;0.0;0.0;0.0;0.0;0.0;0.0;0.0;-5.825235843658447;-35.22581481933594;52.625;0.0;323.4700012207031;0.019999999552965164;518433800;2368;50;28;0;0;0
1748649615;787270642;40.7400016784668;-66.6500015258789;-111.91000366210938;0.0;0.0;0.0;0.01875000074505806;-0.029750000685453415;0.996749997138977;5.0;-0.7200000286102295;-5.639999866485596;-5.824986934661865;-35.2255744934082;166.08999633789062;0.009999999776482582;0.0;51.70399856567383;19.540000915527344;21.200000762939453;-0.46000000834465027;0.0;0.0;0.0;0.0;0.0;0.0;0.0;0.0;0.0;26;0.0;0.0;0.0;0.0;0.0;0.0;0.0;0.0;0.0;0.0;0.0;0.0;0.0;0.0;0.0;0.0;-5.825235843658447;-35.22581481933594;52.625;0.0;42.43000030517578;0.009999999776482582;518433840;2368;50;28;0;0;0
1748649615;827412643;40.2400016784668;-66.54000091552734;-111.44999694824219;0.0;0.0;0.0;0.01875000074505806;-0.029750000685453415;0.996749997138977;4.71999979019165;1.0399999618530273;-5.320000171661377;-5.824979305267334;-35.22556686401367;166.08999633789062;0.0;0.0;51.68000030517578;19.780000686645508;21.5;-0.8899999856948853;0.0;0.0;0.0;0.0;0.0;0.0;0.0;0.0;0.0;27;0.0;0.0;0.0;0.0;0.0;0.0;0.0;0.0;0.0;0.0;0.0;0.0;0.0;0.0;0.0;0.0;-5.825235843658447;-35.22581481933594;52.63100051879883;0.0;210.2899932861328;0.0;518433880;2368;50;28;0;0;0
1748649615;867373273;39.689998626708984;-66.4800033569336;-110.87999725341797;0.0;0.0;0.0;0.01875000074505806;-0.029750000685453415;0.996749997138977;5.940000057220459;0.30000001192092896;-0.800000011920929;-5.824971675872803;-35.22555923461914;166.08999633789062;0.0;0.0;51.64500045776367;20.020000457763672;21.799999237060547;-1.3200000524520874;0.0;0.0;0.0;0.0;0.0;0.0;0.0;0.0;0.0;28;0.0;0.0;0.0;0.0;0.0;0.0;0.0;0.0;0.0;0.0;0.0;0.0;0.0;0.0;0.0;0.0;-5.825235843658447;-35.22581481933594;52.62699890136719;0.0;221.6300048828125;0.0;518433920;2368;50;28;0;0;0
1748649615;907533274;39.029998779296875;-66.27999877929688;-110.33000183105469;0.0;0.0;0.0;0.01850000023841858;-0.029750000685453415;0.996749997138977;5.039999961853027;1.4800000190734863;-5.179999828338623;-5.824963569641113;-35.22555160522461;166.08999633789062;0.0;0.009999999776482582;51.60100173950195;20.260000228881836;22.110000610351562;-1.7300000190734863;0.0;0.0;0.0;0.0;0.0;0.0;0.0;0.0;0.0;29;0.0;0.0;0.0;0.0;0.0;0.0;0.0;0.0;0.0;0.0;0.0;0.0;0.0;0.0;0.0;0.0;-5.825235843658447;-35.22581481933594;52.624000549316406;0.009999999776482582;156.72000122070312;0.0;518433960;2368;50;28;0;0;0
1748649615;947586652;37.959999084472656;-66.08000183105469;-109.94000244140625;0.0;0.0;0.0;0.01875000074505806;-0.029750000685453415;0.9965000152587891;3.0999999046325684;-0.47999998927116394;-5.5;-5.824955940246582;-35.22554397583008;166.10000610351562;0.0;0.009999999776482582;51.52299880981445;20.520000457763672;22.399999618530273;-2.1700000762939453;0.0;0.0;0.0;0.0;0.0;0.0;0.0;0.0;0.0;30;0.0;0.0;0.0;0.0;0.0;0.0;0.0;0.0;0.0;0.0;0.0;0.0;0.0;0.0;0.0;0.0;-5.825235843658447;-35.22581481933594;52.624000549316406;0.009999999776482582;156.72000122070312;0.0;518434000;2368;50;28;0;0;0
1748649615;987548907;37.41999816894531;-66.05999755859375;-109.41999816894531;0.0;0.0;0.0;0.01875000074505806;-0.029750000685453415;0.996749997138977;3.140000104904175;0.46000000834465027;-2.559999942779541;-5.824947834014893;-35.22553634643555;166.10000610351562;0.0;0.0;51.45800018310547;20.760000228881836;22.700000762939453;-2.5799999237060547;0.0;0.0;0.0;0.0;0.0;0.0;0.0;0.0;0.0;31;0.0;0.0;0.0;0.0;0.0;0.0;0.0;0.0;0.0;0.0;0.0;0.0;0.0;0.0;0.0;0.0;-5.825235843658447;-35.22581481933594;52.641998291015625;0.0;339.9599914550781;0.0;518434040;2368;50;28;0;0;0
1748649616;27866403;36.72999954223633;-65.95999908447266;-108.83000183105469;0.0;0.0;0.0;0.01850000023841858;-0.029750000685453415;0.996749997138977;8.84000015258789;-3.9800000190734863;-3.819999933242798;-5.824939250946045;-35.225528717041016;166.10000610351562;-0.009999999776482582;0.009999999776482582;51.38199996948242;21.010000228881836;23.0;-2.990000009536743;0.0;0.0;0.0;0.0;0.0;0.0;0.0;0.0;0.0;0;0.0;0.0;0.0;0.0;0.0;0.0;0.0;0.0;0.0;0.0;0.0;0.0;0.0;0.0;0.0;0.0;-5.825235843658447;-35.22581481933594;52.61600112915039;0.009999999776482582;345.04998779296875;-0.009999999776482582;518434080;2368;50;28;0;0;0
1748649616;67009304;36.349998474121094;-65.9800033569336;-108.37999725341797;0.0;0.0;0.0;0.01850000023841858;-0.029750000685453415;0.9965000152587891;2.700000047683716;0.30000001192092896;-0.9200000166893005;-5.8249311447143555;-35.225521087646484;166.10000610351562;0.009999999776482582;0.0;51.29999923706055;21.25;23.309999465942383;-3.390000104904175;0.0;0.0;0.0;0.0;0.0;0.0;0.0;0.0;0.0;1;0.0;0.0;0.0;0.0;0.0;0.0;0.0;0.0;0.0;0.0;0.0;0.0;0.0;0.0;0.0;0.0;-5.825235843658447;-35.22581481933594;52.62300109863281;0.0;68.04000091552734;0.009999999776482582;518434120;2368;50;28;0;0;0
1748649616;107160180;36.0;-65.9800033569336;-108.12999725341797;0.0;0.0;0.0;0.01875000074505806;-0.029750000685453415;0.996749997138977;2.2200000286102295;0.699999988079071;-4.579999923706055;-5.824922561645508;-35.22551345825195;166.10000610351562;0.0;0.0;51.202999114990234;21.5;23.610000610351562;-3.809999942779541;0.0;0.0;0.0;0.0;0.0;0.0;0.0;0.0;0.0;2;0.0;0.0;0.0;0.0;0.0;0.0;0.0;0.0;0.0;0.0;0.0;0.0;0.0;0.0;0.0;0.0;-5.825235843658447;-35.22581481933594;52.60599899291992;0.0;271.760009765625;0.0;518434160;2368;50;28;0;0;0
1748649616;147214683;35.599998474121094;-65.93000030517578;-107.6500015258789;0.0;0.0;0.0;0.01875000074505806;-0.029750000685453415;0.9965000152587891;3.619999885559082;3.619999885559082;-2.1600000858306885;-5.82491397857666;-35.22550582885742;166.10000610351562;0.0;0.0;51.099998474121094;21.75;23.90999984741211;-4.239999771118164;0.0;0.0;0.0;0.0;0.0;0.0;0.0;0.0;0.0;3;0.0;0.0;0.0;0.0;0.0;0.0;0.0;0.0;0.0;0.0;0.0;0.0;0.0;0.0;0.0;0.0;-5.825235843658447;-35.22581481933594;52.625;0.0;271.760009765625;0.0;518434200;2368;50;28;0;0;0
1748649616;187080440;34.970001220703125;-65.87000274658203;-107.18000030517578;0.0;0.0;0.0;0.01875000074505806;-0.029750000685453415;0.996749997138977;4.699999809265137;-1.659999966621399;-2.140000104904175;-5.8249053955078125;-35.22549819946289;166.10000610351562;0.0;0.0;50.92100143432617;21.989999771118164;24.219999313354492;-4.670000076293945;0.0;0.0;0.0;0.0;0.0;0.0;0.0;0.0;0.0;4;0.0;0.0;0.0;0.0;0.0;0.0;0.0;0.0;0.0;0.0;0.0;0.0;0.0;0.0;0.0;0.0;-5.825235843658447;-35.22581481933594;52.625;0.0;244.77000427246094;0.0;518434240;2368;50;28;0;0;0
1748649616;227333188;34.459999084472656;-65.9000015258789;-106.6500015258789;0.0;0.0;0.0;0.01850000023841858;-0.029500000178813934;0.9965000152587891;8.039999961853027;2.880000114440918;-1.4600000381469727;-5.824896335601807;-35.22549057006836;166.10000610351562;0.009999999776482582;0.0;50.79100036621094;22.229999542236328;24.520000457763672;-5.090000152587891;0.0;0.0;0.0;0.0;0.0;0.0;0.0;0.0;0.0;5;0.0;0.0;0.0;0.0;0.0;0.0;0.0;0.0;0.0;0.0;0.0;0.0;0.0;0.0;0.0;0.0;-5.825235843658447;-35.22581481933594;52.608001708984375;0.0;52.650001525878906;0.009999999776482582;518434280;2368;50;28;0;0;0
1748649616;267416316;33.790000915527344;-65.7699966430664;-105.94999694824219;0.0;0.0;0.0;0.01875000074505806;-0.029750000685453415;0.996999979019165;5.599999904632568;2.119999885559082;-4.039999961853027;-5.824887275695801;-35.22548294067383;166.10000610351562;0.0;0.009999999776482582;50.6510009765625;22.479999542236328;24.829999923706055;-5.510000228881836;0.0;0.0;0.0;0.0;0.0;0.0;0.0;0.0;0.0;6;0.0;0.0;0.0;0.0;0.0;0.0;0.0;0.0;0.0;0.0;0.0;0.0;0.0;0.0;0.0;0.0;-5.825235843658447;-35.22581481933594;52.606998443603516;0.009999999776482582;281.1000061035156;0.0;518434320;2368;50;28;0;0;0
1748649616;307669314;33.2400016784668;-65.70999908447266;-105.2699966430664;0.0;0.0;0.0;0.01875000074505806;-0.029750000685453415;0.996749997138977;5.679999828338623;5.639999866485596;-2.799999952316284;-5.824878215789795;-35.2254753112793;166.10000610351562;0.0;0.0;50.505001068115234;22.719999313354492;25.1299991607666;-5.929999828338623;0.0;0.0;0.0;0.0;0.0;0.0;0.0;0.0;0.0;7;0.0;0.0;0.0;0.0;0.0;0.0;0.0;0.0;0.0;0.0;0.0;0.0;0.0;0.0;0.0;0.0;-5.825235843658447;-35.22581481933594;52.608001708984375;0.0;313.3599853515625;0.0;518434360;2368;50;28;0;0;0
1748649616;347584945;32.900001525878906;-65.62999725341797;-104.97000122070312;0.0;0.0;0.0;0.01875000074505806;-0.029750000685453415;0.996749997138977;0.6200000047683716;-0.03999999910593033;-2.1600000858306885;-5.824869155883789;-35.225467681884766;166.10000610351562;0.0;0.0;50.35100173950195;22.969999313354492;25.440000534057617;-6.349999904632568;0.0;0.0;0.0;0.0;0.0;0.0;0.0;0.0;0.0;8;0.0;0.0;0.0;0.0;0.0;0.0;0.0;0.0;0.0;0.0;0.0;0.0;0.0;0.0;0.0;0.0;-5.825235843658447;-35.22581481933594;52.60200119018555;0.0;313.3599853515625;0.0;518434400;2368;50;28;0;0;0
1748649616;387640323;32.34000015258789;-65.47000122070312;-104.38999938964844;0.0;0.0;0.0;0.01875000074505806;-0.029999999329447746;0.996749997138977;5.179999828338623;2.9200000762939453;-5.920000076293945;-5.824860095977783;-35.22545623779297;166.10000610351562;0.0;0.0;50.0880012512207;23.209999084472656;25.739999771118164;-6.769999980926514;0.0;0.0;0.0;0.0;0.0;0.0;0.0;0.0;0.0;9;0.0;0.0;0.0;0.0;0.0;0.0;0.0;0.0;0.0;0.0;0.0;0.0;0.0;0.0;0.0;0.0;-5.825235843658447;-35.22581481933594;52.60200119018555;0.0;119.16000366210938;0.0;518434440;2368;50;28;0;0;0
1748649616;427896571;31.6299991607666;-65.66000366210938;-103.7699966430664;0.0;0.0;0.0;0.01875000074505806;-0.029750000685453415;0.9965000152587891;11.479999542236328;-0.800000011920929;4.679999828338623;-5.824850559234619;-35.22544860839844;166.10000610351562;0.0;0.0;49.90700149536133;23.459999084472656;26.049999237060547;-7.190000057220459;0.0;0.0;0.0;0.0;0.0;0.0;0.0;0.0;0.0;10;0.0;0.0;0.0;0.0;0.0;0.0;0.0;0.0;0.0;0.0;0.0;0.0;0.0;0.0;0.0;0.0;-5.825235843658447;-35.22581481933594;52.599998474121094;0.0;198.85000610351562;0.0;518434480;2368;50;28;0;0;0
1748649616;466964099;31.049999237060547;-65.5199966430664;-103.0999984741211;0.0;0.0;0.0;0.01875000074505806;-0.029750000685453415;0.996749997138977;6.71999979019165;2.9600000381469727;-6.900000095367432;-5.824841022491455;-35.225440979003906;166.10000610351562;0.009999999776482582;0.0;49.720001220703125;23.700000762939453;26.350000381469727;-7.610000133514404;0.0;0.0;0.0;0.0;0.0;0.0;0.0;0.0;0.0;11;0.0;0.0;0.0;0.0;0.0;0.0;0.0;0.0;0.0;0.0;0.0;0.0;0.0;0.0;0.0;0.0;-5.825235843658447;-35.22581481933594;52.5890007019043;0.0;25.0;0.009999999776482582;518434520;2368;50;28;0;0;0
1748649616;507207222;30.469999313354492;-65.44000244140625;-102.4800033569336;0.0;0.0;0.0;0.01875000074505806;-0.029500000178813934;0.996749997138977;6.340000152587891;2.180000066757202;0.11999999731779099;-5.824831485748291;-35.225433349609375;166.10000610351562;0.0;0.0;49.52199935913086;23.950000762939453;26.65999984741211;-8.020000457763672;0.0;0.0;0.0;0.0;0.0;0.0;0.0;0.0;0.0;12;0.0;0.0;0.0;0.0;0.0;0.0;0.0;0.0;0.0;0.0;0.0;0.0;0.0;0.0;0.0;0.0;-5.825235843658447;-35.22581481933594;52.58000183105469;0.0;251.42999267578125;0.0;518434560;2368;50;28;0;0;0
1748649616;547338223;30.260000228881836;-65.37999725341797;-102.27999877929688;0.0;0.0;0.0;0.01875000074505806;-0.029750000685453415;0.996749997138977;-0.2800000011920929;0.9200000166893005;-3.0199999809265137;-5.824821949005127;-35.22542190551758;166.10000610351562;0.0;0.0;49.31999969482422;24.190000534057617;26.969999313354492;-8.430000305175781;0.0;0.0;0.0;0.0;0.0;0.0;0.0;0.0;0.0;13;0.0;0.0;0.0;0.0;0.0;0.0;0.0;0.0;0.0;0.0;0.0;0.0;0.0;0.0;0.0;0.0;-5.825235843658447;-35.22581481933594;52.59299850463867;0.0;251.42999267578125;0.0;518434600;2368;50;28;0;0;0
1748649616;587178356;29.649999618530273;-65.19999694824219;-101.79000091552734;0.0;0.0;0.0;0.01875000074505806;-0.029750000685453415;0.9965000152587891;8.300000190734863;-2.359999895095825;-8.479999542236328;-5.824811935424805;-35.22541427612305;166.10000610351562;0.009999999776482582;0.0;48.9739990234375;24.43000030517578;27.270000457763672;-8.84000015258789;0.0;0.0;0.0;0.0;0.0;0.0;0.0;0.0;0.0;14;0.0;0.0;0.0;0.0;0.0;0.0;0.0;0.0;0.0;0.0;0.0;0.0;0.0;0.0;0.0;0.0;-5.825235843658447;-35.22581481933594;52.59299850463867;0.0;344.0199890136719;0.009999999776482582;518434640;2368;50;28;0;0;0
1748649616;627425230;28.719999313354492;-64.88999938964844;-101.16000366210938;0.0;0.0;0.0;0.01875000074505806;-0.029750000685453415;0.996749997138977;8.84000015258789;-4.340000152587891;-8.600000381469727;-5.824801921844482;-35.225406646728516;166.10000610351562;0.009999999776482582;0.0;48.74700164794922;24.68000030517578;27.579999923706055;-9.25;0.0;0.0;0.0;0.0;0.0;0.0;0.0;0.0;0.0;15;0.0;0.0;0.0;0.0;0.0;0.0;0.0;0.0;0.0;0.0;0.0;0.0;0.0;0.0;0.0;0.0;-5.825235843658447;-35.22581481933594;52.584999084472656;0.0;4.130000114440918;0.009999999776482582;518434680;2368;50;28;0;0;0
1748649616;667550231;28.450000762939453;-64.83999633789062;-100.97000122070312;0.0;0.0;0.0;0.01875000074505806;-0.029750000685453415;0.996749997138977;3.2799999713897705;-0.9800000190734863;-0.5199999809265137;-5.82479190826416;-35.22539520263672;166.10000610351562;0.0;0.009999999776482582;48.51300048828125;24.920000076293945;27.889999389648438;-9.65999984741211;0.0;0.0;0.0;0.0;0.0;0.0;0.0;0.0;0.0;16;0.0;0.0;0.0;0.0;0.0;0.0;0.0;0.0;0.0;0.0;0.0;0.0;0.0;0.0;0.0;0.0;-5.825235843658447;-35.22581481933594;52.57400131225586;0.009999999776482582;285.7799987792969;0.0;518434720;2368;50;28;0;0;0
1748649616;707469862;28.010000228881836;-64.73999786376953;-100.58000183105469;0.0;0.0;0.0;0.01875000074505806;-0.029750000685453415;0.9965000152587891;3.7799999713897705;-0.20000000298023224;-1.0199999809265137;-5.824781894683838;-35.22538757324219;166.10000610351562;0.0;0.0;48.270999908447266;25.15999984741211;28.200000762939453;-10.069999694824219;0.0;0.0;0.0;0.0;0.0;0.0;0.0;0.0;0.0;17;0.0;0.0;0.0;0.0;0.0;0.0;0.0;0.0;0.0;0.0;0.0;0.0;0.0;0.0;0.0;0.0;-5.825235843658447;-35.22581481933594;52.569000244140625;0.0;240.5;0.0;518434760;2368;50;28;0;0;0
1748649616;747597738;27.709999084472656;-64.61000061035156;-100.23999786376953;0.0;0.0;0.0;0.01875000074505806;-0.029750000685453415;0.996749997138977;3.180000066757202;1.6799999475479126;-2.819999933242798;-5.824771881103516;-35.225379943847656;166.10000610351562;0.0;0.0;48.020999908447266;25.399999618530273;28.510000228881836;-10.479999542236328;0.0;0.0;0.0;0.0;0.0;0.0;0.0;0.0;0.0;18;0.0;0.0;0.0;0.0;0.0;0.0;0.0;0.0;0.0;0.0;0.0;0.0;0.0;0.0;0.0;0.0;-5.825235843658447;-35.22581481933594;52.56800079345703;0.0;240.5;0.0;518434800;2368;50;28;0;0;0
1748649616;787682116;27.079999923706055;-64.58000183105469;-99.66999816894531;0.0;0.0;0.0;0.01875000074505806;-0.029750000685453415;0.996749997138977;7.360000133514404;3.359999895095825;0.6399999856948853;-5.824761390686035;-35.22536849975586;166.10000610351562;-0.009999999776482582;0.0;47.59299850463867;25.639999389648438;28.81999969482422;-10.890000343322754;0.0;0.0;0.0;0.0;0.0;0.0;0.0;0.0;0.0;19;0.0;0.0;0.0;0.0;0.0;0.0;0.0;0.0;0.0;0.0;0.0;0.0;0.0;0.0;0.0;0.0;-5.825235843658447;-35.22581481933594;52.56800079345703;0.0;210.47000122070312;-0.009999999776482582;518434840;2368;50;28;0;0;0
1748649616;827914614;26.6299991607666;-64.41000366210938;-99.37000274658203;0.0;0.0;0.0;0.01875000074505806;-0.029750000685453415;0.9965000152587891;4.320000171661377;-3.0;-5.579999923706055;-5.824750900268555;-35.22536087036133;166.10000610351562;0.0;0.0;47.31999969482422;25.8799991607666;29.1299991607666;-11.289999961853027;0.0;0.0;0.0;0.0;0.0;0.0;0.0;0.0;0.0;20;0.0;0.0;0.0;0.0;0.0;0.0;0.0;0.0;0.0;0.0;0.0;0.0;0.0;0.0;0.0;0.0;-5.825235843658447;-35.22581481933594;52.564998626708984;0.0;142.60000610351562;0.0;518434880;2368;50;28;0;0;0
1748649616;867862870;26.170000076293945;-64.0999984741211;-98.91999816894531;0.0;0.0;0.0;0.01875000074505806;-0.029750000685453415;0.996999979019165;5.079999923706055;0.9200000166893005;-2.740000009536743;-5.824740409851074;-35.22534942626953;166.10000610351562;0.0;0.009999999776482582;47.0369987487793;26.1200008392334;29.440000534057617;-11.699999809265137;0.0;0.0;0.0;0.0;0.0;0.0;0.0;0.0;0.0;21;0.0;0.0;0.0;0.0;0.0;0.0;0.0;0.0;0.0;0.0;0.0;0.0;0.0;0.0;0.0;0.0;-5.825235843658447;-35.22581481933594;52.58000183105469;0.009999999776482582;327.8500061035156;0.0;518434920;2368;50;28;0;0;0
1748649616;906958022;25.610000610351562;-64.13999938964844;-98.4800033569336;0.0;0.0;0.0;0.01850000023841858;-0.029750000685453415;0.996999979019165;8.079999923706055;-2.8399999141693115;1.5800000429153442;-5.8247294425964355;-35.225341796875;166.10000610351562;0.0;0.0;46.74700164794922;26.360000610351562;29.75;-12.100000381469727;0.0;0.0;0.0;0.0;0.0;0.0;0.0;0.0;0.0;22;0.0;0.0;0.0;0.0;0.0;0.0;0.0;0.0;0.0;0.0;0.0;0.0;0.0;0.0;0.0;0.0;-5.825235843658447;-35.22581481933594;52.582000732421875;0.0;108.91999816894531;0.0;518434960;2368;50;28;0;0;0
1748649616;947088648;29.110000610351562;-64.06999969482422;-97.80999755859375;0.0;0.0;0.0;0.01875000074505806;-0.029750000685453415;0.9965000152587891;6.039999961853027;0.2800000011920929;-1.6399999856948853;-5.824719429016113;-35.2253303527832;166.1300048828125;0.0;0.0;46.255001068115234;26.6299991607666;30.030000686645508;-12.5;0.0;0.0;0.0;0.0;0.0;0.0;0.0;0.0;0.0;23;0.0;0.0;0.0;0.0;0.0;0.0;0.0;0.0;0.0;0.0;0.0;0.0;0.0;0.0;0.0;0.0;-5.825235843658447;-35.22581481933594;52.582000732421875;0.0;108.91999816894531;0.0;518435000;2368;50;28;0;0;0
1748649616;987032029;28.600000381469727;-63.959999084472656;-97.30999755859375;0.0;0.0;0.0;0.01899999938905239;-0.029750000685453415;0.9965000152587891;5.900000095367432;1.940000057220459;-4.820000171661377;-5.824708461761475;-35.22532272338867;166.1300048828125;-0.009999999776482582;0.009999999776482582;45.944000244140625;26.860000610351562;30.350000381469727;-12.899999618530273;0.0;0.0;0.0;0.0;0.0;0.0;0.0;0.0;0.0;24;0.0;0.0;0.0;0.0;0.0;0.0;0.0;0.0;0.0;0.0;0.0;0.0;0.0;0.0;0.0;0.0;-5.825235843658447;-35.22581481933594;52.57600021362305;0.009999999776482582;77.26000213623047;-0.009999999776482582;518435040;2368;50;28;0;0;0
1748649617;27254402;28.31999969482422;-63.849998474121094;-96.9800033569336;0.0;0.0;0.0;0.01875000074505806;-0.029750000685453415;0.996749997138977;2.5399999618530273;-0.10000000149011612;-2.799999952316284;-5.824697017669678;-35.225311279296875;166.1300048828125;0.0;0.0;45.625;27.100000381469727;30.65999984741211;-13.300000190734863;0.0;0.0;0.0;0.0;0.0;0.0;0.0;0.0;0.0;25;0.0;0.0;0.0;0.0;0.0;0.0;0.0;0.0;0.0;0.0;0.0;0.0;0.0;0.0;0.0;0.0;-5.825235843658447;-35.22581481933594;52.582000732421875;0.0;260.1000061035156;0.0;518435080;2368;50;28;0;0;0
1748649617;67272906;27.639999389648438;-63.84000015258789;-96.29000091552734;0.0;0.0;0.0;0.01875000074505806;-0.029750000685453415;0.996749997138977;10.220000267028809;3.180000066757202;-1.059999942779541;-5.824686050415039;-35.22529983520508;166.1300048828125;0.029999999329447746;0.0;45.29999923706055;27.34000015258789;30.969999313354492;-13.699999809265137;0.0;0.0;0.0;0.0;0.0;0.0;0.0;0.0;0.0;26;0.0;0.0;0.0;0.0;0.0;0.0;0.0;0.0;0.0;0.0;0.0;0.0;0.0;0.0;0.0;0.0;-5.825235843658447;-35.22581481933594;52.58599853515625;0.0;258.0;0.029999999329447746;518435120;2368;50;28;0;0;0
1748649617;107393658;27.280000686645508;-63.72999954223633;-95.80999755859375;0.0;0.0;0.0;0.01875000074505806;-0.029750000685453415;0.996749997138977;5.340000152587891;5.800000190734863;-2.7200000286102295;-5.824674606323242;-35.22529220581055;166.1300048828125;0.019999999552965164;0.009999999776482582;44.96699905395508;27.579999923706055;31.280000686645508;-14.09000015258789;0.0;0.0;0.0;0.0;0.0;0.0;0.0;0.0;0.0;27;0.0;0.0;0.0;0.0;0.0;0.0;0.0;0.0;0.0;0.0;0.0;0.0;0.0;0.0;0.0;0.0;-5.825235843658447;-35.22581481933594;52.584999084472656;0.009999999776482582;83.30000305175781;0.019999999552965164;518435160;2368;50;28;0;0;0
1748649617;147552658;26.950000762939453;-63.59000015258789;-95.6500015258789;0.0;0.0;0.0;0.01850000023841858;-0.029750000685453415;0.996749997138977;4.800000190734863;-3.640000104904175;-2.0199999809265137;-5.8246636390686035;-35.22528076171875;166.1300048828125;0.019999999552965164;0.009999999776482582;44.625999450683594;27.809999465942383;31.59000015258789;-14.489999771118164;0.0;0.0;0.0;0.0;0.0;0.0;0.0;0.0;0.0;28;0.0;0.0;0.0;0.0;0.0;0.0;0.0;0.0;0.0;0.0;0.0;0.0;0.0;0.0;0.0;0.0;-5.825235843658447;-35.22581481933594;52.584999084472656;0.009999999776482582;83.30000305175781;0.019999999552965164;518435200;2368;50;28;0;0;0
1748649617;187495789;26.420000076293945;-63.56999969482422;-95.19999694824219;0.0;0.0;0.0;0.01875000074505806;-0.029750000685453415;0.996749997138977;6.079999923706055;0.6000000238418579;-3.3399999141693115;-5.824652194976807;-35.22527313232422;166.1300048828125;0.0;0.009999999776482582;44.03900146484375;28.049999237060547;31.90999984741211;-14.880000114440918;0.0;0.0;0.0;0.0;0.0;0.0;0.0;0.0;0.0;29;0.0;0.0;0.0;0.0;0.0;0.0;0.0;0.0;0.0;0.0;0.0;0.0;0.0;0.0;0.0;0.0;-5.825235843658447;-35.22581481933594;52.584999084472656;0.009999999776482582;324.3800048828125;0.0;518435240;2368;50;28;0;0;0
1748649617;227643290;26.049999237060547;-63.52000045776367;-94.73999786376953;0.0;0.0;0.0;0.01875000074505806;-0.029750000685453415;0.996999979019165;3.140000104904175;4.679999828338623;-3.180000066757202;-5.824640274047852;-35.22526168823242;166.1300048828125;0.0;0.0;43.67399978637695;28.290000915527344;32.220001220703125;-15.270000457763672;0.0;0.0;0.0;0.0;0.0;0.0;0.0;0.0;0.0;30;0.0;0.0;0.0;0.0;0.0;0.0;0.0;0.0;0.0;0.0;0.0;0.0;0.0;0.0;0.0;0.0;-5.825235843658447;-35.22581481933594;52.595001220703125;0.0;158.6199951171875;0.0;518435280;2368;50;28;0;0;0
1748649617;267816040;25.43000030517578;-63.400001525878906;-94.13999938964844;0.0;0.0;0.0;0.01875000074505806;-0.029750000685453415;0.996749997138977;8.720000267028809;0.5;-3.700000047683716;-5.824628829956055;-35.225250244140625;166.1300048828125;-0.019999999552965164;0.0;43.30400085449219;28.520000457763672;32.529998779296875;-15.65999984741211;0.0;0.0;0.0;0.0;0.0;0.0;0.0;0.0;0.0;31;0.0;0.0;0.0;0.0;0.0;0.0;0.0;0.0;0.0;0.0;0.0;0.0;0.0;0.0;0.0;0.0;-5.825235843658447;-35.22581481933594;52.597999572753906;0.0;174.50999450683594;-0.019999999552965164;518435320;2368;50;28;0;0;0
1748649617;307680547;25.110000610351562;-63.29999923706055;-93.9000015258789;0.0;0.0;0.0;0.01875000074505806;-0.029750000685453415;0.9965000152587891;3.8399999141693115;-0.46000000834465027;-0.9800000190734863;-5.8246169090271;-35.225242614746094;166.1300048828125;-0.009999999776482582;0.0;42.92599868774414;28.760000228881836;32.849998474121094;-16.049999237060547;0.0;0.0;0.0;0.0;0.0;0.0;0.0;0.0;0.0;0;0.0;0.0;0.0;0.0;0.0;0.0;0.0;0.0;0.0;0.0;0.0;0.0;0.0;0.0;0.0;0.0;-5.825235843658447;-35.22581481933594;52.590999603271484;0.0;307.4200134277344;-0.009999999776482582;518435360;2368;50;28;0;0;0
1748649617;347879297;24.540000915527344;-63.220001220703125;-93.44999694824219;0.0;0.0;0.0;0.01850000023841858;-0.029750000685453415;0.996749997138977;4.539999961853027;-1.5;-3.319999933242798;-5.8246049880981445;-35.2252311706543;166.1300048828125;-0.009999999776482582;0.0;42.54199981689453;28.989999771118164;33.15999984741211;-16.440000534057617;0.0;0.0;0.0;0.0;0.0;0.0;0.0;0.0;0.0;1;0.0;0.0;0.0;0.0;0.0;0.0;0.0;0.0;0.0;0.0;0.0;0.0;0.0;0.0;0.0;0.0;-5.825235843658447;-35.22581481933594;52.599998474121094;0.0;307.4200134277344;-0.009999999776482582;518435400;2368;50;28;0;0;0
1748649617;386848827;24.25;-63.13999938964844;-93.05999755859375;0.0;0.0;0.0;0.01875000074505806;-0.029750000685453415;0.996749997138977;2.259999990463257;3.880000114440918;0.11999999731779099;-5.8245930671691895;-35.2252197265625;166.1300048828125;0.019999999552965164;0.009999999776482582;41.87699890136719;29.229999542236328;33.470001220703125;-16.829999923706055;0.0;0.0;0.0;0.0;0.0;0.0;0.0;0.0;0.0;2;0.0;0.0;0.0;0.0;0.0;0.0;0.0;0.0;0.0;0.0;0.0;0.0;0.0;0.0;0.0;0.0;-5.825235843658447;-35.22581481933594;52.599998474121094;0.009999999776482582;303.80999755859375;0.019999999552965164;518435440;2368;50;28;0;0;0
1748649617;426941329;23.959999084472656;-63.0099983215332;-92.8499984741211;0.0;0.0;0.0;0.01850000023841858;-0.029750000685453415;0.996749997138977;4.260000228881836;-0.5600000023841858;-3.440000057220459;-5.824580669403076;-35.2252082824707;166.1300048828125;-0.009999999776482582;0.0;41.470001220703125;29.459999084472656;33.790000915527344;-17.209999084472656;0.0;0.0;0.0;0.0;0.0;0.0;0.0;0.0;0.0;3;0.0;0.0;0.0;0.0;0.0;0.0;0.0;0.0;0.0;0.0;0.0;0.0;0.0;0.0;0.0;0.0;-5.825235843658447;-35.22581481933594;52.604000091552734;0.0;24.450000762939453;-0.009999999776482582;518435480;2368;50;28;0;0;0
1748649617;466941208;23.639999389648438;-62.900001525878906;-92.48999786376953;0.0;0.0;0.0;0.01875000074505806;-0.029750000685453415;0.996749997138977;3.5399999618530273;1.0399999618530273;-2.259999990463257;-5.824568271636963;-35.225196838378906;166.1300048828125;0.019999999552965164;0.0;41.05699920654297;29.700000762939453;34.099998474121094;-17.600000381469727;0.0;0.0;0.0;0.0;0.0;0.0;0.0;0.0;0.0;4;0.0;0.0;0.0;0.0;0.0;0.0;0.0;0.0;0.0;0.0;0.0;0.0;0.0;0.0;0.0;0.0;-5.825235843658447;-35.22581481933594;52.599998474121094;0.0;79.55999755859375;0.019999999552965164;518435520;2368;50;28;0;0;0
1748649617;507043210;23.479999542236328;-62.79999923706055;-92.44000244140625;0.0;0.0;0.0;0.01875000074505806;-0.029500000178813934;0.996749997138977;1.559999942779541;-0.8199999928474426;-1.9800000190734863;-5.82455587387085;-35.225189208984375;166.1300048828125;-0.009999999776482582;0.0;40.637001037597656;29.93000030517578;34.41999816894531;-17.979999542236328;0.0;0.0;0.0;0.0;0.0;0.0;0.0;0.0;0.0;5;0.0;0.0;0.0;0.0;0.0;0.0;0.0;0.0;0.0;0.0;0.0;0.0;0.0;0.0;0.0;0.0;-5.825235843658447;-35.22581481933594;52.6150016784668;0.0;72.73999786376953;-0.009999999776482582;518435560;2368;50;28;0;0;0
1748649617;547280333;23.059999465942383;-62.77000045776367;-91.94000244140625;0.0;0.0;0.0;0.01875000074505806;-0.029750000685453415;0.9965000152587891;7.0;2.0199999809265137;1.1399999856948853;-5.824543476104736;-35.22517776489258;166.1300048828125;-0.009999999776482582;0.0;40.209999084472656;30.15999984741211;34.72999954223633;-18.360000610351562;0.0;0.0;0.0;0.0;0.0;0.0;0.0;0.0;0.0;6;0.0;0.0;0.0;0.0;0.0;0.0;0.0;0.0;0.0;0.0;0.0;0.0;0.0;0.0;0.0;0.0;-5.825235843658447;-35.22581481933594;52.611000061035156;0.0;72.73999786376953;-0.009999999776482582;518435600;2368;50;28;0;0;0
1748649617;587302962;22.56999969482422;-62.68000030517578;-91.31999969482422;0.0;0.0;0.0;0.01875000074505806;-0.029750000685453415;0.996749997138977;4.28000020980835;6.880000114440918;-6.179999828338623;-5.824531078338623;-35.22516632080078;166.1300048828125;-0.009999999776482582;0.0;39.46699905395508;30.399999618530273;35.04999923706055;-18.75;0.0;0.0;0.0;0.0;0.0;0.0;0.0;0.0;0.0;7;0.0;0.0;0.0;0.0;0.0;0.0;0.0;0.0;0.0;0.0;0.0;0.0;0.0;0.0;0.0;0.0;-5.825235843658447;-35.22581481933594;52.611000061035156;0.0;152.69000244140625;-0.009999999776482582;518435640;2368;50;28;0;0;0
1748649617;627517211;22.31999969482422;-62.619998931884766;-91.04000091552734;0.0;0.0;0.0;0.01875000074505806;-0.029750000685453415;0.996749997138977;0.8199999928474426;1.0199999809265137;-0.1599999964237213;-5.824518203735352;-35.225154876708984;166.1300048828125;0.0;0.0;39.018001556396484;30.6299991607666;35.36000061035156;-19.1299991607666;0.0;0.0;0.0;0.0;0.0;0.0;0.0;0.0;0.0;8;0.0;0.0;0.0;0.0;0.0;0.0;0.0;0.0;0.0;0.0;0.0;0.0;0.0;0.0;0.0;0.0;-5.825235843658447;-35.22581481933594;52.62300109863281;0.0;239.75999450683594;0.0;518435680;2368;50;28;0;0;0
1748649617;667334095;21.8799991607666;-62.45000076293945;-90.62999725341797;0.0;0.0;0.0;0.01875000074505806;-0.029750000685453415;0.9965000152587891;7.679999828338623;1.0199999809265137;-2.4000000953674316;-5.82450532913208;-35.22514343261719;166.1300048828125;0.0;0.0;38.5620002746582;30.8700008392334;35.68000030517578;-19.510000228881836;0.0;0.0;0.0;0.0;0.0;0.0;0.0;0.0;0.0;9;0.0;0.0;0.0;0.0;0.0;0.0;0.0;0.0;0.0;0.0;0.0;0.0;0.0;0.0;0.0;0.0;-5.825235843658447;-35.22581481933594;52.606998443603516;0.0;295.5299987792969;0.0;518435720;2368;50;28;0;0;0
1748649617;707527470;21.510000228881836;-62.34000015258789;-90.2699966430664;0.0;0.0;0.0;0.01875000074505806;-0.029750000685453415;0.9965000152587891;5.079999923706055;0.8399999737739563;-5.579999923706055;-5.824492454528809;-35.22513198852539;166.1300048828125;0.0;0.0;38.0989990234375;31.100000381469727;35.9900016784668;-19.8799991607666;0.0;0.0;0.0;0.0;0.0;0.0;0.0;0.0;0.0;10;0.0;0.0;0.0;0.0;0.0;0.0;0.0;0.0;0.0;0.0;0.0;0.0;0.0;0.0;0.0;0.0;-5.825235843658447;-35.22581481933594;52.62200164794922;0.0;228.8000030517578;0.0;518435760;2368;50;28;0;0;0
1748649617;747679220;21.0;-62.349998474121094;-89.62999725341797;0.0;0.0;0.0;0.01850000023841858;-0.029750000685453415;0.996749997138977;8.819999694824219;6.400000095367432;2.740000009536743;-5.824479103088379;-35.225120544433594;166.1300048828125;0.0;0.0;37.630001068115234;31.329999923706055;36.310001373291016;-20.260000228881836;0.0;0.0;0.0;0.0;0.0;0.0;0.0;0.0;0.0;11;0.0;0.0;0.0;0.0;0.0;0.0;0.0;0.0;0.0;0.0;0.0;0.0;0.0;0.0;0.0;0.0;-5.825235843658447;-35.22581481933594;52.632999420166016;0.0;228.8000030517578;0.0;518435800;2368;50;28;0;0;0
1748649617;787698099;20.700000762939453;-62.36000061035156;-89.37000274658203;0.0;0.0;0.0;0.01875000074505806;-0.029750000685453415;0.996749997138977;3.259999990463257;0.8600000143051147;-0.5199999809265137;-5.824466228485107;-35.2251091003418;166.1300048828125;0.0;0.0;36.8120002746582;31.56999969482422;36.619998931884766;-20.6299991607666;0.0;0.0;0.0;0.0;0.0;0.0;0.0;0.0;0.0;12;0.0;0.0;0.0;0.0;0.0;0.0;0.0;0.0;0.0;0.0;0.0;0.0;0.0;0.0;0.0;0.0;-5.825235843658447;-35.22581481933594;52.632999420166016;0.0;247.75999450683594;0.0;518435840;2368;50;28;0;0;0
1748649617;827833350;20.110000610351562;-62.34000015258789;-88.8499984741211;0.0;0.0;0.0;0.01875000074505806;-0.029750000685453415;0.9965000152587891;6.320000171661377;-0.3199999928474426;-1.2200000286102295;-5.824452877044678;-35.22509765625;166.1300048828125;-0.009999999776482582;0.0;36.32099914550781;31.799999237060547;36.939998626708984;-21.010000228881836;0.0;0.0;0.0;0.0;0.0;0.0;0.0;0.0;0.0;13;0.0;0.0;0.0;0.0;0.0;0.0;0.0;0.0;0.0;0.0;0.0;0.0;0.0;0.0;0.0;0.0;-5.825235843658447;-35.22581481933594;52.63600158691406;0.0;273.489990234375;-0.009999999776482582;518435880;2368;50;28;0;0;0
1748649617;866901878;19.670000076293945;-62.40999984741211;-88.33999633789062;0.0;0.0;0.0;0.01875000074505806;-0.029750000685453415;0.9965000152587891;8.0600004196167;1.399999976158142;1.6200000047683716;-5.824439525604248;-35.2250862121582;166.1300048828125;0.0;0.009999999776482582;35.823001861572266;32.029998779296875;37.25;-21.3799991607666;0.0;0.0;0.0;0.0;0.0;0.0;0.0;0.0;0.0;14;0.0;0.0;0.0;0.0;0.0;0.0;0.0;0.0;0.0;0.0;0.0;0.0;0.0;0.0;0.0;0.0;-5.825235843658447;-35.22581481933594;52.625;0.009999999776482582;279.3800048828125;0.0;518435920;2368;50;28;0;0;0
1748649617;907004629;64.5;-62.29999923706055;-88.08000183105469;0.0;0.0;0.0;0.01850000023841858;-0.029750000685453415;0.9965000152587891;5.139999866485596;-1.0800000429153442;-2.880000114440918;-5.82525634765625;-35.22582244873047;166.1300048828125;0.0;0.0;35.319000244140625;0.27000001072883606;-0.20000000298023224;-21.75;0.0;0.0;0.0;0.0;0.0;0.0;0.0;0.0;0.0;15;0.0;0.0;0.0;0.0;0.0;0.0;0.0;0.0;0.0;0.0;0.0;0.0;0.0;0.0;0.0;0.0;-5.825235843658447;-35.22581481933594;52.62300109863281;0.0;289.3800048828125;0.0;518435960;2368;50;28;0;0;0
1748649617;947135631;218.4199981689453;-62.25;-87.68000030517578;0.0;0.0;0.0;0.01875000074505806;-0.029500000178813934;0.9965000152587891;5.0;2.8399999141693115;-2.7799999713897705;-5.82525634765625;-35.22582244873047;166.07000732421875;0.0;0.0;34.441001892089844;0.6499999761581421;-0.12999999523162842;-22.1200008392334;0.0;0.0;0.0;0.0;0.0;0.0;0.0;0.0;0.0;16;0.0;0.0;0.0;0.0;0.0;0.0;0.0;0.0;0.0;0.0;0.0;0.0;0.0;0.0;0.0;0.0;-5.825235843658447;-35.22581481933594;52.62300109863281;0.0;289.3800048828125;0.0;518436000;2368;50;28;0;0;0
1748649617;987097386;218.13999938964844;-62.06999969482422;-87.36000061035156;0.0;0.0;0.0;0.01850000023841858;-0.029750000685453415;0.9965000152587891;1.3600000143051147;1.2999999523162842;-5.0;-5.82525110244751;-35.225830078125;166.07000732421875;-0.009999999776482582;0.0;33.915000915527344;0.8399999737739563;-0.07999999821186066;-22.489999771118164;0.0;0.0;0.0;0.0;0.0;0.0;0.0;0.0;0.0;17;0.0;0.0;0.0;0.0;0.0;0.0;0.0;0.0;0.0;0.0;0.0;0.0;0.0;0.0;0.0;0.0;-5.825235843658447;-35.22581481933594;52.61199951171875;0.0;129.02000427246094;-0.009999999776482582;518436040;2368;50;28;0;0;0
1748649618;27111265;217.8800048828125;-61.869998931884766;-87.23999786376953;0.0;0.0;0.0;0.01875000074505806;-0.029750000685453415;0.9965000152587891;3.5799999237060547;-3.6600000858306885;-6.900000095367432;-5.825248718261719;-35.225830078125;166.07000732421875;-0.009999999776482582;0.0;33.38600158691406;1.2300000190734863;0.0;-22.850000381469727;0.0;0.0;0.0;0.0;0.0;0.0;0.0;0.0;0.0;18;0.0;0.0;0.0;0.0;0.0;0.0;0.0;0.0;0.0;0.0;0.0;0.0;0.0;0.0;0.0;0.0;-5.825235366821289;-35.22581481933594;52.74399948120117;0.0;60.380001068115234;-0.009999999776482582;518436080;2368;50;28;0;0;0
1748649618;67430386;217.61000061035156;-61.66999816894531;-87.02999877929688;0.0;0.0;0.0;0.01875000074505806;-0.029750000685453415;0.996749997138977;2.119999885559082;-2.0399999618530273;-5.619999885559082;-5.825247764587402;-35.225830078125;166.07000732421875;0.0;0.0;32.849998474121094;1.600000023841858;0.019999999552965164;-23.219999313354492;0.0;0.0;0.0;0.0;0.0;0.0;0.0;0.0;0.0;19;0.0;0.0;0.0;0.0;0.0;0.0;0.0;0.0;0.0;0.0;0.0;0.0;0.0;0.0;0.0;0.0;-5.825235366821289;-35.22581481933594;52.74599838256836;0.0;350.8699951171875;0.0;518436120;2368;50;28;0;0;0
1748649618;107406391;217.1300048828125;-61.540000915527344;-86.55000305175781;0.0;0.0;0.0;0.01875000074505806;-0.029750000685453415;0.9965000152587891;3.440000057220459;0.9200000166893005;-0.8600000143051147;-5.825247287750244;-35.225830078125;166.07000732421875;0.0;0.0;51.472999572753906;1.9800000190734863;0.07000000029802322;-0.12999999523162842;0.0;0.0;0.0;0.0;0.0;0.0;0.0;0.0;0.0;20;0.0;0.0;0.0;0.0;0.0;0.0;0.0;0.0;0.0;0.0;0.0;0.0;0.0;0.0;0.0;0.0;-5.825235366821289;-35.22581481933594;52.749000549316406;0.0;281.5299987792969;0.0;518436160;2368;50;28;0;0;0
1748649618;148084254;216.89999389648438;-61.349998474121094;-86.36000061035156;0.0;0.0;0.0;0.01875000074505806;-0.029750000685453415;0.996749997138977;4.300000190734863;0.41999998688697815;-5.599999904632568;-5.825246810913086;-35.225830078125;166.07000732421875;0.0;0.0;51.45800018310547;2.369999885559082;0.14000000059604645;-0.5;0.0;0.0;0.0;0.0;0.0;0.0;0.0;0.0;0.0;21;0.0;0.0;0.0;0.0;0.0;0.0;0.0;0.0;0.0;0.0;0.0;0.0;0.0;0.0;0.0;0.0;-5.825235366821289;-35.22581481933594;52.72700119018555;0.0;281.5299987792969;0.0;518436200;2368;50;28;0;0;0
1748649618;187550771;216.72999572753906;-61.16999816894531;-86.02999877929688;0.0;0.0;0.0;0.01875000074505806;-0.029750000685453415;0.9965000152587891;2.0199999809265137;3.740000009536743;-3.4800000190734863;-5.825246810913086;-35.225830078125;166.07000732421875;0.009999999776482582;0.009999999776482582;51.430999755859375;2.740000009536743;0.18000000715255737;-0.8600000143051147;0.0;0.0;0.0;0.0;0.0;0.0;0.0;0.0;0.0;22;0.0;0.0;0.0;0.0;0.0;0.0;0.0;0.0;0.0;0.0;0.0;0.0;0.0;0.0;0.0;0.0;-5.825235366821289;-35.22581481933594;52.72700119018555;0.009999999776482582;318.3299865722656;0.009999999776482582;518436240;2368;50;28;0;0;0
1748649618;227675773;216.49000549316406;-61.029998779296875;-85.72000122070312;0.0;0.0;0.0;0.01875000074505806;-0.029750000685453415;0.996749997138977;5.800000190734863;3.799999952316284;-2.9600000381469727;-5.825246334075928;-35.225830078125;166.07000732421875;-0.019999999552965164;0.009999999776482582;51.39500045776367;3.109999895095825;0.20000000298023224;-1.2100000381469727;0.0;0.0;0.0;0.0;0.0;0.0;0.0;0.0;0.0;23;0.0;0.0;0.0;0.0;0.0;0.0;0.0;0.0;0.0;0.0;0.0;0.0;0.0;0.0;0.0;0.0;-5.825235366821289;-35.22581481933594;52.729000091552734;0.009999999776482582;236.64999389648438;-0.019999999552965164;518436280;2368;50;28;0;0;0
1748649618;267920646;216.1699981689453;-60.790000915527344;-85.38999938964844;0.0;0.0;0.0;0.01875000074505806;-0.029750000685453415;0.996749997138977;2.319999933242798;-0.8999999761581421;-7.539999961853027;-5.825246334075928;-35.225830078125;166.07000732421875;0.0;0.009999999776482582;51.354000091552734;3.4800000190734863;0.25999999046325684;-1.559999942779541;0.0;0.0;0.0;0.0;0.0;0.0;0.0;0.0;0.0;24;0.0;0.0;0.0;0.0;0.0;0.0;0.0;0.0;0.0;0.0;0.0;0.0;0.0;0.0;0.0;0.0;-5.825235366821289;-35.22581481933594;52.73099899291992;0.009999999776482582;357.2200012207031;0.0;518436320;2368;50;28;0;0;0
1748649618;306958549;215.85000610351562;-60.650001525878906;-85.2300033569336;0.0;0.0;0.0;0.01875000074505806;-0.029750000685453415;0.996749997138977;5.079999923706055;-1.9800000190734863;-5.099999904632568;-5.8252458572387695;-35.225830078125;166.07000732421875;0.0;0.009999999776482582;51.30500030517578;3.869999885559082;0.33000001311302185;-1.909999966621399;0.0;0.0;0.0;0.0;0.0;0.0;0.0;0.0;0.0;25;0.0;0.0;0.0;0.0;0.0;0.0;0.0;0.0;0.0;0.0;0.0;0.0;0.0;0.0;0.0;0.0;-5.825235366821289;-35.22581481933594;52.720001220703125;0.009999999776482582;112.0999984741211;0.0;518436360;2368;50;28;0;0;0
1748649618;347135549;215.58999633789062;-60.59000015258789;-85.08999633789062;0.0;0.0;0.0;0.01875000074505806;-0.029750000685453415;0.996749997138977;2.7799999713897705;-0.25999999046325684;-1.6399999856948853;-5.8252458572387695;-35.225826263427734;166.07000732421875;0.0;0.009999999776482582;51.25;4.25;0.38999998569488525;-2.2699999809265137;0.0;0.0;0.0;0.0;0.0;0.0;0.0;0.0;0.0;26;0.0;0.0;0.0;0.0;0.0;0.0;0.0;0.0;0.0;0.0;0.0;0.0;0.0;0.0;0.0;0.0;-5.825235366821289;-35.22581481933594;52.729000091552734;0.009999999776482582;112.0999984741211;0.0;518436400;2368;50;28;0;0;0
1748649618;387108804;215.17999267578125;-60.459999084472656;-84.80000305175781;0.0;0.0;0.0;0.01875000074505806;-0.029750000685453415;0.996749997138977;5.840000152587891;-0.7400000095367432;-2.7200000286102295;-5.8252458572387695;-35.225826263427734;166.07000732421875;0.0;0.0;51.154998779296875;4.639999866485596;0.46000000834465027;-2.609999895095825;0.0;0.0;0.0;0.0;0.0;0.0;0.0;0.0;0.0;27;0.0;0.0;0.0;0.0;0.0;0.0;0.0;0.0;0.0;0.0;0.0;0.0;0.0;0.0;0.0;0.0;-5.825235366821289;-35.22581481933594;52.729000091552734;0.0;256.95001220703125;0.0;518436440;2368;50;28;0;0;0
1748649618;427331553;214.63999938964844;-60.33000183105469;-84.37999725341797;0.0;0.0;0.0;0.01875000074505806;-0.029750000685453415;0.996749997138977;7.820000171661377;1.8200000524520874;-1.5199999809265137;-5.825245380401611;-35.225826263427734;166.07000732421875;0.0;0.009999999776482582;51.08100128173828;5.019999980926514;0.5299999713897705;-2.950000047683716;0.0;0.0;0.0;0.0;0.0;0.0;0.0;0.0;0.0;28;0.0;0.0;0.0;0.0;0.0;0.0;0.0;0.0;0.0;0.0;0.0;0.0;0.0;0.0;0.0;0.0;-5.825235366821289;-35.22581481933594;52.72100067138672;0.009999999776482582;329.1400146484375;0.0;518436480;2368;50;28;0;0;0
1748649618;467355432;214.0500030517578;-60.11000061035156;-83.91000366210938;0.0;0.0;0.0;0.01875000074505806;-0.029750000685453415;0.996749997138977;3.9600000381469727;0.10000000149011612;-3.759999990463257;-5.825245380401611;-35.22582244873047;166.07000732421875;0.0;0.0;50.99700164794922;5.400000095367432;0.6000000238418579;-3.309999942779541;0.0;0.0;0.0;0.0;0.0;0.0;0.0;0.0;0.0;29;0.0;0.0;0.0;0.0;0.0;0.0;0.0;0.0;0.0;0.0;0.0;0.0;0.0;0.0;0.0;0.0;-5.825235366821289;-35.22581481933594;52.729000091552734;0.0;85.54000091552734;0.0;518436520;2368;50;28;0;0;0
1748649618;507448809;213.75999450683594;-59.95000076293945;-83.7300033569336;0.0;0.0;0.0;0.01875000074505806;-0.029500000178813934;0.996999979019165;2.2799999713897705;-0.5600000023841858;-4.0;-5.825244903564453;-35.22582244873047;166.07000732421875;0.009999999776482582;0.009999999776482582;50.90700149536133;5.789999961853027;0.6700000166893005;-3.6600000858306885;0.0;0.0;0.0;0.0;0.0;0.0;0.0;0.0;0.0;30;0.0;0.0;0.0;0.0;0.0;0.0;0.0;0.0;0.0;0.0;0.0;0.0;0.0;0.0;0.0;0.0;-5.825235366821289;-35.22581481933594;52.733001708984375;0.009999999776482582;325.9599914550781;0.009999999776482582;518436560;2368;50;28;0;0;0
1748649618;547394939;213.3300018310547;-59.79999923706055;-83.45999908447266;0.0;0.0;0.0;0.01875000074505806;-0.029750000685453415;0.996749997138977;4.5;-1.7599999904632568;-1.659999966621399;-5.825244903564453;-35.22582244873047;166.07000732421875;0.009999999776482582;0.009999999776482582;50.810001373291016;6.170000076293945;0.7400000095367432;-4.019999980926514;0.0;0.0;0.0;0.0;0.0;0.0;0.0;0.0;0.0;31;0.0;0.0;0.0;0.0;0.0;0.0;0.0;0.0;0.0;0.0;0.0;0.0;0.0;0.0;0.0;0.0;-5.825235366821289;-35.22581481933594;52.72700119018555;0.009999999776482582;325.9599914550781;0.009999999776482582;518436600;2368;50;28;0;0;0
1748649618;586521340;212.8800048828125;-59.75;-83.02999877929688;0.0;0.0;0.0;0.01850000023841858;-0.029750000685453415;0.996749997138977;7.420000076293945;-0.699999988079071;0.019999999552965164;-5.825244426727295;-35.2258186340332;166.07000732421875;-0.009999999776482582;0.0;50.641998291015625;6.550000190734863;0.8199999928474426;-4.369999885559082;0.0;0.0;0.0;0.0;0.0;0.0;0.0;0.0;0.0;0;0.0;0.0;0.0;0.0;0.0;0.0;0.0;0.0;0.0;0.0;0.0;0.0;0.0;0.0;0.0;0.0;-5.825235366821289;-35.22581481933594;52.72700119018555;0.0;210.89999389648438;-0.009999999776482582;518436640;2368;50;28;0;0;0
1748649618;627670316;212.6999969482422;-59.68000030517578;-82.87999725341797;0.0;0.0;0.0;0.01875000074505806;-0.029750000685453415;0.996999979019165;-0.14000000059604645;1.159999966621399;-0.6000000238418579;-5.825244426727295;-35.2258186340332;166.07000732421875;-0.009999999776482582;0.0;50.52199935913086;6.929999828338623;0.8899999856948853;-4.730000019073486;0.0;0.0;0.0;0.0;0.0;0.0;0.0;0.0;0.0;1;0.0;0.0;0.0;0.0;0.0;0.0;0.0;0.0;0.0;0.0;0.0;0.0;0.0;0.0;0.0;0.0;-5.825235366821289;-35.22581481933594;52.71200180053711;0.0;321.5799865722656;-0.009999999776482582;518436680;2368;50;28;0;0;0
1748649618;667649571;212.27000427246094;-59.599998474121094;-82.48999786376953;0.0;0.0;0.0;0.01875000074505806;-0.029750000685453415;0.996749997138977;3.240000009536743;1.0399999618530273;-5.440000057220459;-5.825243949890137;-35.22581481933594;166.07000732421875;0.0;0.0;50.395999908447266;7.309999942779541;0.9599999785423279;-5.079999923706055;0.0;0.0;0.0;0.0;0.0;0.0;0.0;0.0;0.0;2;0.0;0.0;0.0;0.0;0.0;0.0;0.0;0.0;0.0;0.0;0.0;0.0;0.0;0.0;0.0;0.0;-5.825235366821289;-35.22581481933594;52.715999603271484;0.0;175.3000030517578;0.0;518436720;2368;50;28;0;0;0
1748649618;707746698;211.8699951171875;-59.560001373291016;-82.12000274658203;0.0;0.0;0.0;0.01875000074505806;-0.029500000178813934;0.996749997138977;5.28000020980835;-0.7599999904632568;-2.140000104904175;-5.825243949890137;-35.22581481933594;166.07000732421875;0.009999999776482582;0.009999999776482582;50.263999938964844;7.690000057220459;1.0399999618530273;-5.429999828338623;0.0;0.0;0.0;0.0;0.0;0.0;0.0;0.0;0.0;3;0.0;0.0;0.0;0.0;0.0;0.0;0.0;0.0;0.0;0.0;0.0;0.0;0.0;0.0;0.0;0.0;-5.825235366821289;-35.22581481933594;52.7239990234375;0.009999999776482582;38.59000015258789;0.009999999776482582;518436760;2368;50;28;0;0;0
1748649618;747811076;211.5;-59.310001373291016;-81.81999969482422;0.0;0.0;0.0;0.01875000074505806;-0.029750000685453415;0.996749997138977;6.659999847412109;0.699999988079071;-4.059999942779541;-5.8252434730529785;-35.22581481933594;166.07000732421875;0.009999999776482582;0.009999999776482582;50.125;8.069999694824219;1.1100000143051147;-5.78000020980835;0.0;0.0;0.0;0.0;0.0;0.0;0.0;0.0;0.0;4;0.0;0.0;0.0;0.0;0.0;0.0;0.0;0.0;0.0;0.0;0.0;0.0;0.0;0.0;0.0;0.0;-5.825235366821289;-35.22581481933594;52.72100067138672;0.009999999776482582;38.59000015258789;0.009999999776482582;518436800;2368;50;28;0;0;0
1748649618;787676209;211.05999755859375;-59.31999969482422;-81.29000091552734;0.0;0.0;0.0;0.01875000074505806;-0.029750000685453415;0.9965000152587891;2.319999933242798;4.860000133514404;0.9200000166893005;-5.82524299621582;-35.22581100463867;166.07000732421875;0.009999999776482582;0.0;49.887001037597656;8.449999809265137;1.190000057220459;-6.130000114440918;0.0;0.0;0.0;0.0;0.0;0.0;0.0;0.0;0.0;5;0.0;0.0;0.0;0.0;0.0;0.0;0.0;0.0;0.0;0.0;0.0;0.0;0.0;0.0;0.0;0.0;-5.825235366821289;-35.22581481933594;52.72100067138672;0.0;252.61000061035156;0.009999999776482582;518436840;2368;50;28;0;0;0
1748649618;827026729;210.6199951171875;-59.029998779296875;-81.0;0.0;0.0;0.0;0.01850000023841858;-0.029999999329447746;0.996749997138977;4.400000095367432;-3.5199999809265137;-6.760000228881836;-5.82524299621582;-35.225807189941406;166.07000732421875;0.009999999776482582;0.009999999776482582;49.72700119018555;8.829999923706055;1.2599999904632568;-6.480000019073486;0.0;0.0;0.0;0.0;0.0;0.0;0.0;0.0;0.0;6;0.0;0.0;0.0;0.0;0.0;0.0;0.0;0.0;0.0;0.0;0.0;0.0;0.0;0.0;0.0;0.0;-5.825235366821289;-35.22581481933594;52.722999572753906;0.009999999776482582;182.89999389648438;0.009999999776482582;518436880;2368;50;28;0;0;0
1748649618;867011859;210.14999389648438;-58.900001525878906;-80.58999633789062;0.0;0.0;0.0;0.01850000023841858;-0.029750000685453415;0.996749997138977;8.399999618530273;1.7599999904632568;-2.7799999713897705;-5.825242519378662;-35.225807189941406;166.07000732421875;0.0;0.009999999776482582;49.558998107910156;9.199999809265137;1.340000033378601;-6.820000171661377;0.0;0.0;0.0;0.0;0.0;0.0;0.0;0.0;0.0;7;0.0;0.0;0.0;0.0;0.0;0.0;0.0;0.0;0.0;0.0;0.0;0.0;0.0;0.0;0.0;0.0;-5.825235366821289;-35.22581481933594;52.7130012512207;0.009999999776482582;259.25;0.0;518436920;2368;50;28;0;0;0
1748649618;907000238;209.8000030517578;-58.75;-80.16999816894531;0.0;0.0;0.0;0.01875000074505806;-0.029750000685453415;0.9965000152587891;6.159999847412109;8.300000190734863;-1.7200000286102295;-5.825242042541504;-35.22580337524414;166.07000732421875;0.0;0.0;49.387001037597656;9.579999923706055;1.4199999570846558;-7.159999847412109;0.0;0.0;0.0;0.0;0.0;0.0;0.0;0.0;0.0;8;0.0;0.0;0.0;0.0;0.0;0.0;0.0;0.0;0.0;0.0;0.0;0.0;0.0;0.0;0.0;0.0;-5.825235366821289;-35.22581481933594;52.7130012512207;0.0;310.19000244140625;0.0;518436960;2368;50;28;0;0;0
1748649618;947072241;207.13999938964844;-58.59000015258789;-79.80999755859375;0.0;0.0;0.0;0.01875000074505806;-0.029750000685453415;0.9965000152587891;3.4000000953674316;1.5800000429153442;-2.619999885559082;-5.825242042541504;-35.225799560546875;166.05999755859375;0.0;0.0;49.09299850463867;9.979999542236328;1.4299999475479126;-7.510000228881836;0.0;0.0;0.0;0.0;0.0;0.0;0.0;0.0;0.0;9;0.0;0.0;0.0;0.0;0.0;0.0;0.0;0.0;0.0;0.0;0.0;0.0;0.0;0.0;0.0;0.0;-5.825235366821289;-35.22581481933594;52.7130012512207;0.0;310.19000244140625;0.0;518437000;2368;50;28;0;0;0
1748649618;987191367;206.85000610351562;-58.4900016784668;-79.5199966430664;0.0;0.0;0.0;0.01875000074505806;-0.029750000685453415;0.996749997138977;7.559999942779541;0.6800000071525574;-0.8600000143051147;-5.825241565704346;-35.22579574584961;166.05999755859375;-0.009999999776482582;0.009999999776482582;48.89899826049805;10.359999656677246;1.5099999904632568;-7.849999904632568;0.0;0.0;0.0;0.0;0.0;0.0;0.0;0.0;0.0;10;0.0;0.0;0.0;0.0;0.0;0.0;0.0;0.0;0.0;0.0;0.0;0.0;0.0;0.0;0.0;0.0;-5.825235366821289;-35.22581481933594;52.70399856567383;0.009999999776482582;57.04999923706055;-0.009999999776482582;518437040;2368;50;28;0;0;0
1748649619;27491864;206.39999389648438;-58.400001525878906;-79.08999633789062;0.0;0.0;0.0;0.01875000074505806;-0.029750000685453415;0.996999979019165;3.5799999237060547;1.1399999856948853;-0.3199999928474426;-5.8252410888671875;-35.225791931152344;166.05999755859375;0.0;0.009999999776482582;48.70100021362305;10.739999771118164;1.5800000429153442;-8.1899995803833;0.0;0.0;0.0;0.0;0.0;0.0;0.0;0.0;0.0;11;0.0;0.0;0.0;0.0;0.0;0.0;0.0;0.0;0.0;0.0;0.0;0.0;0.0;0.0;0.0;0.0;-5.825235366821289;-35.22581481933594;52.72600173950195;0.009999999776482582;293.6600036621094;0.0;518437080;2368;50;28;0;0;0
1748649619;67461119;206.1300048828125;-58.220001220703125;-78.80000305175781;0.0;0.0;0.0;0.01875000074505806;-0.029750000685453415;0.9965000152587891;6.760000228881836;2.640000104904175;-3.4200000762939453;-5.8252410888671875;-35.22578811645508;166.05999755859375;0.0;0.0;48.49599838256836;11.119999885559082;1.649999976158142;-8.529999732971191;0.0;0.0;0.0;0.0;0.0;0.0;0.0;0.0;0.0;12;0.0;0.0;0.0;0.0;0.0;0.0;0.0;0.0;0.0;0.0;0.0;0.0;0.0;0.0;0.0;0.0;-5.825235366821289;-35.22581481933594;52.72100067138672;0.0;40.75;0.0;518437120;2368;50;28;0;0;0
1748649619;107528747;205.97999572753906;-57.9900016784668;-78.75;0.0;0.0;0.0;0.01875000074505806;-0.029750000685453415;0.996999979019165;1.0800000429153442;-2.0199999809265137;-6.159999847412109;-5.825240612030029;-35.22578430175781;166.05999755859375;-0.019999999552965164;0.009999999776482582;48.284000396728516;11.5;1.7300000190734863;-8.859999656677246;0.0;0.0;0.0;0.0;0.0;0.0;0.0;0.0;0.0;13;0.0;0.0;0.0;0.0;0.0;0.0;0.0;0.0;0.0;0.0;0.0;0.0;0.0;0.0;0.0;0.0;-5.825235366821289;-35.22581481933594;52.72200012207031;0.009999999776482582;300.1300048828125;-0.019999999552965164;518437160;2368;50;28;0;0;0
1748649619;147588500;205.5399932861328;-57.79999923706055;-78.19999694824219;0.0;0.0;0.0;0.01850000023841858;-0.029750000685453415;0.996749997138977;6.340000152587891;7.21999979019165;-2.319999933242798;-5.825240135192871;-35.22578048706055;166.05999755859375;-0.019999999552965164;0.009999999776482582;48.066001892089844;11.880000114440918;1.809999942779541;-9.199999809265137;0.0;0.0;0.0;0.0;0.0;0.0;0.0;0.0;0.0;14;0.0;0.0;0.0;0.0;0.0;0.0;0.0;0.0;0.0;0.0;0.0;0.0;0.0;0.0;0.0;0.0;-5.825235366821289;-35.22581481933594;52.7140007019043;0.009999999776482582;300.1300048828125;-0.019999999552965164;518437200;2368;50;28;0;0;0
1748649619;187520006;205.22999572753906;-57.66999816894531;-77.97000122070312;0.0;0.0;0.0;0.01875000074505806;-0.029750000685453415;0.996749997138977;6.559999942779541;-0.18000000715255737;-4.539999961853027;-5.825239658355713;-35.22577667236328;166.05999755859375;0.0;0.009999999776482582;47.69200134277344;12.260000228881836;1.8799999952316284;-9.529999732971191;0.0;0.0;0.0;0.0;0.0;0.0;0.0;0.0;0.0;15;0.0;0.0;0.0;0.0;0.0;0.0;0.0;0.0;0.0;0.0;0.0;0.0;0.0;0.0;0.0;0.0;-5.825235366821289;-35.22581481933594;52.7140007019043;0.009999999776482582;110.05000305175781;0.0;518437240;2368;50;28;0;0;0
1748649619;227797128;204.8800048828125;-57.459999084472656;-77.56999969482422;0.0;0.0;0.0;0.01875000074505806;-0.029750000685453415;0.996749997138977;6.039999961853027;1.6799999475479126;-4.380000114440918;-5.825239181518555;-35.225772857666016;166.05999755859375;0.0;0.0;47.45500183105469;12.640000343322754;1.9600000381469727;-9.869999885559082;0.0;0.0;0.0;0.0;0.0;0.0;0.0;0.0;0.0;16;0.0;0.0;0.0;0.0;0.0;0.0;0.0;0.0;0.0;0.0;0.0;0.0;0.0;0.0;0.0;0.0;-5.825235366821289;-35.22581481933594;52.722999572753906;0.0;32.22999954223633;0.0;518437280;2368;50;28;0;0;0
1748649619;267628012;204.6699981689453;-57.31999969482422;-77.41000366210938;0.0;0.0;0.0;0.01875000074505806;-0.029750000685453415;0.9965000152587891;3.940000057220459;-2.200000047683716;-2.5399999618530273;-5.8252387046813965;-35.225765228271484;166.05999755859375;0.009999999776482582;0.009999999776482582;47.21099853515625;13.020000457763672;2.0299999713897705;-10.199999809265137;0.0;0.0;0.0;0.0;0.0;0.0;0.0;0.0;0.0;17;0.0;0.0;0.0;0.0;0.0;0.0;0.0;0.0;0.0;0.0;0.0;0.0;0.0;0.0;0.0;0.0;-5.825235366821289;-35.22581481933594;52.70899963378906;0.009999999776482582;269.6499938964844;0.009999999776482582;518437320;2368;50;28;0;0;0
1748649619;307663515;204.3699951171875;-57.2400016784668;-77.12000274658203;0.0;0.0;0.0;0.01875000074505806;-0.029750000685453415;0.9965000152587891;7.300000190734863;1.0399999618530273;-1.940000057220459;-5.825238227844238;-35.22576141357422;166.05999755859375;0.0;0.0;46.96099853515625;13.399999618530273;2.0999999046325684;-10.529999732971191;0.0;0.0;0.0;0.0;0.0;0.0;0.0;0.0;0.0;18;0.0;0.0;0.0;0.0;0.0;0.0;0.0;0.0;0.0;0.0;0.0;0.0;0.0;0.0;0.0;0.0;-5.825235366821289;-35.22581481933594;52.70800018310547;0.0;244.3800048828125;0.0;518437360;2368;50;28;0;0;0
1748649619;346957037;203.99000549316406;-57.2400016784668;-76.6500015258789;0.0;0.0;0.0;0.01875000074505806;-0.029750000685453415;0.996749997138977;3.7799999713897705;0.9200000166893005;-0.2199999988079071;-5.82523775100708;-35.22575759887695;166.05999755859375;0.0;0.0;46.70500183105469;13.779999732971191;2.180000066757202;-10.859999656677246;0.0;0.0;0.0;0.0;0.0;0.0;0.0;0.0;0.0;19;0.0;0.0;0.0;0.0;0.0;0.0;0.0;0.0;0.0;0.0;0.0;0.0;0.0;0.0;0.0;0.0;-5.825235366821289;-35.22581481933594;52.702999114990234;0.0;244.3800048828125;0.0;518437400;2368;50;28;0;0;0
1748649619;387021540;203.72999572753906;-57.02000045776367;-76.3499984741211;0.0;0.0;0.0;0.01875000074505806;-0.029750000685453415;0.996749997138977;3.180000066757202;0.9399999976158142;-1.7000000476837158;-5.825236797332764;-35.22575378417969;166.05999755859375;0.0;0.009999999776482582;46.263999938964844;14.15999984741211;2.259999990463257;-11.1899995803833;0.0;0.0;0.0;0.0;0.0;0.0;0.0;0.0;0.0;20;0.0;0.0;0.0;0.0;0.0;0.0;0.0;0.0;0.0;0.0;0.0;0.0;0.0;0.0;0.0;0.0;-5.825235366821289;-35.22581481933594;52.702999114990234;0.009999999776482582;80.55999755859375;0.0;518437440;2368;50;28;0;0;0
1748649619;427289663;203.38999938964844;-56.779998779296875;-76.06999969482422;0.0;0.0;0.0;0.01899999938905239;-0.029750000685453415;0.9965000152587891;9.279999732971191;1.600000023841858;-2.0799999237060547;-5.8252363204956055;-35.225746154785156;166.05999755859375;0.0;0.009999999776482582;45.98899841308594;14.529999732971191;2.3299999237060547;-11.510000228881836;0.0;0.0;0.0;0.0;0.0;0.0;0.0;0.0;0.0;21;0.0;0.0;0.0;0.0;0.0;0.0;0.0;0.0;0.0;0.0;0.0;0.0;0.0;0.0;0.0;0.0;-5.825235366821289;-35.22581481933594;52.70899963378906;0.009999999776482582;341.54998779296875;0.0;518437480;2368;50;28;0;0;0
1748649619;467194670;203.08999633789062;-56.59000015258789;-75.86000061035156;0.0;0.0;0.0;0.01875000074505806;-0.029750000685453415;0.9965000152587891;6.519999980926514;0.18000000715255737;-3.240000009536743;-5.825235843658447;-35.22574234008789;166.05999755859375;-0.019999999552965164;0.0;45.70800018310547;14.90999984741211;2.4100000858306885;-11.84000015258789;0.0;0.0;0.0;0.0;0.0;0.0;0.0;0.0;0.0;22;0.0;0.0;0.0;0.0;0.0;0.0;0.0;0.0;0.0;0.0;0.0;0.0;0.0;0.0;0.0;0.0;-5.825235366821289;-35.22581481933594;52.691001892089844;0.0;98.9800033569336;-0.019999999552965164;518437520;2368;50;28;0;0;0
1748649619;507146550;202.6300048828125;-56.459999084472656;-75.55999755859375;0.0;0.0;0.0;0.01875000074505806;-0.029750000685453415;0.996749997138977;7.820000171661377;-5.28000020980835;1.2200000286102295;-5.825235366821289;-35.22573471069336;166.05999755859375;0.0;0.0;45.41999816894531;15.289999961853027;2.4800000190734863;-12.15999984741211;0.0;0.0;0.0;0.0;0.0;0.0;0.0;0.0;0.0;23;0.0;0.0;0.0;0.0;0.0;0.0;0.0;0.0;0.0;0.0;0.0;0.0;0.0;0.0;0.0;0.0;-5.825235366821289;-35.22581481933594;52.694000244140625;0.0;250.5;0.0;518437560;2368;50;28;0;0;0
1748649619;547382049;202.4199981689453;-56.209999084472656;-75.33999633789062;0.0;0.0;0.0;0.01875000074505806;-0.029750000685453415;0.996749997138977;2.4600000381469727;2.200000047683716;-8.520000457763672;-5.825234889984131;-35.225730895996094;166.05999755859375;0.0;0.0;45.12799835205078;15.670000076293945;2.559999942779541;-12.479999542236328;0.0;0.0;0.0;0.0;0.0;0.0;0.0;0.0;0.0;24;0.0;0.0;0.0;0.0;0.0;0.0;0.0;0.0;0.0;0.0;0.0;0.0;0.0;0.0;0.0;0.0;-5.825235366821289;-35.22581481933594;52.70600128173828;0.0;250.5;0.0;518437600;2368;50;28;0;0;0
1748649619;587369428;201.9199981689453;-56.040000915527344;-74.91999816894531;0.0;0.0;0.0;0.01875000074505806;-0.029750000685453415;0.996999979019165;9.9399995803833;-0.6000000238418579;-0.25999999046325684;-5.8252339363098145;-35.22572326660156;166.05999755859375;0.0;0.009999999776482582;44.62200164794922;16.040000915527344;2.640000104904175;-12.800000190734863;0.0;0.0;0.0;0.0;0.0;0.0;0.0;0.0;0.0;25;0.0;0.0;0.0;0.0;0.0;0.0;0.0;0.0;0.0;0.0;0.0;0.0;0.0;0.0;0.0;0.0;-5.825235366821289;-35.22581481933594;52.70600128173828;0.009999999776482582;280.6700134277344;0.0;518437640;2368;50;28;0;0;0
1748649619;627668425;201.72000122070312;-55.939998626708984;-74.79000091552734;0.0;0.0;0.0;0.01875000074505806;-0.029750000685453415;0.996749997138977;4.619999885559082;-1.100000023841858;-2.140000104904175;-5.825233459472656;-35.2257194519043;166.05999755859375;0.0;0.0;44.310001373291016;16.420000076293945;2.7100000381469727;-13.119999885559082;0.0;0.0;0.0;0.0;0.0;0.0;0.0;0.0;0.0;26;0.0;0.0;0.0;0.0;0.0;0.0;0.0;0.0;0.0;0.0;0.0;0.0;0.0;0.0;0.0;0.0;-5.825235366821289;-35.22581481933594;52.70600128173828;0.0;49.61000061035156;0.0;518437680;2368;50;28;0;0;0
1748649619;667566557;201.5;-55.689998626708984;-74.61000061035156;0.0;0.0;0.0;0.01875000074505806;-0.029500000178813934;0.9965000152587891;3.4200000762939453;0.23999999463558197;-6.920000076293945;-5.825232982635498;-35.225711822509766;166.05999755859375;-0.019999999552965164;0.0;43.99399948120117;16.799999237060547;2.7899999618530273;-13.4399995803833;0.0;0.0;0.0;0.0;0.0;0.0;0.0;0.0;0.0;27;0.0;0.0;0.0;0.0;0.0;0.0;0.0;0.0;0.0;0.0;0.0;0.0;0.0;0.0;0.0;0.0;-5.825235366821289;-35.22581481933594;52.70600128173828;0.0;140.4600067138672;-0.019999999552965164;518437720;2368;50;28;0;0;0
1748649619;707740057;201.24000549316406;-55.459999084472656;-74.3499984741211;0.0;0.0;0.0;0.01875000074505806;-0.029750000685453415;0.9965000152587891;5.519999980926514;2.619999885559082;-4.880000114440918;-5.82523250579834;-35.2257080078125;166.05999755859375;0.0;0.0;43.67100143432617;17.170000076293945;2.859999895095825;-13.760000228881836;0.0;0.0;0.0;0.0;0.0;0.0;0.0;0.0;0.0;28;0.0;0.0;0.0;0.0;0.0;0.0;0.0;0.0;0.0;0.0;0.0;0.0;0.0;0.0;0.0;0.0;-5.825235366821289;-35.22581481933594;52.696998596191406;0.0;88.19000244140625;0.0;518437760;2368;50;28;0;0;0
1748649619;747843934;200.97999572753906;-55.189998626708984;-74.2300033569336;0.0;0.0;0.0;0.01875000074505806;-0.029750000685453415;0.996749997138977;3.819999933242798;-3.5999999046325684;-8.760000228881836;-5.825231552124023;-35.22570037841797;166.05999755859375;0.0;0.0;43.34199905395508;17.549999237060547;2.940000057220459;-14.079999923706055;0.0;0.0;0.0;0.0;0.0;0.0;0.0;0.0;0.0;29;0.0;0.0;0.0;0.0;0.0;0.0;0.0;0.0;0.0;0.0;0.0;0.0;0.0;0.0;0.0;0.0;-5.825235366821289;-35.22581481933594;52.70399856567383;0.0;88.19000244140625;0.0;518437800;2368;50;28;0;0;0
1748649619;787787065;200.5500030517578;-55.040000915527344;-73.88999938964844;0.0;0.0;0.0;0.01899999938905239;-0.029750000685453415;0.9965000152587891;7.619999885559082;-0.9399999976158142;-2.240000009536743;-5.825230598449707;-35.22569274902344;166.05999755859375;0.0;0.0;42.77299880981445;17.920000076293945;3.0199999809265137;-14.390000343322754;0.0;0.0;0.0;0.0;0.0;0.0;0.0;0.0;0.0;30;0.0;0.0;0.0;0.0;0.0;0.0;0.0;0.0;0.0;0.0;0.0;0.0;0.0;0.0;0.0;0.0;-5.825235366821289;-35.22581481933594;52.70399856567383;0.0;304.3299865722656;0.0;518437840;2368;50;28;0;0;0
1748649619;828271432;200.1300048828125;-54.84000015258789;-73.58000183105469;0.0;0.0;0.0;0.01875000074505806;-0.029750000685453415;0.9965000152587891;6.699999809265137;4.900000095367432;0.23999999463558197;-5.825230121612549;-35.22568893432617;166.05999755859375;0.0;0.009999999776482582;42.42599868774414;18.299999237060547;3.109999895095825;-14.710000038146973;0.0;0.0;0.0;0.0;0.0;0.0;0.0;0.0;0.0;31;0.0;0.0;0.0;0.0;0.0;0.0;0.0;0.0;0.0;0.0;0.0;0.0;0.0;0.0;0.0;0.0;-5.825235366821289;-35.22581481933594;52.698001861572266;0.009999999776482582;81.2699966430664;0.0;518437880;2368;50;28;0;0;0
1748649619;866893721;199.8300018310547;-54.599998474121094;-73.30000305175781;0.0;0.0;0.0;0.01850000023841858;-0.029750000685453415;0.996749997138977;4.599999904632568;0.9200000166893005;-4.559999942779541;-5.825229644775391;-35.22568130493164;166.05999755859375;-0.009999999776482582;0.0;42.07400131225586;18.670000076293945;3.200000047683716;-15.020000457763672;0.0;0.0;0.0;0.0;0.0;0.0;0.0;0.0;0.0;0;0.0;0.0;0.0;0.0;0.0;0.0;0.0;0.0;0.0;0.0;0.0;0.0;0.0;0.0;0.0;0.0;-5.825235366821289;-35.22581481933594;52.70399856567383;0.0;304.69000244140625;-0.009999999776482582;518437920;2368;50;28;0;0;0
1748649619;907019972;199.5399932861328;-54.470001220703125;-72.95999908447266;0.0;0.0;0.0;0.01875000074505806;-0.029750000685453415;0.996749997138977;7.079999923706055;5.099999904632568;3.1600000858306885;-5.825228691101074;-35.22567367553711;166.05999755859375;0.0;0.0;41.715999603271484;19.040000915527344;3.2699999809265137;-15.329999923706055;0.0;0.0;0.0;0.0;0.0;0.0;0.0;0.0;0.0;1;0.0;0.0;0.0;0.0;0.0;0.0;0.0;0.0;0.0;0.0;0.0;0.0;0.0;0.0;0.0;0.0;-5.825235366821289;-35.22581481933594;52.709999084472656;0.0;256.0299987792969;0.0;518437960;2368;50;28;0;0;0
1748649619;947143348;197.0800018310547;-54.279998779296875;-72.58000183105469;0.0;0.0;0.0;0.01875000074505806;-0.029750000685453415;0.996749997138977;6.880000114440918;4.019999980926514;-1.0;-5.825227737426758;-35.22566604614258;166.10000610351562;0.0;0.0;41.09700012207031;19.420000076293945;3.359999895095825;-15.640000343322754;0.0;0.0;0.0;0.0;0.0;0.0;0.0;0.0;0.0;2;0.0;0.0;0.0;0.0;0.0;0.0;0.0;0.0;0.0;0.0;0.0;0.0;0.0;0.0;0.0;0.0;-5.825235366821289;-35.22581481933594;52.709999084472656;0.0;256.0299987792969;0.0;518438000;2368;50;28;0;0;0
1748649619;987218726;196.77000427246094;-54.189998626708984;-72.31999969482422;0.0;0.0;0.0;0.01875000074505806;-0.029750000685453415;0.996749997138977;4.579999923706055;0.8799999952316284;-1.4199999570846558;-5.825226783752441;-35.22566223144531;166.10000610351562;0.0;0.0;40.72200012207031;19.790000915527344;3.440000057220459;-15.949999809265137;0.0;0.0;0.0;0.0;0.0;0.0;0.0;0.0;0.0;3;0.0;0.0;0.0;0.0;0.0;0.0;0.0;0.0;0.0;0.0;0.0;0.0;0.0;0.0;0.0;0.0;-5.825235366821289;-35.22581481933594;52.71799850463867;0.0;95.11000061035156;0.0;518438040;2368;50;28;0;0;0
1748649620;27414850;196.63999938964844;-53.939998626708984;-72.25;0.0;0.0;0.0;0.01875000074505806;-0.029750000685453415;0.996749997138977;2.5999999046325684;0.20000000298023224;-7.659999847412109;-5.825226306915283;-35.22565460205078;166.10000610351562;-0.019999999552965164;0.0;40.340999603271484;20.15999984741211;3.5299999713897705;-16.25;0.0;0.0;0.0;0.0;0.0;0.0;0.0;0.0;0.0;4;0.0;0.0;0.0;0.0;0.0;0.0;0.0;0.0;0.0;0.0;0.0;0.0;0.0;0.0;0.0;0.0;-5.825235366821289;-35.22581481933594;52.70899963378906;0.0;247.5800018310547;-0.019999999552965164;518438080;2368;50;28;0;0;0
1748649620;67507602;196.47000122070312;-53.790000915527344;-72.0999984741211;0.0;0.0;0.0;0.01875000074505806;-0.029750000685453415;0.996749997138977;1.9800000190734863;-0.20000000298023224;-4.239999771118164;-5.825225353240967;-35.22564697265625;166.10000610351562;0.0;0.0;39.95500183105469;20.530000686645508;3.619999885559082;-16.559999465942383;0.0;0.0;0.0;0.0;0.0;0.0;0.0;0.0;0.0;5;0.0;0.0;0.0;0.0;0.0;0.0;0.0;0.0;0.0;0.0;0.0;0.0;0.0;0.0;0.0;0.0;-5.825235366821289;-35.22581481933594;52.71799850463867;0.0;41.380001068115234;0.0;518438120;2368;50;28;0;0;0
1748649620;107573855;196.16000366210938;-53.7599983215332;-71.88999938964844;0.0;0.0;0.0;0.01875000074505806;-0.029750000685453415;0.9965000152587891;4.880000114440918;-2.0;-1.8799999952316284;-5.825224876403809;-35.22563934326172;166.10000610351562;0.0;0.0;39.56100082397461;20.899999618530273;3.700000047683716;-16.860000610351562;0.0;0.0;0.0;0.0;0.0;0.0;0.0;0.0;0.0;6;0.0;0.0;0.0;0.0;0.0;0.0;0.0;0.0;0.0;0.0;0.0;0.0;0.0;0.0;0.0;0.0;-5.825235366821289;-35.22581481933594;52.707000732421875;0.0;218.8000030517578;0.0;518438160;2368;50;28;0;0;0
1748649620;147707231;195.91000366210938;-53.599998474121094;-71.80999755859375;0.0;0.0;0.0;0.01850000023841858;-0.029750000685453415;0.996749997138977;3.5;0.23999999463558197;-0.7799999713897705;-5.825223922729492;-35.22563171386719;166.10000610351562;0.0;0.0;39.165000915527344;21.270000457763672;3.7899999618530273;-17.170000076293945;0.0;0.0;0.0;0.0;0.0;0.0;0.0;0.0;0.0;7;0.0;0.0;0.0;0.0;0.0;0.0;0.0;0.0;0.0;0.0;0.0;0.0;0.0;0.0;0.0;0.0;-5.825235366821289;-35.22581481933594;52.70899963378906;0.0;218.8000030517578;0.0;518438200;2368;50;28;0;0;0
1748649620;187820482;195.75;-53.33000183105469;-71.7699966430664;0.0;0.0;0.0;0.01875000074505806;-0.029750000685453415;0.996749997138977;4.320000171661377;-3.9200000762939453;-5.400000095367432;-5.825222492218018;-35.225624084472656;166.10000610351562;0.0;0.0;38.47200012207031;21.639999389648438;3.890000104904175;-17.469999313354492;0.0;0.0;0.0;0.0;0.0;0.0;0.0;0.0;0.0;8;0.0;0.0;0.0;0.0;0.0;0.0;0.0;0.0;0.0;0.0;0.0;0.0;0.0;0.0;0.0;0.0;-5.825235366821289;-35.22581481933594;52.70899963378906;0.0;91.72000122070312;0.0;518438240;2368;50;28;0;0;0
1748649620;227820487;195.3800048828125;-53.11000061035156;-71.4800033569336;0.0;0.0;0.0;0.01875000074505806;-0.029750000685453415;0.996749997138977;4.460000038146973;-0.5799999833106995;-5.460000038146973;-5.825221538543701;-35.225616455078125;166.10000610351562;0.0;0.0;38.05699920654297;22.010000228881836;3.9700000286102295;-17.780000686645508;0.0;0.0;0.0;0.0;0.0;0.0;0.0;0.0;0.0;9;0.0;0.0;0.0;0.0;0.0;0.0;0.0;0.0;0.0;0.0;0.0;0.0;0.0;0.0;0.0;0.0;-5.825235366821289;-35.22581481933594;52.70500183105469;0.0;34.27000045776367;0.0;518438280;2368;50;28;0;0;0
1748649620;267788867;195.0399932861328;-52.779998779296875;-71.06999969482422;0.0;0.0;0.0;0.01875000074505806;-0.029750000685453415;0.996749997138977;5.21999979019165;1.7000000476837158;-5.920000076293945;-5.825221061706543;-35.225608825683594;166.10000610351562;0.009999999776482582;0.0;37.63600158691406;22.3799991607666;4.059999942779541;-18.06999969482422;0.0;0.0;0.0;0.0;0.0;0.0;0.0;0.0;0.0;10;0.0;0.0;0.0;0.0;0.0;0.0;0.0;0.0;0.0;0.0;0.0;0.0;0.0;0.0;0.0;0.0;-5.825235366821289;-35.22581481933594;52.70399856567383;0.0;144.17999267578125;0.009999999776482582;518438320;2368;50;28;0;0;0
1748649620;306904268;194.9199981689453;-52.5;-71.1500015258789;0.0;0.0;0.0;0.01875000074505806;-0.029750000685453415;0.9965000152587891;6.760000228881836;-3.5999999046325684;-9.380000114440918;-5.825220108032227;-35.22560119628906;166.10000610351562;-0.019999999552965164;0.009999999776482582;37.21200180053711;22.75;4.150000095367432;-18.3700008392334;0.0;0.0;0.0;0.0;0.0;0.0;0.0;0.0;0.0;11;0.0;0.0;0.0;0.0;0.0;0.0;0.0;0.0;0.0;0.0;0.0;0.0;0.0;0.0;0.0;0.0;-5.825235366821289;-35.22581481933594;52.70100021362305;0.009999999776482582;248.75;-0.019999999552965164;518438360;2368;50;28;0;0;0
1748649620;347167016;194.57000732421875;-52.439998626708984;-70.83999633789062;0.0;0.0;0.0;0.01875000074505806;-0.029750000685453415;0.996749997138977;6.239999771118164;1.9199999570846558;1.6799999475479126;-5.825218677520752;-35.22559356689453;166.10000610351562;-0.019999999552965164;0.009999999776482582;36.78200149536133;23.110000610351562;4.25;-18.670000076293945;0.0;0.0;0.0;0.0;0.0;0.0;0.0;0.0;0.0;12;0.0;0.0;0.0;0.0;0.0;0.0;0.0;0.0;0.0;0.0;0.0;0.0;0.0;0.0;0.0;0.0;-5.825235366821289;-35.22581481933594;52.70600128173828;0.009999999776482582;248.75;-0.019999999552965164;518438400;2368;50;28;0;0;0
1748649620;387104897;194.3800048828125;-52.29999923706055;-70.80000305175781;0.0;0.0;0.0;0.01850000023841858;-0.029750000685453415;0.996749997138977;3.0999999046325684;-5.179999828338623;-1.0800000429153442;-5.825217247009277;-35.225582122802734;166.10000610351562;0.0;0.009999999776482582;36.02899932861328;23.479999542236328;4.349999904632568;-18.969999313354492;0.0;0.0;0.0;0.0;0.0;0.0;0.0;0.0;0.0;13;0.0;0.0;0.0;0.0;0.0;0.0;0.0;0.0;0.0;0.0;0.0;0.0;0.0;0.0;0.0;0.0;-5.825235366821289;-35.22581481933594;52.70600128173828;0.009999999776482582;75.66999816894531;0.0;518438440;2368;50;28;0;0;0
1748649620;427348270;194.16000366210938;-52.130001068115234;-70.56999969482422;0.0;0.0;0.0;0.01875000074505806;-0.029750000685453415;0.996749997138977;3.619999885559082;-0.9800000190734863;-2.680000066757202;-5.8252153396606445;-35.2255744934082;166.10000610351562;0.009999999776482582;0.0;35.58300018310547;23.850000381469727;4.449999809265137;-19.270000457763672;0.0;0.0;0.0;0.0;0.0;0.0;0.0;0.0;0.0;14;0.0;0.0;0.0;0.0;0.0;0.0;0.0;0.0;0.0;0.0;0.0;0.0;0.0;0.0;0.0;0.0;-5.825235366821289;-35.22581481933594;52.71200180053711;0.0;304.0199890136719;0.009999999776482582;518438480;2368;50;28;0;0;0
1748649620;467467397;193.9199981689453;-51.880001068115234;-70.33000183105469;0.0;0.0;0.0;0.01850000023841858;-0.029750000685453415;0.996749997138977;5.679999828338623;2.0;-3.680000066757202;-5.82521390914917;-35.22556686401367;166.10000610351562;-0.019999999552965164;0.009999999776482582;51.143001556396484;24.209999084472656;4.550000190734863;-0.4300000071525574;0.0;0.0;0.0;0.0;0.0;0.0;0.0;0.0;0.0;15;0.0;0.0;0.0;0.0;0.0;0.0;0.0;0.0;0.0;0.0;0.0;0.0;0.0;0.0;0.0;0.0;-5.825235366821289;-35.22581481933594;52.70600128173828;0.009999999776482582;333.2099914550781;-0.019999999552965164;518438520;2368;50;28;0;0;0
1748649620;507501525;193.77999877929688;-51.70000076293945;-70.13999938964844;0.0;0.0;0.0;0.01875000074505806;-0.029750000685453415;0.996749997138977;2.940000057220459;1.3799999952316284;-1.6799999475479126;-5.825212001800537;-35.22555923461914;166.10000610351562;0.0;0.0;51.13800048828125;24.56999969482422;4.659999847412109;-0.5400000214576721;0.0;0.0;0.0;0.0;0.0;0.0;0.0;0.0;0.0;16;0.0;0.0;0.0;0.0;0.0;0.0;0.0;0.0;0.0;0.0;0.0;0.0;0.0;0.0;0.0;0.0;-5.825235366821289;-35.22581481933594;52.72600173950195;0.0;280.92999267578125;0.0;518438560;2368;50;28;0;0;0
1748649620;547628901;193.52999877929688;-51.540000915527344;-69.9000015258789;0.0;0.0;0.0;0.01875000074505806;-0.029750000685453415;0.996749997138977;4.820000171661377;1.1799999475479126;-0.7599999904632568;-5.8252105712890625;-35.225547790527344;166.10000610351562;0.0;0.0;51.11899948120117;24.940000534057617;4.760000228881836;-0.8399999737739563;0.0;0.0;0.0;0.0;0.0;0.0;0.0;0.0;0.0;17;0.0;0.0;0.0;0.0;0.0;0.0;0.0;0.0;0.0;0.0;0.0;0.0;0.0;0.0;0.0;0.0;-5.825235366821289;-35.22581481933594;52.71799850463867;0.0;280.92999267578125;0.0;518438600;2368;50;28;0;0;0
1748649620;587563532;193.27000427246094;-51.459999084472656;-69.66000366210938;0.0;0.0;0.0;0.01850000023841858;-0.029750000685453415;0.996749997138977;2.299999952316284;-0.6600000262260437;-0.20000000298023224;-5.82520866394043;-35.22554016113281;166.10000610351562;0.009999999776482582;0.009999999776482582;51.08000183105469;25.299999237060547;4.860000133514404;-1.1299999952316284;0.0;0.0;0.0;0.0;0.0;0.0;0.0;0.0;0.0;18;0.0;0.0;0.0;0.0;0.0;0.0;0.0;0.0;0.0;0.0;0.0;0.0;0.0;0.0;0.0;0.0;-5.825235366821289;-35.22581481933594;52.71799850463867;0.009999999776482582;302.5400085449219;0.009999999776482582;518438640;2368;50;28;0;0;0
1748649620;627693658;193.14999389648438;-51.29999923706055;-69.5;0.0;0.0;0.0;0.01875000074505806;-0.029750000685453415;0.996749997138977;4.079999923706055;1.5;-1.8600000143051147;-5.825206756591797;-35.22553253173828;166.10000610351562;0.0;0.009999999776482582;51.04199981689453;25.670000076293945;4.96999979019165;-1.409999966621399;0.0;0.0;0.0;0.0;0.0;0.0;0.0;0.0;0.0;19;0.0;0.0;0.0;0.0;0.0;0.0;0.0;0.0;0.0;0.0;0.0;0.0;0.0;0.0;0.0;0.0;-5.825235366821289;-35.22581481933594;52.71200180053711;0.009999999776482582;132.08999633789062;0.0;518438680;2368;50;28;0;0;0
1748649620;667817785;192.94000244140625;-50.959999084472656;-69.41999816894531;0.0;0.0;0.0;0.01875000074505806;-0.029750000685453415;0.9965000152587891;4.800000190734863;-1.2000000476837158;-10.9399995803833;-5.825205326080322;-35.225521087646484;166.10000610351562;0.0;0.0;50.999000549316406;26.030000686645508;5.070000171661377;-1.7000000476837158;0.0;0.0;0.0;0.0;0.0;0.0;0.0;0.0;0.0;20;0.0;0.0;0.0;0.0;0.0;0.0;0.0;0.0;0.0;0.0;0.0;0.0;0.0;0.0;0.0;0.0;-5.825235366821289;-35.22581481933594;52.7130012512207;0.0;18.459999084472656;0.0;518438720;2368;50;28;0;0;0
1748649620;707995910;192.88999938964844;-50.79999923706055;-69.44999694824219;0.0;0.0;0.0;0.01875000074505806;-0.029500000178813934;0.9965000152587891;1.2000000476837158;-4.079999923706055;-3.1600000858306885;-5.8252034187316895;-35.22551345825195;166.10000610351562;0.0;0.0;50.95199966430664;26.389999389648438;5.179999828338623;-1.9800000190734863;0.0;0.0;0.0;0.0;0.0;0.0;0.0;0.0;0.0;21;0.0;0.0;0.0;0.0;0.0;0.0;0.0;0.0;0.0;0.0;0.0;0.0;0.0;0.0;0.0;0.0;-5.825235366821289;-35.22581481933594;52.7140007019043;0.0;238.27000427246094;0.0;518438760;2368;50;28;0;0;0
1748649620;747098561;192.5800018310547;-50.689998626708984;-69.16999816894531;0.0;0.0;0.0;0.01875000074505806;-0.029750000685453415;0.996749997138977;4.659999847412109;-0.05999999865889549;-1.9800000190734863;-5.825201511383057;-35.225502014160156;166.10000610351562;0.0;0.0;50.89699935913086;26.760000228881836;5.28000020980835;-2.2699999809265137;0.0;0.0;0.0;0.0;0.0;0.0;0.0;0.0;0.0;22;0.0;0.0;0.0;0.0;0.0;0.0;0.0;0.0;0.0;0.0;0.0;0.0;0.0;0.0;0.0;0.0;-5.825235366821289;-35.22581481933594;52.715999603271484;0.0;238.27000427246094;0.0;518438800;2368;50;28;0;0;0
1748649620;787025942;192.36000061035156;-50.4900016784668;-69.08000183105469;0.0;0.0;0.0;0.01850000023841858;-0.029750000685453415;0.996749997138977;2.559999942779541;-5.139999866485596;-3.1600000858306885;-5.825199604034424;-35.225494384765625;166.10000610351562;0.0;0.009999999776482582;50.801998138427734;27.1200008392334;5.389999866485596;-2.549999952316284;0.0;0.0;0.0;0.0;0.0;0.0;0.0;0.0;0.0;23;0.0;0.0;0.0;0.0;0.0;0.0;0.0;0.0;0.0;0.0;0.0;0.0;0.0;0.0;0.0;0.0;-5.825235366821289;-35.22581481933594;52.715999603271484;0.009999999776482582;324.760009765625;0.0;518438840;2368;50;28;0;0;0
1748649620;827158444;191.97999572753906;-50.310001373291016;-68.66000366210938;0.0;0.0;0.0;0.01875000074505806;-0.029750000685453415;0.996749997138977;5.920000076293945;5.519999980926514;1.6200000047683716;-5.825197696685791;-35.22548294067383;166.10000610351562;0.0;0.009999999776482582;50.73500061035156;27.479999542236328;5.5;-2.8299999237060547;0.0;0.0;0.0;0.0;0.0;0.0;0.0;0.0;0.0;24;0.0;0.0;0.0;0.0;0.0;0.0;0.0;0.0;0.0;0.0;0.0;0.0;0.0;0.0;0.0;0.0;-5.825235366821289;-35.22581481933594;52.7239990234375;0.009999999776482582;119.12999725341797;0.0;518438880;2368;50;28;0;0;0
1748649620;867357193;191.5800018310547;-50.119998931884766;-68.43000030517578;0.0;0.0;0.0;0.01875000074505806;-0.029500000178813934;0.996749997138977;5.659999847412109;-2.859999895095825;-1.5;-5.8251953125;-35.22547149658203;166.10000610351562;0.0;0.0;50.6619987487793;27.850000381469727;5.610000133514404;-3.0999999046325684;0.0;0.0;0.0;0.0;0.0;0.0;0.0;0.0;0.0;25;0.0;0.0;0.0;0.0;0.0;0.0;0.0;0.0;0.0;0.0;0.0;0.0;0.0;0.0;0.0;0.0;-5.825235366821289;-35.22581481933594;52.722999572753906;0.0;69.0999984741211;0.0;518438920;2368;50;28;0;0;0
1748649620;907432195;191.27000427246094;-49.849998474121094;-68.30000305175781;0.0;0.0;0.0;0.01899999938905239;-0.029750000685453415;0.996749997138977;8.199999809265137;-1.4800000190734863;-4.800000190734863;-5.825193405151367;-35.2254638671875;166.10000610351562;0.019999999552965164;0.0;50.58000183105469;28.209999084472656;5.71999979019165;-3.380000114440918;0.0;0.0;0.0;0.0;0.0;0.0;0.0;0.0;0.0;26;0.0;0.0;0.0;0.0;0.0;0.0;0.0;0.0;0.0;0.0;0.0;0.0;0.0;0.0;0.0;0.0;-5.825235366821289;-35.22581481933594;52.73400115966797;0.0;20.219999313354492;0.019999999552965164;518438960;2368;50;28;0;0;0
1748649620;947405450;187.10000610351562;-49.650001525878906;-67.94999694824219;0.0;0.0;0.0;0.01875000074505806;-0.029750000685453415;0.996749997138977;7.119999885559082;1.899999976158142;-1.2599999904632568;-5.825191497802734;-35.2254524230957;166.1199951171875;0.019999999552965164;0.0;50.43899917602539;28.56999969482422;5.820000171661377;-3.6700000762939453;0.0;0.0;0.0;0.0;0.0;0.0;0.0;0.0;0.0;27;0.0;0.0;0.0;0.0;0.0;0.0;0.0;0.0;0.0;0.0;0.0;0.0;0.0;0.0;0.0;0.0;-5.825235366821289;-35.22581481933594;52.73400115966797;0.0;20.219999313354492;0.019999999552965164;518439000;2368;50;28;0;0;0
1748649620;987408830;186.75999450683594;-49.560001373291016;-67.68000030517578;0.0;0.0;0.0;0.01875000074505806;-0.029750000685453415;0.996749997138977;6.260000228881836;1.659999966621399;3.4000000953674316;-5.825189590454102;-35.225440979003906;166.1199951171875;-0.019999999552965164;0.0;50.340999603271484;28.93000030517578;5.929999828338623;-3.950000047683716;0.0;0.0;0.0;0.0;0.0;0.0;0.0;0.0;0.0;28;0.0;0.0;0.0;0.0;0.0;0.0;0.0;0.0;0.0;0.0;0.0;0.0;0.0;0.0;0.0;0.0;-5.825235366821289;-35.22581481933594;52.731998443603516;0.0;263.32000732421875;-0.019999999552965164;518439040;2368;50;28;0;0;0
1748649621;27413709;186.5399932861328;-49.40999984741211;-67.41999816894531;0.0;0.0;0.0;0.01875000074505806;-0.029750000685453415;0.996749997138977;4.840000152587891;5.5;-2.740000009536743;-5.8251872062683105;-35.225433349609375;166.1199951171875;0.009999999776482582;0.0;50.237998962402344;29.290000915527344;6.039999961853027;-4.230000019073486;0.0;0.0;0.0;0.0;0.0;0.0;0.0;0.0;0.0;29;0.0;0.0;0.0;0.0;0.0;0.0;0.0;0.0;0.0;0.0;0.0;0.0;0.0;0.0;0.0;0.0;-5.825235366821289;-35.22581481933594;52.73899841308594;0.0;308.95001220703125;0.009999999776482582;518439080;2368;50;28;0;0;0
1748649621;67844828;186.3699951171875;-49.060001373291016;-67.4000015258789;0.0;0.0;0.0;0.01850000023841858;-0.029750000685453415;0.996749997138977;4.579999923706055;-2.200000047683716;-5.71999979019165;-5.825185298919678;-35.22542190551758;166.1199951171875;0.019999999552965164;0.009999999776482582;50.13100051879883;29.649999618530273;6.159999847412109;-4.510000228881836;0.0;0.0;0.0;0.0;0.0;0.0;0.0;0.0;0.0;30;0.0;0.0;0.0;0.0;0.0;0.0;0.0;0.0;0.0;0.0;0.0;0.0;0.0;0.0;0.0;0.0;-5.825235366821289;-35.22581481933594;52.75899887084961;0.009999999776482582;325.2699890136719;0.019999999552965164;518439120;2368;50;28;0;0;0
1748649621;107746959;186.07000732421875;-48.869998931884766;-67.11000061035156;0.0;0.0;0.0;0.01875000074505806;-0.029750000685453415;0.996749997138977;6.519999980926514;3.5799999237060547;-2.4600000381469727;-5.825182914733887;-35.22541046142578;166.1199951171875;-0.009999999776482582;0.0;50.016998291015625;30.0;6.269999980926514;-4.789999961853027;0.0;0.0;0.0;0.0;0.0;0.0;0.0;0.0;0.0;31;0.0;0.0;0.0;0.0;0.0;0.0;0.0;0.0;0.0;0.0;0.0;0.0;0.0;0.0;0.0;0.0;-5.825235366821289;-35.22581481933594;52.750999450683594;0.0;284.3800048828125;-0.009999999776482582;518439160;2368;50;28;0;0;0
1748649621;147809837;185.82000732421875;-48.599998474121094;-66.95999908447266;0.0;0.0;0.0;0.01875000074505806;-0.029750000685453415;0.996749997138977;4.320000171661377;1.4600000381469727;-4.539999961853027;-5.825180530548096;-35.225399017333984;166.1199951171875;-0.009999999776482582;0.0;49.900001525878906;30.360000610351562;6.389999866485596;-5.070000171661377;0.0;0.0;0.0;0.0;0.0;0.0;0.0;0.0;0.0;0;0.0;0.0;0.0;0.0;0.0;0.0;0.0;0.0;0.0;0.0;0.0;0.0;0.0;0.0;0.0;0.0;-5.825235366821289;-35.22581481933594;52.762001037597656;0.0;284.3800048828125;-0.009999999776482582;518439200;2368;50;28;0;0;0
1748649621;186844866;185.5;-48.43000030517578;-66.69000244140625;0.0;0.0;0.0;0.01875000074505806;-0.029750000685453415;0.996749997138977;8.140000343322754;1.2599999904632568;-0.6600000262260437;-5.825178146362305;-35.22538757324219;166.1199951171875;0.0;0.0;49.691001892089844;30.719999313354492;6.5;-5.340000152587891;0.0;0.0;0.0;0.0;0.0;0.0;0.0;0.0;0.0;1;0.0;0.0;0.0;0.0;0.0;0.0;0.0;0.0;0.0;0.0;0.0;0.0;0.0;0.0;0.0;0.0;-5.825235366821289;-35.22581481933594;52.762001037597656;0.0;288.57000732421875;0.0;518439240;2368;50;28;0;0;0
1748649621;227047240;185.3300018310547;-48.27000045776367;-66.6500015258789;0.0;0.0;0.0;0.01875000074505806;-0.029750000685453415;0.996749997138977;4.199999809265137;-4.199999809265137;-0.23999999463558197;-5.825175762176514;-35.22537612915039;166.1199951171875;0.0;0.0;49.555999755859375;31.06999969482422;6.619999885559082;-5.619999885559082;0.0;0.0;0.0;0.0;0.0;0.0;0.0;0.0;0.0;2;0.0;0.0;0.0;0.0;0.0;0.0;0.0;0.0;0.0;0.0;0.0;0.0;0.0;0.0;0.0;0.0;-5.825235366821289;-35.22581481933594;52.77000045776367;0.0;87.83000183105469;0.0;518439280;2368;50;28;0;0;0
1748649621;267060994;185.13999938964844;-48.06999969482422;-66.56999969482422;0.0;0.0;0.0;0.01875000074505806;-0.029750000685453415;0.996749997138977;2.5199999809265137;-2.4600000381469727;-4.679999828338623;-5.825173377990723;-35.225364685058594;166.1199951171875;-0.009999999776482582;0.009999999776482582;49.41699981689453;31.43000030517578;6.739999771118164;-5.889999866485596;0.0;0.0;0.0;0.0;0.0;0.0;0.0;0.0;0.0;3;0.0;0.0;0.0;0.0;0.0;0.0;0.0;0.0;0.0;0.0;0.0;0.0;0.0;0.0;0.0;0.0;-5.825235366821289;-35.22581481933594;52.78200149536133;0.009999999776482582;258.79998779296875;-0.009999999776482582;518439320;2368;50;28;0;0;0
1748649621;307184120;185.02000427246094;-47.93000030517578;-66.5;0.0;0.0;0.0;0.01875000074505806;-0.029750000685453415;0.996749997138977;3.5999999046325684;-3.319999933242798;-4.460000038146973;-5.825170993804932;-35.2253532409668;166.1199951171875;0.0;0.0;49.27299880981445;31.780000686645508;6.860000133514404;-6.159999847412109;0.0;0.0;0.0;0.0;0.0;0.0;0.0;0.0;0.0;4;0.0;0.0;0.0;0.0;0.0;0.0;0.0;0.0;0.0;0.0;0.0;0.0;0.0;0.0;0.0;0.0;-5.825235366821289;-35.22581481933594;52.77399826049805;0.0;50.130001068115234;0.0;518439360;2368;50;28;0;0;0
1748649621;347228373;184.64999389648438;-47.810001373291016;-66.23999786376953;0.0;0.0;0.0;0.01875000074505806;-0.029750000685453415;0.996749997138977;8.279999732971191;-0.8600000143051147;-1.0800000429153442;-5.825168609619141;-35.225341796875;166.1199951171875;0.0;0.0;49.124000549316406;32.13999938964844;6.980000019073486;-6.440000057220459;0.0;0.0;0.0;0.0;0.0;0.0;0.0;0.0;0.0;5;0.0;0.0;0.0;0.0;0.0;0.0;0.0;0.0;0.0;0.0;0.0;0.0;0.0;0.0;0.0;0.0;-5.825235366821289;-35.22581481933594;52.78300094604492;0.0;50.130001068115234;0.0;518439400;2368;50;28;0;0;0
1748649621;387325375;184.27000427246094;-47.65999984741211;-65.83000183105469;0.0;0.0;0.0;0.01875000074505806;-0.029750000685453415;0.996749997138977;7.900000095367432;4.539999961853027;-1.8600000143051147;-5.82516622543335;-35.2253303527832;166.1199951171875;0.0;0.009999999776482582;48.861000061035156;32.4900016784668;7.099999904632568;-6.710000038146973;0.0;0.0;0.0;0.0;0.0;0.0;0.0;0.0;0.0;6;0.0;0.0;0.0;0.0;0.0;0.0;0.0;0.0;0.0;0.0;0.0;0.0;0.0;0.0;0.0;0.0;-5.825235366821289;-35.22581481933594;52.78300094604492;0.009999999776482582;104.08000183105469;0.0;518439440;2368;50;28;0;0;0
1748649621;427723620;184.10000610351562;-47.41999816894531;-65.83000183105469;0.0;0.0;0.0;0.01875000074505806;-0.029750000685453415;0.996749997138977;4.099999904632568;-3.3399999141693115;-7.78000020980835;-5.8251633644104;-35.225318908691406;166.1199951171875;0.0;0.0;48.69499969482422;32.84000015258789;7.21999979019165;-6.980000019073486;0.0;0.0;0.0;0.0;0.0;0.0;0.0;0.0;0.0;7;0.0;0.0;0.0;0.0;0.0;0.0;0.0;0.0;0.0;0.0;0.0;0.0;0.0;0.0;0.0;0.0;-5.825235366821289;-35.22581481933594;52.78200149536133;0.0;211.7899932861328;0.0;518439480;2368;50;28;0;0;0
1748649621;468213362;183.91000366210938;-47.349998474121094;-65.76000213623047;0.0;0.0;0.0;0.01875000074505806;-0.029750000685453415;0.996749997138977;4.119999885559082;-1.9199999570846558;1.3799999952316284;-5.825160980224609;-35.22530746459961;166.1199951171875;-0.009999999776482582;0.009999999776482582;48.525001525878906;33.189998626708984;7.340000152587891;-7.25;0.0;0.0;0.0;0.0;0.0;0.0;0.0;0.0;0.0;8;0.0;0.0;0.0;0.0;0.0;0.0;0.0;0.0;0.0;0.0;0.0;0.0;0.0;0.0;0.0;0.0;-5.825235366821289;-35.22581481933594;52.79100036621094;0.009999999776482582;329.95001220703125;-0.009999999776482582;518439520;2368;50;28;0;0;0
1748649621;508319114;183.72000122070312;-47.2599983215332;-65.4800033569336;0.0;0.0;0.0;0.01875000074505806;-0.029750000685453415;0.996749997138977;3.9600000381469727;1.0199999809265137;-2.8399999141693115;-5.82515811920166;-35.22529602050781;166.1199951171875;0.0;0.009999999776482582;48.349998474121094;33.54999923706055;7.46999979019165;-7.519999980926514;0.0;0.0;0.0;0.0;0.0;0.0;0.0;0.0;0.0;9;0.0;0.0;0.0;0.0;0.0;0.0;0.0;0.0;0.0;0.0;0.0;0.0;0.0;0.0;0.0;0.0;-5.825235366821289;-35.22581481933594;52.79499816894531;0.009999999776482582;263.19000244140625;0.0;518439560;2368;50;28;0;0;0
1748649621;548453240;183.5500030517578;-47.119998931884766;-65.41000366210938;0.0;0.0;0.0;0.01875000074505806;-0.029750000685453415;0.996749997138977;5.019999980926514;-2.5399999618530273;-3.700000047683716;-5.825155735015869;-35.225284576416016;166.1199951171875;0.0;0.009999999776482582;48.16999816894531;33.900001525878906;7.590000152587891;-7.78000020980835;0.0;0.0;0.0;0.0;0.0;0.0;0.0;0.0;0.0;10;0.0;0.0;0.0;0.0;0.0;0.0;0.0;0.0;0.0;0.0;0.0;0.0;0.0;0.0;0.0;0.0;-5.825235366821289;-35.22581481933594;52.79999923706055;0.009999999776482582;263.19000244140625;0.0;518439600;2368;50;28;0;0;0
1748649621;587844259;183.22999572753906;-46.90999984741211;-65.29000091552734;0.0;0.0;0.0;0.01875000074505806;-0.029750000685453415;0.996749997138977;5.78000020980835;-1.7799999713897705;-3.380000114440918;-5.82515287399292;-35.22526931762695;166.1199951171875;0.019999999552965164;0.0;47.85300064086914;34.25;7.710000038146973;-8.050000190734863;0.0;0.0;0.0;0.0;0.0;0.0;0.0;0.0;0.0;11;0.0;0.0;0.0;0.0;0.0;0.0;0.0;0.0;0.0;0.0;0.0;0.0;0.0;0.0;0.0;0.0;-5.825235366821289;-35.22581481933594;52.79999923706055;0.0;18.389999389648438;0.019999999552965164;518439640;2368;50;28;0;0;0
1748649621;626978285;183.1999969482422;-46.56999969482422;-65.38999938964844;0.0;0.0;0.0;0.01875000074505806;-0.029750000685453415;0.996749997138977;3.8399999141693115;-3.619999885559082;-7.239999771118164;-5.825150012969971;-35.225257873535156;166.1199951171875;0.009999999776482582;0.0;47.65800094604492;34.599998474121094;7.840000152587891;-8.319999694824219;0.0;0.0;0.0;0.0;0.0;0.0;0.0;0.0;0.0;12;0.0;0.0;0.0;0.0;0.0;0.0;0.0;0.0;0.0;0.0;0.0;0.0;0.0;0.0;0.0;0.0;-5.825235366821289;-35.22581481933594;52.80799865722656;0.0;98.62999725341797;0.009999999776482582;518439680;2368;50;28;0;0;0
1748649621;667148160;183.00999450683594;-46.41999816894531;-65.38999938964844;0.0;0.0;0.0;0.01875000074505806;-0.029750000685453415;0.996749997138977;4.159999847412109;-3.319999933242798;-2.319999933242798;-5.8251471519470215;-35.22524642944336;166.1199951171875;0.009999999776482582;0.0;47.45600128173828;34.95000076293945;7.96999979019165;-8.579999923706055;0.0;0.0;0.0;0.0;0.0;0.0;0.0;0.0;0.0;13;0.0;0.0;0.0;0.0;0.0;0.0;0.0;0.0;0.0;0.0;0.0;0.0;0.0;0.0;0.0;0.0;-5.825235366821289;-35.22581481933594;52.79499816894531;0.0;60.70000076293945;0.009999999776482582;518439720;2368;50;28;0;0;0
1748649621;707704651;182.74000549316406;-46.220001220703125;-65.20999908447266;0.0;0.0;0.0;0.01875000074505806;-0.029750000685453415;0.996749997138977;6.260000228881836;0.8799999952316284;1.5199999809265137;-5.825144290924072;-35.22523498535156;166.1199951171875;-0.009999999776482582;0.009999999776482582;47.25;35.290000915527344;8.09000015258789;-8.850000381469727;0.0;0.0;0.0;0.0;0.0;0.0;0.0;0.0;0.0;14;0.0;0.0;0.0;0.0;0.0;0.0;0.0;0.0;0.0;0.0;0.0;0.0;0.0;0.0;0.0;0.0;-5.825235366821289;-35.22581481933594;52.79999923706055;0.009999999776482582;305.739990234375;-0.009999999776482582;518439760;2368;50;28;0;0;0
1748649621;747767779;182.3699951171875;-46.04999923706055;-64.86000061035156;0.0;0.0;0.0;0.01875000074505806;-0.029750000685453415;0.996749997138977;7.119999885559082;4.199999809265137;-2.759999990463257;-5.825141429901123;-35.2252197265625;166.1199951171875;-0.009999999776482582;0.009999999776482582;47.040000915527344;35.63999938964844;8.220000267028809;-9.109999656677246;0.0;0.0;0.0;0.0;0.0;0.0;0.0;0.0;0.0;15;0.0;0.0;0.0;0.0;0.0;0.0;0.0;0.0;0.0;0.0;0.0;0.0;0.0;0.0;0.0;0.0;-5.825235366821289;-35.22581481933594;52.80400085449219;0.009999999776482582;305.739990234375;-0.009999999776482582;518439800;2368;50;28;0;0;0
1748649621;787262420;182.0;-45.90999984741211;-64.56999969482422;0.0;0.0;0.0;0.01875000074505806;-0.029750000685453415;0.996749997138977;7.320000171661377;0.699999988079071;-0.03999999910593033;-5.825138568878174;-35.2252082824707;166.1199951171875;-0.009999999776482582;0.0;46.66999816894531;35.9900016784668;8.359999656677246;-9.369999885559082;0.0;0.0;0.0;0.0;0.0;0.0;0.0;0.0;0.0;16;0.0;0.0;0.0;0.0;0.0;0.0;0.0;0.0;0.0;0.0;0.0;0.0;0.0;0.0;0.0;0.0;-5.825235366821289;-35.22581481933594;52.80400085449219;0.0;248.88999938964844;-0.009999999776482582;518439840;2368;50;28;0;0;0
1748649621;827367297;181.60000610351562;-45.83000183105469;-64.37999725341797;0.0;0.0;0.0;0.01875000074505806;-0.029750000685453415;0.996999979019165;6.539999961853027;-5.0;0.6000000238418579;-5.825135707855225;-35.22519302368164;166.1199951171875;0.0;0.0;46.44200134277344;36.33000183105469;8.489999771118164;-9.630000114440918;0.0;0.0;0.0;0.0;0.0;0.0;0.0;0.0;0.0;17;0.0;0.0;0.0;0.0;0.0;0.0;0.0;0.0;0.0;0.0;0.0;0.0;0.0;0.0;0.0;0.0;-5.825235366821289;-35.22581481933594;52.8120002746582;0.0;174.1999969482422;0.0;518439880;2368;50;28;0;0;0
1748649621;867533047;181.52999877929688;-45.540000915527344;-64.38999938964844;0.0;0.0;0.0;0.01850000023841858;-0.029750000685453415;0.996999979019165;2.2799999713897705;-2.5;-3.8399999141693115;-5.825132369995117;-35.225181579589844;166.1199951171875;0.0;0.009999999776482582;46.21200180053711;36.68000030517578;8.619999885559082;-9.890000343322754;0.0;0.0;0.0;0.0;0.0;0.0;0.0;0.0;0.0;18;0.0;0.0;0.0;0.0;0.0;0.0;0.0;0.0;0.0;0.0;0.0;0.0;0.0;0.0;0.0;0.0;-5.825235366821289;-35.22581481933594;52.8120002746582;0.009999999776482582;90.45999908447266;0.0;518439920;2368;50;28;0;0;0
1748649621;908084163;181.3300018310547;-45.400001525878906;-64.22000122070312;0.0;0.0;0.0;0.01850000023841858;-0.029750000685453415;0.996749997138977;5.260000228881836;-1.159999966621399;-3.0199999809265137;-5.825129508972168;-35.22516632080078;166.1199951171875;0.0;0.009999999776482582;45.97600173950195;37.02000045776367;8.75;-10.149999618530273;0.0;0.0;0.0;0.0;0.0;0.0;0.0;0.0;0.0;19;0.0;0.0;0.0;0.0;0.0;0.0;0.0;0.0;0.0;0.0;0.0;0.0;0.0;0.0;0.0;0.0;-5.825235366821289;-35.22581481933594;52.80799865722656;0.009999999776482582;253.11000061035156;0.0;518439960;2368;50;28;0;0;0
1748649621;947541556;179.1199951171875;-45.22999954223633;-64.02999877929688;0.0;0.0;0.0;0.01875000074505806;-0.029750000685453415;0.9965000152587891;4.380000114440918;4.239999771118164;-1.1799999475479126;-5.825126647949219;-35.225154876708984;166.13999938964844;0.0;0.009999999776482582;45.564998626708984;37.380001068115234;8.850000381469727;-10.40999984741211;0.0;0.0;0.0;0.0;0.0;0.0;0.0;0.0;0.0;20;0.0;0.0;0.0;0.0;0.0;0.0;0.0;0.0;0.0;0.0;0.0;0.0;0.0;0.0;0.0;0.0;-5.825235366821289;-35.22581481933594;52.80799865722656;0.009999999776482582;253.11000061035156;0.0;518440000;2368;50;28;0;0;0
1748649621;987728556;178.72999572753906;-45.119998931884766;-63.790000915527344;0.0;0.0;0.0;0.01875000074505806;-0.029750000685453415;0.9965000152587891;4.639999866485596;0.5400000214576721;-3.4000000953674316;-5.8251237869262695;-35.22513961791992;166.13999938964844;-0.019999999552965164;0.0;45.31399917602539;37.720001220703125;8.989999771118164;-10.670000076293945;0.0;0.0;0.0;0.0;0.0;0.0;0.0;0.0;0.0;21;0.0;0.0;0.0;0.0;0.0;0.0;0.0;0.0;0.0;0.0;0.0;0.0;0.0;0.0;0.0;0.0;-5.825235366821289;-35.22581481933594;52.808998107910156;0.0;90.1500015258789;-0.019999999552965164;518440040;2368;50;28;0;0;0
1748649622;28459792;178.33999633789062;-44.83000183105469;-63.540000915527344;0.0;0.0;0.0;0.01875000074505806;-0.029750000685453415;0.9965000152587891;9.319999694824219;0.47999998927116394;-3.119999885559082;-5.825120449066162;-35.225128173828125;166.13999938964844;0.0;0.009999999776482582;45.05799865722656;38.060001373291016;9.119999885559082;-10.920000076293945;0.0;0.0;0.0;0.0;0.0;0.0;0.0;0.0;0.0;22;0.0;0.0;0.0;0.0;0.0;0.0;0.0;0.0;0.0;0.0;0.0;0.0;0.0;0.0;0.0;0.0;-5.825235366821289;-35.22581481933594;52.80400085449219;0.009999999776482582;107.5199966430664;0.0;518440080;2368;50;28;0;0;0
1748649622;68399548;178.25999450683594;-44.63999938964844;-63.40999984741211;0.0;0.0;0.0;0.01875000074505806;-0.029750000685453415;0.996749997138977;4.679999828338623;1.1799999475479126;-1.5800000429153442;-5.825117111206055;-35.22511291503906;166.13999938964844;0.009999999776482582;0.0;44.79800033569336;38.400001525878906;9.25;-11.170000076293945;0.0;0.0;0.0;0.0;0.0;0.0;0.0;0.0;0.0;23;0.0;0.0;0.0;0.0;0.0;0.0;0.0;0.0;0.0;0.0;0.0;0.0;0.0;0.0;0.0;0.0;-5.825235366821289;-35.22581481933594;52.814998626708984;0.0;326.010009765625;0.009999999776482582;518440120;2368;50;28;0;0;0
1748649622;107907814;178.14999389648438;-44.310001373291016;-63.33000183105469;0.0;0.0;0.0;0.01875000074505806;-0.029500000178813934;0.996749997138977;8.380000114440918;-3.440000057220459;-8.319999694824219;-5.825113773345947;-35.22509765625;166.13999938964844;0.0;0.0;44.53300094604492;38.7400016784668;9.390000343322754;-11.430000305175781;0.0;0.0;0.0;0.0;0.0;0.0;0.0;0.0;0.0;24;0.0;0.0;0.0;0.0;0.0;0.0;0.0;0.0;0.0;0.0;0.0;0.0;0.0;0.0;0.0;0.0;-5.825235366821289;-35.22581481933594;52.8120002746582;0.0;241.82000732421875;0.0;518440160;2368;50;28;0;0;0
1748649622;147930443;178.08999633789062;-44.060001373291016;-63.220001220703125;0.0;0.0;0.0;0.01850000023841858;-0.029750000685453415;0.996749997138977;3.359999895095825;3.1600000858306885;-3.5399999618530273;-5.82511043548584;-35.2250862121582;166.13999938964844;0.0;0.0;44.263999938964844;39.08000183105469;9.520000457763672;-11.680000305175781;0.0;0.0;0.0;0.0;0.0;0.0;0.0;0.0;0.0;25;0.0;0.0;0.0;0.0;0.0;0.0;0.0;0.0;0.0;0.0;0.0;0.0;0.0;0.0;0.0;0.0;-5.825235366821289;-35.22581481933594;52.83100128173828;0.0;241.82000732421875;0.0;518440200;2368;50;28;0;0;0
1748649622;187005470;177.94000244140625;-43.95000076293945;-63.08000183105469;0.0;0.0;0.0;0.01875000074505806;-0.029750000685453415;0.9965000152587891;3.5999999046325684;-0.8600000143051147;-2.4800000190734863;-5.825107097625732;-35.22507095336914;166.13999938964844;0.009999999776482582;0.009999999776482582;43.79199981689453;39.41999816894531;9.65999984741211;-11.930000305175781;0.0;0.0;0.0;0.0;0.0;0.0;0.0;0.0;0.0;26;0.0;0.0;0.0;0.0;0.0;0.0;0.0;0.0;0.0;0.0;0.0;0.0;0.0;0.0;0.0;0.0;-5.825235366821289;-35.22581481933594;52.83100128173828;0.009999999776482582;295.07000732421875;0.009999999776482582;518440240;2368;50;28;0;0;0
1748649622;227048849;177.61000061035156;-43.7400016784668;-62.810001373291016;0.0;0.0;0.0;0.01850000023841858;-0.029750000685453415;0.996749997138977;9.720000267028809;0.18000000715255737;-3.859999895095825;-5.825103759765625;-35.22505569458008;166.13999938964844;0.0;0.0;43.50899887084961;39.7599983215332;9.800000190734863;-12.180000305175781;0.0;0.0;0.0;0.0;0.0;0.0;0.0;0.0;0.0;27;0.0;0.0;0.0;0.0;0.0;0.0;0.0;0.0;0.0;0.0;0.0;0.0;0.0;0.0;0.0;0.0;-5.825235366821289;-35.22581481933594;52.83100128173828;0.0;339.0899963378906;0.0;518440280;2368;50;28;0;0;0
1748649622;267164100;177.2899932861328;-43.4900016784668;-62.7599983215332;0.0;0.0;0.0;0.01875000074505806;-0.029750000685453415;0.996749997138977;6.28000020980835;-4.920000076293945;-1.0;-5.825100421905518;-35.225040435791016;166.13999938964844;0.0;0.0;43.22100067138672;40.099998474121094;9.9399995803833;-12.430000305175781;0.0;0.0;0.0;0.0;0.0;0.0;0.0;0.0;0.0;28;0.0;0.0;0.0;0.0;0.0;0.0;0.0;0.0;0.0;0.0;0.0;0.0;0.0;0.0;0.0;0.0;-5.825235366821289;-35.22581481933594;52.83399963378906;0.0;281.4100036621094;0.0;518440320;2368;50;28;0;0;0
1748649622;307078107;177.07000732421875;-43.40999984741211;-62.5;0.0;0.0;0.0;0.01875000074505806;-0.029750000685453415;0.996749997138977;4.380000114440918;3.359999895095825;0.7799999713897705;-5.825096607208252;-35.22502899169922;166.13999938964844;-0.009999999776482582;0.0;42.92900085449219;40.439998626708984;10.069999694824219;-12.670000076293945;0.0;0.0;0.0;0.0;0.0;0.0;0.0;0.0;0.0;29;0.0;0.0;0.0;0.0;0.0;0.0;0.0;0.0;0.0;0.0;0.0;0.0;0.0;0.0;0.0;0.0;-5.825235366821289;-35.22581481933594;52.85499954223633;0.0;320.1700134277344;-0.009999999776482582;518440360;2368;50;28;0;0;0
1748649622;347354729;176.89999389648438;-43.290000915527344;-62.36000061035156;0.0;0.0;0.0;0.01875000074505806;-0.029500000178813934;0.996749997138977;2.880000114440918;0.699999988079071;-2.0;-5.8250932693481445;-35.225013732910156;166.13999938964844;-0.009999999776482582;0.0;42.63199996948242;40.77000045776367;10.210000038146973;-12.920000076293945;0.0;0.0;0.0;0.0;0.0;0.0;0.0;0.0;0.0;30;0.0;0.0;0.0;0.0;0.0;0.0;0.0;0.0;0.0;0.0;0.0;0.0;0.0;0.0;0.0;0.0;-5.825235366821289;-35.22581481933594;52.856998443603516;0.0;320.1700134277344;-0.009999999776482582;518440400;2368;50;28;0;0;0
1748649622;387296735;176.6999969482422;-43.189998626708984;-62.15999984741211;0.0;0.0;0.0;0.01850000023841858;-0.029750000685453415;0.9965000152587891;-0.07999999821186066;2.440000057220459;-0.41999998688697815;-5.825089454650879;-35.224998474121094;166.13999938964844;-0.009999999776482582;0.0;42.11000061035156;41.11000061035156;10.350000381469727;-13.170000076293945;0.0;0.0;0.0;0.0;0.0;0.0;0.0;0.0;0.0;31;0.0;0.0;0.0;0.0;0.0;0.0;0.0;0.0;0.0;0.0;0.0;0.0;0.0;0.0;0.0;0.0;-5.825235366821289;-35.22581481933594;52.856998443603516;0.0;226.11000061035156;-0.009999999776482582;518440440;2368;50;28;0;0;0
1748649622;427364738;176.75;-43.0;-62.13999938964844;0.0;0.0;0.0;0.01875000074505806;-0.029750000685453415;0.996749997138977;1.659999966621399;-0.6800000071525574;-5.420000076293945;-5.825085639953613;-35.22498321533203;166.13999938964844;0.0;0.0;41.79899978637695;41.439998626708984;10.489999771118164;-13.40999984741211;0.0;0.0;0.0;0.0;0.0;0.0;0.0;0.0;0.0;0;0.0;0.0;0.0;0.0;0.0;0.0;0.0;0.0;0.0;0.0;0.0;0.0;0.0;0.0;0.0;0.0;-5.825235366821289;-35.22581481933594;52.84000015258789;0.0;193.3000030517578;0.0;518440480;2368;50;28;0;0;0
1748649622;467407741;176.52999877929688;-42.810001373291016;-61.91999816894531;0.0;0.0;0.0;0.01875000074505806;-0.029750000685453415;0.996749997138977;6.480000019073486;3.8399999141693115;-2.9200000762939453;-5.825082302093506;-35.22496795654297;166.13999938964844;0.0;0.0;41.48400115966797;41.779998779296875;10.630000114440918;-13.649999618530273;0.0;0.0;0.0;0.0;0.0;0.0;0.0;0.0;0.0;1;0.0;0.0;0.0;0.0;0.0;0.0;0.0;0.0;0.0;0.0;0.0;0.0;0.0;0.0;0.0;0.0;-5.825235366821289;-35.22581481933594;52.84299850463867;0.0;89.44000244140625;0.0;518440520;2368;50;28;0;0;0
1748649622;507616615;176.19000244140625;-42.75;-61.58000183105469;0.0;0.0;0.0;0.01875000074505806;-0.029750000685453415;0.9965000152587891;4.360000133514404;2.180000066757202;-1.1799999475479126;-5.82507848739624;-35.224952697753906;166.13999938964844;0.009999999776482582;0.0;41.16400146484375;42.11000061035156;10.770000457763672;-13.890000343322754;0.0;0.0;0.0;0.0;0.0;0.0;0.0;0.0;0.0;2;0.0;0.0;0.0;0.0;0.0;0.0;0.0;0.0;0.0;0.0;0.0;0.0;0.0;0.0;0.0;0.0;-5.825235366821289;-35.22581481933594;52.854000091552734;0.0;59.040000915527344;0.009999999776482582;518440560;2368;50;28;0;0;0
1748649622;547756991;175.97999572753906;-42.61000061035156;-61.4900016784668;0.0;0.0;0.0;0.01850000023841858;-0.029750000685453415;0.9965000152587891;6.340000152587891;-0.14000000059604645;0.7799999713897705;-5.825074672698975;-35.224937438964844;166.13999938964844;0.009999999776482582;0.0;40.84000015258789;42.45000076293945;10.90999984741211;-14.130000114440918;0.0;0.0;0.0;0.0;0.0;0.0;0.0;0.0;0.0;3;0.0;0.0;0.0;0.0;0.0;0.0;0.0;0.0;0.0;0.0;0.0;0.0;0.0;0.0;0.0;0.0;-5.825235366821289;-35.22581481933594;52.86000061035156;0.0;59.040000915527344;0.009999999776482582;518440600;2368;50;28;0;0;0
1748649622;587660373;175.86000061035156;-42.349998474121094;-61.459999084472656;0.0;0.0;0.0;0.01875000074505806;-0.029750000685453415;0.996749997138977;5.519999980926514;0.7799999713897705;-5.159999847412109;-5.825070858001709;-35.22492218017578;166.13999938964844;0.0;0.0;40.27000045776367;42.779998779296875;11.050000190734863;-14.380000114440918;0.0;0.0;0.0;0.0;0.0;0.0;0.0;0.0;0.0;4;0.0;0.0;0.0;0.0;0.0;0.0;0.0;0.0;0.0;0.0;0.0;0.0;0.0;0.0;0.0;0.0;-5.825235366821289;-35.22581481933594;52.86000061035156;0.0;141.91000366210938;0.0;518440640;2368;50;28;0;0;0
1748649622;627701376;196.27000427246094;-42.029998779296875;-61.31999969482422;0.0;0.0;0.0;0.01875000074505806;-0.029750000685453415;0.996749997138977;8.15999984741211;-1.8200000524520874;-8.640000343322754;-5.825249671936035;-35.225826263427734;166.13999938964844;-0.019999999552965164;0.009999999776482582;39.93000030517578;0.47999998927116394;-0.05000000074505806;-14.609999656677246;0.0;0.0;0.0;0.0;0.0;0.0;0.0;0.0;0.0;5;0.0;0.0;0.0;0.0;0.0;0.0;0.0;0.0;0.0;0.0;0.0;0.0;0.0;0.0;0.0;0.0;-5.825235366821289;-35.22581481933594;52.856998443603516;0.009999999776482582;222.6300048828125;-0.019999999552965164;518440680;2368;50;28;0;0;0
1748649622;667758129;196.14999389648438;-41.88999938964844;-61.25;0.0;0.0;0.0;0.01875000074505806;-0.029750000685453415;0.996749997138977;2.0;0.18000000715255737;-1.5;-5.825245380401611;-35.225830078125;166.13999938964844;0.0;0.0;39.5880012512207;0.8399999737739563;-0.11999999731779099;-14.850000381469727;0.0;0.0;0.0;0.0;0.0;0.0;0.0;0.0;0.0;6;0.0;0.0;0.0;0.0;0.0;0.0;0.0;0.0;0.0;0.0;0.0;0.0;0.0;0.0;0.0;0.0;-5.825235366821289;-35.22581481933594;52.84700012207031;0.0;258.3299865722656;0.0;518440720;2368;50;28;0;0;0
1748649622;707909380;196.02000427246094;-41.75;-61.08000183105469;0.0;0.0;0.0;0.01875000074505806;-0.029750000685453415;0.996749997138977;6.21999979019165;0.8999999761581421;-3.0799999237060547;-5.825245380401611;-35.225830078125;166.13999938964844;0.0;0.0;39.242000579833984;1.190000057220459;-0.1599999964237213;-15.09000015258789;0.0;0.0;0.0;0.0;0.0;0.0;0.0;0.0;0.0;7;0.0;0.0;0.0;0.0;0.0;0.0;0.0;0.0;0.0;0.0;0.0;0.0;0.0;0.0;0.0;0.0;-5.825235366821289;-35.22581481933594;52.847999572753906;0.0;341.4599914550781;0.0;518440760;2368;50;28;0;0;0
1748649622;747012531;195.86000061035156;-41.58000183105469;-60.869998931884766;0.0;0.0;0.0;0.01850000023841858;-0.029750000685453415;0.996749997138977;7.199999809265137;-0.9200000166893005;-0.8799999952316284;-5.825244903564453;-35.225830078125;166.13999938964844;0.0;0.0;38.89099884033203;1.5499999523162842;-0.14000000059604645;-15.329999923706055;0.0;0.0;0.0;0.0;0.0;0.0;0.0;0.0;0.0;8;0.0;0.0;0.0;0.0;0.0;0.0;0.0;0.0;0.0;0.0;0.0;0.0;0.0;0.0;0.0;0.0;-5.825235366821289;-35.22581481933594;52.84600067138672;0.0;341.4599914550781;0.0;518440800;2368;50;28;0;0;0
1748649622;786982286;195.58999633789062;-41.43000030517578;-60.66999816894531;0.0;0.0;0.0;0.01875000074505806;-0.029750000685453415;0.996749997138977;4.940000057220459;-1.159999966621399;-2.619999885559082;-5.825245380401611;-35.225830078125;166.13999938964844;0.0;0.0;38.27299880981445;1.899999976158142;-0.12999999523162842;-15.5600004196167;0.0;0.0;0.0;0.0;0.0;0.0;0.0;0.0;0.0;9;0.0;0.0;0.0;0.0;0.0;0.0;0.0;0.0;0.0;0.0;0.0;0.0;0.0;0.0;0.0;0.0;-5.825235366821289;-35.22581481933594;52.84600067138672;0.0;254.08999633789062;0.0;518440840;2368;50;28;0;0;0
1748649622;827340782;195.42999267578125;-41.13999938964844;-60.56999969482422;0.0;0.0;0.0;0.01875000074505806;-0.029750000685453415;0.9965000152587891;6.0;1.0199999809265137;-6.099999904632568;-5.825245380401611;-35.225830078125;166.13999938964844;0.009999999776482582;0.009999999776482582;37.909000396728516;2.240000009536743;-0.11999999731779099;-15.789999961853027;0.0;0.0;0.0;0.0;0.0;0.0;0.0;0.0;0.0;10;0.0;0.0;0.0;0.0;0.0;0.0;0.0;0.0;0.0;0.0;0.0;0.0;0.0;0.0;0.0;0.0;-5.825235366821289;-35.22581481933594;52.8489990234375;0.009999999776482582;42.619998931884766;0.009999999776482582;518440880;2368;50;28;0;0;0
1748649622;867209914;195.30999755859375;-40.959999084472656;-60.529998779296875;0.0;0.0;0.0;0.01875000074505806;-0.029750000685453415;0.996749997138977;4.400000095367432;-2.0799999237060547;-6.739999771118164;-5.825245380401611;-35.225830078125;166.13999938964844;0.009999999776482582;0.0;37.540000915527344;2.5799999237060547;-0.10999999940395355;-16.030000686645508;0.0;0.0;0.0;0.0;0.0;0.0;0.0;0.0;0.0;11;0.0;0.0;0.0;0.0;0.0;0.0;0.0;0.0;0.0;0.0;0.0;0.0;0.0;0.0;0.0;0.0;-5.825235366821289;-35.22581481933594;52.847999572753906;0.0;157.92999267578125;0.009999999776482582;518440920;2368;50;28;0;0;0
1748649622;907176920;195.25999450683594;-40.689998626708984;-60.52000045776367;0.0;0.0;0.0;0.01875000074505806;-0.029750000685453415;0.996749997138977;6.360000133514404;0.6399999856948853;-1.2999999523162842;-5.825245380401611;-35.225830078125;166.13999938964844;0.009999999776482582;0.009999999776482582;51.09299850463867;2.9100000858306885;-0.10000000149011612;-0.25999999046325684;0.0;0.0;0.0;0.0;0.0;0.0;0.0;0.0;0.0;12;0.0;0.0;0.0;0.0;0.0;0.0;0.0;0.0;0.0;0.0;0.0;0.0;0.0;0.0;0.0;0.0;-5.825235366821289;-35.22581481933594;52.8489990234375;0.009999999776482582;113.95999908447266;0.009999999776482582;518440960;2368;50;28;0;0;0
1748649622;947294671;193.6199951171875;-40.5;-60.5;0.0;0.0;0.0;0.01875000074505806;-0.029750000685453415;0.996749997138977;2.9200000762939453;-0.3799999952316284;-4.179999828338623;-5.825245380401611;-35.225826263427734;166.10000610351562;0.009999999776482582;0.009999999776482582;51.077999114990234;3.2699999809265137;-0.07000000029802322;-0.49000000953674316;0.0;0.0;0.0;0.0;0.0;0.0;0.0;0.0;0.0;13;0.0;0.0;0.0;0.0;0.0;0.0;0.0;0.0;0.0;0.0;0.0;0.0;0.0;0.0;0.0;0.0;-5.825235366821289;-35.22581481933594;52.8489990234375;0.009999999776482582;113.95999908447266;0.009999999776482582;518441000;2368;50;28;0;0;0
1748649622;987309925;193.44000244140625;-40.33000183105469;-60.36000061035156;0.0;0.0;0.0;0.01875000074505806;-0.029750000685453415;0.996749997138977;4.960000038146973;0.8199999928474426;0.800000011920929;-5.825245380401611;-35.225826263427734;166.10000610351562;0.0;0.0;51.077999114990234;3.5999999046325684;-0.07000000029802322;-0.5099999904632568;0.0;0.0;0.0;0.0;0.0;0.0;0.0;0.0;0.0;14;0.0;0.0;0.0;0.0;0.0;0.0;0.0;0.0;0.0;0.0;0.0;0.0;0.0;0.0;0.0;0.0;-5.825235366821289;-35.22581481933594;52.867000579833984;0.0;211.33999633789062;0.0;518441040;2368;50;28;0;0;0
1748649623;27483050;193.35000610351562;-40.2400016784668;-60.290000915527344;0.0;0.0;0.0;0.01850000023841858;-0.029750000685453415;0.9965000152587891;2.4800000190734863;0.7400000095367432;-0.5799999833106995;-5.825245380401611;-35.225826263427734;166.10000610351562;-0.019999999552965164;0.019999999552965164;51.058998107910156;3.9600000381469727;-0.05000000074505806;-0.7400000095367432;0.0;0.0;0.0;0.0;0.0;0.0;0.0;0.0;0.0;15;0.0;0.0;0.0;0.0;0.0;0.0;0.0;0.0;0.0;0.0;0.0;0.0;0.0;0.0;0.0;0.0;-5.825235366821289;-35.22581481933594;52.85599899291992;0.019999999552965164;293.4200134277344;-0.019999999552965164;518441080;2368;50;28;0;0;0
1748649623;67521803;193.0399932861328;-40.09000015258789;-60.04999923706055;0.0;0.0;0.0;0.01875000074505806;-0.029750000685453415;0.996749997138977;10.140000343322754;-1.899999976158142;0.36000001430511475;-5.825245380401611;-35.225826263427734;166.10000610351562;-0.009999999776482582;0.0;51.03799819946289;4.309999942779541;-0.029999999329447746;-0.9599999785423279;0.0;0.0;0.0;0.0;0.0;0.0;0.0;0.0;0.0;16;0.0;0.0;0.0;0.0;0.0;0.0;0.0;0.0;0.0;0.0;0.0;0.0;0.0;0.0;0.0;0.0;-5.825235366821289;-35.22581481933594;52.87799835205078;0.0;184.30999755859375;-0.009999999776482582;518441120;2368;50;28;0;0;0
1748649623;108195416;192.85000610351562;-39.90999984741211;-59.83000183105469;0.0;0.0;0.0;0.01875000074505806;-0.029750000685453415;0.996749997138977;4.820000171661377;3.0399999618530273;-4.28000020980835;-5.825245380401611;-35.22582244873047;166.10000610351562;-0.019999999552965164;0.0;51.01300048828125;4.670000076293945;0.0;-1.190000057220459;0.0;0.0;0.0;0.0;0.0;0.0;0.0;0.0;0.0;17;0.0;0.0;0.0;0.0;0.0;0.0;0.0;0.0;0.0;0.0;0.0;0.0;0.0;0.0;0.0;0.0;-5.825235366821289;-35.22581481933594;52.88800048828125;0.0;249.55999755859375;-0.019999999552965164;518441160;2368;50;28;0;0;0
1748649623;148027674;192.6199951171875;-39.66999816894531;-59.689998626708984;0.0;0.0;0.0;0.01875000074505806;-0.029500000178813934;0.996749997138977;4.71999979019165;2.319999933242798;-3.180000066757202;-5.825245380401611;-35.22582244873047;166.10000610351562;-0.019999999552965164;0.0;50.98099899291992;5.019999980926514;0.019999999552965164;-1.409999966621399;0.0;0.0;0.0;0.0;0.0;0.0;0.0;0.0;0.0;18;0.0;0.0;0.0;0.0;0.0;0.0;0.0;0.0;0.0;0.0;0.0;0.0;0.0;0.0;0.0;0.0;-5.825235366821289;-35.22581481933594;52.8849983215332;0.0;249.55999755859375;-0.019999999552965164;518441200;2368;50;28;0;0;0
1748649623;187694937;192.49000549316406;-39.47999954223633;-59.54999923706055;0.0;0.0;0.0;0.01899999938905239;-0.029750000685453415;0.996749997138977;4.179999828338623;0.8999999761581421;-3.440000057220459;-5.825245380401611;-35.22582244873047;166.10000610351562;0.0;0.0;50.92100143432617;5.369999885559082;0.05000000074505806;-1.6299999952316284;0.0;0.0;0.0;0.0;0.0;0.0;0.0;0.0;0.0;19;0.0;0.0;0.0;0.0;0.0;0.0;0.0;0.0;0.0;0.0;0.0;0.0;0.0;0.0;0.0;0.0;-5.825235366821289;-35.22581481933594;52.8849983215332;0.0;18.969999313354492;0.0;518441240;2368;50;28;0;0;0
1748649623;228149930;192.4199981689453;-39.27000045776367;-59.5;0.0;0.0;0.0;0.01875000074505806;-0.029750000685453415;0.996749997138977;4.199999809265137;-0.5;-1.5399999618530273;-5.825245380401611;-35.2258186340332;166.10000610351562;0.0;0.0;50.87699890136719;5.71999979019165;0.05999999865889549;-1.850000023841858;0.0;0.0;0.0;0.0;0.0;0.0;0.0;0.0;0.0;20;0.0;0.0;0.0;0.0;0.0;0.0;0.0;0.0;0.0;0.0;0.0;0.0;0.0;0.0;0.0;0.0;-5.825235366821289;-35.22581481933594;52.89099884033203;0.0;36.97999954223633;0.0;518441280;2368;50;28;0;0;0
1748649623;267520200;192.36000061035156;-38.90999984741211;-59.5;0.0;0.0;0.0;0.01875000074505806;-0.029750000685453415;0.996749997138977;7.840000152587891;-2.880000114440918;-8.699999809265137;-5.8252458572387695;-35.2258186340332;166.10000610351562;0.009999999776482582;0.009999999776482582;50.82899856567383;6.070000171661377;0.07000000029802322;-2.069999933242798;0.0;0.0;0.0;0.0;0.0;0.0;0.0;0.0;0.0;21;0.0;0.0;0.0;0.0;0.0;0.0;0.0;0.0;0.0;0.0;0.0;0.0;0.0;0.0;0.0;0.0;-5.825235366821289;-35.22581481933594;52.88600158691406;0.009999999776482582;311.9599914550781;0.009999999776482582;518441320;2368;50;28;0;0;0
1748649623;306986718;192.14999389648438;-38.58000183105469;-59.380001068115234;0.0;0.0;0.0;0.01850000023841858;-0.029750000685453415;0.996749997138977;5.920000076293945;-2.1600000858306885;-8.600000381469727;-5.8252458572387695;-35.2258186340332;166.10000610351562;-0.009999999776482582;0.0;50.77799987792969;6.420000076293945;0.10999999940395355;-2.2799999713897705;0.0;0.0;0.0;0.0;0.0;0.0;0.0;0.0;0.0;22;0.0;0.0;0.0;0.0;0.0;0.0;0.0;0.0;0.0;0.0;0.0;0.0;0.0;0.0;0.0;0.0;-5.825235366821289;-35.22581481933594;52.895999908447266;0.0;201.17999267578125;-0.009999999776482582;518441360;2368;50;28;0;0;0
1748649623;347676330;191.9499969482422;-38.38999938964844;-59.189998626708984;0.0;0.0;0.0;0.01875000074505806;-0.029750000685453415;0.996749997138977;5.21999979019165;-2.2799999713897705;-1.8799999952316284;-5.8252458572387695;-35.22581481933594;166.10000610351562;-0.009999999776482582;0.0;50.720001220703125;6.769999980926514;0.14000000059604645;-2.5;0.0;0.0;0.0;0.0;0.0;0.0;0.0;0.0;0.0;23;0.0;0.0;0.0;0.0;0.0;0.0;0.0;0.0;0.0;0.0;0.0;0.0;0.0;0.0;0.0;0.0;-5.825235366821289;-35.22581481933594;52.89799880981445;0.0;201.17999267578125;-0.009999999776482582;518441400;2368;50;28;0;0;0
1748649623;387076599;191.82000732421875;-38.060001373291016;-59.15999984741211;0.0;0.0;0.0;0.01875000074505806;-0.029750000685453415;0.996749997138977;5.900000095367432;-0.18000000715255737;0.47999998927116394;-5.825245380401611;-35.22581481933594;166.10000610351562;-0.009999999776482582;0.009999999776482582;50.61899948120117;7.119999885559082;0.18000000715255737;-2.7100000381469727;0.0;0.0;0.0;0.0;0.0;0.0;0.0;0.0;0.0;24;0.0;0.0;0.0;0.0;0.0;0.0;0.0;0.0;0.0;0.0;0.0;0.0;0.0;0.0;0.0;0.0;-5.825235366821289;-35.22581481933594;52.89799880981445;0.009999999776482582;123.9800033569336;-0.009999999776482582;518441440;2368;50;28;0;0;0
1748649623;427486843;191.75;-37.88999938964844;-58.970001220703125;0.0;0.0;0.0;0.01875000074505806;-0.029750000685453415;0.996749997138977;3.359999895095825;0.5400000214576721;-5.0;-5.825245380401611;-35.22581100463867;166.10000610351562;0.0;0.0;50.551998138427734;7.46999979019165;0.20000000298023224;-2.9200000762939453;0.0;0.0;0.0;0.0;0.0;0.0;0.0;0.0;0.0;25;0.0;0.0;0.0;0.0;0.0;0.0;0.0;0.0;0.0;0.0;0.0;0.0;0.0;0.0;0.0;0.0;-5.825235366821289;-35.22581481933594;52.90800094604492;0.0;139.7100067138672;0.0;518441480;2368;50;28;0;0;0
1748649623;467241604;191.55999755859375;-37.65999984741211;-58.84000015258789;0.0;0.0;0.0;0.01875000074505806;-0.029750000685453415;0.9965000152587891;6.699999809265137;-1.6799999475479126;-2.4800000190734863;-5.825245380401611;-35.22581100463867;166.10000610351562;0.0;0.009999999776482582;50.481998443603516;7.809999942779541;0.23999999463558197;-3.119999885559082;0.0;0.0;0.0;0.0;0.0;0.0;0.0;0.0;0.0;26;0.0;0.0;0.0;0.0;0.0;0.0;0.0;0.0;0.0;0.0;0.0;0.0;0.0;0.0;0.0;0.0;-5.825235366821289;-35.22581481933594;52.90800094604492;0.009999999776482582;326.0400085449219;0.0;518441520;2368;50;28;0;0;0
1748649623;507385230;191.4499969482422;-37.400001525878906;-58.709999084472656;0.0;0.0;0.0;0.01875000074505806;-0.029750000685453415;0.996749997138977;3.240000009536743;0.23999999463558197;-5.380000114440918;-5.825245380401611;-35.225807189941406;166.10000610351562;0.0;0.009999999776482582;50.40299987792969;8.149999618530273;0.2800000011920929;-3.3399999141693115;0.0;0.0;0.0;0.0;0.0;0.0;0.0;0.0;0.0;27;0.0;0.0;0.0;0.0;0.0;0.0;0.0;0.0;0.0;0.0;0.0;0.0;0.0;0.0;0.0;0.0;-5.825235366821289;-35.22581481933594;52.89799880981445;0.009999999776482582;255.35000610351562;0.0;518441560;2368;50;28;0;0;0
1748649623;547644353;191.1999969482422;-37.220001220703125;-58.540000915527344;0.0;0.0;0.0;0.01875000074505806;-0.029750000685453415;0.996749997138977;9.239999771118164;0.6200000047683716;0.30000001192092896;-5.825245380401611;-35.225807189941406;166.10000610351562;0.0;0.009999999776482582;50.319000244140625;8.489999771118164;0.3199999928474426;-3.559999942779541;0.0;0.0;0.0;0.0;0.0;0.0;0.0;0.0;0.0;28;0.0;0.0;0.0;0.0;0.0;0.0;0.0;0.0;0.0;0.0;0.0;0.0;0.0;0.0;0.0;0.0;-5.825235366821289;-35.22581481933594;52.89699935913086;0.009999999776482582;255.35000610351562;0.0;518441600;2368;50;28;0;0;0
1748649623;587507610;190.9199981689453;-37.119998931884766;-58.41999816894531;0.0;0.0;0.0;0.01875000074505806;-0.029750000685453415;0.9965000152587891;6.920000076293945;0.8199999928474426;0.800000011920929;-5.825245380401611;-35.22580337524414;166.10000610351562;-0.009999999776482582;0.0;50.172000885009766;8.84000015258789;0.36000001430511475;-3.7799999713897705;0.0;0.0;0.0;0.0;0.0;0.0;0.0;0.0;0.0;29;0.0;0.0;0.0;0.0;0.0;0.0;0.0;0.0;0.0;0.0;0.0;0.0;0.0;0.0;0.0;0.0;-5.825235366821289;-35.22581481933594;52.89699935913086;0.0;308.3800048828125;-0.009999999776482582;518441640;2368;50;28;0;0;0
1748649623;627528864;190.94000244140625;-36.869998931884766;-58.459999084472656;0.0;0.0;0.0;0.01875000074505806;-0.029750000685453415;0.996749997138977;2.559999942779541;0.6800000071525574;-3.0199999809265137;-5.825245380401611;-35.22580337524414;166.10000610351562;0.019999999552965164;0.009999999776482582;50.07500076293945;9.170000076293945;0.4000000059604645;-3.990000009536743;0.0;0.0;0.0;0.0;0.0;0.0;0.0;0.0;0.0;30;0.0;0.0;0.0;0.0;0.0;0.0;0.0;0.0;0.0;0.0;0.0;0.0;0.0;0.0;0.0;0.0;-5.825235366821289;-35.22581481933594;52.902000427246094;0.009999999776482582;91.76000213623047;0.019999999552965164;518441680;2368;50;28;0;0;0
1748649623;668113354;190.6999969482422;-36.59000015258789;-58.349998474121094;0.0;0.0;0.0;0.01875000074505806;-0.029750000685453415;0.9965000152587891;11.15999984741211;-5.079999923706055;-4.920000076293945;-5.825245380401611;-35.225799560546875;166.10000610351562;0.0;0.0;49.9739990234375;9.510000228881836;0.4399999976158142;-4.210000038146973;0.0;0.0;0.0;0.0;0.0;0.0;0.0;0.0;0.0;31;0.0;0.0;0.0;0.0;0.0;0.0;0.0;0.0;0.0;0.0;0.0;0.0;0.0;0.0;0.0;0.0;-5.825235366821289;-35.22581481933594;52.91299819946289;0.0;154.7100067138672;0.0;518441720;2368;50;28;0;0;0
1748649623;708218606;190.4499969482422;-36.31999969482422;-58.13999938964844;0.0;0.0;0.0;0.01875000074505806;-0.029750000685453415;0.996749997138977;7.820000171661377;5.179999828338623;-7.300000190734863;-5.825244903564453;-35.22579574584961;166.10000610351562;0.0;0.0;49.869998931884766;9.850000381469727;0.49000000953674316;-4.420000076293945;0.0;0.0;0.0;0.0;0.0;0.0;0.0;0.0;0.0;0;0.0;0.0;0.0;0.0;0.0;0.0;0.0;0.0;0.0;0.0;0.0;0.0;0.0;0.0;0.0;0.0;-5.825235366821289;-35.22581481933594;52.904998779296875;0.0;288.0199890136719;0.0;518441760;2368;50;28;0;0;0
1748649623;748507978;190.33999633789062;-36.15999984741211;-58.040000915527344;0.0;0.0;0.0;0.01875000074505806;-0.029750000685453415;0.996749997138977;3.0199999809265137;2.7200000286102295;2.640000104904175;-5.825244903564453;-35.225791931152344;166.10000610351562;0.0;0.0;49.762001037597656;10.199999809265137;0.5400000214576721;-4.630000114440918;0.0;0.0;0.0;0.0;0.0;0.0;0.0;0.0;0.0;1;0.0;0.0;0.0;0.0;0.0;0.0;0.0;0.0;0.0;0.0;0.0;0.0;0.0;0.0;0.0;0.0;-5.825235366821289;-35.22581481933594;52.92599868774414;0.0;288.0199890136719;0.0;518441800;2368;50;28;0;0;0
1748649623;787761876;190.25999450683594;-35.880001068115234;-57.959999084472656;0.0;0.0;0.0;0.01899999938905239;-0.029750000685453415;0.996749997138977;3.7200000286102295;1.9800000190734863;-2.880000114440918;-5.825244903564453;-35.22578811645508;166.10000610351562;-0.009999999776482582;0.0;49.573001861572266;10.539999961853027;0.5799999833106995;-4.840000152587891;0.0;0.0;0.0;0.0;0.0;0.0;0.0;0.0;0.0;2;0.0;0.0;0.0;0.0;0.0;0.0;0.0;0.0;0.0;0.0;0.0;0.0;0.0;0.0;0.0;0.0;-5.825235366821289;-35.22581481933594;52.92599868774414;0.0;60.11000061035156;-0.009999999776482582;518441840;2368;50;28;0;0;0
1748649623;828254868;190.02999877929688;-35.83000183105469;-57.88999938964844;0.0;0.0;0.0;0.01875000074505806;-0.029750000685453415;0.9965000152587891;3.940000057220459;-2.0999999046325684;1.0800000429153442;-5.825244426727295;-35.22578430175781;166.10000610351562;-0.009999999776482582;0.009999999776482582;49.452999114990234;10.890000343322754;0.6299999952316284;-5.050000190734863;0.0;0.0;0.0;0.0;0.0;0.0;0.0;0.0;0.0;3;0.0;0.0;0.0;0.0;0.0;0.0;0.0;0.0;0.0;0.0;0.0;0.0;0.0;0.0;0.0;0.0;-5.825235366821289;-35.22581481933594;52.93000030517578;0.009999999776482582;284.42999267578125;-0.009999999776482582;518441880;2368;50;28;0;0;0
1748649623;868171874;189.97000122070312;-35.65999984741211;-57.880001068115234;0.0;0.0;0.0;0.01875000074505806;-0.029750000685453415;0.996749997138977;2.9000000953674316;-0.9599999785423279;-2.4000000953674316;-5.825244426727295;-35.22578048706055;166.10000610351562;0.0;0.0;49.327999114990234;11.229999542236328;0.6800000071525574;-5.260000228881836;0.0;0.0;0.0;0.0;0.0;0.0;0.0;0.0;0.0;4;0.0;0.0;0.0;0.0;0.0;0.0;0.0;0.0;0.0;0.0;0.0;0.0;0.0;0.0;0.0;0.0;-5.825235366821289;-35.22581481933594;52.91600036621094;0.0;214.88999938964844;0.0;518441920;2368;50;28;0;0;0
1748649623;907242527;189.88999938964844;-35.400001525878906;-57.90999984741211;0.0;0.0;0.0;0.01875000074505806;-0.029750000685453415;0.9965000152587891;3.059999942779541;0.25999999046325684;-6.980000019073486;-5.825244426727295;-35.22577667236328;166.10000610351562;0.009999999776482582;0.0;49.20000076293945;11.579999923706055;0.7300000190734863;-5.46999979019165;0.0;0.0;0.0;0.0;0.0;0.0;0.0;0.0;0.0;5;0.0;0.0;0.0;0.0;0.0;0.0;0.0;0.0;0.0;0.0;0.0;0.0;0.0;0.0;0.0;0.0;-5.825235366821289;-35.22581481933594;52.91999816894531;0.0;72.22000122070312;0.009999999776482582;518441960;2368;50;28;0;0;0
1748649623;947042536;187.8800048828125;-35.310001373291016;-57.709999084472656;0.0;0.0;0.0;0.01875000074505806;-0.029750000685453415;0.996749997138977;3.680000066757202;2.2200000286102295;1.2400000095367432;-5.825243949890137;-35.225772857666016;166.0500030517578;0.009999999776482582;0.0;48.97700119018555;11.920000076293945;0.7799999713897705;-5.679999828338623;0.0;0.0;0.0;0.0;0.0;0.0;0.0;0.0;0.0;6;0.0;0.0;0.0;0.0;0.0;0.0;0.0;0.0;0.0;0.0;0.0;0.0;0.0;0.0;0.0;0.0;-5.825235366821289;-35.22581481933594;52.91999816894531;0.0;72.22000122070312;0.009999999776482582;518442000;2368;50;28;0;0;0
1748649623;987193287;187.60000610351562;-35.09000015258789;-57.5099983215332;0.0;0.0;0.0;0.01875000074505806;-0.029750000685453415;0.996749997138977;2.9000000953674316;1.6399999856948853;-0.2800000011920929;-5.825243949890137;-35.22576904296875;166.0500030517578;0.009999999776482582;0.0;48.83599853515625;12.260000228881836;0.8299999833106995;-5.889999866485596;0.0;0.0;0.0;0.0;0.0;0.0;0.0;0.0;0.0;7;0.0;0.0;0.0;0.0;0.0;0.0;0.0;0.0;0.0;0.0;0.0;0.0;0.0;0.0;0.0;0.0;-5.825235366821289;-35.22581481933594;52.922000885009766;0.0;295.70001220703125;0.009999999776482582;518442040;2368;50;28;0;0;0
1748649624;27465284;187.47999572753906;-34.90999984741211;-57.380001068115234;0.0;0.0;0.0;0.01875000074505806;-0.029750000685453415;0.996749997138977;3.5999999046325684;-0.5199999809265137;-5.760000228881836;-5.825243949890137;-35.225765228271484;166.0500030517578;-0.009999999776482582;0.0;48.691001892089844;12.600000381469727;0.8799999952316284;-6.099999904632568;0.0;0.0;0.0;0.0;0.0;0.0;0.0;0.0;0.0;8;0.0;0.0;0.0;0.0;0.0;0.0;0.0;0.0;0.0;0.0;0.0;0.0;0.0;0.0;0.0;0.0;-5.825235366821289;-35.22581481933594;52.9119987487793;0.0;333.17999267578125;-0.009999999776482582;518442080;2368;50;28;0;0;0
1748649624;67537412;187.36000061035156;-34.720001220703125;-57.220001220703125;0.0;0.0;0.0;0.01875000074505806;-0.029750000685453415;0.9965000152587891;4.139999866485596;5.340000152587891;-2.9200000762939453;-5.8252434730529785;-35.22576141357422;166.0500030517578;0.0;0.009999999776482582;48.542999267578125;12.9399995803833;0.9300000071525574;-6.300000190734863;0.0;0.0;0.0;0.0;0.0;0.0;0.0;0.0;0.0;9;0.0;0.0;0.0;0.0;0.0;0.0;0.0;0.0;0.0;0.0;0.0;0.0;0.0;0.0;0.0;0.0;-5.825235366821289;-35.22581481933594;52.91299819946289;0.009999999776482582;144.5500030517578;0.0;518442120;2368;50;28;0;0;0
1748649624;107608414;187.3000030517578;-34.43000030517578;-57.119998931884766;0.0;0.0;0.0;0.01875000074505806;-0.029750000685453415;0.996749997138977;4.539999961853027;3.8399999141693115;-2.640000104904175;-5.8252434730529785;-35.22575378417969;166.0500030517578;-0.009999999776482582;0.0;48.38999938964844;13.279999732971191;0.9900000095367432;-6.510000228881836;0.0;0.0;0.0;0.0;0.0;0.0;0.0;0.0;0.0;10;0.0;0.0;0.0;0.0;0.0;0.0;0.0;0.0;0.0;0.0;0.0;0.0;0.0;0.0;0.0;0.0;-5.825235366821289;-35.22581481933594;52.915000915527344;0.0;158.85000610351562;-0.009999999776482582;518442160;2368;50;28;0;0;0
1748649624;147788039;187.1300048828125;-34.2599983215332;-57.060001373291016;0.0;0.0;0.0;0.01875000074505806;-0.029750000685453415;0.996749997138977;6.340000152587891;2.0199999809265137;-2.359999895095825;-5.82524299621582;-35.22574996948242;166.0500030517578;-0.009999999776482582;0.0;48.23400115966797;13.619999885559082;1.0399999618530273;-6.710000038146973;0.0;0.0;0.0;0.0;0.0;0.0;0.0;0.0;0.0;11;0.0;0.0;0.0;0.0;0.0;0.0;0.0;0.0;0.0;0.0;0.0;0.0;0.0;0.0;0.0;0.0;-5.825235366821289;-35.22581481933594;52.91400146484375;0.0;158.85000610351562;-0.009999999776482582;518442200;2368;50;28;0;0;0
1748649624;187760169;187.00999450683594;-34.060001373291016;-56.91999816894531;0.0;0.0;0.0;0.01875000074505806;-0.029750000685453415;0.9965000152587891;6.0;3.180000066757202;-4.139999866485596;-5.82524299621582;-35.225746154785156;166.0500030517578;-0.009999999776482582;0.009999999776482582;47.96099853515625;13.960000038146973;1.100000023841858;-6.920000076293945;0.0;0.0;0.0;0.0;0.0;0.0;0.0;0.0;0.0;12;0.0;0.0;0.0;0.0;0.0;0.0;0.0;0.0;0.0;0.0;0.0;0.0;0.0;0.0;0.0;0.0;-5.825235366821289;-35.22581481933594;52.91400146484375;0.009999999776482582;316.94000244140625;-0.009999999776482582;518442240;2368;50;28;0;0;0
1748649624;226989318;186.8300018310547;-33.869998931884766;-56.86000061035156;0.0;0.0;0.0;0.01875000074505806;-0.029750000685453415;0.996749997138977;2.9200000762939453;-1.659999966621399;-3.8399999141693115;-5.825242519378662;-35.225738525390625;166.0500030517578;0.0;0.0;47.792999267578125;14.300000190734863;1.149999976158142;-7.119999885559082;0.0;0.0;0.0;0.0;0.0;0.0;0.0;0.0;0.0;13;0.0;0.0;0.0;0.0;0.0;0.0;0.0;0.0;0.0;0.0;0.0;0.0;0.0;0.0;0.0;0.0;-5.825235366821289;-35.22581481933594;52.933998107910156;0.0;284.8399963378906;0.0;518442280;2368;50;28;0;0;0
1748649624;267114569;186.75999450683594;-33.529998779296875;-56.84000015258789;0.0;0.0;0.0;0.01875000074505806;-0.029750000685453415;0.9965000152587891;3.4600000381469727;0.3400000035762787;-9.460000038146973;-5.825242519378662;-35.22573471069336;166.0500030517578;0.0;0.0;47.62200164794922;14.640000343322754;1.2100000381469727;-7.320000171661377;0.0;0.0;0.0;0.0;0.0;0.0;0.0;0.0;0.0;14;0.0;0.0;0.0;0.0;0.0;0.0;0.0;0.0;0.0;0.0;0.0;0.0;0.0;0.0;0.0;0.0;-5.825235366821289;-35.22581481933594;52.93600082397461;0.0;324.5299987792969;0.0;518442320;2368;50;28;0;0;0
1748649624;306968577;186.61000061035156;-33.310001373291016;-56.880001068115234;0.0;0.0;0.0;0.01875000074505806;-0.029750000685453415;0.996749997138977;4.260000228881836;-1.8600000143051147;-3.559999942779541;-5.825242042541504;-35.225730895996094;166.0500030517578;0.009999999776482582;0.0;47.446998596191406;14.979999542236328;1.2599999904632568;-7.519999980926514;0.0;0.0;0.0;0.0;0.0;0.0;0.0;0.0;0.0;15;0.0;0.0;0.0;0.0;0.0;0.0;0.0;0.0;0.0;0.0;0.0;0.0;0.0;0.0;0.0;0.0;-5.825235366821289;-35.22581481933594;52.933998107910156;0.0;63.220001220703125;0.009999999776482582;518442360;2368;50;28;0;0;0
1748649624;347217075;186.35000610351562;-33.04999923706055;-56.70000076293945;0.0;0.0;0.0;0.01875000074505806;-0.029750000685453415;0.996749997138977;7.920000076293945;2.5;-2.5799999237060547;-5.825241565704346;-35.22572326660156;166.0500030517578;0.009999999776482582;0.0;47.268001556396484;15.3100004196167;1.3300000429153442;-7.71999979019165;0.0;0.0;0.0;0.0;0.0;0.0;0.0;0.0;0.0;16;0.0;0.0;0.0;0.0;0.0;0.0;0.0;0.0;0.0;0.0;0.0;0.0;0.0;0.0;0.0;0.0;-5.825235366821289;-35.22581481933594;52.91999816894531;0.0;63.220001220703125;0.009999999776482582;518442400;2368;50;28;0;0;0
1748649624;387204705;186.14999389648438;-32.939998626708984;-56.5;0.0;0.0;0.0;0.01875000074505806;-0.029750000685453415;0.996749997138977;7.519999980926514;-0.10000000149011612;2.140000104904175;-5.8252410888671875;-35.2257194519043;166.0500030517578;0.0;0.0;46.95500183105469;15.649999618530273;1.3899999856948853;-7.920000076293945;0.0;0.0;0.0;0.0;0.0;0.0;0.0;0.0;0.0;17;0.0;0.0;0.0;0.0;0.0;0.0;0.0;0.0;0.0;0.0;0.0;0.0;0.0;0.0;0.0;0.0;-5.825235366821289;-35.22581481933594;52.91999816894531;0.0;42.040000915527344;0.0;518442440;2368;50;28;0;0;0
1748649624;427410204;186.1300048828125;-32.630001068115234;-56.4900016784668;0.0;0.0;0.0;0.01875000074505806;-0.029750000685453415;0.9965000152587891;4.739999771118164;0.23999999463558197;-10.220000267028809;-5.8252410888671875;-35.225711822509766;166.0500030517578;-0.019999999552965164;0.009999999776482582;46.763999938964844;15.979999542236328;1.4500000476837158;-8.119999885559082;0.0;0.0;0.0;0.0;0.0;0.0;0.0;0.0;0.0;18;0.0;0.0;0.0;0.0;0.0;0.0;0.0;0.0;0.0;0.0;0.0;0.0;0.0;0.0;0.0;0.0;-5.825235366821289;-35.22581481933594;52.909000396728516;0.009999999776482582;155.8300018310547;-0.019999999552965164;518442480;2368;50;28;0;0;0
1748649624;467510581;185.91000366210938;-32.43000030517578;-56.33000183105469;0.0;0.0;0.0;0.01875000074505806;-0.029750000685453415;0.996749997138977;6.619999885559082;1.3600000143051147;-3.1600000858306885;-5.825240612030029;-35.2257080078125;166.0500030517578;-0.019999999552965164;0.0;46.569000244140625;16.31999969482422;1.5099999904632568;-8.3100004196167;0.0;0.0;0.0;0.0;0.0;0.0;0.0;0.0;0.0;19;0.0;0.0;0.0;0.0;0.0;0.0;0.0;0.0;0.0;0.0;0.0;0.0;0.0;0.0;0.0;0.0;-5.825235366821289;-35.22581481933594;52.91400146484375;0.0;75.45999908447266;-0.019999999552965164;518442520;2368;50;28;0;0;0
1748649624;507625958;185.80999755859375;-32.310001373291016;-56.2599983215332;0.0;0.0;0.0;0.01875000074505806;-0.029750000685453415;0.996749997138977;3.4800000190734863;2.1600000858306885;-3.940000057220459;-5.825240135192871;-35.22570037841797;166.0500030517578;0.009999999776482582;0.009999999776482582;46.37099838256836;16.649999618530273;1.5700000524520874;-8.510000228881836;0.0;0.0;0.0;0.0;0.0;0.0;0.0;0.0;0.0;20;0.0;0.0;0.0;0.0;0.0;0.0;0.0;0.0;0.0;0.0;0.0;0.0;0.0;0.0;0.0;0.0;-5.825235366821289;-35.22581481933594;52.909000396728516;0.009999999776482582;302.6600036621094;0.009999999776482582;518442560;2368;50;28;0;0;0
1748649624;547670461;185.63999938964844;-32.18000030517578;-56.15999984741211;0.0;0.0;0.0;0.01875000074505806;-0.029750000685453415;0.996749997138977;7.480000019073486;0.2800000011920929;2.259999990463257;-5.825240135192871;-35.2256965637207;166.0500030517578;0.009999999776482582;0.009999999776482582;46.16899871826172;16.979999542236328;1.6299999952316284;-8.710000038146973;0.0;0.0;0.0;0.0;0.0;0.0;0.0;0.0;0.0;21;0.0;0.0;0.0;0.0;0.0;0.0;0.0;0.0;0.0;0.0;0.0;0.0;0.0;0.0;0.0;0.0;-5.825235366821289;-35.22581481933594;52.90399932861328;0.009999999776482582;302.6600036621094;0.009999999776482582;518442600;2368;50;28;0;0;0
1748649624;587803212;185.52000427246094;-32.0;-56.13999938964844;0.0;0.0;0.0;0.01875000074505806;-0.029750000685453415;0.996749997138977;8.65999984741211;-3.5199999809265137;-2.9000000953674316;-5.825239181518555;-35.22568893432617;166.0500030517578;0.009999999776482582;0.009999999776482582;45.81700134277344;17.309999465942383;1.7000000476837158;-8.899999618530273;0.0;0.0;0.0;0.0;0.0;0.0;0.0;0.0;0.0;22;0.0;0.0;0.0;0.0;0.0;0.0;0.0;0.0;0.0;0.0;0.0;0.0;0.0;0.0;0.0;0.0;-5.825235366821289;-35.22581481933594;52.90399932861328;0.009999999776482582;313.5;0.009999999776482582;518442640;2368;50;28;0;0;0
1748649624;627986587;185.42999267578125;-31.709999084472656;-56.099998474121094;0.0;0.0;0.0;0.01875000074505806;-0.029750000685453415;0.996749997138977;5.199999809265137;-1.600000023841858;-6.840000152587891;-5.825239181518555;-35.22568130493164;166.0500030517578;-0.019999999552965164;0.009999999776482582;45.604000091552734;17.639999389648438;1.7599999904632568;-9.09000015258789;0.0;0.0;0.0;0.0;0.0;0.0;0.0;0.0;0.0;23;0.0;0.0;0.0;0.0;0.0;0.0;0.0;0.0;0.0;0.0;0.0;0.0;0.0;0.0;0.0;0.0;-5.825235366821289;-35.22581481933594;52.91899871826172;0.009999999776482582;238.00999450683594;-0.019999999552965164;518442680;2368;50;28;0;0;0
1748649624;667982591;185.47999572753906;-31.420000076293945;-56.040000915527344;0.0;0.0;0.0;0.01875000074505806;-0.029750000685453415;0.996749997138977;4.880000114440918;3.5199999809265137;-3.5399999618530273;-5.8252387046813965;-35.225677490234375;166.0500030517578;0.019999999552965164;0.0;45.38800048828125;17.969999313354492;1.8200000524520874;-9.289999961853027;0.0;0.0;0.0;0.0;0.0;0.0;0.0;0.0;0.0;24;0.0;0.0;0.0;0.0;0.0;0.0;0.0;0.0;0.0;0.0;0.0;0.0;0.0;0.0;0.0;0.0;-5.825235366821289;-35.22581481933594;52.92599868774414;0.0;204.74000549316406;0.019999999552965164;518442720;2368;50;28;0;0;0
1748649624;707876098;185.36000061035156;-31.260000228881836;-55.880001068115234;0.0;0.0;0.0;0.01875000074505806;-0.029750000685453415;0.996749997138977;4.940000057220459;-2.0199999809265137;-3.0799999237060547;-5.825238227844238;-35.225669860839844;166.0500030517578;-0.009999999776482582;0.019999999552965164;45.16899871826172;18.299999237060547;1.8899999856948853;-9.479999542236328;0.0;0.0;0.0;0.0;0.0;0.0;0.0;0.0;0.0;25;0.0;0.0;0.0;0.0;0.0;0.0;0.0;0.0;0.0;0.0;0.0;0.0;0.0;0.0;0.0;0.0;-5.825235366821289;-35.22581481933594;52.92900085449219;0.019999999552965164;63.869998931884766;-0.009999999776482582;518442760;2368;50;28;0;0;0
1748649624;747030999;185.0399932861328;-31.010000228881836;-55.79999923706055;0.0;0.0;0.0;0.01875000074505806;-0.029750000685453415;0.9965000152587891;10.180000305175781;-2.2200000286102295;-1.559999942779541;-5.82523775100708;-35.22566223144531;166.0500030517578;-0.009999999776482582;0.019999999552965164;44.94499969482422;18.6299991607666;1.9500000476837158;-9.670000076293945;0.0;0.0;0.0;0.0;0.0;0.0;0.0;0.0;0.0;26;0.0;0.0;0.0;0.0;0.0;0.0;0.0;0.0;0.0;0.0;0.0;0.0;0.0;0.0;0.0;0.0;-5.825235366821289;-35.22581481933594;52.90800094604492;0.019999999552965164;63.869998931884766;-0.009999999776482582;518442800;2368;50;28;0;0;0
1748649624;787197624;185.0399932861328;-30.729999542236328;-55.709999084472656;0.0;0.0;0.0;0.01875000074505806;-0.029750000685453415;0.996749997138977;1.440000057220459;2.119999885559082;-8.399999618530273;-5.825237274169922;-35.22565841674805;166.0500030517578;0.0;0.0;44.55400085449219;18.959999084472656;2.0199999809265137;-9.859999656677246;0.0;0.0;0.0;0.0;0.0;0.0;0.0;0.0;0.0;27;0.0;0.0;0.0;0.0;0.0;0.0;0.0;0.0;0.0;0.0;0.0;0.0;0.0;0.0;0.0;0.0;-5.825235366821289;-35.22581481933594;52.90800094604492;0.0;13.380000114440918;0.0;518442840;2368;50;28;0;0;0
1748649624;827270751;184.9499969482422;-30.450000762939453;-55.70000076293945;0.0;0.0;0.0;0.01875000074505806;-0.029750000685453415;0.9965000152587891;3.319999933242798;0.9200000166893005;-1.8200000524520874;-5.825236797332764;-35.225650787353516;166.0500030517578;-0.009999999776482582;0.009999999776482582;44.31999969482422;19.290000915527344;2.0899999141693115;-10.050000190734863;0.0;0.0;0.0;0.0;0.0;0.0;0.0;0.0;0.0;28;0.0;0.0;0.0;0.0;0.0;0.0;0.0;0.0;0.0;0.0;0.0;0.0;0.0;0.0;0.0;0.0;-5.825235366821289;-35.22581481933594;52.91699981689453;0.009999999776482582;111.43000030517578;-0.009999999776482582;518442880;2368;50;28;0;0;0
1748649624;867314630;184.75;-30.200000762939453;-55.61000061035156;0.0;0.0;0.0;0.01875000074505806;-0.029750000685453415;0.996749997138977;4.940000057220459;0.05999999865889549;-5.78000020980835;-5.8252363204956055;-35.225643157958984;166.0500030517578;-0.019999999552965164;0.0;44.082000732421875;19.610000610351562;2.1500000953674316;-10.239999771118164;0.0;0.0;0.0;0.0;0.0;0.0;0.0;0.0;0.0;29;0.0;0.0;0.0;0.0;0.0;0.0;0.0;0.0;0.0;0.0;0.0;0.0;0.0;0.0;0.0;0.0;-5.825235366821289;-35.22581481933594;52.9109992980957;0.0;201.5800018310547;-0.019999999552965164;518442920;2368;50;28;0;0;0
1748649624;907387882;184.72999572753906;-29.959999084472656;-55.599998474121094;0.0;0.0;0.0;0.01850000023841858;-0.029750000685453415;0.996749997138977;3.7799999713897705;-2.0799999237060547;-2.299999952316284;-5.825235843658447;-35.22563552856445;166.0500030517578;-0.019999999552965164;0.009999999776482582;43.84199905395508;19.940000534057617;2.2200000286102295;-10.430000305175781;0.0;0.0;0.0;0.0;0.0;0.0;0.0;0.0;0.0;30;0.0;0.0;0.0;0.0;0.0;0.0;0.0;0.0;0.0;0.0;0.0;0.0;0.0;0.0;0.0;0.0;-5.825235366821289;-35.22581481933594;52.917999267578125;0.009999999776482582;245.5;-0.019999999552965164;518442960;2368;50;28;0;0;0
1748649624;947299139;182.99000549316406;-29.809999465942383;-55.310001373291016;0.0;0.0;0.0;0.01875000074505806;-0.029750000685453415;0.996749997138977;4.900000095367432;3.140000104904175;1.4800000190734863;-5.825234889984131;-35.22562789916992;166.07000732421875;-0.019999999552965164;0.009999999776482582;43.41999816894531;20.270000457763672;2.2899999618530273;-10.619999885559082;0.0;0.0;0.0;0.0;0.0;0.0;0.0;0.0;0.0;31;0.0;0.0;0.0;0.0;0.0;0.0;0.0;0.0;0.0;0.0;0.0;0.0;0.0;0.0;0.0;0.0;-5.825235366821289;-35.22581481933594;52.917999267578125;0.009999999776482582;245.5;-0.019999999552965164;518443000;2368;50;28;0;0;0
1748649624;987570386;182.9199981689453;-29.530000686645508;-55.34000015258789;0.0;0.0;0.0;0.01875000074505806;-0.029750000685453415;0.996749997138977;3.3399999141693115;-0.8999999761581421;-2.759999990463257;-5.825234889984131;-35.22562026977539;166.07000732421875;0.0;0.0;43.16899871826172;20.59000015258789;2.3499999046325684;-10.800000190734863;0.0;0.0;0.0;0.0;0.0;0.0;0.0;0.0;0.0;0;0.0;0.0;0.0;0.0;0.0;0.0;0.0;0.0;0.0;0.0;0.0;0.0;0.0;0.0;0.0;0.0;-5.825235366821289;-35.22581481933594;52.92100143432617;0.0;307.54998779296875;0.0;518443040;2368;50;28;0;0;0
1748649625;27790385;182.91000366210938;-29.389999389648438;-55.33000183105469;0.0;0.0;0.0;0.01875000074505806;-0.029750000685453415;0.996749997138977;0.9599999785423279;1.1399999856948853;1.1799999475479126;-5.825234413146973;-35.22561264038086;166.07000732421875;0.019999999552965164;0.0;42.91400146484375;20.90999984741211;2.4200000762939453;-10.989999771118164;0.0;0.0;0.0;0.0;0.0;0.0;0.0;0.0;0.0;1;0.0;0.0;0.0;0.0;0.0;0.0;0.0;0.0;0.0;0.0;0.0;0.0;0.0;0.0;0.0;0.0;-5.825235366821289;-35.22581481933594;52.92900085449219;0.0;87.91000366210938;0.019999999552965164;518443080;2368;50;28;0;0;0
1748649625;67705517;182.88999938964844;-29.229999542236328;-55.38999938964844;0.0;0.0;0.0;0.01875000074505806;-0.029750000685453415;0.996749997138977;2.740000009536743;-1.8799999952316284;-3.9600000381469727;-5.825233459472656;-35.22560501098633;166.07000732421875;-0.029999999329447746;0.009999999776482582;42.65599822998047;21.229999542236328;2.490000009536743;-11.170000076293945;0.0;0.0;0.0;0.0;0.0;0.0;0.0;0.0;0.0;2;0.0;0.0;0.0;0.0;0.0;0.0;0.0;0.0;0.0;0.0;0.0;0.0;0.0;0.0;0.0;0.0;-5.825235366821289;-35.22581481933594;52.92900085449219;0.009999999776482582;47.04999923706055;-0.029999999329447746;518443120;2368;50;28;0;0;0
1748649625;107932015;182.92999267578125;-28.940000534057617;-55.40999984741211;0.0;0.0;0.0;0.01875000074505806;-0.029750000685453415;0.996749997138977;5.340000152587891;-2.2799999713897705;-4.179999828338623;-5.825232982635498;-35.22560119628906;166.07000732421875;0.0;0.009999999776482582;42.39500045776367;21.559999465942383;2.549999952316284;-11.359999656677246;0.0;0.0;0.0;0.0;0.0;0.0;0.0;0.0;0.0;3;0.0;0.0;0.0;0.0;0.0;0.0;0.0;0.0;0.0;0.0;0.0;0.0;0.0;0.0;0.0;0.0;-5.825235366821289;-35.22581481933594;52.926998138427734;0.009999999776482582;290.8299865722656;0.0;518443160;2368;50;28;0;0;0
1748649625;147032917;182.85000610351562;-28.639999389648438;-55.43000030517578;0.0;0.0;0.0;0.01875000074505806;-0.029750000685453415;0.9965000152587891;7.059999942779541;-3.940000057220459;-6.039999961853027;-5.82523250579834;-35.22559356689453;166.07000732421875;0.0;0.009999999776482582;42.13100051879883;21.8799991607666;2.630000114440918;-11.539999961853027;0.0;0.0;0.0;0.0;0.0;0.0;0.0;0.0;0.0;4;0.0;0.0;0.0;0.0;0.0;0.0;0.0;0.0;0.0;0.0;0.0;0.0;0.0;0.0;0.0;0.0;-5.825235366821289;-35.22581481933594;52.92599868774414;0.009999999776482582;290.8299865722656;0.0;518443200;2368;50;28;0;0;0
1748649625;186990797;182.8300018310547;-28.31999969482422;-55.400001525878906;0.0;0.0;0.0;0.01875000074505806;-0.029750000685453415;0.996749997138977;8.65999984741211;0.6399999856948853;-4.820000171661377;-5.825231552124023;-35.225582122802734;166.07000732421875;-0.019999999552965164;0.009999999776482582;41.665000915527344;22.200000762939453;2.700000047683716;-11.729999542236328;0.0;0.0;0.0;0.0;0.0;0.0;0.0;0.0;0.0;5;0.0;0.0;0.0;0.0;0.0;0.0;0.0;0.0;0.0;0.0;0.0;0.0;0.0;0.0;0.0;0.0;-5.825235366821289;-35.22581481933594;52.92599868774414;0.009999999776482582;265.6000061035156;-0.019999999552965164;518443240;2368;50;28;0;0;0
1748649625;227028551;182.66000366210938;-28.18000030517578;-55.33000183105469;0.0;0.0;0.0;0.01850000023841858;-0.029750000685453415;0.996749997138977;5.539999961853027;-0.6600000262260437;-2.5399999618530273;-5.825231075286865;-35.2255744934082;166.07000732421875;0.009999999776482582;0.0;41.38999938964844;22.520000457763672;2.7699999809265137;-11.90999984741211;0.0;0.0;0.0;0.0;0.0;0.0;0.0;0.0;0.0;6;0.0;0.0;0.0;0.0;0.0;0.0;0.0;0.0;0.0;0.0;0.0;0.0;0.0;0.0;0.0;0.0;-5.825235366821289;-35.22581481933594;52.90800094604492;0.0;329.42999267578125;0.009999999776482582;518443280;2368;50;28;0;0;0
1748649625;267212426;182.66000366210938;-27.959999084472656;-55.31999969482422;0.0;0.0;0.0;0.01850000023841858;-0.029750000685453415;0.996749997138977;4.760000228881836;-1.0199999809265137;-1.6399999856948853;-5.825230598449707;-35.22556686401367;166.07000732421875;0.009999999776482582;0.0;41.11199951171875;22.84000015258789;2.8399999141693115;-12.09000015258789;0.0;0.0;0.0;0.0;0.0;0.0;0.0;0.0;0.0;7;0.0;0.0;0.0;0.0;0.0;0.0;0.0;0.0;0.0;0.0;0.0;0.0;0.0;0.0;0.0;0.0;-5.825235366821289;-35.22581481933594;52.917999267578125;0.0;237.9199981689453;0.009999999776482582;518443320;2368;50;28;0;0;0
1748649625;307269429;182.67999267578125;-27.68000030517578;-55.27000045776367;0.0;0.0;0.0;0.01875000074505806;-0.029750000685453415;0.996749997138977;4.659999847412109;-1.4199999570846558;-5.019999980926514;-5.825230121612549;-35.22555923461914;166.07000732421875;0.0;0.0;40.83100128173828;23.15999984741211;2.9100000858306885;-12.279999732971191;0.0;0.0;0.0;0.0;0.0;0.0;0.0;0.0;0.0;8;0.0;0.0;0.0;0.0;0.0;0.0;0.0;0.0;0.0;0.0;0.0;0.0;0.0;0.0;0.0;0.0;-5.825235366821289;-35.22581481933594;52.91299819946289;0.0;134.25999450683594;0.0;518443360;2368;50;28;0;0;0
1748649625;347530176;182.5500030517578;-27.469999313354492;-55.099998474121094;0.0;0.0;0.0;0.01850000023841858;-0.029750000685453415;0.996749997138977;4.920000076293945;2.4000000953674316;-4.639999866485596;-5.825229644775391;-35.22555160522461;166.07000732421875;0.0;0.0;40.54499816894531;23.469999313354492;2.990000009536743;-12.460000038146973;0.0;0.0;0.0;0.0;0.0;0.0;0.0;0.0;0.0;9;0.0;0.0;0.0;0.0;0.0;0.0;0.0;0.0;0.0;0.0;0.0;0.0;0.0;0.0;0.0;0.0;-5.825235366821289;-35.22581481933594;52.904998779296875;0.0;134.25999450683594;0.0;518443400;2368;50;28;0;0;0
1748649625;387473057;182.32000732421875;-27.25;-54.93000030517578;0.0;0.0;0.0;0.01875000074505806;-0.029750000685453415;0.996749997138977;7.78000020980835;2.319999933242798;2.2799999713897705;-5.825228214263916;-35.22554397583008;166.07000732421875;-0.019999999552965164;0.0;40.04199981689453;23.790000915527344;3.069999933242798;-12.640000343322754;0.0;0.0;0.0;0.0;0.0;0.0;0.0;0.0;0.0;10;0.0;0.0;0.0;0.0;0.0;0.0;0.0;0.0;0.0;0.0;0.0;0.0;0.0;0.0;0.0;0.0;-5.825235366821289;-35.22581481933594;52.904998779296875;0.0;187.25999450683594;-0.019999999552965164;518443440;2368;50;28;0;0;0
1748649625;427357814;182.22999572753906;-27.010000228881836;-54.86000061035156;0.0;0.0;0.0;0.01875000074505806;-0.029750000685453415;0.9965000152587891;5.760000228881836;2.059999942779541;-3.9600000381469727;-5.825227737426758;-35.22553253173828;166.07000732421875;-0.009999999776482582;0.0;39.74599838256836;24.110000610351562;3.1500000953674316;-12.819999694824219;0.0;0.0;0.0;0.0;0.0;0.0;0.0;0.0;0.0;11;0.0;0.0;0.0;0.0;0.0;0.0;0.0;0.0;0.0;0.0;0.0;0.0;0.0;0.0;0.0;0.0;-5.825235366821289;-35.22581481933594;52.91600036621094;0.0;276.8299865722656;-0.009999999776482582;518443480;2368;50;28;0;0;0
1748649625;467604563;182.1699981689453;-26.649999618530273;-54.68000030517578;0.0;0.0;0.0;0.01875000074505806;-0.029750000685453415;0.9965000152587891;7.079999923706055;1.840000033378601;-7.119999885559082;-5.8252272605896;-35.22552490234375;166.07000732421875;0.009999999776482582;0.0;39.448001861572266;24.43000030517578;3.2300000190734863;-13.0;0.0;0.0;0.0;0.0;0.0;0.0;0.0;0.0;0.0;12;0.0;0.0;0.0;0.0;0.0;0.0;0.0;0.0;0.0;0.0;0.0;0.0;0.0;0.0;0.0;0.0;-5.825235366821289;-35.22581481933594;52.91299819946289;0.0;68.23999786376953;0.009999999776482582;518443520;2368;50;28;0;0;0
1748649625;507784812;182.13999938964844;-26.440000534057617;-54.65999984741211;0.0;0.0;0.0;0.01875000074505806;-0.029750000685453415;0.996999979019165;4.179999828338623;1.159999966621399;-1.2999999523162842;-5.825226306915283;-35.22551727294922;166.07000732421875;0.0;0.0;51.106998443603516;24.75;3.309999942779541;-0.2800000011920929;0.0;0.0;0.0;0.0;0.0;0.0;0.0;0.0;0.0;13;0.0;0.0;0.0;0.0;0.0;0.0;0.0;0.0;0.0;0.0;0.0;0.0;0.0;0.0;0.0;0.0;-5.825235366821289;-35.22581481933594;52.90999984741211;0.0;256.70001220703125;0.0;518443560;2368;50;28;0;0;0
1748649625;547914689;181.91000366210938;-26.290000915527344;-54.47999954223633;0.0;0.0;0.0;0.01875000074505806;-0.029750000685453415;0.9965000152587891;6.71999979019165;-0.25999999046325684;-2.0999999046325684;-5.825225830078125;-35.22550582885742;166.07000732421875;0.0;0.0;51.10200119018555;25.06999969482422;3.390000104904175;-0.44999998807907104;0.0;0.0;0.0;0.0;0.0;0.0;0.0;0.0;0.0;14;0.0;0.0;0.0;0.0;0.0;0.0;0.0;0.0;0.0;0.0;0.0;0.0;0.0;0.0;0.0;0.0;-5.825235366821289;-35.22581481933594;52.935001373291016;0.0;256.70001220703125;0.0;518443600;2368;50;28;0;0;0
1748649625;587737322;181.58999633789062;-26.049999237060547;-54.369998931884766;0.0;0.0;0.0;0.01875000074505806;-0.029750000685453415;0.996749997138977;9.079999923706055;-0.5799999833106995;2.319999933242798;-5.82522439956665;-35.22549819946289;166.07000732421875;0.009999999776482582;0.009999999776482582;51.08100128173828;25.3799991607666;3.4800000190734863;-0.6200000047683716;0.0;0.0;0.0;0.0;0.0;0.0;0.0;0.0;0.0;15;0.0;0.0;0.0;0.0;0.0;0.0;0.0;0.0;0.0;0.0;0.0;0.0;0.0;0.0;0.0;0.0;-5.825235366821289;-35.22581481933594;52.935001373291016;0.009999999776482582;297.82000732421875;0.009999999776482582;518443640;2368;50;28;0;0;0
1748649625;626771851;181.5399932861328;-25.739999771118164;-54.560001373291016;0.0;0.0;0.0;0.01875000074505806;-0.029500000178813934;0.996749997138977;8.880000114440918;-7.0;-3.880000114440918;-5.825223922729492;-35.22549057006836;166.07000732421875;0.0;0.0;51.06100082397461;25.700000762939453;3.559999942779541;-0.7900000214576721;0.0;0.0;0.0;0.0;0.0;0.0;0.0;0.0;0.0;16;0.0;0.0;0.0;0.0;0.0;0.0;0.0;0.0;0.0;0.0;0.0;0.0;0.0;0.0;0.0;0.0;-5.825235366821289;-35.22581481933594;52.917999267578125;0.0;70.30000305175781;0.0;518443680;2368;50;28;0;0;0
1748649625;667105472;181.5800018310547;-25.489999771118164;-54.52000045776367;0.0;0.0;0.0;0.01875000074505806;-0.029750000685453415;0.996749997138977;2.8399999141693115;0.20000000298023224;-9.180000305175781;-5.825222969055176;-35.22547912597656;166.07000732421875;-0.029999999329447746;0.009999999776482582;51.040000915527344;26.010000228881836;3.640000104904175;-0.9599999785423279;0.0;0.0;0.0;0.0;0.0;0.0;0.0;0.0;0.0;17;0.0;0.0;0.0;0.0;0.0;0.0;0.0;0.0;0.0;0.0;0.0;0.0;0.0;0.0;0.0;0.0;-5.825235366821289;-35.22581481933594;52.91400146484375;0.009999999776482582;278.6600036621094;-0.029999999329447746;518443720;2368;50;28;0;0;0
1748649625;707101976;181.77000427246094;-25.110000610351562;-54.59000015258789;0.0;0.0;0.0;0.01875000074505806;-0.029750000685453415;0.9965000152587891;2.4000000953674316;-1.5;-10.960000038146973;-5.825222015380859;-35.22547149658203;166.07000732421875;-0.029999999329447746;0.0;51.01499938964844;26.329999923706055;3.7300000190734863;-1.1200000047683716;0.0;0.0;0.0;0.0;0.0;0.0;0.0;0.0;0.0;18;0.0;0.0;0.0;0.0;0.0;0.0;0.0;0.0;0.0;0.0;0.0;0.0;0.0;0.0;0.0;0.0;-5.825235366821289;-35.22581481933594;52.90999984741211;0.0;296.2900085449219;-0.029999999329447746;518443760;2368;50;28;0;0;0
1748649625;747117230;181.61000061035156;-24.969999313354492;-54.439998626708984;0.0;0.0;0.0;0.01875000074505806;-0.029750000685453415;0.996749997138977;5.059999942779541;0.4000000059604645;2.640000104904175;-5.825221061706543;-35.225460052490234;166.07000732421875;-0.029999999329447746;0.0;50.98699951171875;26.639999389648438;3.819999933242798;-1.2999999523162842;0.0;0.0;0.0;0.0;0.0;0.0;0.0;0.0;0.0;19;0.0;0.0;0.0;0.0;0.0;0.0;0.0;0.0;0.0;0.0;0.0;0.0;0.0;0.0;0.0;0.0;-5.825235366821289;-35.22581481933594;52.917999267578125;0.0;296.2900085449219;-0.029999999329447746;518443800;2368;50;28;0;0;0
1748649625;787121609;181.75;-24.690000534057617;-54.45000076293945;0.0;0.0;0.0;0.01875000074505806;-0.029750000685453415;0.996749997138977;3.2200000286102295;-2.0999999046325684;-8.380000114440918;-5.825219631195068;-35.2254524230957;166.07000732421875;0.0;0.009999999776482582;50.933998107910156;26.950000762939453;3.9200000762939453;-1.4600000381469727;0.0;0.0;0.0;0.0;0.0;0.0;0.0;0.0;0.0;20;0.0;0.0;0.0;0.0;0.0;0.0;0.0;0.0;0.0;0.0;0.0;0.0;0.0;0.0;0.0;0.0;-5.825235366821289;-35.22581481933594;52.917999267578125;0.009999999776482582;256.5;0.0;518443840;2368;50;28;0;0;0
1748649625;827144988;181.6300048828125;-24.469999313354492;-54.43000030517578;0.0;0.0;0.0;0.01875000074505806;-0.029750000685453415;0.996749997138977;5.019999980926514;5.5;-0.4399999976158142;-5.825218200683594;-35.225440979003906;166.07000732421875;0.009999999776482582;0.0;50.89899826049805;27.260000228881836;4.010000228881836;-1.6200000047683716;0.0;0.0;0.0;0.0;0.0;0.0;0.0;0.0;0.0;21;0.0;0.0;0.0;0.0;0.0;0.0;0.0;0.0;0.0;0.0;0.0;0.0;0.0;0.0;0.0;0.0;-5.825235366821289;-35.22581481933594;52.915000915527344;0.0;69.55000305175781;0.009999999776482582;518443880;2368;50;28;0;0;0
1748649625;867218116;181.47000122070312;-24.190000534057617;-54.29999923706055;0.0;0.0;0.0;0.01875000074505806;-0.029750000685453415;0.996749997138977;5.5;-0.41999998688697815;-2.299999952316284;-5.825216770172119;-35.225433349609375;166.07000732421875;0.0;0.009999999776482582;50.86000061035156;27.579999923706055;4.110000133514404;-1.7699999809265137;0.0;0.0;0.0;0.0;0.0;0.0;0.0;0.0;0.0;22;0.0;0.0;0.0;0.0;0.0;0.0;0.0;0.0;0.0;0.0;0.0;0.0;0.0;0.0;0.0;0.0;-5.825235366821289;-35.22581481933594;52.90399932861328;0.009999999776482582;66.98999786376953;0.0;518443920;2368;50;28;0;0;0
1748649625;907314618;181.41000366210938;-23.940000534057617;-54.16999816894531;0.0;0.0;0.0;0.01850000023841858;-0.029750000685453415;0.996749997138977;4.28000020980835;2.8399999141693115;-4.380000114440918;-5.825214862823486;-35.22542190551758;166.07000732421875;0.009999999776482582;0.0;50.819000244140625;27.889999389648438;4.210000038146973;-1.9299999475479126;0.0;0.0;0.0;0.0;0.0;0.0;0.0;0.0;0.0;23;0.0;0.0;0.0;0.0;0.0;0.0;0.0;0.0;0.0;0.0;0.0;0.0;0.0;0.0;0.0;0.0;-5.825235366821289;-35.22581481933594;52.904998779296875;0.0;323.6400146484375;0.009999999776482582;518443960;2368;50;28;0;0;0
1748649625;947458994;179.57000732421875;-23.600000381469727;-54.060001373291016;0.0;0.0;0.0;0.01875000074505806;-0.029750000685453415;0.996749997138977;1.8799999952316284;4.360000133514404;-10.079999923706055;-5.825213432312012;-35.22541046142578;166.07000732421875;0.009999999776482582;0.0;50.737998962402344;28.200000762939453;4.300000190734863;-2.0999999046325684;0.0;0.0;0.0;0.0;0.0;0.0;0.0;0.0;0.0;24;0.0;0.0;0.0;0.0;0.0;0.0;0.0;0.0;0.0;0.0;0.0;0.0;0.0;0.0;0.0;0.0;-5.825235366821289;-35.22581481933594;52.904998779296875;0.0;323.6400146484375;0.009999999776482582;518444000;2368;50;28;0;0;0
1748649625;987414124;179.44000244140625;-23.399999618530273;-53.79999923706055;0.0;0.0;0.0;0.01875000074505806;-0.029750000685453415;0.996749997138977;4.21999979019165;6.900000095367432;-4.079999923706055;-5.825212001800537;-35.22540283203125;166.07000732421875;0.0;0.0;50.6879997253418;28.510000228881836;4.389999866485596;-2.25;0.0;0.0;0.0;0.0;0.0;0.0;0.0;0.0;0.0;25;0.0;0.0;0.0;0.0;0.0;0.0;0.0;0.0;0.0;0.0;0.0;0.0;0.0;0.0;0.0;0.0;-5.825235366821289;-35.22581481933594;52.895999908447266;0.0;145.6699981689453;0.0;518444040;2368;50;28;0;0;0
1748649626;27496626;179.39999389648438;-23.139999389648438;-53.849998474121094;0.0;0.0;0.0;0.01875000074505806;-0.029750000685453415;0.996749997138977;1.6399999856948853;-0.5600000023841858;-8.319999694824219;-5.8252105712890625;-35.22539138793945;166.07000732421875;0.0;0.0;50.62300109863281;28.809999465942383;4.5;-2.4000000953674316;0.0;0.0;0.0;0.0;0.0;0.0;0.0;0.0;0.0;26;0.0;0.0;0.0;0.0;0.0;0.0;0.0;0.0;0.0;0.0;0.0;0.0;0.0;0.0;0.0;0.0;-5.825235843658447;-35.22581481933594;52.74100112915039;0.0;266.3800048828125;0.0;518444080;2368;50;28;0;0;0
1748649626;67832747;179.33999633789062;-22.760000228881836;-53.880001068115234;0.0;0.0;0.0;0.01875000074505806;-0.029750000685453415;0.996749997138977;3.9200000762939453;-2.9600000381469727;-6.440000057220459;-5.82520866394043;-35.225379943847656;166.07000732421875;0.0;0.0;50.558998107910156;29.1200008392334;4.599999904632568;-2.549999952316284;0.0;0.0;0.0;0.0;0.0;0.0;0.0;0.0;0.0;27;0.0;0.0;0.0;0.0;0.0;0.0;0.0;0.0;0.0;0.0;0.0;0.0;0.0;0.0;0.0;0.0;-5.825235843658447;-35.22581481933594;52.744998931884766;0.0;256.739990234375;0.0;518444120;2368;50;28;0;0;0
1748649626;107946999;179.22999572753906;-22.610000610351562;-53.84000015258789;0.0;0.0;0.0;0.01875000074505806;-0.029750000685453415;0.996749997138977;4.71999979019165;-1.9600000381469727;-0.23999999463558197;-5.825207233428955;-35.22536849975586;166.07000732421875;-0.009999999776482582;0.009999999776482582;50.49399948120117;29.420000076293945;4.699999809265137;-2.690000057220459;0.0;0.0;0.0;0.0;0.0;0.0;0.0;0.0;0.0;28;0.0;0.0;0.0;0.0;0.0;0.0;0.0;0.0;0.0;0.0;0.0;0.0;0.0;0.0;0.0;0.0;-5.825235843658447;-35.22581481933594;52.74300003051758;0.009999999776482582;100.30999755859375;-0.009999999776482582;518444160;2368;50;28;0;0;0
1748649626;147874130;178.8699951171875;-22.43000030517578;-53.720001220703125;0.0;0.0;0.0;0.01850000023841858;-0.029750000685453415;0.996749997138977;7.599999904632568;1.9199999570846558;0.4000000059604645;-5.825205326080322;-35.22536087036133;166.07000732421875;-0.009999999776482582;0.009999999776482582;50.42100143432617;29.729999542236328;4.800000190734863;-2.859999895095825;0.0;0.0;0.0;0.0;0.0;0.0;0.0;0.0;0.0;29;0.0;0.0;0.0;0.0;0.0;0.0;0.0;0.0;0.0;0.0;0.0;0.0;0.0;0.0;0.0;0.0;-5.825235843658447;-35.22581481933594;52.75899887084961;0.009999999776482582;100.30999755859375;-0.009999999776482582;518444200;2368;50;28;0;0;0
1748649626;187727638;178.6999969482422;-22.31999969482422;-53.77000045776367;0.0;0.0;0.0;0.01875000074505806;-0.029750000685453415;0.996749997138977;3.9000000953674316;-1.7000000476837158;-0.3199999928474426;-5.825203895568848;-35.22534942626953;166.07000732421875;-0.009999999776482582;0.009999999776482582;50.3129997253418;30.030000686645508;4.909999847412109;-3.0;0.0;0.0;0.0;0.0;0.0;0.0;0.0;0.0;0.0;30;0.0;0.0;0.0;0.0;0.0;0.0;0.0;0.0;0.0;0.0;0.0;0.0;0.0;0.0;0.0;0.0;-5.825235843658447;-35.22581481933594;52.75899887084961;0.009999999776482582;282.7699890136719;-0.009999999776482582;518444240;2368;50;28;0;0;0
1748649626;226972536;178.61000061035156;-22.219999313354492;-53.83000183105469;0.0;0.0;0.0;0.01875000074505806;-0.029750000685453415;0.996749997138977;2.680000066757202;-1.0800000429153442;0.11999999731779099;-5.825201988220215;-35.225337982177734;166.07000732421875;0.019999999552965164;0.009999999776482582;50.231998443603516;30.34000015258789;5.019999980926514;-3.1700000762939453;0.0;0.0;0.0;0.0;0.0;0.0;0.0;0.0;0.0;31;0.0;0.0;0.0;0.0;0.0;0.0;0.0;0.0;0.0;0.0;0.0;0.0;0.0;0.0;0.0;0.0;-5.825235843658447;-35.22581481933594;52.768001556396484;0.009999999776482582;269.07000732421875;0.019999999552965164;518444280;2368;50;28;0;0;0
1748649626;267065413;178.5800018310547;-21.8799991607666;-53.81999969482422;0.0;0.0;0.0;0.01875000074505806;-0.029750000685453415;0.996749997138977;4.579999923706055;-1.3600000143051147;-6.619999885559082;-5.825200080871582;-35.22532653808594;166.07000732421875;0.0;0.0;50.14699935913086;30.639999389648438;5.130000114440918;-3.3399999141693115;0.0;0.0;0.0;0.0;0.0;0.0;0.0;0.0;0.0;0;0.0;0.0;0.0;0.0;0.0;0.0;0.0;0.0;0.0;0.0;0.0;0.0;0.0;0.0;0.0;0.0;-5.825235843658447;-35.22581481933594;52.75199890136719;0.0;73.23999786376953;0.0;518444320;2368;50;28;0;0;0
1748649626;307071042;178.42999267578125;-21.68000030517578;-53.7400016784668;0.0;0.0;0.0;0.01875000074505806;-0.029750000685453415;0.996749997138977;3.0199999809265137;1.899999976158142;-2.819999933242798;-5.825198173522949;-35.22531509399414;166.07000732421875;0.009999999776482582;0.009999999776482582;50.06100082397461;30.940000534057617;5.239999771118164;-3.5;0.0;0.0;0.0;0.0;0.0;0.0;0.0;0.0;0.0;1;0.0;0.0;0.0;0.0;0.0;0.0;0.0;0.0;0.0;0.0;0.0;0.0;0.0;0.0;0.0;0.0;-5.825235843658447;-35.22581481933594;52.75699996948242;0.009999999776482582;48.83000183105469;0.009999999776482582;518444360;2368;50;28;0;0;0
1748649626;347234918;178.2899932861328;-21.56999969482422;-53.63999938964844;0.0;0.0;0.0;0.01899999938905239;-0.029750000685453415;0.996749997138977;2.140000104904175;2.180000066757202;0.14000000059604645;-5.825196266174316;-35.225303649902344;166.07000732421875;0.009999999776482582;0.009999999776482582;49.972999572753906;31.239999771118164;5.349999904632568;-3.6700000762939453;0.0;0.0;0.0;0.0;0.0;0.0;0.0;0.0;0.0;2;0.0;0.0;0.0;0.0;0.0;0.0;0.0;0.0;0.0;0.0;0.0;0.0;0.0;0.0;0.0;0.0;-5.825235843658447;-35.22581481933594;52.770999908447266;0.009999999776482582;48.83000183105469;0.009999999776482582;518444400;2368;50;28;0;0;0
1748649626;387239172;178.1300048828125;-21.360000610351562;-53.45000076293945;0.0;0.0;0.0;0.01875000074505806;-0.029750000685453415;0.996749997138977;5.579999923706055;5.300000190734863;-1.0199999809265137;-5.825194358825684;-35.22529220581055;166.07000732421875;0.0;0.0;49.823001861572266;31.540000915527344;5.460000038146973;-3.8299999237060547;0.0;0.0;0.0;0.0;0.0;0.0;0.0;0.0;0.0;3;0.0;0.0;0.0;0.0;0.0;0.0;0.0;0.0;0.0;0.0;0.0;0.0;0.0;0.0;0.0;0.0;-5.825235843658447;-35.22581481933594;52.770999908447266;0.0;325.2200012207031;0.0;518444440;2368;50;28;0;0;0
1748649626;427310549;178.05999755859375;-21.18000030517578;-53.40999984741211;0.0;0.0;0.0;0.01875000074505806;-0.029750000685453415;0.996749997138977;7.320000171661377;0.07999999821186066;-3.2799999713897705;-5.825192451477051;-35.22528076171875;166.07000732421875;-0.009999999776482582;0.009999999776482582;49.7239990234375;31.84000015258789;5.570000171661377;-4.0;0.0;0.0;0.0;0.0;0.0;0.0;0.0;0.0;0.0;4;0.0;0.0;0.0;0.0;0.0;0.0;0.0;0.0;0.0;0.0;0.0;0.0;0.0;0.0;0.0;0.0;-5.825235843658447;-35.22581481933594;52.75400161743164;0.009999999776482582;160.3699951171875;-0.009999999776482582;518444480;2368;50;28;0;0;0
1748649626;467473925;177.8000030517578;-20.950000762939453;-53.349998474121094;0.0;0.0;0.0;0.01875000074505806;-0.029750000685453415;0.996999979019165;9.619999885559082;-1.9600000381469727;-1.559999942779541;-5.825190544128418;-35.22526931762695;166.07000732421875;0.0;0.0;49.62200164794922;32.13999938964844;5.679999828338623;-4.159999847412109;0.0;0.0;0.0;0.0;0.0;0.0;0.0;0.0;0.0;5;0.0;0.0;0.0;0.0;0.0;0.0;0.0;0.0;0.0;0.0;0.0;0.0;0.0;0.0;0.0;0.0;-5.825235843658447;-35.22581481933594;52.75199890136719;0.0;305.05999755859375;0.0;518444520;2368;50;28;0;0;0
1748649626;507517553;177.7899932861328;-20.719999313354492;-53.47999954223633;0.0;0.0;0.0;0.01875000074505806;-0.029750000685453415;0.9965000152587891;3.4200000762939453;-2.0399999618530273;-6.699999809265137;-5.825188159942627;-35.225257873535156;166.07000732421875;0.009999999776482582;0.009999999776482582;49.51900100708008;32.439998626708984;5.800000190734863;-4.320000171661377;0.0;0.0;0.0;0.0;0.0;0.0;0.0;0.0;0.0;6;0.0;0.0;0.0;0.0;0.0;0.0;0.0;0.0;0.0;0.0;0.0;0.0;0.0;0.0;0.0;0.0;-5.825235843658447;-35.22581481933594;52.75899887084961;0.009999999776482582;124.58999633789062;0.009999999776482582;518444560;2368;50;28;0;0;0
1748649626;547528307;177.6999969482422;-20.469999313354492;-53.43000030517578;0.0;0.0;0.0;0.01875000074505806;-0.029750000685453415;0.9965000152587891;5.119999885559082;-1.4199999570846558;-1.9600000381469727;-5.825186252593994;-35.22524642944336;166.07000732421875;0.009999999776482582;0.009999999776482582;49.41299819946289;32.7400016784668;5.909999847412109;-4.489999771118164;0.0;0.0;0.0;0.0;0.0;0.0;0.0;0.0;0.0;7;0.0;0.0;0.0;0.0;0.0;0.0;0.0;0.0;0.0;0.0;0.0;0.0;0.0;0.0;0.0;0.0;-5.825235843658447;-35.22581481933594;52.762001037597656;0.009999999776482582;124.58999633789062;0.009999999776482582;518444600;2368;50;28;0;0;0
1748649626;587489437;177.57000732421875;-20.270000457763672;-53.310001373291016;0.0;0.0;0.0;0.01899999938905239;-0.029750000685453415;0.996999979019165;8.9399995803833;4.940000057220459;2.4000000953674316;-5.825183868408203;-35.22523498535156;166.07000732421875;0.0;0.009999999776482582;49.22999954223633;33.029998779296875;6.03000020980835;-4.650000095367432;0.0;0.0;0.0;0.0;0.0;0.0;0.0;0.0;0.0;8;0.0;0.0;0.0;0.0;0.0;0.0;0.0;0.0;0.0;0.0;0.0;0.0;0.0;0.0;0.0;0.0;-5.825235843658447;-35.22581481933594;52.762001037597656;0.009999999776482582;277.8599853515625;0.0;518444640;2368;50;28;0;0;0
1748649626;627868682;177.57000732421875;-20.059999465942383;-53.2599983215332;0.0;0.0;0.0;0.01875000074505806;-0.029750000685453415;0.996749997138977;2.759999990463257;0.6800000071525574;-3.4600000381469727;-5.82518196105957;-35.225223541259766;166.07000732421875;-0.029999999329447746;0.0;49.11399841308594;33.33000183105469;6.150000095367432;-4.809999942779541;0.0;0.0;0.0;0.0;0.0;0.0;0.0;0.0;0.0;9;0.0;0.0;0.0;0.0;0.0;0.0;0.0;0.0;0.0;0.0;0.0;0.0;0.0;0.0;0.0;0.0;-5.825235843658447;-35.22581481933594;52.75699996948242;0.0;303.45001220703125;-0.029999999329447746;518444680;2368;50;28;0;0;0
1748649626;668135180;177.5;-19.90999984741211;-53.18000030517578;0.0;0.0;0.0;0.01875000074505806;-0.029750000685453415;0.996749997138977;2.4800000190734863;3.299999952316284;-3.680000066757202;-5.825179576873779;-35.22521209716797;166.07000732421875;0.0;0.0;48.99599838256836;33.619998931884766;6.269999980926514;-4.96999979019165;0.0;0.0;0.0;0.0;0.0;0.0;0.0;0.0;0.0;10;0.0;0.0;0.0;0.0;0.0;0.0;0.0;0.0;0.0;0.0;0.0;0.0;0.0;0.0;0.0;0.0;-5.825235843658447;-35.22581481933594;52.75899887084961;0.0;237.17999267578125;0.0;518444720;2368;50;28;0;0;0
1748649626;706830217;177.4499969482422;-19.56999969482422;-53.08000183105469;0.0;0.0;0.0;0.01875000074505806;-0.029750000685453415;0.996749997138977;8.5600004196167;2.5999999046325684;-3.5799999237060547;-5.825177192687988;-35.225196838378906;166.07000732421875;0.0;0.0;48.875;33.91999816894531;6.389999866485596;-5.130000114440918;0.0;0.0;0.0;0.0;0.0;0.0;0.0;0.0;0.0;11;0.0;0.0;0.0;0.0;0.0;0.0;0.0;0.0;0.0;0.0;0.0;0.0;0.0;0.0;0.0;0.0;-5.825235843658447;-35.22581481933594;52.76300048828125;0.0;352.5199890136719;0.0;518444760;2368;50;28;0;0;0
1748649626;747054091;177.35000610351562;-19.399999618530273;-53.029998779296875;0.0;0.0;0.0;0.01875000074505806;-0.029750000685453415;0.996999979019165;8.4399995803833;-2.9800000190734863;-3.140000104904175;-5.8251752853393555;-35.22518539428711;166.07000732421875;0.0;0.0;48.750999450683594;34.209999084472656;6.5;-5.289999961853027;0.0;0.0;0.0;0.0;0.0;0.0;0.0;0.0;0.0;12;0.0;0.0;0.0;0.0;0.0;0.0;0.0;0.0;0.0;0.0;0.0;0.0;0.0;0.0;0.0;0.0;-5.825235843658447;-35.22581481933594;52.75600051879883;0.0;352.5199890136719;0.0;518444800;2368;50;28;0;0;0
1748649626;787153093;177.17999267578125;-19.1299991607666;-52.84000015258789;0.0;0.0;0.0;0.01875000074505806;-0.029750000685453415;0.9965000152587891;5.659999847412109;5.360000133514404;-1.9600000381469727;-5.8251729011535645;-35.22517395019531;166.07000732421875;0.0;0.0;48.53499984741211;34.5;6.630000114440918;-5.449999809265137;0.0;0.0;0.0;0.0;0.0;0.0;0.0;0.0;0.0;13;0.0;0.0;0.0;0.0;0.0;0.0;0.0;0.0;0.0;0.0;0.0;0.0;0.0;0.0;0.0;0.0;-5.825235843658447;-35.22581481933594;52.75600051879883;0.0;132.0800018310547;0.0;518444840;2368;50;28;0;0;0
1748649626;827319343;177.25;-18.809999465942383;-52.849998474121094;0.0;0.0;0.0;0.01875000074505806;-0.029750000685453415;0.996749997138977;5.659999847412109;-1.1799999475479126;-12.699999809265137;-5.825170516967773;-35.225162506103516;166.07000732421875;0.0;0.009999999776482582;48.402000427246094;34.790000915527344;6.75;-5.610000133514404;0.0;0.0;0.0;0.0;0.0;0.0;0.0;0.0;0.0;14;0.0;0.0;0.0;0.0;0.0;0.0;0.0;0.0;0.0;0.0;0.0;0.0;0.0;0.0;0.0;0.0;-5.825235843658447;-35.22581481933594;52.75199890136719;0.009999999776482582;263.0799865722656;0.0;518444880;2368;50;28;0;0;0
1748649626;867315847;177.25;-18.600000381469727;-52.81999969482422;0.0;0.0;0.0;0.01850000023841858;-0.029750000685453415;0.996749997138977;4.0;-1.8799999952316284;-3.380000114440918;-5.825168132781982;-35.22514724731445;166.07000732421875;0.0;0.0;48.26599884033203;35.08000183105469;6.869999885559082;-5.769999980926514;0.0;0.0;0.0;0.0;0.0;0.0;0.0;0.0;0.0;15;0.0;0.0;0.0;0.0;0.0;0.0;0.0;0.0;0.0;0.0;0.0;0.0;0.0;0.0;0.0;0.0;-5.825235843658447;-35.22581481933594;52.744998931884766;0.0;165.10000610351562;0.0;518444920;2368;50;28;0;0;0
1748649626;907322851;177.05999755859375;-18.420000076293945;-52.81999969482422;0.0;0.0;0.0;0.01875000074505806;-0.029750000685453415;0.996749997138977;8.600000381469727;-7.539999961853027;-0.6200000047683716;-5.825165271759033;-35.225135803222656;166.07000732421875;0.019999999552965164;0.0;48.125999450683594;35.369998931884766;6.989999771118164;-5.920000076293945;0.0;0.0;0.0;0.0;0.0;0.0;0.0;0.0;0.0;16;0.0;0.0;0.0;0.0;0.0;0.0;0.0;0.0;0.0;0.0;0.0;0.0;0.0;0.0;0.0;0.0;-5.825235843658447;-35.22581481933594;52.733001708984375;0.0;148.58999633789062;0.019999999552965164;518444960;2368;50;28;0;0;0
1748649626;947339480;176.00999450683594;-18.25;-52.790000915527344;0.0;0.0;0.0;0.01875000074505806;-0.029750000685453415;0.996749997138977;9.420000076293945;2.7200000286102295;-1.6399999856948853;-5.8251633644104;-35.22512435913086;166.10000610351562;0.019999999552965164;0.0;47.88600158691406;35.66999816894531;7.090000152587891;-6.079999923706055;0.0;0.0;0.0;0.0;0.0;0.0;0.0;0.0;0.0;17;0.0;0.0;0.0;0.0;0.0;0.0;0.0;0.0;0.0;0.0;0.0;0.0;0.0;0.0;0.0;0.0;-5.825235843658447;-35.22581481933594;52.733001708984375;0.0;148.58999633789062;0.019999999552965164;518445000;2368;50;28;0;0;0
1748649626;987412858;175.91000366210938;-18.1200008392334;-52.70000076293945;0.0;0.0;0.0;0.01875000074505806;-0.029750000685453415;0.9965000152587891;3.240000009536743;2.5;-0.7400000095367432;-5.825160980224609;-35.2251091003418;166.10000610351562;-0.009999999776482582;0.009999999776482582;47.737998962402344;35.959999084472656;7.210000038146973;-6.239999771118164;0.0;0.0;0.0;0.0;0.0;0.0;0.0;0.0;0.0;18;0.0;0.0;0.0;0.0;0.0;0.0;0.0;0.0;0.0;0.0;0.0;0.0;0.0;0.0;0.0;0.0;-5.825235843658447;-35.22581481933594;52.72600173950195;0.009999999776482582;85.88999938964844;-0.009999999776482582;518445040;2368;50;28;0;0;0
1748649627;27487985;175.8699951171875;-17.739999771118164;-52.81999969482422;0.0;0.0;0.0;0.01875000074505806;-0.029750000685453415;0.996749997138977;5.619999885559082;-0.7799999713897705;-4.699999809265137;-5.82515811920166;-35.22509765625;166.10000610351562;0.0;0.0;47.58599853515625;36.25;7.340000152587891;-6.389999866485596;0.0;0.0;0.0;0.0;0.0;0.0;0.0;0.0;0.0;19;0.0;0.0;0.0;0.0;0.0;0.0;0.0;0.0;0.0;0.0;0.0;0.0;0.0;0.0;0.0;0.0;-5.825235843658447;-35.22581481933594;52.72800064086914;0.0;333.5400085449219;0.0;518445080;2368;50;28;0;0;0
1748649627;67729484;175.9199981689453;-17.600000381469727;-52.880001068115234;0.0;0.0;0.0;0.01875000074505806;-0.029750000685453415;0.996749997138977;1.2799999713897705;-0.9200000166893005;-3.7200000286102295;-5.825155735015869;-35.22508239746094;166.10000610351562;-0.019999999552965164;0.009999999776482582;47.43299865722656;36.529998779296875;7.46999979019165;-6.550000190734863;0.0;0.0;0.0;0.0;0.0;0.0;0.0;0.0;0.0;20;0.0;0.0;0.0;0.0;0.0;0.0;0.0;0.0;0.0;0.0;0.0;0.0;0.0;0.0;0.0;0.0;-5.825235843658447;-35.22581481933594;52.7239990234375;0.009999999776482582;244.60000610351562;-0.019999999552965164;518445120;2368;50;28;0;0;0
1748649627;107629241;175.86000061035156;-17.420000076293945;-52.86000061035156;0.0;0.0;0.0;0.01875000074505806;-0.029750000685453415;0.996749997138977;4.21999979019165;4.199999809265137;-1.0800000429153442;-5.82515287399292;-35.22507095336914;166.10000610351562;0.009999999776482582;0.0;47.2760009765625;36.81999969482422;7.590000152587891;-6.710000038146973;0.0;0.0;0.0;0.0;0.0;0.0;0.0;0.0;0.0;21;0.0;0.0;0.0;0.0;0.0;0.0;0.0;0.0;0.0;0.0;0.0;0.0;0.0;0.0;0.0;0.0;-5.8252363204956055;-35.22581481933594;52.72600173950195;0.0;304.0299987792969;0.009999999776482582;518445160;2368;50;28;0;0;0
1748649627;147754867;175.85000610351562;-17.079999923706055;-52.90999984741211;0.0;0.0;0.0;0.01875000074505806;-0.029750000685453415;0.996749997138977;6.199999809265137;-2.119999885559082;-9.220000267028809;-5.825150012969971;-35.22505569458008;166.10000610351562;0.009999999776482582;0.0;47.11600112915039;37.11000061035156;7.71999979019165;-6.860000133514404;0.0;0.0;0.0;0.0;0.0;0.0;0.0;0.0;0.0;22;0.0;0.0;0.0;0.0;0.0;0.0;0.0;0.0;0.0;0.0;0.0;0.0;0.0;0.0;0.0;0.0;-5.8252363204956055;-35.22581481933594;52.707000732421875;0.0;304.0299987792969;0.009999999776482582;518445200;2368;50;28;0;0;0
1748649627;187715122;175.63999938964844;-16.829999923706055;-52.97999954223633;0.0;0.0;0.0;0.01875000074505806;-0.029750000685453415;0.996749997138977;6.920000076293945;-2.5199999809265137;-2.819999933242798;-5.8251471519470215;-35.22504425048828;166.10000610351562;0.0;0.0;46.8380012512207;37.38999938964844;7.849999904632568;-7.019999980926514;0.0;0.0;0.0;0.0;0.0;0.0;0.0;0.0;0.0;23;0.0;0.0;0.0;0.0;0.0;0.0;0.0;0.0;0.0;0.0;0.0;0.0;0.0;0.0;0.0;0.0;-5.8252363204956055;-35.22581481933594;52.707000732421875;0.0;261.82000732421875;0.0;518445240;2368;50;28;0;0;0
1748649627;227840748;175.5500030517578;-16.65999984741211;-52.81999969482422;0.0;0.0;0.0;0.01850000023841858;-0.029750000685453415;0.996749997138977;3.259999990463257;0.46000000834465027;-1.0;-5.825144290924072;-35.22502899169922;166.10000610351562;0.0;0.0;46.66899871826172;37.68000030517578;7.989999771118164;-7.170000076293945;0.0;0.0;0.0;0.0;0.0;0.0;0.0;0.0;0.0;24;0.0;0.0;0.0;0.0;0.0;0.0;0.0;0.0;0.0;0.0;0.0;0.0;0.0;0.0;0.0;0.0;-5.8252363204956055;-35.22581481933594;52.720001220703125;0.0;10.539999961853027;0.0;518445280;2368;50;28;0;0;0
1748649627;266819528;175.4600067138672;-16.530000686645508;-52.7400016784668;0.0;0.0;0.0;0.01875000074505806;-0.029750000685453415;0.9965000152587891;3.680000066757202;2.0799999237060547;1.6200000047683716;-5.825141429901123;-35.22501754760742;166.10000610351562;-0.009999999776482582;0.009999999776482582;46.499000549316406;37.959999084472656;8.119999885559082;-7.329999923706055;0.0;0.0;0.0;0.0;0.0;0.0;0.0;0.0;0.0;25;0.0;0.0;0.0;0.0;0.0;0.0;0.0;0.0;0.0;0.0;0.0;0.0;0.0;0.0;0.0;0.0;-5.8252363204956055;-35.22581481933594;52.72100067138672;0.009999999776482582;198.75;-0.009999999776482582;518445320;2368;50;28;0;0;0
1748649627;306939530;175.4199981689453;-16.389999389648438;-52.72999954223633;0.0;0.0;0.0;0.01850000023841858;-0.029750000685453415;0.996749997138977;2.9200000762939453;1.1399999856948853;-1.1200000047683716;-5.825138568878174;-35.22500228881836;166.10000610351562;0.0;0.0;46.32500076293945;38.2400016784668;8.25;-7.480000019073486;0.0;0.0;0.0;0.0;0.0;0.0;0.0;0.0;0.0;26;0.0;0.0;0.0;0.0;0.0;0.0;0.0;0.0;0.0;0.0;0.0;0.0;0.0;0.0;0.0;0.0;-5.8252363204956055;-35.22581481933594;52.715999603271484;0.0;158.69000244140625;0.0;518445360;2368;50;28;0;0;0
1748649627;347544644;175.2100067138672;-16.170000076293945;-52.68000030517578;0.0;0.0;0.0;0.01875000074505806;-0.029750000685453415;0.996749997138977;7.840000152587891;1.5399999618530273;-3.0799999237060547;-5.825135707855225;-35.2249870300293;166.10000610351562;0.0;0.0;46.14899826049805;38.529998779296875;8.380000114440918;-7.639999866485596;0.0;0.0;0.0;0.0;0.0;0.0;0.0;0.0;0.0;27;0.0;0.0;0.0;0.0;0.0;0.0;0.0;0.0;0.0;0.0;0.0;0.0;0.0;0.0;0.0;0.0;-5.8252363204956055;-35.22581481933594;52.715999603271484;0.0;158.69000244140625;0.0;518445400;2368;50;28;0;0;0
1748649627;387420901;174.97999572753906;-16.010000228881836;-52.540000915527344;0.0;0.0;0.0;0.01875000074505806;-0.029750000685453415;0.996749997138977;3.819999933242798;3.180000066757202;-0.8199999928474426;-5.825132846832275;-35.2249755859375;166.10000610351562;0.019999999552965164;0.0;45.84000015258789;38.810001373291016;8.520000457763672;-7.789999961853027;0.0;0.0;0.0;0.0;0.0;0.0;0.0;0.0;0.0;28;0.0;0.0;0.0;0.0;0.0;0.0;0.0;0.0;0.0;0.0;0.0;0.0;0.0;0.0;0.0;0.0;-5.8252363204956055;-35.22581481933594;52.715999603271484;0.0;120.4800033569336;0.019999999552965164;518445440;2368;50;28;0;0;0
1748649627;427279659;186.35000610351562;-15.760000228881836;-52.56999969482422;0.0;0.0;0.0;0.01875000074505806;-0.029750000685453415;0.996749997138977;8.420000076293945;-2.700000047683716;-2.240000009536743;-5.825253009796143;-35.22582244873047;166.10000610351562;0.0;0.009999999776482582;45.65399932861328;0.3400000035762787;-0.17000000178813934;-7.940000057220459;0.0;0.0;0.0;0.0;0.0;0.0;0.0;0.0;0.0;29;0.0;0.0;0.0;0.0;0.0;0.0;0.0;0.0;0.0;0.0;0.0;0.0;0.0;0.0;0.0;0.0;-5.8252363204956055;-35.22581481933594;52.715999603271484;0.009999999776482582;106.37000274658203;0.0;518445480;2368;50;28;0;0;0
1748649627;467667279;186.19000244140625;-15.350000381469727;-52.560001373291016;0.0;0.0;0.0;0.01875000074505806;-0.029750000685453415;0.996999979019165;7.300000190734863;0.5400000214576721;-8.859999656677246;-5.825252056121826;-35.225826263427734;166.10000610351562;0.019999999552965164;0.0;45.465999603271484;0.5099999904632568;-0.17000000178813934;-8.100000381469727;0.0;0.0;0.0;0.0;0.0;0.0;0.0;0.0;0.0;30;0.0;0.0;0.0;0.0;0.0;0.0;0.0;0.0;0.0;0.0;0.0;0.0;0.0;0.0;0.0;0.0;-5.8252363204956055;-35.22581481933594;52.71900177001953;0.0;286.79998779296875;0.019999999552965164;518445520;2368;50;28;0;0;0
1748649627;507763031;186.22999572753906;-15.15999984741211;-52.59000015258789;0.0;0.0;0.0;0.01875000074505806;-0.029750000685453415;0.996749997138977;1.7799999713897705;-1.2000000476837158;-6.619999885559082;-5.825252056121826;-35.225826263427734;166.10000610351562;-0.019999999552965164;0.0;45.2760009765625;0.800000011920929;-0.11999999731779099;-8.25;0.0;0.0;0.0;0.0;0.0;0.0;0.0;0.0;0.0;31;0.0;0.0;0.0;0.0;0.0;0.0;0.0;0.0;0.0;0.0;0.0;0.0;0.0;0.0;0.0;0.0;-5.8252363204956055;-35.22581481933594;52.71099853515625;0.0;322.0799865722656;-0.019999999552965164;518445560;2368;50;28;0;0;0
1748649627;547917406;186.2100067138672;-14.850000381469727;-52.63999938964844;0.0;0.0;0.0;0.01875000074505806;-0.029500000178813934;0.996999979019165;6.139999866485596;-1.8799999952316284;-1.600000023841858;-5.825252056121826;-35.225826263427734;166.10000610351562;-0.019999999552965164;0.0;45.08300018310547;1.100000023841858;-0.029999999329447746;-8.399999618530273;0.0;0.0;0.0;0.0;0.0;0.0;0.0;0.0;0.0;0;0.0;0.0;0.0;0.0;0.0;0.0;0.0;0.0;0.0;0.0;0.0;0.0;0.0;0.0;0.0;0.0;-5.8252363204956055;-35.22581481933594;52.70399856567383;0.0;322.0799865722656;-0.019999999552965164;518445600;2368;50;28;0;0;0
1748649627;587842538;186.0800018310547;-14.710000038146973;-52.58000183105469;0.0;0.0;0.0;0.01850000023841858;-0.029750000685453415;0.996749997138977;5.539999961853027;-2.640000104904175;-1.7000000476837158;-5.825252056121826;-35.225826263427734;166.10000610351562;-0.019999999552965164;0.0;44.74399948120117;1.399999976158142;0.009999999776482582;-8.550000190734863;0.0;0.0;0.0;0.0;0.0;0.0;0.0;0.0;0.0;1;0.0;0.0;0.0;0.0;0.0;0.0;0.0;0.0;0.0;0.0;0.0;0.0;0.0;0.0;0.0;0.0;-5.8252363204956055;-35.22581481933594;52.70399856567383;0.0;282.489990234375;-0.019999999552965164;518445640;2368;50;28;0;0;0
1748649627;627013688;185.86000061035156;-14.430000305175781;-52.529998779296875;0.0;0.0;0.0;0.01875000074505806;-0.029750000685453415;0.996749997138977;12.180000305175781;-0.6200000047683716;-2.259999990463257;-5.825252056121826;-35.225826263427734;166.10000610351562;0.0;0.0;44.54199981689453;1.690000057220459;0.03999999910593033;-8.699999809265137;0.0;0.0;0.0;0.0;0.0;0.0;0.0;0.0;0.0;2;0.0;0.0;0.0;0.0;0.0;0.0;0.0;0.0;0.0;0.0;0.0;0.0;0.0;0.0;0.0;0.0;-5.8252363204956055;-35.22581481933594;52.71200180053711;0.0;75.5;0.0;518445680;2368;50;28;0;0;0
1748649627;667132439;185.8699951171875;-14.100000381469727;-52.470001220703125;0.0;0.0;0.0;0.01875000074505806;-0.029750000685453415;0.996749997138977;7.360000133514404;-1.1799999475479126;-10.199999809265137;-5.825251579284668;-35.225826263427734;166.10000610351562;0.009999999776482582;0.0;44.33700180053711;1.9800000190734863;0.12999999523162842;-8.850000381469727;0.0;0.0;0.0;0.0;0.0;0.0;0.0;0.0;0.0;3;0.0;0.0;0.0;0.0;0.0;0.0;0.0;0.0;0.0;0.0;0.0;0.0;0.0;0.0;0.0;0.0;-5.8252363204956055;-35.22581481933594;52.70500183105469;0.0;98.01000213623047;0.009999999776482582;518445720;2368;50;28;0;0;0
1748649627;707185942;185.69000244140625;-14.039999961853027;-52.27000045776367;0.0;0.0;0.0;0.01875000074505806;-0.029750000685453415;0.996749997138977;7.960000038146973;2.0399999618530273;2.4800000190734863;-5.825251579284668;-35.22582244873047;166.10000610351562;0.019999999552965164;0.0;44.130001068115234;2.2699999809265137;0.2199999988079071;-9.0;0.0;0.0;0.0;0.0;0.0;0.0;0.0;0.0;0.0;4;0.0;0.0;0.0;0.0;0.0;0.0;0.0;0.0;0.0;0.0;0.0;0.0;0.0;0.0;0.0;0.0;-5.8252363204956055;-35.22581481933594;52.69900131225586;0.0;75.29000091552734;0.019999999552965164;518445760;2368;50;28;0;0;0
1748649627;747408316;185.58999633789062;-13.880000114440918;-52.209999084472656;0.0;0.0;0.0;0.01875000074505806;-0.029750000685453415;0.9965000152587891;4.340000152587891;-2.180000066757202;-3.6600000858306885;-5.825251579284668;-35.22582244873047;166.10000610351562;0.019999999552965164;0.0;43.91999816894531;2.559999942779541;0.3100000023841858;-9.149999618530273;0.0;0.0;0.0;0.0;0.0;0.0;0.0;0.0;0.0;5;0.0;0.0;0.0;0.0;0.0;0.0;0.0;0.0;0.0;0.0;0.0;0.0;0.0;0.0;0.0;0.0;-5.8252363204956055;-35.22581481933594;52.69900131225586;0.0;75.29000091552734;0.019999999552965164;518445800;2368;50;28;0;0;0
1748649627;787250949;185.57000732421875;-13.720000267028809;-52.27000045776367;0.0;0.0;0.0;0.01875000074505806;-0.029750000685453415;0.9965000152587891;1.9600000381469727;-0.9800000190734863;-2.9200000762939453;-5.825251579284668;-35.22582244873047;166.10000610351562;0.019999999552965164;0.009999999776482582;43.55099868774414;2.8499999046325684;0.4000000059604645;-9.300000190734863;0.0;0.0;0.0;0.0;0.0;0.0;0.0;0.0;0.0;6;0.0;0.0;0.0;0.0;0.0;0.0;0.0;0.0;0.0;0.0;0.0;0.0;0.0;0.0;0.0;0.0;-5.8252363204956055;-35.22581481933594;52.69900131225586;0.009999999776482582;344.8999938964844;0.019999999552965164;518445840;2368;50;28;0;0;0
1748649627;827425449;185.49000549316406;-13.390000343322754;-52.209999084472656;0.0;0.0;0.0;0.01875000074505806;-0.029750000685453415;0.996749997138977;4.300000190734863;0.5400000214576721;-7.21999979019165;-5.825251579284668;-35.22582244873047;166.10000610351562;-0.019999999552965164;0.009999999776482582;43.33300018310547;3.130000114440918;0.49000000953674316;-9.449999809265137;0.0;0.0;0.0;0.0;0.0;0.0;0.0;0.0;0.0;7;0.0;0.0;0.0;0.0;0.0;0.0;0.0;0.0;0.0;0.0;0.0;0.0;0.0;0.0;0.0;0.0;-5.8252363204956055;-35.22581481933594;52.707000732421875;0.009999999776482582;244.7100067138672;-0.019999999552965164;518445880;2368;50;28;0;0;0
1748649627;867656698;185.35000610351562;-13.140000343322754;-52.060001373291016;0.0;0.0;0.0;0.01875000074505806;-0.029750000685453415;0.996749997138977;6.039999961853027;-0.46000000834465027;-3.5999999046325684;-5.82525110244751;-35.22582244873047;166.10000610351562;0.0;0.0;43.11199951171875;3.4100000858306885;0.5799999833106995;-9.600000381469727;0.0;0.0;0.0;0.0;0.0;0.0;0.0;0.0;0.0;8;0.0;0.0;0.0;0.0;0.0;0.0;0.0;0.0;0.0;0.0;0.0;0.0;0.0;0.0;0.0;0.0;-5.8252363204956055;-35.22581481933594;52.70500183105469;0.0;326.05999755859375;0.0;518445920;2368;50;28;0;0;0
1748649627;907674952;185.32000732421875;-13.010000228881836;-52.08000183105469;0.0;0.0;0.0;0.01875000074505806;-0.029750000685453415;0.996749997138977;2.819999933242798;-0.8999999761581421;-1.9800000190734863;-5.82525110244751;-35.22582244873047;166.10000610351562;-0.009999999776482582;0.0;42.88800048828125;3.700000047683716;0.6700000166893005;-9.75;0.0;0.0;0.0;0.0;0.0;0.0;0.0;0.0;0.0;9;0.0;0.0;0.0;0.0;0.0;0.0;0.0;0.0;0.0;0.0;0.0;0.0;0.0;0.0;0.0;0.0;-5.8252363204956055;-35.22581481933594;52.70199966430664;0.0;222.00999450683594;-0.009999999776482582;518445960;2368;50;28;0;0;0
1748649627;947946074;184.8800048828125;-12.819999694824219;-52.09000015258789;0.0;0.0;0.0;0.01875000074505806;-0.029750000685453415;0.996749997138977;2.4800000190734863;-2.9200000762939453;-4.539999961853027;-5.82525110244751;-35.2258186340332;166.0399932861328;-0.009999999776482582;0.0;42.494998931884766;4.0;0.7400000095367432;-9.890000343322754;0.0;0.0;0.0;0.0;0.0;0.0;0.0;0.0;0.0;10;0.0;0.0;0.0;0.0;0.0;0.0;0.0;0.0;0.0;0.0;0.0;0.0;0.0;0.0;0.0;0.0;-5.8252363204956055;-35.22581481933594;52.70199966430664;0.0;222.00999450683594;-0.009999999776482582;518446000;2368;50;28;0;0;0
1748649627;987847581;184.75;-12.569999694824219;-51.86000061035156;0.0;0.0;0.0;0.01899999938905239;-0.029750000685453415;0.9965000152587891;7.800000190734863;8.779999732971191;-1.2000000476837158;-5.825250625610352;-35.2258186340332;166.0399932861328;0.0;0.0;42.263999938964844;4.289999961853027;0.8399999737739563;-10.039999961853027;0.0;0.0;0.0;0.0;0.0;0.0;0.0;0.0;0.0;11;0.0;0.0;0.0;0.0;0.0;0.0;0.0;0.0;0.0;0.0;0.0;0.0;0.0;0.0;0.0;0.0;-5.8252363204956055;-35.22581481933594;52.709999084472656;0.0;176.52999877929688;0.0;518446040;2368;50;28;0;0;0
1748649628;27992832;184.6199951171875;-12.3100004196167;-51.790000915527344;0.0;0.0;0.0;0.01875000074505806;-0.029750000685453415;0.996749997138977;5.840000152587891;0.5199999809265137;-5.059999942779541;-5.825250625610352;-35.2258186340332;166.0399932861328;-0.009999999776482582;0.009999999776482582;42.02899932861328;4.590000152587891;0.9300000071525574;-10.1899995803833;0.0;0.0;0.0;0.0;0.0;0.0;0.0;0.0;0.0;12;0.0;0.0;0.0;0.0;0.0;0.0;0.0;0.0;0.0;0.0;0.0;0.0;0.0;0.0;0.0;0.0;-5.8252363204956055;-35.22581481933594;52.665000915527344;0.009999999776482582;89.26000213623047;-0.009999999776482582;518446080;2368;50;28;0;0;0
1748649628;67020235;184.64999389648438;-12.020000457763672;-51.77000045776367;0.0;0.0;0.0;0.01875000074505806;-0.029750000685453415;0.996749997138977;3.8399999141693115;1.4600000381469727;-5.039999961853027;-5.825250148773193;-35.22581481933594;166.0399932861328;0.0;0.0;41.79100036621094;4.869999885559082;1.0199999809265137;-10.329999923706055;0.0;0.0;0.0;0.0;0.0;0.0;0.0;0.0;0.0;13;0.0;0.0;0.0;0.0;0.0;0.0;0.0;0.0;0.0;0.0;0.0;0.0;0.0;0.0;0.0;0.0;-5.8252363204956055;-35.22581481933594;52.659000396728516;0.0;241.66000366210938;0.0;518446120;2368;50;28;0;0;0
1748649628;107135862;184.58999633789062;-11.8100004196167;-51.68000030517578;0.0;0.0;0.0;0.01875000074505806;-0.029750000685453415;0.996749997138977;2.0399999618530273;2.5;-0.4000000059604645;-5.825250148773193;-35.22581481933594;166.0399932861328;-0.009999999776482582;0.0;41.551998138427734;5.159999847412109;1.1200000047683716;-10.470000267028809;0.0;0.0;0.0;0.0;0.0;0.0;0.0;0.0;0.0;14;0.0;0.0;0.0;0.0;0.0;0.0;0.0;0.0;0.0;0.0;0.0;0.0;0.0;0.0;0.0;0.0;-5.8252363204956055;-35.22581481933594;52.67599868774414;0.0;265.7099914550781;-0.009999999776482582;518446160;2368;50;28;0;0;0
1748649628;147135741;184.6199951171875;-11.539999961853027;-51.689998626708984;0.0;0.0;0.0;0.01875000074505806;-0.029750000685453415;0.996749997138977;1.899999976158142;-0.6000000238418579;-8.5600004196167;-5.825249671936035;-35.22581481933594;166.0399932861328;-0.009999999776482582;0.0;41.310001373291016;5.449999809265137;1.2200000286102295;-10.619999885559082;0.0;0.0;0.0;0.0;0.0;0.0;0.0;0.0;0.0;15;0.0;0.0;0.0;0.0;0.0;0.0;0.0;0.0;0.0;0.0;0.0;0.0;0.0;0.0;0.0;0.0;-5.8252363204956055;-35.22581481933594;52.67599868774414;0.0;265.7099914550781;-0.009999999776482582;518446200;2368;50;28;0;0;0
1748649628;187195869;184.64999389648438;-11.1899995803833;-51.61000061035156;0.0;0.0;0.0;0.01875000074505806;-0.029750000685453415;0.9965000152587891;5.079999923706055;0.3400000035762787;-6.079999923706055;-5.825249195098877;-35.22581100463867;166.0399932861328;0.0;0.009999999776482582;40.88199996948242;5.739999771118164;1.309999942779541;-10.760000228881836;0.0;0.0;0.0;0.0;0.0;0.0;0.0;0.0;0.0;16;0.0;0.0;0.0;0.0;0.0;0.0;0.0;0.0;0.0;0.0;0.0;0.0;0.0;0.0;0.0;0.0;-5.8252363204956055;-35.22581481933594;52.67599868774414;0.009999999776482582;121.97000122070312;0.0;518446240;2368;50;28;0;0;0
1748649628;227406618;184.49000549316406;-10.869999885559082;-51.45000076293945;0.0;0.0;0.0;0.01850000023841858;-0.029750000685453415;0.996749997138977;6.519999980926514;2.0999999046325684;-6.119999885559082;-5.825249195098877;-35.22581100463867;166.0399932861328;0.0;0.009999999776482582;51.000999450683594;6.019999980926514;1.409999966621399;-0.3400000035762787;0.0;0.0;0.0;0.0;0.0;0.0;0.0;0.0;0.0;17;0.0;0.0;0.0;0.0;0.0;0.0;0.0;0.0;0.0;0.0;0.0;0.0;0.0;0.0;0.0;0.0;-5.8252363204956055;-35.22581481933594;52.67399978637695;0.009999999776482582;14.34000015258789;0.0;518446280;2368;50;28;0;0;0
1748649628;267451246;184.41000366210938;-10.579999923706055;-51.41999816894531;0.0;0.0;0.0;0.01875000074505806;-0.029750000685453415;0.9965000152587891;4.71999979019165;-0.699999988079071;-7.920000076293945;-5.825248718261719;-35.22581100463867;166.0399932861328;-0.019999999552965164;0.0;50.98699951171875;6.309999942779541;1.5099999904632568;-0.47999998927116394;0.0;0.0;0.0;0.0;0.0;0.0;0.0;0.0;0.0;18;0.0;0.0;0.0;0.0;0.0;0.0;0.0;0.0;0.0;0.0;0.0;0.0;0.0;0.0;0.0;0.0;-5.8252363204956055;-35.22581481933594;52.665000915527344;0.0;247.92999267578125;-0.019999999552965164;518446320;2368;50;28;0;0;0
1748649628;307575873;184.38999938964844;-10.369999885559082;-51.43000030517578;0.0;0.0;0.0;0.01875000074505806;-0.029750000685453415;0.996749997138977;4.260000228881836;-0.47999998927116394;-3.440000057220459;-5.8252482414245605;-35.225807189941406;166.0399932861328;0.0;0.009999999776482582;50.97200012207031;6.590000152587891;1.6100000143051147;-0.6100000143051147;0.0;0.0;0.0;0.0;0.0;0.0;0.0;0.0;0.0;19;0.0;0.0;0.0;0.0;0.0;0.0;0.0;0.0;0.0;0.0;0.0;0.0;0.0;0.0;0.0;0.0;-5.8252363204956055;-35.22581481933594;52.65999984741211;0.009999999776482582;225.5500030517578;0.0;518446360;2368;50;28;0;0;0
1748649628;347474129;184.3000030517578;-10.15999984741211;-51.45000076293945;0.0;0.0;0.0;0.01875000074505806;-0.029750000685453415;0.996749997138977;5.139999866485596;-2.680000066757202;-6.619999885559082;-5.8252482414245605;-35.225807189941406;166.0399932861328;0.0;0.009999999776482582;50.95600128173828;6.869999885559082;1.7100000381469727;-0.7599999904632568;0.0;0.0;0.0;0.0;0.0;0.0;0.0;0.0;0.0;20;0.0;0.0;0.0;0.0;0.0;0.0;0.0;0.0;0.0;0.0;0.0;0.0;0.0;0.0;0.0;0.0;-5.8252363204956055;-35.22581481933594;52.6609992980957;0.009999999776482582;225.5500030517578;0.0;518446400;2368;50;28;0;0;0
1748649628;387450009;184.22999572753906;-9.9399995803833;-51.47999954223633;0.0;0.0;0.0;0.01875000074505806;-0.029750000685453415;0.9965000152587891;4.239999771118164;0.07999999821186066;-2.0399999618530273;-5.825247287750244;-35.22580337524414;166.0399932861328;0.0;0.009999999776482582;50.92399978637695;7.150000095367432;1.809999942779541;-0.8899999856948853;0.0;0.0;0.0;0.0;0.0;0.0;0.0;0.0;0.0;21;0.0;0.0;0.0;0.0;0.0;0.0;0.0;0.0;0.0;0.0;0.0;0.0;0.0;0.0;0.0;0.0;-5.8252363204956055;-35.22581481933594;52.6609992980957;0.009999999776482582;106.88999938964844;0.0;518446440;2368;50;28;0;0;0
1748649628;427506387;184.19000244140625;-9.710000038146973;-51.470001220703125;0.0;0.0;0.0;0.01850000023841858;-0.029750000685453415;0.996749997138977;4.960000038146973;-1.5399999618530273;-3.559999942779541;-5.825247287750244;-35.22580337524414;166.0399932861328;0.009999999776482582;0.009999999776482582;50.900001525878906;7.429999828338623;1.909999966621399;-1.0299999713897705;0.0;0.0;0.0;0.0;0.0;0.0;0.0;0.0;0.0;22;0.0;0.0;0.0;0.0;0.0;0.0;0.0;0.0;0.0;0.0;0.0;0.0;0.0;0.0;0.0;0.0;-5.8252363204956055;-35.22581481933594;52.6510009765625;0.009999999776482582;18.239999771118164;0.009999999776482582;518446480;2368;50;28;0;0;0
1748649628;467865383;184.08999633789062;-9.460000038146973;-51.5;0.0;0.0;0.0;0.01875000074505806;-0.029500000178813934;0.996749997138977;6.380000114440918;-2.4000000953674316;-4.199999809265137;-5.825246810913086;-35.225799560546875;166.0399932861328;-0.019999999552965164;0.009999999776482582;50.875999450683594;7.710000038146973;2.009999990463257;-1.159999966621399;0.0;0.0;0.0;0.0;0.0;0.0;0.0;0.0;0.0;23;0.0;0.0;0.0;0.0;0.0;0.0;0.0;0.0;0.0;0.0;0.0;0.0;0.0;0.0;0.0;0.0;-5.8252363204956055;-35.22581481933594;52.654998779296875;0.009999999776482582;242.41000366210938;-0.019999999552965164;518446520;2368;50;28;0;0;0
1748649628;508017258;184.1300048828125;-9.229999542236328;-51.459999084472656;0.0;0.0;0.0;0.01875000074505806;-0.029750000685453415;0.996749997138977;3.240000009536743;2.5399999618530273;-5.940000057220459;-5.825246334075928;-35.225799560546875;166.0399932861328;0.0;0.009999999776482582;50.8489990234375;7.989999771118164;2.119999885559082;-1.2899999618530273;0.0;0.0;0.0;0.0;0.0;0.0;0.0;0.0;0.0;24;0.0;0.0;0.0;0.0;0.0;0.0;0.0;0.0;0.0;0.0;0.0;0.0;0.0;0.0;0.0;0.0;-5.8252363204956055;-35.22581481933594;52.63999938964844;0.009999999776482582;99.4000015258789;0.0;518446560;2368;50;28;0;0;0
1748649628;547923640;183.9600067138672;-8.90999984741211;-51.40999984741211;0.0;0.0;0.0;0.01875000074505806;-0.029750000685453415;0.9965000152587891;7.079999923706055;-1.1200000047683716;-4.679999828338623;-5.8252458572387695;-35.22579574584961;166.0399932861328;0.0;0.009999999776482582;50.81700134277344;8.270000457763672;2.2300000190734863;-1.4299999475479126;0.0;0.0;0.0;0.0;0.0;0.0;0.0;0.0;0.0;25;0.0;0.0;0.0;0.0;0.0;0.0;0.0;0.0;0.0;0.0;0.0;0.0;0.0;0.0;0.0;0.0;-5.8252363204956055;-35.22581481933594;52.63800048828125;0.009999999776482582;99.4000015258789;0.0;518446600;2368;50;28;0;0;0
1748649628;586981168;183.83999633789062;-8.8100004196167;-51.380001068115234;0.0;0.0;0.0;0.01875000074505806;-0.029750000685453415;0.996749997138977;5.699999809265137;4.21999979019165;2.0799999237060547;-5.825244903564453;-35.225791931152344;166.0399932861328;0.009999999776482582;0.0;50.7599983215332;8.550000190734863;2.3299999237060547;-1.559999942779541;0.0;0.0;0.0;0.0;0.0;0.0;0.0;0.0;0.0;26;0.0;0.0;0.0;0.0;0.0;0.0;0.0;0.0;0.0;0.0;0.0;0.0;0.0;0.0;0.0;0.0;-5.8252363204956055;-35.22581481933594;52.63800048828125;0.0;251.3000030517578;0.009999999776482582;518446640;2368;50;28;0;0;0
1748649628;627069295;183.67999267578125;-8.649999618530273;-51.38999938964844;0.0;0.0;0.0;0.01875000074505806;-0.029750000685453415;0.996749997138977;7.820000171661377;-4.860000133514404;-0.18000000715255737;-5.825244426727295;-35.225791931152344;166.0399932861328;0.0;0.0;50.7239990234375;8.829999923706055;2.440000057220459;-1.690000057220459;0.0;0.0;0.0;0.0;0.0;0.0;0.0;0.0;0.0;27;0.0;0.0;0.0;0.0;0.0;0.0;0.0;0.0;0.0;0.0;0.0;0.0;0.0;0.0;0.0;0.0;-5.8252363204956055;-35.22581481933594;52.643001556396484;0.0;195.2899932861328;0.0;518446680;2368;50;28;0;0;0
1748649628;667309043;183.57000732421875;-8.470000267028809;-51.40999984741211;0.0;0.0;0.0;0.01875000074505806;-0.029750000685453415;0.996749997138977;4.739999771118164;-0.05999999865889549;-1.8200000524520874;-5.825243949890137;-35.22578811645508;166.0399932861328;0.0;0.0;50.68600082397461;9.109999656677246;2.5399999618530273;-1.809999942779541;0.0;0.0;0.0;0.0;0.0;0.0;0.0;0.0;0.0;28;0.0;0.0;0.0;0.0;0.0;0.0;0.0;0.0;0.0;0.0;0.0;0.0;0.0;0.0;0.0;0.0;-5.8252363204956055;-35.22581481933594;52.63800048828125;0.0;327.7200012207031;0.0;518446720;2368;50;28;0;0;0
1748649628;707287923;183.61000061035156;-8.329999923706055;-51.38999938964844;0.0;0.0;0.0;0.01875000074505806;-0.029750000685453415;0.9965000152587891;1.659999966621399;2.200000047683716;-5.320000171661377;-5.8252434730529785;-35.22578430175781;166.0399932861328;0.009999999776482582;0.0;50.64699935913086;9.390000343322754;2.6500000953674316;-1.940000057220459;0.0;0.0;0.0;0.0;0.0;0.0;0.0;0.0;0.0;29;0.0;0.0;0.0;0.0;0.0;0.0;0.0;0.0;0.0;0.0;0.0;0.0;0.0;0.0;0.0;0.0;-5.8252363204956055;-35.22581481933594;52.630001068115234;0.0;350.7200012207031;0.009999999776482582;518446760;2368;50;28;0;0;0
1748649628;747244804;183.57000732421875;-8.130000114440918;-51.349998474121094;0.0;0.0;0.0;0.01875000074505806;-0.029750000685453415;0.996749997138977;1.4800000190734863;1.5199999809265137;-2.9000000953674316;-5.82524299621582;-35.22578048706055;166.0399932861328;0.009999999776482582;0.0;50.599998474121094;9.670000076293945;2.759999990463257;-2.0799999237060547;0.0;0.0;0.0;0.0;0.0;0.0;0.0;0.0;0.0;30;0.0;0.0;0.0;0.0;0.0;0.0;0.0;0.0;0.0;0.0;0.0;0.0;0.0;0.0;0.0;0.0;-5.8252363204956055;-35.22581481933594;52.63199996948242;0.0;350.7200012207031;0.009999999776482582;518446800;2368;50;28;0;0;0
1748649628;787301057;183.5;-7.940000057220459;-51.33000183105469;0.0;0.0;0.0;0.01875000074505806;-0.029750000685453415;0.996749997138977;3.2200000286102295;2.2200000286102295;0.7400000095367432;-5.825242042541504;-35.22577667236328;166.0399932861328;-0.019999999552965164;0.0;50.52000045776367;9.949999809265137;2.869999885559082;-2.200000047683716;0.0;0.0;0.0;0.0;0.0;0.0;0.0;0.0;0.0;31;0.0;0.0;0.0;0.0;0.0;0.0;0.0;0.0;0.0;0.0;0.0;0.0;0.0;0.0;0.0;0.0;-5.8252363204956055;-35.22581481933594;52.63199996948242;0.0;324.7200012207031;-0.019999999552965164;518446840;2368;50;28;0;0;0
1748649628;827437808;183.55999755859375;-7.71999979019165;-51.27000045776367;0.0;0.0;0.0;0.01875000074505806;-0.029750000685453415;0.996749997138977;1.559999942779541;2.180000066757202;-2.8399999141693115;-5.8252410888671875;-35.225772857666016;166.0399932861328;0.009999999776482582;0.0;50.4739990234375;10.229999542236328;2.9800000190734863;-2.319999933242798;0.0;0.0;0.0;0.0;0.0;0.0;0.0;0.0;0.0;0;0.0;0.0;0.0;0.0;0.0;0.0;0.0;0.0;0.0;0.0;0.0;0.0;0.0;0.0;0.0;0.0;-5.8252363204956055;-35.22581481933594;52.65399932861328;0.0;113.48999786376953;0.009999999776482582;518446880;2368;50;28;0;0;0
1748649628;867521560;183.47000122070312;-7.440000057220459;-51.349998474121094;0.0;0.0;0.0;0.01875000074505806;-0.029750000685453415;0.996749997138977;6.659999847412109;-0.3199999928474426;-3.4800000190734863;-5.825240612030029;-35.22576904296875;166.0399932861328;0.0;0.0;50.42599868774414;10.510000228881836;3.0999999046325684;-2.440000057220459;0.0;0.0;0.0;0.0;0.0;0.0;0.0;0.0;0.0;1;0.0;0.0;0.0;0.0;0.0;0.0;0.0;0.0;0.0;0.0;0.0;0.0;0.0;0.0;0.0;0.0;-5.8252363204956055;-35.22581481933594;52.652000427246094;0.0;12.0;0.0;518446920;2368;50;28;0;0;0
1748649628;907498315;183.3000030517578;-7.199999809265137;-51.33000183105469;0.0;0.0;0.0;0.01875000074505806;-0.029500000178813934;0.996749997138977;4.119999885559082;0.8199999928474426;-0.699999988079071;-5.825240135192871;-35.225765228271484;166.0399932861328;0.0;0.0;50.37699890136719;10.789999961853027;3.2200000286102295;-2.559999942779541;0.0;0.0;0.0;0.0;0.0;0.0;0.0;0.0;0.0;2;0.0;0.0;0.0;0.0;0.0;0.0;0.0;0.0;0.0;0.0;0.0;0.0;0.0;0.0;0.0;0.0;-5.8252363204956055;-35.22581481933594;52.659000396728516;0.0;335.989990234375;0.0;518446960;2368;50;28;0;0;0
1748649628;947601317;183.1699981689453;-6.920000076293945;-51.36000061035156;0.0;0.0;0.0;0.01875000074505806;-0.029750000685453415;0.996749997138977;8.680000305175781;-0.8600000143051147;-1.2200000286102295;-5.825239181518555;-35.22576141357422;166.05999755859375;0.0;0.0;50.27199935913086;11.109999656677246;3.2300000190734863;-2.700000047683716;0.0;0.0;0.0;0.0;0.0;0.0;0.0;0.0;0.0;3;0.0;0.0;0.0;0.0;0.0;0.0;0.0;0.0;0.0;0.0;0.0;0.0;0.0;0.0;0.0;0.0;-5.8252363204956055;-35.22581481933594;52.659000396728516;0.0;335.989990234375;0.0;518447000;2368;50;28;0;0;0
1748649628;987610946;183.02000427246094;-6.840000152587891;-51.25;0.0;0.0;0.0;0.01875000074505806;-0.029750000685453415;0.996749997138977;5.559999942779541;2.0799999237060547;1.7400000095367432;-5.8252387046813965;-35.22575759887695;166.05999755859375;-0.019999999552965164;0.0;50.215999603271484;11.380000114440918;3.3399999141693115;-2.819999933242798;0.0;0.0;0.0;0.0;0.0;0.0;0.0;0.0;0.0;4;0.0;0.0;0.0;0.0;0.0;0.0;0.0;0.0;0.0;0.0;0.0;0.0;0.0;0.0;0.0;0.0;-5.8252363204956055;-35.22581481933594;52.66299819946289;0.0;149.36000061035156;-0.019999999552965164;518447040;2368;50;28;0;0;0
1748649629;27788071;183.0399932861328;-6.639999866485596;-51.369998931884766;0.0;0.0;0.0;0.01875000074505806;-0.029750000685453415;0.996749997138977;3.4600000381469727;-6.21999979019165;-2.2200000286102295;-5.82523775100708;-35.22575378417969;166.05999755859375;0.019999999552965164;0.0;50.15999984741211;11.65999984741211;3.4600000381469727;-2.940000057220459;0.0;0.0;0.0;0.0;0.0;0.0;0.0;0.0;0.0;5;0.0;0.0;0.0;0.0;0.0;0.0;0.0;0.0;0.0;0.0;0.0;0.0;0.0;0.0;0.0;0.0;-5.8252363204956055;-35.22581481933594;52.65999984741211;0.0;211.74000549316406;0.019999999552965164;518447080;2368;50;28;0;0;0
1748649629;67943071;182.92999267578125;-6.539999961853027;-51.22999954223633;0.0;0.0;0.0;0.01875000074505806;-0.029750000685453415;0.996749997138977;3.2799999713897705;6.119999885559082;1.4600000381469727;-5.825237274169922;-35.22574996948242;166.05999755859375;-0.009999999776482582;0.0;50.10100173950195;11.9399995803833;3.5799999237060547;-3.049999952316284;0.0;0.0;0.0;0.0;0.0;0.0;0.0;0.0;0.0;6;0.0;0.0;0.0;0.0;0.0;0.0;0.0;0.0;0.0;0.0;0.0;0.0;0.0;0.0;0.0;0.0;-5.8252363204956055;-35.22581481933594;52.66999816894531;0.0;47.650001525878906;-0.009999999776482582;518447120;2368;50;28;0;0;0
1748649629;106935601;182.89999389648438;-6.289999961853027;-51.22999954223633;0.0;0.0;0.0;0.01875000074505806;-0.029750000685453415;0.996749997138977;3.0199999809265137;1.2400000095367432;-5.860000133514404;-5.8252363204956055;-35.225746154785156;166.05999755859375;-0.019999999552965164;0.0;50.04199981689453;12.210000038146973;3.700000047683716;-3.1700000762939453;0.0;0.0;0.0;0.0;0.0;0.0;0.0;0.0;0.0;7;0.0;0.0;0.0;0.0;0.0;0.0;0.0;0.0;0.0;0.0;0.0;0.0;0.0;0.0;0.0;0.0;-5.8252363204956055;-35.22581481933594;52.67300033569336;0.0;276.57000732421875;-0.019999999552965164;518447160;2368;50;28;0;0;0
1748649629;147079726;182.77000427246094;-6.090000152587891;-51.150001525878906;0.0;0.0;0.0;0.01875000074505806;-0.029750000685453415;0.996749997138977;7.659999847412109;-3.3399999141693115;-1.3799999952316284;-5.825235366821289;-35.225738525390625;166.05999755859375;-0.019999999552965164;0.0;49.96699905395508;12.489999771118164;3.819999933242798;-3.309999942779541;0.0;0.0;0.0;0.0;0.0;0.0;0.0;0.0;0.0;8;0.0;0.0;0.0;0.0;0.0;0.0;0.0;0.0;0.0;0.0;0.0;0.0;0.0;0.0;0.0;0.0;-5.8252363204956055;-35.22581481933594;52.67399978637695;0.0;276.57000732421875;-0.019999999552965164;518447200;2368;50;28;0;0;0
1748649629;187190728;182.7100067138672;-5.940000057220459;-51.13999938964844;0.0;0.0;0.0;0.01875000074505806;-0.029750000685453415;0.996749997138977;2.2799999713897705;0.10000000149011612;-7.800000190734863;-5.8252339363098145;-35.22573471069336;166.05999755859375;0.0;0.0;49.83100128173828;12.760000228881836;3.940000057220459;-3.450000047683716;0.0;0.0;0.0;0.0;0.0;0.0;0.0;0.0;0.0;9;0.0;0.0;0.0;0.0;0.0;0.0;0.0;0.0;0.0;0.0;0.0;0.0;0.0;0.0;0.0;0.0;-5.8252363204956055;-35.22581481933594;52.67399978637695;0.0;38.54999923706055;0.0;518447240;2368;50;28;0;0;0
1748649629;227209732;182.75;-5.699999809265137;-51.209999084472656;0.0;0.0;0.0;0.01875000074505806;-0.029750000685453415;0.996749997138977;3.059999942779541;3.0799999237060547;-1.2200000286102295;-5.825232982635498;-35.225730895996094;166.05999755859375;0.0;0.0;49.74800109863281;13.029999732971191;4.059999942779541;-3.5899999141693115;0.0;0.0;0.0;0.0;0.0;0.0;0.0;0.0;0.0;10;0.0;0.0;0.0;0.0;0.0;0.0;0.0;0.0;0.0;0.0;0.0;0.0;0.0;0.0;0.0;0.0;-5.8252363204956055;-35.22581481933594;52.67399978637695;0.0;295.8900146484375;0.0;518447280;2368;50;28;0;0;0
1748649629;267254360;182.57000732421875;-5.510000228881836;-51.22999954223633;0.0;0.0;0.0;0.01850000023841858;-0.029750000685453415;0.9965000152587891;4.940000057220459;-1.2599999904632568;0.5600000023841858;-5.82523250579834;-35.22572708129883;166.05999755859375;0.0;0.0;49.66299819946289;13.3100004196167;4.190000057220459;-3.7300000190734863;0.0;0.0;0.0;0.0;0.0;0.0;0.0;0.0;0.0;11;0.0;0.0;0.0;0.0;0.0;0.0;0.0;0.0;0.0;0.0;0.0;0.0;0.0;0.0;0.0;0.0;-5.8252363204956055;-35.22581481933594;52.68000030517578;0.0;330.8399963378906;0.0;518447320;2368;50;28;0;0;0
1748649629;307368237;182.41000366210938;-5.309999942779541;-51.2400016784668;0.0;0.0;0.0;0.01875000074505806;-0.029750000685453415;0.996749997138977;7.360000133514404;-0.1599999964237213;-0.9800000190734863;-5.825231552124023;-35.22572326660156;166.05999755859375;0.0;0.009999999776482582;49.57500076293945;13.579999923706055;4.309999942779541;-3.869999885559082;0.0;0.0;0.0;0.0;0.0;0.0;0.0;0.0;0.0;12;0.0;0.0;0.0;0.0;0.0;0.0;0.0;0.0;0.0;0.0;0.0;0.0;0.0;0.0;0.0;0.0;-5.8252363204956055;-35.22581481933594;52.68000030517578;0.009999999776482582;94.61000061035156;0.0;518447360;2368;50;28;0;0;0
1748649629;347432364;182.33999633789062;-5.119999885559082;-51.2599983215332;0.0;0.0;0.0;0.01875000074505806;-0.029750000685453415;0.996749997138977;7.199999809265137;-2.299999952316284;-3.359999895095825;-5.825230598449707;-35.22571563720703;166.05999755859375;0.0;0.009999999776482582;49.48400115966797;13.850000381469727;4.429999828338623;-4.010000228881836;0.0;0.0;0.0;0.0;0.0;0.0;0.0;0.0;0.0;13;0.0;0.0;0.0;0.0;0.0;0.0;0.0;0.0;0.0;0.0;0.0;0.0;0.0;0.0;0.0;0.0;-5.8252363204956055;-35.22581481933594;52.680999755859375;0.009999999776482582;94.61000061035156;0.0;518447400;2368;50;28;0;0;0
1748649629;387569865;182.30999755859375;-4.869999885559082;-51.220001220703125;0.0;0.0;0.0;0.01875000074505806;-0.029750000685453415;0.996749997138977;6.039999961853027;1.7200000286102295;-2.740000009536743;-5.825228691101074;-35.225711822509766;166.05999755859375;0.0;0.0;49.32099914550781;14.119999885559082;4.559999942779541;-4.150000095367432;0.0;0.0;0.0;0.0;0.0;0.0;0.0;0.0;0.0;14;0.0;0.0;0.0;0.0;0.0;0.0;0.0;0.0;0.0;0.0;0.0;0.0;0.0;0.0;0.0;0.0;-5.8252363204956055;-35.22581481933594;52.680999755859375;0.0;155.80999755859375;0.0;518447440;2368;50;28;0;0;0
1748649629;427569870;182.1699981689453;-4.579999923706055;-51.220001220703125;0.0;0.0;0.0;0.01875000074505806;-0.029750000685453415;0.996999979019165;8.520000457763672;-2.140000104904175;-1.6200000047683716;-5.825227737426758;-35.2257080078125;166.05999755859375;0.0;0.0;49.22200012207031;14.390000343322754;4.690000057220459;-4.289999961853027;0.0;0.0;0.0;0.0;0.0;0.0;0.0;0.0;0.0;15;0.0;0.0;0.0;0.0;0.0;0.0;0.0;0.0;0.0;0.0;0.0;0.0;0.0;0.0;0.0;0.0;-5.8252363204956055;-35.22581481933594;52.6870002746582;0.0;257.1400146484375;0.0;518447480;2368;50;28;0;0;0
1748649629;467644497;182.08999633789062;-4.480000019073486;-51.16999816894531;0.0;0.0;0.0;0.01875000074505806;-0.029750000685453415;0.996749997138977;0.699999988079071;1.100000023841858;-2.180000066757202;-5.825226783752441;-35.22570037841797;166.05999755859375;-0.029999999329447746;0.009999999776482582;49.119998931884766;14.65999984741211;4.820000171661377;-4.429999828338623;0.0;0.0;0.0;0.0;0.0;0.0;0.0;0.0;0.0;16;0.0;0.0;0.0;0.0;0.0;0.0;0.0;0.0;0.0;0.0;0.0;0.0;0.0;0.0;0.0;0.0;-5.8252363204956055;-35.22581481933594;52.676998138427734;0.009999999776482582;255.0399932861328;-0.029999999329447746;518447520;2368;50;28;0;0;0
1748649629;507577503;181.85000610351562;-4.400000095367432;-51.06999969482422;0.0;0.0;0.0;0.01875000074505806;-0.029750000685453415;0.996749997138977;6.460000038146973;-0.46000000834465027;0.6000000238418579;-5.825225830078125;-35.2256965637207;166.05999755859375;0.0;0.0;49.01599884033203;14.930000305175781;4.940000057220459;-4.570000171661377;0.0;0.0;0.0;0.0;0.0;0.0;0.0;0.0;0.0;17;0.0;0.0;0.0;0.0;0.0;0.0;0.0;0.0;0.0;0.0;0.0;0.0;0.0;0.0;0.0;0.0;-5.8252363204956055;-35.22581481933594;52.680999755859375;0.0;65.83999633789062;0.0;518447560;2368;50;28;0;0;0
1748649629;547731129;181.72999572753906;-4.170000076293945;-51.02000045776367;0.0;0.0;0.0;0.01875000074505806;-0.029750000685453415;0.996749997138977;8.359999656677246;1.4199999570846558;-0.4399999976158142;-5.825223922729492;-35.22568893432617;166.05999755859375;0.0;0.0;48.90800094604492;15.199999809265137;5.079999923706055;-4.710000038146973;0.0;0.0;0.0;0.0;0.0;0.0;0.0;0.0;0.0;18;0.0;0.0;0.0;0.0;0.0;0.0;0.0;0.0;0.0;0.0;0.0;0.0;0.0;0.0;0.0;0.0;-5.8252363204956055;-35.22581481933594;52.689998626708984;0.0;65.83999633789062;0.0;518447600;2368;50;28;0;0;0
1748649629;587689634;181.47999572753906;-3.9700000286102295;-50.959999084472656;0.0;0.0;0.0;0.01850000023841858;-0.029750000685453415;0.996749997138977;7.840000152587891;-2.240000009536743;-1.7400000095367432;-5.825222015380859;-35.225685119628906;166.05999755859375;0.0;0.009999999776482582;48.71699905395508;15.460000038146973;5.21999979019165;-4.840000152587891;0.0;0.0;0.0;0.0;0.0;0.0;0.0;0.0;0.0;19;0.0;0.0;0.0;0.0;0.0;0.0;0.0;0.0;0.0;0.0;0.0;0.0;0.0;0.0;0.0;0.0;-5.8252363204956055;-35.22581481933594;52.689998626708984;0.009999999776482582;316.7300109863281;0.0;518447640;2368;50;28;0;0;0
1748649629;626879909;181.36000061035156;-3.7799999713897705;-51.060001373291016;0.0;0.0;0.0;0.01875000074505806;-0.029750000685453415;0.9965000152587891;4.360000133514404;-0.11999999731779099;0.2199999988079071;-5.825220108032227;-35.22568130493164;166.05999755859375;0.009999999776482582;0.0;48.60200119018555;15.729999542236328;5.360000133514404;-4.980000019073486;0.0;0.0;0.0;0.0;0.0;0.0;0.0;0.0;0.0;20;0.0;0.0;0.0;0.0;0.0;0.0;0.0;0.0;0.0;0.0;0.0;0.0;0.0;0.0;0.0;0.0;-5.8252363204956055;-35.22581481933594;52.70100021362305;0.0;1.1799999475479126;0.009999999776482582;518447680;2368;50;28;0;0;0
1748649629;667109032;181.33999633789062;-3.5299999713897705;-51.099998474121094;0.0;0.0;0.0;0.01875000074505806;-0.029750000685453415;0.9965000152587891;2.9200000762939453;-0.5600000023841858;-7.539999961853027;-5.825218200683594;-35.22567367553711;166.05999755859375;0.0;0.009999999776482582;48.48500061035156;15.989999771118164;5.5;-5.119999885559082;0.0;0.0;0.0;0.0;0.0;0.0;0.0;0.0;0.0;21;0.0;0.0;0.0;0.0;0.0;0.0;0.0;0.0;0.0;0.0;0.0;0.0;0.0;0.0;0.0;0.0;-5.8252363204956055;-35.22581481933594;52.694000244140625;0.009999999776482582;158.6199951171875;0.0;518447720;2368;50;28;0;0;0
1748649629;707095787;181.25999450683594;-3.309999942779541;-51.16999816894531;0.0;0.0;0.0;0.01875000074505806;-0.029750000685453415;0.996749997138977;5.639999866485596;-0.8399999737739563;-1.100000023841858;-5.825216293334961;-35.225669860839844;166.05999755859375;0.0;0.0;48.3650016784668;16.25;5.639999866485596;-5.260000228881836;0.0;0.0;0.0;0.0;0.0;0.0;0.0;0.0;0.0;22;0.0;0.0;0.0;0.0;0.0;0.0;0.0;0.0;0.0;0.0;0.0;0.0;0.0;0.0;0.0;0.0;-5.8252363204956055;-35.22581481933594;52.71099853515625;0.0;18.899999618530273;0.0;518447760;2368;50;28;0;0;0
1748649629;747370034;181.14999389648438;-3.130000114440918;-51.13999938964844;0.0;0.0;0.0;0.01899999938905239;-0.029750000685453415;0.996749997138977;4.860000133514404;-2.3399999141693115;-1.340000033378601;-5.825214385986328;-35.22566223144531;166.05999755859375;0.0;0.0;48.24300003051758;16.520000457763672;5.78000020980835;-5.400000095367432;0.0;0.0;0.0;0.0;0.0;0.0;0.0;0.0;0.0;23;0.0;0.0;0.0;0.0;0.0;0.0;0.0;0.0;0.0;0.0;0.0;0.0;0.0;0.0;0.0;0.0;-5.8252363204956055;-35.22581481933594;52.71500015258789;0.0;18.899999618530273;0.0;518447800;2368;50;28;0;0;0
1748649629;787375539;180.99000549316406;-3.0399999618530273;-51.11000061035156;0.0;0.0;0.0;0.01850000023841858;-0.029750000685453415;0.996999979019165;4.880000114440918;-0.36000001430511475;-0.5;-5.825212001800537;-35.22565460205078;166.05999755859375;0.0;0.0;48.02399826049805;16.780000686645508;5.929999828338623;-5.539999961853027;0.0;0.0;0.0;0.0;0.0;0.0;0.0;0.0;0.0;24;0.0;0.0;0.0;0.0;0.0;0.0;0.0;0.0;0.0;0.0;0.0;0.0;0.0;0.0;0.0;0.0;-5.8252363204956055;-35.22581481933594;52.71500015258789;0.0;298.07000732421875;0.0;518447840;2368;50;28;0;0;0
1748649629;827314670;180.9199981689453;-2.880000114440918;-51.0099983215332;0.0;0.0;0.0;0.01850000023841858;-0.029750000685453415;0.996749997138977;4.980000019073486;1.2000000476837158;-4.019999980926514;-5.825210094451904;-35.225650787353516;166.05999755859375;0.0;0.0;47.893001556396484;17.040000915527344;6.070000171661377;-5.679999828338623;0.0;0.0;0.0;0.0;0.0;0.0;0.0;0.0;0.0;25;0.0;0.0;0.0;0.0;0.0;0.0;0.0;0.0;0.0;0.0;0.0;0.0;0.0;0.0;0.0;0.0;-5.8252363204956055;-35.22581481933594;52.724998474121094;0.0;166.47000122070312;0.0;518447880;2368;50;28;0;0;0
1748649629;867504044;180.97000122070312;-2.5799999237060547;-51.0;0.0;0.0;0.0;0.01875000074505806;-0.029750000685453415;0.9965000152587891;4.199999809265137;0.019999999552965164;-5.800000190734863;-5.825207710266113;-35.225643157958984;166.05999755859375;0.0;0.0;47.7599983215332;17.299999237060547;6.21999979019165;-5.820000171661377;0.0;0.0;0.0;0.0;0.0;0.0;0.0;0.0;0.0;26;0.0;0.0;0.0;0.0;0.0;0.0;0.0;0.0;0.0;0.0;0.0;0.0;0.0;0.0;0.0;0.0;-5.8252363204956055;-35.22581481933594;52.72999954223633;0.0;243.50999450683594;0.0;518447920;2368;50;28;0;0;0
1748649629;907576547;180.8800048828125;-2.390000104904175;-50.81999969482422;0.0;0.0;0.0;0.01875000074505806;-0.029750000685453415;0.996749997138977;3.2200000286102295;7.340000152587891;-5.059999942779541;-5.825205326080322;-35.22563934326172;166.05999755859375;0.009999999776482582;0.0;47.624000549316406;17.559999465942383;6.360000133514404;-5.960000038146973;0.0;0.0;0.0;0.0;0.0;0.0;0.0;0.0;0.0;27;0.0;0.0;0.0;0.0;0.0;0.0;0.0;0.0;0.0;0.0;0.0;0.0;0.0;0.0;0.0;0.0;-5.8252363204956055;-35.22581481933594;52.724998474121094;0.0;352.5799865722656;0.009999999776482582;518447960;2368;50;28;0;0;0
1748649629;947788171;180.6199951171875;-2.0999999046325684;-50.84000015258789;0.0;0.0;0.0;0.01875000074505806;-0.029750000685453415;0.996749997138977;6.159999847412109;-3.4600000381469727;-6.019999980926514;-5.825202941894531;-35.22563171386719;166.0399932861328;0.009999999776482582;0.0;47.382999420166016;17.829999923706055;6.510000228881836;-6.090000152587891;0.0;0.0;0.0;0.0;0.0;0.0;0.0;0.0;0.0;28;0.0;0.0;0.0;0.0;0.0;0.0;0.0;0.0;0.0;0.0;0.0;0.0;0.0;0.0;0.0;0.0;-5.8252363204956055;-35.22581481933594;52.724998474121094;0.0;352.5799865722656;0.009999999776482582;518448000;2368;50;28;0;0;0
1748649629;986705952;180.4600067138672;-1.7999999523162842;-50.779998779296875;0.0;0.0;0.0;0.01875000074505806;-0.029750000685453415;0.9965000152587891;5.440000057220459;0.47999998927116394;-5.21999979019165;-5.82520055770874;-35.225624084472656;166.0399932861328;-0.019999999552965164;0.0;47.23899841308594;18.079999923706055;6.659999847412109;-6.230000019073486;0.0;0.0;0.0;0.0;0.0;0.0;0.0;0.0;0.0;29;0.0;0.0;0.0;0.0;0.0;0.0;0.0;0.0;0.0;0.0;0.0;0.0;0.0;0.0;0.0;0.0;-5.8252363204956055;-35.22581481933594;52.72700119018555;0.0;149.99000549316406;-0.019999999552965164;518448040;2368;50;28;0;0;0
1748649630;27868803;180.33999633789062;-1.409999966621399;-50.84000015258789;0.0;0.0;0.0;0.01850000023841858;-0.029750000685453415;0.996749997138977;11.5600004196167;-3.0399999618530273;-2.059999942779541;-5.825198173522949;-35.22562026977539;166.0399932861328;-0.009999999776482582;0.0;47.09199905395508;18.34000015258789;6.809999942779541;-6.369999885559082;0.0;0.0;0.0;0.0;0.0;0.0;0.0;0.0;0.0;30;0.0;0.0;0.0;0.0;0.0;0.0;0.0;0.0;0.0;0.0;0.0;0.0;0.0;0.0;0.0;0.0;-5.8252363204956055;-35.22581481933594;52.70000076293945;0.0;219.92999267578125;-0.009999999776482582;518448080;2368;50;28;0;0;0
1748649630;67050077;180.30999755859375;-1.1200000047683716;-50.83000183105469;0.0;0.0;0.0;0.01875000074505806;-0.029750000685453415;0.996749997138977;4.840000152587891;-2.5799999237060547;-2.940000057220459;-5.825195789337158;-35.22561264038086;166.0399932861328;0.0;0.009999999776482582;46.94300079345703;18.59000015258789;6.960000038146973;-6.5;0.0;0.0;0.0;0.0;0.0;0.0;0.0;0.0;0.0;31;0.0;0.0;0.0;0.0;0.0;0.0;0.0;0.0;0.0;0.0;0.0;0.0;0.0;0.0;0.0;0.0;-5.8252363204956055;-35.22581481933594;52.715999603271484;0.009999999776482582;345.19000244140625;0.0;518448120;2368;50;28;0;0;0
1748649630;107096205;180.11000061035156;-0.8999999761581421;-50.86000061035156;0.0;0.0;0.0;0.01875000074505806;-0.029750000685453415;0.996749997138977;8.140000343322754;-0.3799999952316284;-2.200000047683716;-5.825193405151367;-35.22560501098633;166.0399932861328;0.0;0.0;46.79100036621094;18.850000381469727;7.119999885559082;-6.639999866485596;0.0;0.0;0.0;0.0;0.0;0.0;0.0;0.0;0.0;0;0.0;0.0;0.0;0.0;0.0;0.0;0.0;0.0;0.0;0.0;0.0;0.0;0.0;0.0;0.0;0.0;-5.8252363204956055;-35.22581481933594;52.70100021362305;0.0;123.0;0.0;518448160;2368;50;28;0;0;0
1748649630;147268206;179.97999572753906;-0.6000000238418579;-51.06999969482422;0.0;0.0;0.0;0.01875000074505806;-0.029750000685453415;0.996749997138977;5.199999809265137;-4.679999828338623;-3.0799999237060547;-5.825190544128418;-35.2255973815918;166.0399932861328;0.0;0.0;46.63600158691406;19.100000381469727;7.269999980926514;-6.78000020980835;0.0;0.0;0.0;0.0;0.0;0.0;0.0;0.0;0.0;1;0.0;0.0;0.0;0.0;0.0;0.0;0.0;0.0;0.0;0.0;0.0;0.0;0.0;0.0;0.0;0.0;-5.8252363204956055;-35.22581481933594;52.7130012512207;0.0;123.0;0.0;518448200;2368;50;28;0;0;0
1748649630;187203712;179.9600067138672;-0.36000001430511475;-51.119998931884766;0.0;0.0;0.0;0.01875000074505806;-0.029750000685453415;0.996749997138977;5.420000076293945;-0.20000000298023224;-2.2200000286102295;-5.825188159942627;-35.22559356689453;166.0399932861328;0.009999999776482582;0.0;46.36199951171875;19.360000610351562;7.429999828338623;-6.920000076293945;0.0;0.0;0.0;0.0;0.0;0.0;0.0;0.0;0.0;2;0.0;0.0;0.0;0.0;0.0;0.0;0.0;0.0;0.0;0.0;0.0;0.0;0.0;0.0;0.0;0.0;-5.8252363204956055;-35.22581481933594;52.7130012512207;0.0;95.86000061035156;0.009999999776482582;518448240;2368;50;28;0;0;0
1748649630;227284964;179.92999267578125;-0.11999999731779099;-51.18000030517578;0.0;0.0;0.0;0.01875000074505806;-0.029750000685453415;0.996749997138977;6.519999980926514;-3.5;-5.0;-5.825185298919678;-35.2255859375;166.0399932861328;0.0;0.0;46.20000076293945;19.610000610351562;7.590000152587891;-7.059999942779541;0.0;0.0;0.0;0.0;0.0;0.0;0.0;0.0;0.0;3;0.0;0.0;0.0;0.0;0.0;0.0;0.0;0.0;0.0;0.0;0.0;0.0;0.0;0.0;0.0;0.0;-5.8252363204956055;-35.22581481933594;52.70600128173828;0.0;244.61000061035156;0.0;518448280;2368;50;28;0;0;0
1748649630;267331717;179.9600067138672;0.18000000715255737;-51.189998626708984;0.0;0.0;0.0;0.01875000074505806;-0.029750000685453415;0.996749997138977;2.359999895095825;0.30000001192092896;-9.279999732971191;-5.8251824378967285;-35.22557830810547;166.0399932861328;0.0;0.0;46.03499984741211;19.860000610351562;7.75;-7.199999809265137;0.0;0.0;0.0;0.0;0.0;0.0;0.0;0.0;0.0;4;0.0;0.0;0.0;0.0;0.0;0.0;0.0;0.0;0.0;0.0;0.0;0.0;0.0;0.0;0.0;0.0;-5.8252363204956055;-35.22581481933594;52.69900131225586;0.0;8.539999961853027;0.0;518448320;2368;50;28;0;0;0
1748649630;307465218;179.85000610351562;0.4000000059604645;-51.209999084472656;0.0;0.0;0.0;0.01875000074505806;-0.029750000685453415;0.996999979019165;4.039999961853027;-0.019999999552965164;-3.640000104904175;-5.8251800537109375;-35.22557067871094;166.0399932861328;-0.019999999552965164;0.009999999776482582;45.867000579833984;20.110000610351562;7.909999847412109;-7.340000152587891;0.0;0.0;0.0;0.0;0.0;0.0;0.0;0.0;0.0;5;0.0;0.0;0.0;0.0;0.0;0.0;0.0;0.0;0.0;0.0;0.0;0.0;0.0;0.0;0.0;0.0;-5.8252363204956055;-35.22581481933594;52.70399856567383;0.009999999776482582;285.0899963378906;-0.019999999552965164;518448360;2368;50;28;0;0;0
1748649630;347722466;179.69000244140625;0.6600000262260437;-51.189998626708984;0.0;0.0;0.0;0.01875000074505806;-0.029750000685453415;0.996749997138977;3.6600000858306885;1.1399999856948853;-3.0999999046325684;-5.825177192687988;-35.225563049316406;166.0399932861328;-0.019999999552965164;0.009999999776482582;45.696998596191406;20.360000610351562;8.079999923706055;-7.480000019073486;0.0;0.0;0.0;0.0;0.0;0.0;0.0;0.0;0.0;6;0.0;0.0;0.0;0.0;0.0;0.0;0.0;0.0;0.0;0.0;0.0;0.0;0.0;0.0;0.0;0.0;-5.8252363204956055;-35.22581481933594;52.720001220703125;0.009999999776482582;285.0899963378906;-0.019999999552965164;518448400;2368;50;28;0;0;0
1748649630;387686346;179.67999267578125;0.9300000071525574;-51.220001220703125;0.0;0.0;0.0;0.01875000074505806;-0.029750000685453415;0.9965000152587891;4.679999828338623;-1.0800000429153442;-7.639999866485596;-5.825173854827881;-35.225555419921875;166.0399932861328;0.009999999776482582;0.0;45.39500045776367;20.610000610351562;8.239999771118164;-7.619999885559082;0.0;0.0;0.0;0.0;0.0;0.0;0.0;0.0;0.0;7;0.0;0.0;0.0;0.0;0.0;0.0;0.0;0.0;0.0;0.0;0.0;0.0;0.0;0.0;0.0;0.0;-5.8252363204956055;-35.22581481933594;52.720001220703125;0.0;143.44000244140625;0.009999999776482582;518448440;2368;50;28;0;0;0
1748649630;427811223;179.6300048828125;1.1699999570846558;-51.310001373291016;0.0;0.0;0.0;0.01875000074505806;-0.029750000685453415;0.996749997138977;3.0;-1.1799999475479126;-5.119999885559082;-5.825170993804932;-35.225547790527344;166.0399932861328;0.009999999776482582;0.009999999776482582;45.21699905395508;20.860000610351562;8.40999984741211;-7.760000228881836;0.0;0.0;0.0;0.0;0.0;0.0;0.0;0.0;0.0;8;0.0;0.0;0.0;0.0;0.0;0.0;0.0;0.0;0.0;0.0;0.0;0.0;0.0;0.0;0.0;0.0;-5.8252363204956055;-35.22581481933594;52.720001220703125;0.009999999776482582;290.2699890136719;0.009999999776482582;518448480;2368;50;28;0;0;0
1748649630;467148618;179.47999572753906;1.4500000476837158;-51.25;0.0;0.0;0.0;0.01875000074505806;-0.029750000685453415;0.996749997138977;7.78000020980835;4.039999961853027;-4.880000114440918;-5.825168132781982;-35.22554016113281;166.0399932861328;-0.009999999776482582;0.0;45.0359992980957;21.110000610351562;8.569999694824219;-7.900000095367432;0.0;0.0;0.0;0.0;0.0;0.0;0.0;0.0;0.0;9;0.0;0.0;0.0;0.0;0.0;0.0;0.0;0.0;0.0;0.0;0.0;0.0;0.0;0.0;0.0;0.0;-5.8252363204956055;-35.22581481933594;52.702999114990234;0.0;245.0;-0.009999999776482582;518448520;2368;50;28;0;0;0
1748649630;507227371;179.36000061035156;1.649999976158142;-51.20000076293945;0.0;0.0;0.0;0.01875000074505806;-0.029750000685453415;0.996749997138977;5.099999904632568;1.340000033378601;-2.2200000286102295;-5.825164794921875;-35.22553253173828;166.0399932861328;0.0;0.019999999552965164;44.85300064086914;21.360000610351562;8.739999771118164;-8.039999961853027;0.0;0.0;0.0;0.0;0.0;0.0;0.0;0.0;0.0;10;0.0;0.0;0.0;0.0;0.0;0.0;0.0;0.0;0.0;0.0;0.0;0.0;0.0;0.0;0.0;0.0;-5.8252363204956055;-35.22581481933594;52.71200180053711;0.019999999552965164;278.7799987792969;0.0;518448560;2368;50;28;0;0;0
1748649630;547469244;179.2899932861328;1.8799999952316284;-51.209999084472656;0.0;0.0;0.0;0.01850000023841858;-0.029750000685453415;0.996749997138977;4.639999866485596;-0.3199999928474426;-4.760000228881836;-5.825161933898926;-35.22552490234375;166.0399932861328;0.0;0.019999999552965164;44.66600036621094;21.610000610351562;8.90999984741211;-8.170000076293945;0.0;0.0;0.0;0.0;0.0;0.0;0.0;0.0;0.0;11;0.0;0.0;0.0;0.0;0.0;0.0;0.0;0.0;0.0;0.0;0.0;0.0;0.0;0.0;0.0;0.0;-5.8252363204956055;-35.22581481933594;52.70100021362305;0.019999999552965164;278.7799987792969;0.0;518448600;2368;50;28;0;0;0
1748649630;587125507;179.17999267578125;1.9900000095367432;-51.22999954223633;0.0;0.0;0.0;0.01875000074505806;-0.029750000685453415;0.996749997138977;2.759999990463257;-1.7799999713897705;-5.260000228881836;-5.825158596038818;-35.22551727294922;166.0399932861328;0.0;0.009999999776482582;44.33599853515625;21.860000610351562;9.079999923706055;-8.319999694824219;0.0;0.0;0.0;0.0;0.0;0.0;0.0;0.0;0.0;12;0.0;0.0;0.0;0.0;0.0;0.0;0.0;0.0;0.0;0.0;0.0;0.0;0.0;0.0;0.0;0.0;-5.8252363204956055;-35.22581481933594;52.70100021362305;0.009999999776482582;351.8699951171875;0.0;518448640;2368;50;28;0;0;0
1748649630;627333756;179.13999938964844;2.180000066757202;-51.150001525878906;0.0;0.0;0.0;0.01875000074505806;-0.029750000685453415;0.9965000152587891;3.4200000762939453;2.859999895095825;-3.180000066757202;-5.825155258178711;-35.22550964355469;166.0399932861328;0.0;0.0;44.14099884033203;22.110000610351562;9.25;-8.449999809265137;0.0;0.0;0.0;0.0;0.0;0.0;0.0;0.0;0.0;13;0.0;0.0;0.0;0.0;0.0;0.0;0.0;0.0;0.0;0.0;0.0;0.0;0.0;0.0;0.0;0.0;-5.8252363204956055;-35.22581481933594;52.70600128173828;0.0;131.38999938964844;0.0;518448680;2368;50;28;0;0;0
1748649630;667366760;179.1199951171875;2.430000066757202;-51.22999954223633;0.0;0.0;0.0;0.01850000023841858;-0.029750000685453415;0.996749997138977;4.480000019073486;-1.840000033378601;-4.380000114440918;-5.8251519203186035;-35.225502014160156;166.0399932861328;0.0;0.0;43.944000244140625;22.350000381469727;9.430000305175781;-8.59000015258789;0.0;0.0;0.0;0.0;0.0;0.0;0.0;0.0;0.0;14;0.0;0.0;0.0;0.0;0.0;0.0;0.0;0.0;0.0;0.0;0.0;0.0;0.0;0.0;0.0;0.0;-5.8252363204956055;-35.22581481933594;52.7130012512207;0.0;212.52999877929688;0.0;518448720;2368;50;28;0;0;0
1748649630;707517010;179.11000061035156;2.6600000858306885;-51.25;0.0;0.0;0.0;0.01875000074505806;-0.029750000685453415;0.9965000152587891;2.0399999618530273;0.18000000715255737;-3.9600000381469727;-5.825148582458496;-35.225494384765625;166.0399932861328;0.0;0.0;43.744998931884766;22.600000381469727;9.600000381469727;-8.729999542236328;0.0;0.0;0.0;0.0;0.0;0.0;0.0;0.0;0.0;15;0.0;0.0;0.0;0.0;0.0;0.0;0.0;0.0;0.0;0.0;0.0;0.0;0.0;0.0;0.0;0.0;-5.8252363204956055;-35.22581481933594;52.71500015258789;0.0;69.83000183105469;0.0;518448760;2368;50;28;0;0;0
1748649630;747526639;179.0399932861328;2.859999895095825;-51.290000915527344;0.0;0.0;0.0;0.01875000074505806;-0.029750000685453415;0.996749997138977;2.380000114440918;-2.7799999713897705;-2.8399999141693115;-5.8251447677612305;-35.225486755371094;166.0399932861328;0.0;0.0;43.542999267578125;22.850000381469727;9.770000457763672;-8.869999885559082;0.0;0.0;0.0;0.0;0.0;0.0;0.0;0.0;0.0;16;0.0;0.0;0.0;0.0;0.0;0.0;0.0;0.0;0.0;0.0;0.0;0.0;0.0;0.0;0.0;0.0;-5.8252363204956055;-35.22581481933594;52.70800018310547;0.0;69.83000183105469;0.0;518448800;2368;50;28;0;0;0
1748649630;787488145;178.74000549316406;2.950000047683716;-51.33000183105469;0.0;0.0;0.0;0.01875000074505806;-0.029750000685453415;0.996749997138977;7.380000114440918;0.3199999928474426;2.5199999809265137;-5.825141429901123;-35.22547912597656;166.0399932861328;-0.009999999776482582;0.0;43.185001373291016;23.09000015258789;9.949999809265137;-9.020000457763672;0.0;0.0;0.0;0.0;0.0;0.0;0.0;0.0;0.0;17;0.0;0.0;0.0;0.0;0.0;0.0;0.0;0.0;0.0;0.0;0.0;0.0;0.0;0.0;0.0;0.0;-5.8252363204956055;-35.22581481933594;52.70800018310547;0.0;74.05000305175781;-0.009999999776482582;518448840;2368;50;28;0;0;0
1748649630;827710644;178.60000610351562;3.2200000286102295;-51.38999938964844;0.0;0.0;0.0;0.01875000074505806;-0.029750000685453415;0.9965000152587891;10.960000038146973;-3.259999990463257;-2.2200000286102295;-5.825137615203857;-35.22547149658203;166.0399932861328;0.0;0.0;42.9739990234375;23.34000015258789;10.130000114440918;-9.15999984741211;0.0;0.0;0.0;0.0;0.0;0.0;0.0;0.0;0.0;18;0.0;0.0;0.0;0.0;0.0;0.0;0.0;0.0;0.0;0.0;0.0;0.0;0.0;0.0;0.0;0.0;-5.8252363204956055;-35.22581481933594;52.70800018310547;0.0;199.38999938964844;0.0;518448880;2368;50;28;0;0;0
1748649630;867749022;178.42999267578125;3.5999999046325684;-51.52000045776367;0.0;0.0;0.0;0.01875000074505806;-0.029750000685453415;0.9965000152587891;9.380000114440918;0.6000000238418579;-3.5799999237060547;-5.82513427734375;-35.225460052490234;166.0399932861328;0.0;0.0;42.762001037597656;23.579999923706055;10.3100004196167;-9.300000190734863;0.0;0.0;0.0;0.0;0.0;0.0;0.0;0.0;0.0;19;0.0;0.0;0.0;0.0;0.0;0.0;0.0;0.0;0.0;0.0;0.0;0.0;0.0;0.0;0.0;0.0;-5.8252363204956055;-35.22581481933594;52.70399856567383;0.0;179.6699981689453;0.0;518448920;2368;50;28;0;0;0
1748649630;907834024;178.39999389648438;3.7699999809265137;-51.529998779296875;0.0;0.0;0.0;0.01875000074505806;-0.029750000685453415;0.996749997138977;3.819999933242798;0.8999999761581421;-0.6000000238418579;-5.825130462646484;-35.2254524230957;166.0399932861328;0.0;0.0;42.54600143432617;23.829999923706055;10.489999771118164;-9.4399995803833;0.0;0.0;0.0;0.0;0.0;0.0;0.0;0.0;0.0;20;0.0;0.0;0.0;0.0;0.0;0.0;0.0;0.0;0.0;0.0;0.0;0.0;0.0;0.0;0.0;0.0;-5.8252363204956055;-35.22581481933594;52.71699905395508;0.0;338.70001220703125;0.0;518448960;2368;50;28;0;0;0
1748649630;947838528;177.5500030517578;4.039999961853027;-51.619998931884766;0.0;0.0;0.0;0.01875000074505806;-0.029750000685453415;0.996749997138977;4.179999828338623;-4.039999961853027;-5.659999847412109;-5.825126647949219;-35.22544479370117;166.0;0.0;0.0;42.16600036621094;24.06999969482422;10.65999984741211;-9.579999923706055;0.0;0.0;0.0;0.0;0.0;0.0;0.0;0.0;0.0;21;0.0;0.0;0.0;0.0;0.0;0.0;0.0;0.0;0.0;0.0;0.0;0.0;0.0;0.0;0.0;0.0;-5.8252363204956055;-35.22581481933594;52.71699905395508;0.0;338.70001220703125;0.0;518449000;2368;50;28;0;0;0
1748649630;987927656;177.5;4.170000076293945;-51.7400016784668;0.0;0.0;0.0;0.01875000074505806;-0.029750000685453415;0.996749997138977;2.3399999141693115;-3.0999999046325684;-2.0199999809265137;-5.825122833251953;-35.225433349609375;166.0;0.0;0.0;41.94200134277344;24.309999465942383;10.84000015258789;-9.720000267028809;0.0;0.0;0.0;0.0;0.0;0.0;0.0;0.0;0.0;22;0.0;0.0;0.0;0.0;0.0;0.0;0.0;0.0;0.0;0.0;0.0;0.0;0.0;0.0;0.0;0.0;-5.8252363204956055;-35.22581481933594;52.71699905395508;0.0;7.710000038146973;0.0;518449040;2368;50;28;0;0;0
1748649631;26977809;177.5;4.449999809265137;-51.810001373291016;0.0;0.0;0.0;0.01875000074505806;-0.029750000685453415;0.9965000152587891;3.0999999046325684;-1.0399999618530273;-6.559999942779541;-5.8251190185546875;-35.225425720214844;166.0;0.009999999776482582;0.0;41.715999603271484;24.559999465942383;11.029999732971191;-9.869999885559082;0.0;0.0;0.0;0.0;0.0;0.0;0.0;0.0;0.0;23;0.0;0.0;0.0;0.0;0.0;0.0;0.0;0.0;0.0;0.0;0.0;0.0;0.0;0.0;0.0;0.0;-5.8252363204956055;-35.22581481933594;52.70500183105469;0.0;102.11000061035156;0.009999999776482582;518449080;2368;50;28;0;0;0
1748649631;67138184;177.47000122070312;4.71999979019165;-51.869998931884766;0.0;0.0;0.0;0.01875000074505806;-0.029750000685453415;0.996749997138977;6.360000133514404;-0.2800000011920929;-2.740000009536743;-5.825115203857422;-35.22541809082031;166.0;0.0;0.0;41.48699951171875;24.799999237060547;11.210000038146973;-10.010000228881836;0.0;0.0;0.0;0.0;0.0;0.0;0.0;0.0;0.0;24;0.0;0.0;0.0;0.0;0.0;0.0;0.0;0.0;0.0;0.0;0.0;0.0;0.0;0.0;0.0;0.0;-5.8252363204956055;-35.22581481933594;52.7130012512207;0.0;337.9800109863281;0.0;518449120;2368;50;28;0;0;0
1748649631;107061315;177.27999877929688;4.920000076293945;-51.95000076293945;0.0;0.0;0.0;0.01875000074505806;-0.029750000685453415;0.996749997138977;3.799999952316284;-1.6200000047683716;-4.659999847412109;-5.825110912322998;-35.225406646728516;166.0;0.0;0.0;41.255001068115234;25.040000915527344;11.399999618530273;-10.149999618530273;0.0;0.0;0.0;0.0;0.0;0.0;0.0;0.0;0.0;25;0.0;0.0;0.0;0.0;0.0;0.0;0.0;0.0;0.0;0.0;0.0;0.0;0.0;0.0;0.0;0.0;-5.8252363204956055;-35.22581481933594;52.7239990234375;0.0;124.29000091552734;0.0;518449160;2368;50;28;0;0;0
1748649631;147279689;177.11000061035156;5.03000020980835;-51.900001525878906;0.0;0.0;0.0;0.01875000074505806;-0.029750000685453415;0.996749997138977;6.820000171661377;3.3399999141693115;-0.18000000715255737;-5.825107097625732;-35.225399017333984;166.0;0.0;0.0;41.020999908447266;25.280000686645508;11.59000015258789;-10.300000190734863;0.0;0.0;0.0;0.0;0.0;0.0;0.0;0.0;0.0;26;0.0;0.0;0.0;0.0;0.0;0.0;0.0;0.0;0.0;0.0;0.0;0.0;0.0;0.0;0.0;0.0;-5.8252363204956055;-35.22581481933594;52.729000091552734;0.0;124.29000091552734;0.0;518449200;2368;50;28;0;0;0
1748649631;187315943;177.1199951171875;5.360000133514404;-51.83000183105469;0.0;0.0;0.0;0.01875000074505806;-0.029750000685453415;0.9965000152587891;4.440000057220459;4.980000019073486;-8.579999923706055;-5.825102806091309;-35.22539138793945;166.0;-0.009999999776482582;0.0;51.45100021362305;25.520000457763672;11.779999732971191;0.17000000178813934;0.0;0.0;0.0;0.0;0.0;0.0;0.0;0.0;0.0;27;0.0;0.0;0.0;0.0;0.0;0.0;0.0;0.0;0.0;0.0;0.0;0.0;0.0;0.0;0.0;0.0;-5.8252363204956055;-35.22581481933594;52.729000091552734;0.0;84.31999969482422;-0.009999999776482582;518449240;2368;50;28;0;0;0
1748649631;227464568;177.1999969482422;5.590000152587891;-51.7599983215332;0.0;0.0;0.0;0.01875000074505806;-0.029750000685453415;0.9965000152587891;3.059999942779541;4.0;-8.079999923706055;-5.825098514556885;-35.225379943847656;166.0;-0.019999999552965164;0.0;51.44300079345703;25.760000228881836;11.970000267028809;-0.10999999940395355;0.0;0.0;0.0;0.0;0.0;0.0;0.0;0.0;0.0;28;0.0;0.0;0.0;0.0;0.0;0.0;0.0;0.0;0.0;0.0;0.0;0.0;0.0;0.0;0.0;0.0;-5.8252363204956055;-35.22581481933594;52.71900177001953;0.0;316.1400146484375;-0.019999999552965164;518449280;2368;50;28;0;0;0
1748649631;267589694;176.97999572753906;5.909999847412109;-51.810001373291016;0.0;0.0;0.0;0.01875000074505806;-0.029750000685453415;0.996749997138977;12.260000228881836;-2.140000104904175;0.30000001192092896;-5.825094223022461;-35.225372314453125;166.0;0.0;0.009999999776482582;51.4370002746582;26.0;12.15999984741211;-0.25;0.0;0.0;0.0;0.0;0.0;0.0;0.0;0.0;0.0;29;0.0;0.0;0.0;0.0;0.0;0.0;0.0;0.0;0.0;0.0;0.0;0.0;0.0;0.0;0.0;0.0;-5.8252363204956055;-35.22581481933594;52.72100067138672;0.009999999776482582;260.82000732421875;0.0;518449320;2368;50;28;0;0;0
1748649631;307522701;176.77999877929688;6.130000114440918;-51.90999984741211;0.0;0.0;0.0;0.01875000074505806;-0.029750000685453415;0.996749997138977;12.5;-2.359999895095825;1.6799999475479126;-5.825089931488037;-35.22536087036133;166.0;0.0;0.009999999776482582;51.43199920654297;26.239999771118164;12.350000381469727;-0.38999998569488525;0.0;0.0;0.0;0.0;0.0;0.0;0.0;0.0;0.0;30;0.0;0.0;0.0;0.0;0.0;0.0;0.0;0.0;0.0;0.0;0.0;0.0;0.0;0.0;0.0;0.0;-5.8252363204956055;-35.22581481933594;52.731998443603516;0.009999999776482582;150.52000427246094;0.0;518449360;2368;50;28;0;0;0
1748649631;347621952;176.60000610351562;6.369999885559082;-51.88999938964844;0.0;0.0;0.0;0.01875000074505806;-0.029750000685453415;0.996749997138977;7.480000019073486;0.07999999821186066;-4.619999885559082;-5.825085163116455;-35.2253532409668;166.0;0.0;0.009999999776482582;51.42499923706055;26.469999313354492;12.539999961853027;-0.5400000214576721;0.0;0.0;0.0;0.0;0.0;0.0;0.0;0.0;0.0;31;0.0;0.0;0.0;0.0;0.0;0.0;0.0;0.0;0.0;0.0;0.0;0.0;0.0;0.0;0.0;0.0;-5.8252363204956055;-35.22581481933594;52.742000579833984;0.009999999776482582;150.52000427246094;0.0;518449400;2368;50;28;0;0;0
1748649631;387580708;176.52000427246094;6.489999771118164;-51.86000061035156;0.0;0.0;0.0;0.01875000074505806;-0.029750000685453415;0.996749997138977;4.579999923706055;3.259999990463257;2.2799999713897705;-5.825080871582031;-35.225341796875;166.0;0.009999999776482582;0.009999999776482582;51.4010009765625;26.709999084472656;12.739999771118164;-0.6800000071525574;0.0;0.0;0.0;0.0;0.0;0.0;0.0;0.0;0.0;0;0.0;0.0;0.0;0.0;0.0;0.0;0.0;0.0;0.0;0.0;0.0;0.0;0.0;0.0;0.0;0.0;-5.8252363204956055;-35.22581481933594;52.742000579833984;0.009999999776482582;319.2300109863281;0.009999999776482582;518449440;2368;50;28;0;0;0
1748649631;427724584;176.4199981689453;6.78000020980835;-51.939998626708984;0.0;0.0;0.0;0.01875000074505806;-0.029750000685453415;0.996749997138977;5.0;-0.6600000262260437;-4.920000076293945;-5.825076103210449;-35.22533416748047;166.0;0.0;0.0;51.382999420166016;26.940000534057617;12.930000305175781;-0.8199999928474426;0.0;0.0;0.0;0.0;0.0;0.0;0.0;0.0;0.0;1;0.0;0.0;0.0;0.0;0.0;0.0;0.0;0.0;0.0;0.0;0.0;0.0;0.0;0.0;0.0;0.0;-5.8252363204956055;-35.22581481933594;52.736000061035156;0.0;227.0500030517578;0.0;518449480;2368;50;28;0;0;0
1748649631;467930083;176.3800048828125;7.090000152587891;-51.849998474121094;0.0;0.0;0.0;0.01850000023841858;-0.029750000685453415;0.996749997138977;5.579999923706055;3.7200000286102295;-8.859999656677246;-5.825071811676025;-35.22532272338867;166.0;-0.009999999776482582;0.0;51.362998962402344;27.18000030517578;13.130000114440918;-0.9700000286102295;0.0;0.0;0.0;0.0;0.0;0.0;0.0;0.0;0.0;2;0.0;0.0;0.0;0.0;0.0;0.0;0.0;0.0;0.0;0.0;0.0;0.0;0.0;0.0;0.0;0.0;-5.8252363204956055;-35.22581481933594;52.73400115966797;0.0;291.80999755859375;-0.009999999776482582;518449520;2368;50;28;0;0;0
1748649631;507836964;176.30999755859375;7.46999979019165;-51.849998474121094;0.0;0.0;0.0;0.01875000074505806;-0.029750000685453415;0.996749997138977;9.15999984741211;0.5799999833106995;-5.659999847412109;-5.825067043304443;-35.22531509399414;166.0;0.0;0.009999999776482582;51.340999603271484;27.40999984741211;13.329999923706055;-1.1100000143051147;0.0;0.0;0.0;0.0;0.0;0.0;0.0;0.0;0.0;3;0.0;0.0;0.0;0.0;0.0;0.0;0.0;0.0;0.0;0.0;0.0;0.0;0.0;0.0;0.0;0.0;-5.8252363204956055;-35.22581481933594;52.72700119018555;0.009999999776482582;66.93000030517578;0.0;518449560;2368;50;28;0;0;0
1748649631;547024614;176.3000030517578;7.579999923706055;-51.77000045776367;0.0;0.0;0.0;0.01875000074505806;-0.029750000685453415;0.996749997138977;4.960000038146973;-1.5399999618530273;-1.100000023841858;-5.825062274932861;-35.225303649902344;166.0;0.0;0.009999999776482582;51.3129997253418;27.639999389648438;13.529999732971191;-1.25;0.0;0.0;0.0;0.0;0.0;0.0;0.0;0.0;0.0;4;0.0;0.0;0.0;0.0;0.0;0.0;0.0;0.0;0.0;0.0;0.0;0.0;0.0;0.0;0.0;0.0;-5.8252363204956055;-35.22581481933594;52.72800064086914;0.009999999776482582;66.93000030517578;0.0;518449600;2368;50;28;0;0;0
1748649631;587139241;176.22000122070312;7.78000020980835;-51.7400016784668;0.0;0.0;0.0;0.01875000074505806;-0.029750000685453415;0.996749997138977;2.6600000858306885;0.6800000071525574;-2.9200000762939453;-5.825057029724121;-35.22529220581055;166.0;0.009999999776482582;0.0;51.262001037597656;27.8700008392334;13.729999542236328;-1.3899999856948853;0.0;0.0;0.0;0.0;0.0;0.0;0.0;0.0;0.0;5;0.0;0.0;0.0;0.0;0.0;0.0;0.0;0.0;0.0;0.0;0.0;0.0;0.0;0.0;0.0;0.0;-5.8252363204956055;-35.22581481933594;52.72800064086914;0.0;244.27000427246094;0.009999999776482582;518449640;2368;50;28;0;0;0
1748649631;627045622;176.17999267578125;8.069999694824219;-51.90999984741211;0.0;0.0;0.0;0.01875000074505806;-0.029750000685453415;0.996749997138977;2.9600000381469727;-2.440000057220459;-2.619999885559082;-5.825052261352539;-35.225284576416016;166.0;0.019999999552965164;0.009999999776482582;51.229000091552734;28.100000381469727;13.930000305175781;-1.5299999713897705;0.0;0.0;0.0;0.0;0.0;0.0;0.0;0.0;0.0;6;0.0;0.0;0.0;0.0;0.0;0.0;0.0;0.0;0.0;0.0;0.0;0.0;0.0;0.0;0.0;0.0;-5.8252363204956055;-35.22581481933594;52.733001708984375;0.009999999776482582;256.9599914550781;0.019999999552965164;518449680;2368;50;28;0;0;0
1748649631;667250496;176.11000061035156;8.279999732971191;-51.939998626708984;0.0;0.0;0.0;0.01875000074505806;-0.029750000685453415;0.996749997138977;4.5;-0.9399999976158142;-4.699999809265137;-5.825047492980957;-35.22527313232422;166.0;-0.009999999776482582;0.0;51.19200134277344;28.329999923706055;14.130000114440918;-1.6699999570846558;0.0;0.0;0.0;0.0;0.0;0.0;0.0;0.0;0.0;7;0.0;0.0;0.0;0.0;0.0;0.0;0.0;0.0;0.0;0.0;0.0;0.0;0.0;0.0;0.0;0.0;-5.8252363204956055;-35.22581481933594;52.72100067138672;0.0;324.7699890136719;-0.009999999776482582;518449720;2368;50;28;0;0;0
1748649631;707196627;176.0;8.40999984741211;-51.869998931884766;0.0;0.0;0.0;0.01875000074505806;-0.029500000178813934;0.996749997138977;4.119999885559082;0.5799999833106995;-0.5799999833106995;-5.825042247772217;-35.22526168823242;166.0;0.0;0.0;51.15399932861328;28.559999465942383;14.329999923706055;-1.809999942779541;0.0;0.0;0.0;0.0;0.0;0.0;0.0;0.0;0.0;8;0.0;0.0;0.0;0.0;0.0;0.0;0.0;0.0;0.0;0.0;0.0;0.0;0.0;0.0;0.0;0.0;-5.8252363204956055;-35.22581481933594;52.73500061035156;0.0;271.79998779296875;0.0;518449760;2368;50;28;0;0;0
1748649631;747391752;175.86000061035156;8.619999885559082;-51.869998931884766;0.0;0.0;0.0;0.01875000074505806;-0.029750000685453415;0.996749997138977;5.619999885559082;-2.8399999141693115;-3.9200000762939453;-5.825037479400635;-35.22525405883789;166.0;0.0;0.0;51.111000061035156;28.790000915527344;14.539999961853027;-1.9600000381469727;0.0;0.0;0.0;0.0;0.0;0.0;0.0;0.0;0.0;9;0.0;0.0;0.0;0.0;0.0;0.0;0.0;0.0;0.0;0.0;0.0;0.0;0.0;0.0;0.0;0.0;-5.8252363204956055;-35.22581481933594;52.7400016784668;0.0;271.79998779296875;0.0;518449800;2368;50;28;0;0;0
1748649631;787463379;175.7899932861328;8.890000343322754;-51.779998779296875;0.0;0.0;0.0;0.01875000074505806;-0.029750000685453415;0.996749997138977;3.4200000762939453;1.440000057220459;-8.619999885559082;-5.825031757354736;-35.225242614746094;166.0;-0.019999999552965164;0.009999999776482582;51.03300094604492;29.020000457763672;14.75;-2.0899999141693115;0.0;0.0;0.0;0.0;0.0;0.0;0.0;0.0;0.0;10;0.0;0.0;0.0;0.0;0.0;0.0;0.0;0.0;0.0;0.0;0.0;0.0;0.0;0.0;0.0;0.0;-5.8252363204956055;-35.22581481933594;52.7400016784668;0.009999999776482582;265.25;-0.019999999552965164;518449840;2368;50;28;0;0;0
1748649631;827626755;175.6699981689453;9.010000228881836;-51.83000183105469;0.0;0.0;0.0;0.01850000023841858;-0.029750000685453415;0.996749997138977;3.4200000762939453;-1.0;0.8399999737739563;-5.825026512145996;-35.2252311706543;166.0;-0.009999999776482582;0.0;50.98400115966797;29.239999771118164;14.949999809265137;-2.2300000190734863;0.0;0.0;0.0;0.0;0.0;0.0;0.0;0.0;0.0;11;0.0;0.0;0.0;0.0;0.0;0.0;0.0;0.0;0.0;0.0;0.0;0.0;0.0;0.0;0.0;0.0;-5.8252363204956055;-35.22581481933594;52.72999954223633;0.0;66.80000305175781;-0.009999999776482582;518449880;2368;50;28;0;0;0
1748649631;867579510;175.66000366210938;9.210000038146973;-51.849998474121094;0.0;0.0;0.0;0.01875000074505806;-0.029750000685453415;0.9965000152587891;4.559999942779541;-1.559999942779541;-3.440000057220459;-5.825021266937256;-35.2252197265625;166.0;0.0;0.009999999776482582;50.93299865722656;29.469999313354492;15.15999984741211;-2.369999885559082;0.0;0.0;0.0;0.0;0.0;0.0;0.0;0.0;0.0;12;0.0;0.0;0.0;0.0;0.0;0.0;0.0;0.0;0.0;0.0;0.0;0.0;0.0;0.0;0.0;0.0;-5.8252363204956055;-35.22581481933594;52.733001708984375;0.009999999776482582;72.98999786376953;0.0;518449920;2368;50;28;0;0;0
1748649631;907722261;175.50999450683594;9.25;-51.83000183105469;0.0;0.0;0.0;0.01875000074505806;-0.029750000685453415;0.996749997138977;3.1600000858306885;1.2400000095367432;1.7000000476837158;-5.825016021728516;-35.22521209716797;166.0;-0.009999999776482582;0.0;50.880001068115234;29.700000762939453;15.359999656677246;-2.509999990463257;0.0;0.0;0.0;0.0;0.0;0.0;0.0;0.0;0.0;13;0.0;0.0;0.0;0.0;0.0;0.0;0.0;0.0;0.0;0.0;0.0;0.0;0.0;0.0;0.0;0.0;-5.8252363204956055;-35.22581481933594;52.73099899291992;0.0;116.37000274658203;-0.009999999776482582;518449960;2368;50;28;0;0;0
1748649631;947741765;175.27999877929688;9.449999809265137;-51.7599983215332;0.0;0.0;0.0;0.01875000074505806;-0.029500000178813934;0.996749997138977;2.799999952316284;4.21999979019165;-0.11999999731779099;-5.825010776519775;-35.22520065307617;166.0500030517578;-0.009999999776482582;0.0;50.7760009765625;29.93000030517578;15.5600004196167;-2.6500000953674316;0.0;0.0;0.0;0.0;0.0;0.0;0.0;0.0;0.0;14;0.0;0.0;0.0;0.0;0.0;0.0;0.0;0.0;0.0;0.0;0.0;0.0;0.0;0.0;0.0;0.0;-5.8252363204956055;-35.22581481933594;52.73099899291992;0.0;116.37000274658203;-0.009999999776482582;518450000;2368;50;28;0;0;0
1748649631;987807392;175.1699981689453;9.619999885559082;-51.779998779296875;0.0;0.0;0.0;0.01850000023841858;-0.029750000685453415;0.9965000152587891;5.519999980926514;-1.840000033378601;-0.36000001430511475;-5.825005054473877;-35.225189208984375;166.0500030517578;0.0;0.0;50.71500015258789;30.149999618530273;15.770000457763672;-2.7899999618530273;0.0;0.0;0.0;0.0;0.0;0.0;0.0;0.0;0.0;15;0.0;0.0;0.0;0.0;0.0;0.0;0.0;0.0;0.0;0.0;0.0;0.0;0.0;0.0;0.0;0.0;-5.8252363204956055;-35.22581481933594;52.73099899291992;0.0;322.3699951171875;0.0;518450040;2368;50;28;0;0;0
1748649632;27942518;175.16000366210938;9.779999732971191;-51.720001220703125;0.0;0.0;0.0;0.01875000074505806;-0.029750000685453415;0.996749997138977;3.940000057220459;2.319999933242798;-0.47999998927116394;-5.824999809265137;-35.22517776489258;166.0500030517578;0.0;0.009999999776482582;50.6510009765625;30.3700008392334;15.979999542236328;-2.930000066757202;0.0;0.0;0.0;0.0;0.0;0.0;0.0;0.0;0.0;16;0.0;0.0;0.0;0.0;0.0;0.0;0.0;0.0;0.0;0.0;0.0;0.0;0.0;0.0;0.0;0.0;-5.8252363204956055;-35.22581481933594;52.71200180053711;0.009999999776482582;304.5799865722656;0.0;518450080;2368;50;28;0;0;0
1748649632;67941273;175.1199951171875;10.0600004196167;-51.779998779296875;0.0;0.0;0.0;0.01875000074505806;-0.029750000685453415;0.996749997138977;4.579999923706055;-1.399999976158142;-9.65999984741211;-5.824994087219238;-35.22516632080078;166.0500030517578;0.009999999776482582;0.0;50.577999114990234;30.600000381469727;16.190000534057617;-3.069999933242798;0.0;0.0;0.0;0.0;0.0;0.0;0.0;0.0;0.0;17;0.0;0.0;0.0;0.0;0.0;0.0;0.0;0.0;0.0;0.0;0.0;0.0;0.0;0.0;0.0;0.0;-5.825236797332764;-35.22581481933594;52.720001220703125;0.0;232.10000610351562;0.009999999776482582;518450120;2368;50;28;0;0;0
1748649632;107851779;174.92999267578125;10.260000228881836;-51.61000061035156;0.0;0.0;0.0;0.01875000074505806;-0.029750000685453415;0.996749997138977;7.559999942779541;7.5;3.380000114440918;-5.82498836517334;-35.225154876708984;166.0500030517578;0.0;0.0;50.50899887084961;30.81999969482422;16.399999618530273;-3.2100000381469727;0.0;0.0;0.0;0.0;0.0;0.0;0.0;0.0;0.0;18;0.0;0.0;0.0;0.0;0.0;0.0;0.0;0.0;0.0;0.0;0.0;0.0;0.0;0.0;0.0;0.0;-5.825236797332764;-35.22581481933594;52.72999954223633;0.0;299.0;0.0;518450160;2368;50;28;0;0;0
1748649632;147032554;174.80999755859375;10.359999656677246;-51.619998931884766;0.0;0.0;0.0;0.01875000074505806;-0.029750000685453415;0.996749997138977;2.359999895095825;-0.6600000262260437;-0.46000000834465027;-5.824982643127441;-35.22514343261719;166.0500030517578;0.0;0.0;50.430999755859375;31.040000915527344;16.610000610351562;-3.359999895095825;0.0;0.0;0.0;0.0;0.0;0.0;0.0;0.0;0.0;19;0.0;0.0;0.0;0.0;0.0;0.0;0.0;0.0;0.0;0.0;0.0;0.0;0.0;0.0;0.0;0.0;-5.825236797332764;-35.22581481933594;52.72600173950195;0.0;299.0;0.0;518450200;2368;50;28;0;0;0
1748649632;186810689;174.85000610351562;10.529999732971191;-51.65999984741211;0.0;0.0;0.0;0.01875000074505806;-0.029750000685453415;0.996749997138977;2.559999942779541;-4.639999866485596;-4.940000057220459;-5.824976444244385;-35.22513198852539;166.0500030517578;0.009999999776482582;0.0;50.29399871826172;31.260000228881836;16.829999923706055;-3.509999990463257;0.0;0.0;0.0;0.0;0.0;0.0;0.0;0.0;0.0;20;0.0;0.0;0.0;0.0;0.0;0.0;0.0;0.0;0.0;0.0;0.0;0.0;0.0;0.0;0.0;0.0;-5.825236797332764;-35.22581481933594;52.72600173950195;0.0;204.5399932861328;0.009999999776482582;518450240;2368;50;28;0;0;0
1748649632;226570074;174.6999969482422;10.739999771118164;-51.66999816894531;0.0;0.0;0.0;0.01875000074505806;-0.029750000685453415;0.996749997138977;4.679999828338623;0.4000000059604645;-1.559999942779541;-5.824970722198486;-35.225120544433594;166.0500030517578;-0.019999999552965164;0.0;50.20600128173828;31.479999542236328;17.040000915527344;-3.6500000953674316;0.0;0.0;0.0;0.0;0.0;0.0;0.0;0.0;0.0;21;0.0;0.0;0.0;0.0;0.0;0.0;0.0;0.0;0.0;0.0;0.0;0.0;0.0;0.0;0.0;0.0;-5.825236797332764;-35.22581481933594;52.72100067138672;0.0;204.3699951171875;-0.019999999552965164;518450280;2368;50;28;0;0;0
1748649632;266967444;174.58999633789062;10.90999984741211;-51.63999938964844;0.0;0.0;0.0;0.01875000074505806;-0.029750000685453415;0.9965000152587891;5.179999828338623;1.2999999523162842;-0.7400000095367432;-5.82496452331543;-35.2251091003418;166.0500030517578;-0.029999999329447746;0.0;50.11600112915039;31.690000534057617;17.260000228881836;-3.799999952316284;0.0;0.0;0.0;0.0;0.0;0.0;0.0;0.0;0.0;22;0.0;0.0;0.0;0.0;0.0;0.0;0.0;0.0;0.0;0.0;0.0;0.0;0.0;0.0;0.0;0.0;-5.825236797332764;-35.22581481933594;52.72700119018555;0.0;349.2099914550781;-0.029999999329447746;518450320;2368;50;28;0;0;0
1748649632;306929324;174.5399932861328;11.100000381469727;-51.70000076293945;0.0;0.0;0.0;0.01875000074505806;-0.029750000685453415;0.996749997138977;3.940000057220459;-1.059999942779541;-3.4600000381469727;-5.824957847595215;-35.22509765625;166.0500030517578;0.019999999552965164;0.009999999776482582;50.02399826049805;31.90999984741211;17.479999542236328;-3.950000047683716;0.0;0.0;0.0;0.0;0.0;0.0;0.0;0.0;0.0;23;0.0;0.0;0.0;0.0;0.0;0.0;0.0;0.0;0.0;0.0;0.0;0.0;0.0;0.0;0.0;0.0;-5.825236797332764;-35.22581481933594;52.74300003051758;0.009999999776482582;296.2900085449219;0.019999999552965164;518450360;2368;50;28;0;0;0
1748649632;346965453;174.5500030517578;11.369999885559082;-51.650001525878906;0.0;0.0;0.0;0.01875000074505806;-0.029750000685453415;0.996749997138977;1.4800000190734863;1.2799999713897705;-3.299999952316284;-5.824951648712158;-35.2250862121582;166.0500030517578;0.019999999552965164;0.009999999776482582;49.92900085449219;32.119998931884766;17.709999084472656;-4.099999904632568;0.0;0.0;0.0;0.0;0.0;0.0;0.0;0.0;0.0;24;0.0;0.0;0.0;0.0;0.0;0.0;0.0;0.0;0.0;0.0;0.0;0.0;0.0;0.0;0.0;0.0;-5.825236797332764;-35.22581481933594;52.74700164794922;0.009999999776482582;296.2900085449219;0.019999999552965164;518450400;2368;50;28;0;0;0
1748649632;387479444;174.5500030517578;11.539999961853027;-51.79999923706055;0.0;0.0;0.0;0.01875000074505806;-0.029750000685453415;0.996999979019165;1.7400000095367432;-5.0;-6.440000057220459;-5.824944972991943;-35.225074768066406;166.0500030517578;0.0;0.0;49.762001037597656;32.34000015258789;17.93000030517578;-4.25;0.0;0.0;0.0;0.0;0.0;0.0;0.0;0.0;0.0;25;0.0;0.0;0.0;0.0;0.0;0.0;0.0;0.0;0.0;0.0;0.0;0.0;0.0;0.0;0.0;0.0;-5.825236797332764;-35.22581481933594;52.74700164794922;0.0;147.08999633789062;0.0;518450440;2368;50;28;0;0;0
1748649632;426227730;174.4499969482422;11.710000038146973;-51.83000183105469;0.0;0.0;0.0;0.01875000074505806;-0.029750000685453415;0.996749997138977;5.179999828338623;0.2800000011920929;0.3400000035762787;-5.824938774108887;-35.22506332397461;166.0500030517578;0.009999999776482582;0.0;49.65800094604492;32.54999923706055;18.149999618530273;-4.400000095367432;0.0;0.0;0.0;0.0;0.0;0.0;0.0;0.0;0.0;26;0.0;0.0;0.0;0.0;0.0;0.0;0.0;0.0;0.0;0.0;0.0;0.0;0.0;0.0;0.0;0.0;-5.825236797332764;-35.22581481933594;52.74300003051758;0.0;261.30999755859375;0.009999999776482582;518450480;2368;50;28;0;0;0
1748649632;466635349;174.47000122070312;12.0;-51.7599983215332;0.0;0.0;0.0;0.01875000074505806;-0.029500000178813934;0.996749997138977;5.460000038146973;2.4200000762939453;-2.559999942779541;-5.824932098388672;-35.22505187988281;166.0500030517578;0.0;0.0;49.55099868774414;32.77000045776367;18.3700008392334;-4.550000190734863;0.0;0.0;0.0;0.0;0.0;0.0;0.0;0.0;0.0;27;0.0;0.0;0.0;0.0;0.0;0.0;0.0;0.0;0.0;0.0;0.0;0.0;0.0;0.0;0.0;0.0;-5.825236797332764;-35.22581481933594;52.731998443603516;0.0;103.0999984741211;0.0;518450520;2368;50;28;0;0;0
1748649632;506607354;182.60000610351562;12.119999885559082;-51.84000015258789;0.0;0.0;0.0;0.01875000074505806;-0.029750000685453415;0.9965000152587891;5.0;-2.4000000953674316;3.0999999046325684;-5.825258255004883;-35.2258186340332;166.0500030517578;0.0;0.0;49.441001892089844;0.07999999821186066;-0.07000000029802322;-4.699999809265137;0.0;0.0;0.0;0.0;0.0;0.0;0.0;0.0;0.0;28;0.0;0.0;0.0;0.0;0.0;0.0;0.0;0.0;0.0;0.0;0.0;0.0;0.0;0.0;0.0;0.0;-5.825236797332764;-35.22581481933594;52.737998962402344;0.0;69.13999938964844;0.0;518450560;2368;50;28;0;0;0
1748649632;546706481;182.47000122070312;12.369999885559082;-51.86000061035156;0.0;0.0;0.0;0.01850000023841858;-0.029750000685453415;0.9965000152587891;5.480000019073486;0.5400000214576721;-5.21999979019165;-5.825257778167725;-35.22582244873047;166.0500030517578;0.0;0.0;49.32899856567383;0.33000001311302185;0.11999999731779099;-4.849999904632568;0.0;0.0;0.0;0.0;0.0;0.0;0.0;0.0;0.0;29;0.0;0.0;0.0;0.0;0.0;0.0;0.0;0.0;0.0;0.0;0.0;0.0;0.0;0.0;0.0;0.0;-5.825236797332764;-35.22581481933594;52.74100112915039;0.0;69.13999938964844;0.0;518450600;2368;50;28;0;0;0
1748649632;586840982;182.4600067138672;12.609999656677246;-51.77000045776367;0.0;0.0;0.0;0.01875000074505806;-0.029750000685453415;0.9965000152587891;5.559999942779541;1.8600000143051147;-2.5999999046325684;-5.825257778167725;-35.22582244873047;166.0500030517578;0.0;0.0;49.13100051879883;0.3700000047683716;0.18000000715255737;-5.010000228881836;0.0;0.0;0.0;0.0;0.0;0.0;0.0;0.0;0.0;30;0.0;0.0;0.0;0.0;0.0;0.0;0.0;0.0;0.0;0.0;0.0;0.0;0.0;0.0;0.0;0.0;-5.825236797332764;-35.22581481933594;52.74100112915039;0.0;241.9600067138672;0.0;518450640;2368;50;28;0;0;0
1748649632;626828861;182.47999572753906;12.800000190734863;-51.63999938964844;0.0;0.0;0.0;0.01875000074505806;-0.029750000685453415;0.996749997138977;1.1799999475479126;3.140000104904175;-5.300000190734863;-5.825257778167725;-35.22582244873047;166.0500030517578;-0.009999999776482582;0.0;49.0099983215332;0.5099999904632568;0.2800000011920929;-5.159999847412109;0.0;0.0;0.0;0.0;0.0;0.0;0.0;0.0;0.0;31;0.0;0.0;0.0;0.0;0.0;0.0;0.0;0.0;0.0;0.0;0.0;0.0;0.0;0.0;0.0;0.0;-5.825236797332764;-35.22581481933594;52.74300003051758;0.0;341.7200012207031;-0.009999999776482582;518450680;2368;50;28;0;0;0
1748649632;667029986;182.49000549316406;13.0;-51.63999938964844;0.0;0.0;0.0;0.01899999938905239;-0.029750000685453415;0.9965000152587891;1.1799999475479126;-0.9599999785423279;-4.659999847412109;-5.825257778167725;-35.22582244873047;166.0500030517578;0.0;0.0;48.8849983215332;0.75;0.47999998927116394;-5.309999942779541;0.0;0.0;0.0;0.0;0.0;0.0;0.0;0.0;0.0;0;0.0;0.0;0.0;0.0;0.0;0.0;0.0;0.0;0.0;0.0;0.0;0.0;0.0;0.0;0.0;0.0;-5.825236797332764;-35.22581481933594;52.73699951171875;0.0;145.44000244140625;0.0;518450720;2368;50;28;0;0;0
1748649632;707024615;182.3800048828125;13.199999809265137;-51.79999923706055;0.0;0.0;0.0;0.01875000074505806;-0.029750000685453415;0.996749997138977;7.039999961853027;-3.3399999141693115;-0.5600000023841858;-5.825257301330566;-35.22582244873047;166.0500030517578;0.0;0.009999999776482582;48.757999420166016;0.9900000095367432;0.6700000166893005;-5.460000038146973;0.0;0.0;0.0;0.0;0.0;0.0;0.0;0.0;0.0;1;0.0;0.0;0.0;0.0;0.0;0.0;0.0;0.0;0.0;0.0;0.0;0.0;0.0;0.0;0.0;0.0;-5.825236797332764;-35.22581481933594;52.75;0.009999999776482582;229.9199981689453;0.0;518450760;2368;50;28;0;0;0
1748649632;747061369;182.41000366210938;13.34000015258789;-51.81999969482422;0.0;0.0;0.0;0.01875000074505806;-0.029750000685453415;0.996749997138977;-1.6799999475479126;1.4199999570846558;-2.9800000190734863;-5.825257301330566;-35.22582244873047;166.0500030517578;0.0;0.009999999776482582;48.62699890136719;1.2300000190734863;0.8700000047683716;-5.610000133514404;0.0;0.0;0.0;0.0;0.0;0.0;0.0;0.0;0.0;2;0.0;0.0;0.0;0.0;0.0;0.0;0.0;0.0;0.0;0.0;0.0;0.0;0.0;0.0;0.0;0.0;-5.825236797332764;-35.22581481933594;52.72700119018555;0.009999999776482582;229.9199981689453;0.0;518450800;2368;50;28;0;0;0
1748649632;787421364;182.3800048828125;13.670000076293945;-51.9900016784668;0.0;0.0;0.0;0.01875000074505806;-0.029750000685453415;0.9965000152587891;7.519999980926514;-4.079999923706055;-6.559999942779541;-5.825256824493408;-35.22582244873047;166.0500030517578;0.0;0.0;48.39899826049805;1.4700000286102295;1.0700000524520874;-5.769999980926514;0.0;0.0;0.0;0.0;0.0;0.0;0.0;0.0;0.0;3;0.0;0.0;0.0;0.0;0.0;0.0;0.0;0.0;0.0;0.0;0.0;0.0;0.0;0.0;0.0;0.0;-5.825236797332764;-35.22581481933594;52.72700119018555;0.0;126.75;0.0;518450840;2368;50;28;0;0;0
1748649632;827159625;182.27999877929688;13.770000457763672;-51.970001220703125;0.0;0.0;0.0;0.01875000074505806;-0.029750000685453415;0.996749997138977;3.180000066757202;1.7400000095367432;0.18000000715255737;-5.825256824493408;-35.22582244873047;166.0500030517578;0.0;0.0;48.2599983215332;1.7000000476837158;1.2599999904632568;-5.920000076293945;0.0;0.0;0.0;0.0;0.0;0.0;0.0;0.0;0.0;4;0.0;0.0;0.0;0.0;0.0;0.0;0.0;0.0;0.0;0.0;0.0;0.0;0.0;0.0;0.0;0.0;-5.825236797332764;-35.22581481933594;52.75;0.0;64.45999908447266;0.0;518450880;2368;50;28;0;0;0
1748649632;867470497;182.17999267578125;13.84000015258789;-51.90999984741211;0.0;0.0;0.0;0.01875000074505806;-0.029750000685453415;0.996749997138977;1.8200000524520874;3.240000009536743;-0.3400000035762787;-5.82525634765625;-35.22582244873047;166.0500030517578;0.0;0.0;48.117000579833984;1.940000057220459;1.4600000381469727;-6.070000171661377;0.0;0.0;0.0;0.0;0.0;0.0;0.0;0.0;0.0;5;0.0;0.0;0.0;0.0;0.0;0.0;0.0;0.0;0.0;0.0;0.0;0.0;0.0;0.0;0.0;0.0;-5.825236797332764;-35.22581481933594;52.72999954223633;0.0;246.19000244140625;0.0;518450920;2368;50;28;0;0;0
1748649632;906758144;182.1300048828125;13.930000305175781;-51.779998779296875;0.0;0.0;0.0;0.01875000074505806;-0.029750000685453415;0.996749997138977;0.20000000298023224;2.799999952316284;1.2200000286102295;-5.825255870819092;-35.2258186340332;166.0500030517578;0.0;0.0;47.97100067138672;2.1700000762939453;1.649999976158142;-6.230000019073486;0.0;0.0;0.0;0.0;0.0;0.0;0.0;0.0;0.0;6;0.0;0.0;0.0;0.0;0.0;0.0;0.0;0.0;0.0;0.0;0.0;0.0;0.0;0.0;0.0;0.0;-5.825236797332764;-35.22581481933594;52.73099899291992;0.0;328.3800048828125;0.0;518450960;2368;50;28;0;0;0
1748649632;946661900;182.38999938964844;14.100000381469727;-51.849998474121094;0.0;0.0;0.0;0.01875000074505806;-0.029750000685453415;0.996749997138977;3.680000066757202;-1.2400000095367432;-1.6200000047683716;-5.825255393981934;-35.2258186340332;166.0800018310547;0.0;0.0;47.71900177001953;2.4100000858306885;1.850000023841858;-6.380000114440918;0.0;0.0;0.0;0.0;0.0;0.0;0.0;0.0;0.0;7;0.0;0.0;0.0;0.0;0.0;0.0;0.0;0.0;0.0;0.0;0.0;0.0;0.0;0.0;0.0;0.0;-5.825236797332764;-35.22581481933594;52.73099899291992;0.0;328.3800048828125;0.0;518451000;2368;50;28;0;0;0
1748649632;987225016;182.30999755859375;14.300000190734863;-51.88999938964844;0.0;0.0;0.0;0.01875000074505806;-0.029750000685453415;0.9965000152587891;8.15999984741211;0.9200000166893005;-0.6200000047683716;-5.825254917144775;-35.2258186340332;166.0800018310547;-0.019999999552965164;0.0;47.56399917602539;2.640000104904175;2.049999952316284;-6.53000020980835;0.0;0.0;0.0;0.0;0.0;0.0;0.0;0.0;0.0;8;0.0;0.0;0.0;0.0;0.0;0.0;0.0;0.0;0.0;0.0;0.0;0.0;0.0;0.0;0.0;0.0;-5.825236797332764;-35.22581481933594;52.72600173950195;0.0;239.47000122070312;-0.019999999552965164;518451040;2368;50;28;0;0;0
1748649633;26962027;182.16000366210938;14.40999984741211;-51.79999923706055;0.0;0.0;0.0;0.01875000074505806;-0.029750000685453415;0.996749997138977;5.340000152587891;4.619999885559082;4.039999961853027;-5.825254440307617;-35.2258186340332;166.0800018310547;0.0;0.0;47.40599822998047;2.869999885559082;2.240000009536743;-6.690000057220459;0.0;0.0;0.0;0.0;0.0;0.0;0.0;0.0;0.0;9;0.0;0.0;0.0;0.0;0.0;0.0;0.0;0.0;0.0;0.0;0.0;0.0;0.0;0.0;0.0;0.0;-5.825236797332764;-35.22581481933594;52.74100112915039;0.0;51.43000030517578;0.0;518451080;2368;50;28;0;0;0
1748649633;67949257;182.0800018310547;14.630000114440918;-51.779998779296875;0.0;0.0;0.0;0.01875000074505806;-0.029750000685453415;0.996749997138977;4.039999961853027;0.23999999463558197;-3.440000057220459;-5.825253963470459;-35.2258186340332;166.0800018310547;0.0;0.0;47.244998931884766;3.0899999141693115;2.440000057220459;-6.840000152587891;0.0;0.0;0.0;0.0;0.0;0.0;0.0;0.0;0.0;10;0.0;0.0;0.0;0.0;0.0;0.0;0.0;0.0;0.0;0.0;0.0;0.0;0.0;0.0;0.0;0.0;-5.825236797332764;-35.22581481933594;52.73400115966797;0.0;230.00999450683594;0.0;518451120;2368;50;28;0;0;0
1748649633;107618644;182.19000244140625;15.020000457763672;-51.90999984741211;0.0;0.0;0.0;0.01850000023841858;-0.029750000685453415;0.996749997138977;3.700000047683716;-5.559999942779541;-4.840000152587891;-5.825253486633301;-35.2258186340332;166.0800018310547;0.0;0.009999999776482582;47.08000183105469;3.3299999237060547;2.640000104904175;-7.0;0.0;0.0;0.0;0.0;0.0;0.0;0.0;0.0;0.0;11;0.0;0.0;0.0;0.0;0.0;0.0;0.0;0.0;0.0;0.0;0.0;0.0;0.0;0.0;0.0;0.0;-5.825236797332764;-35.22581481933594;52.7400016784668;0.009999999776482582;25.56999969482422;0.0;518451160;2368;50;28;0;0;0
1748649633;146280182;182.0399932861328;15.239999771118164;-51.86000061035156;0.0;0.0;0.0;0.01850000023841858;-0.029750000685453415;0.996749997138977;5.880000114440918;1.5399999618530273;-1.840000033378601;-5.825253009796143;-35.22581481933594;166.0800018310547;0.0;0.009999999776482582;46.91299819946289;3.559999942779541;2.8399999141693115;-7.150000095367432;0.0;0.0;0.0;0.0;0.0;0.0;0.0;0.0;0.0;12;0.0;0.0;0.0;0.0;0.0;0.0;0.0;0.0;0.0;0.0;0.0;0.0;0.0;0.0;0.0;0.0;-5.825236797332764;-35.22581481933594;52.724998474121094;0.009999999776482582;25.56999969482422;0.0;518451200;2368;50;28;0;0;0
1748649633;186803048;182.0;15.300000190734863;-51.91999816894531;0.0;0.0;0.0;0.01875000074505806;-0.029750000685453415;0.996749997138977;0.3400000035762787;-2.299999952316284;-1.3200000524520874;-5.825251579284668;-35.22581481933594;166.0800018310547;0.0;0.0;46.624000549316406;3.799999952316284;3.0399999618530273;-7.309999942779541;0.0;0.0;0.0;0.0;0.0;0.0;0.0;0.0;0.0;13;0.0;0.0;0.0;0.0;0.0;0.0;0.0;0.0;0.0;0.0;0.0;0.0;0.0;0.0;0.0;0.0;-5.825236797332764;-35.22581481933594;52.724998474121094;0.0;13.430000305175781;0.0;518451240;2368;50;28;0;0;0
1748649633;226854176;181.9499969482422;15.489999771118164;-51.93000030517578;0.0;0.0;0.0;0.01875000074505806;-0.029500000178813934;0.996999979019165;5.739999771118164;2.1600000858306885;-1.2400000095367432;-5.82525110244751;-35.22581481933594;166.0800018310547;-0.009999999776482582;0.009999999776482582;46.448001861572266;4.03000020980835;3.25;-7.460000038146973;0.0;0.0;0.0;0.0;0.0;0.0;0.0;0.0;0.0;14;0.0;0.0;0.0;0.0;0.0;0.0;0.0;0.0;0.0;0.0;0.0;0.0;0.0;0.0;0.0;0.0;-5.825236797332764;-35.22581481933594;52.7239990234375;0.009999999776482582;282.69000244140625;-0.009999999776482582;518451280;2368;50;28;0;0;0
